           #Qpath      Energy(meV)         S(|Q|,E)
  0.0000000000E+00  0.0000000000E+00  2.0053262768E-02
  0.0000000000E+00  1.0000000000E-01  2.0524883677E-02
  0.0000000000E+00  2.0000000000E-01  2.0963319845E-02
  0.0000000000E+00  3.0000000000E-01  2.1366026158E-02
  0.0000000000E+00  4.0000000000E-01  2.1730636540E-02
  0.0000000000E+00  5.0000000000E-01  2.2054987226E-02
  0.0000000000E+00  6.0000000000E-01  2.2337138265E-02
  0.0000000000E+00  7.0000000000E-01  2.2575392949E-02
  0.0000000000E+00  8.0000000000E-01  2.2768314892E-02
  0.0000000000E+00  9.0000000000E-01  2.2914742532E-02
  0.0000000000E+00  1.0000000000E+00  2.3013800826E-02
  0.0000000000E+00  1.1000000000E+00  2.3064909999E-02
  0.0000000000E+00  1.2000000000E+00  2.3067791202E-02
  0.0000000000E+00  1.3000000000E+00  2.3022469012E-02
  0.0000000000E+00  1.4000000000E+00  2.2929270751E-02
  0.0000000000E+00  1.5000000000E+00  2.2788822618E-02
  0.0000000000E+00  1.6000000000E+00  2.2602042720E-02
  0.0000000000E+00  1.7000000000E+00  2.2370131098E-02
  0.0000000000E+00  1.8000000000E+00  2.2094556898E-02
  0.0000000000E+00  1.9000000000E+00  2.1777042890E-02
  0.0000000000E+00  2.0000000000E+00  2.1419547546E-02
  0.0000000000E+00  2.1000000000E+00  2.1024244959E-02
  0.0000000000E+00  2.2000000000E+00  2.0593502864E-02
  0.0000000000E+00  2.3000000000E+00  2.0129859101E-02
  0.0000000000E+00  2.4000000000E+00  1.9635996820E-02
  0.0000000000E+00  2.5000000000E+00  1.9114718782E-02
  0.0000000000E+00  2.6000000000E+00  1.8568921089E-02
  0.0000000000E+00  2.7000000000E+00  1.8001566690E-02
  0.0000000000E+00  2.8000000000E+00  1.7415658993E-02
  0.0000000000E+00  2.9000000000E+00  1.6814215907E-02
  0.0000000000E+00  3.0000000000E+00  1.6200244620E-02
  0.0000000000E+00  3.1000000000E+00  1.5576717400E-02
  0.0000000000E+00  3.2000000000E+00  1.4946548668E-02
  0.0000000000E+00  3.3000000000E+00  1.4312573592E-02
  0.0000000000E+00  3.4000000000E+00  1.3677528381E-02
  0.0000000000E+00  3.5000000000E+00  1.3044032459E-02
  0.0000000000E+00  3.6000000000E+00  1.2414572651E-02
  0.0000000000E+00  3.7000000000E+00  1.1791489472E-02
  0.0000000000E+00  3.8000000000E+00  1.1176965578E-02
  0.0000000000E+00  3.9000000000E+00  1.0573016430E-02
  0.0000000000E+00  4.0000000000E+00  9.9814831342E-03
  0.0000000000E+00  4.1000000000E+00  9.4040274521E-03
  0.0000000000E+00  4.2000000000E+00  8.8421288984E-03
  0.0000000000E+00  4.3000000000E+00  8.2970838475E-03
  0.0000000000E+00  4.4000000000E+00  7.7700065313E-03
  0.0000000000E+00  4.5000000000E+00  7.2618317991E-03
  0.0000000000E+00  4.6000000000E+00  6.7733194902E-03
  0.0000000000E+00  4.7000000000E+00  6.3050602586E-03
  0.0000000000E+00  4.8000000000E+00  5.8574826803E-03
  0.0000000000E+00  4.9000000000E+00  5.4308614669E-03
  0.0000000000E+00  5.0000000000E+00  5.0253266058E-03
  0.0000000000E+00  5.1000000000E+00  4.6408732506E-03
  0.0000000000E+00  5.2000000000E+00  4.2773721844E-03
  0.0000000000E+00  5.3000000000E+00  3.9345806879E-03
  0.0000000000E+00  5.4000000000E+00  3.6121536508E-03
  0.0000000000E+00  5.5000000000E+00  3.3096547733E-03
  0.0000000000E+00  5.6000000000E+00  3.0265677199E-03
  0.0000000000E+00  5.7000000000E+00  2.7623070957E-03
  0.0000000000E+00  5.8000000000E+00  2.5162291331E-03
  0.0000000000E+00  5.9000000000E+00  2.2876419882E-03
  0.0000000000E+00  6.0000000000E+00  2.0758155614E-03
  0.0000000000E+00  6.1000000000E+00  1.8799907720E-03
  0.0000000000E+00  6.2000000000E+00  1.6993882309E-03
  0.0000000000E+00  6.3000000000E+00  1.5332162660E-03
  0.0000000000E+00  6.4000000000E+00  1.3806782734E-03
  0.0000000000E+00  6.5000000000E+00  1.2409793745E-03
  0.0000000000E+00  6.6000000000E+00  1.1133323740E-03
  0.0000000000E+00  6.7000000000E+00  9.9696302186E-04
  0.0000000000E+00  6.8000000000E+00  8.9111459151E-04
  0.0000000000E+00  6.9000000000E+00  7.9505179643E-04
  0.0000000000E+00  7.0000000000E+00  7.0806407079E-04
  0.0000000000E+00  7.1000000000E+00  6.2946824801E-04
  0.0000000000E+00  7.2000000000E+00  5.5861067411E-04
  0.0000000000E+00  7.3000000000E+00  4.9486879648E-04
  0.0000000000E+00  7.4000000000E+00  4.3765227087E-04
  0.0000000000E+00  7.5000000000E+00  3.8640363105E-04
  0.0000000000E+00  7.6000000000E+00  3.4059856566E-04
  0.0000000000E+00  7.7000000000E+00  2.9974584712E-04
  0.0000000000E+00  7.8000000000E+00  2.6338695606E-04
  0.0000000000E+00  7.9000000000E+00  2.3109544384E-04
  0.0000000000E+00  8.0000000000E+00  2.0247607332E-04
  0.0000000000E+00  8.1000000000E+00  1.7716377624E-04
  0.0000000000E+00  8.2000000000E+00  1.5482246276E-04
  0.0000000000E+00  8.3000000000E+00  1.3514371610E-04
  0.0000000000E+00  8.4000000000E+00  1.1784540214E-04
  0.0000000000E+00  8.5000000000E+00  1.0267022135E-04
  0.0000000000E+00  8.6000000000E+00  8.9384226852E-05
  0.0000000000E+00  8.7000000000E+00  7.7775330149E-05
  0.0000000000E+00  8.8000000000E+00  6.7651812774E-05
  0.0000000000E+00  8.9000000000E+00  5.8840859689E-05
  0.0000000000E+00  9.0000000000E+00  5.1187127635E-05
  0.0000000000E+00  9.1000000000E+00  4.4551359279E-05
  0.0000000000E+00  9.2000000000E+00  3.8809051837E-05
  0.0000000000E+00  9.3000000000E+00  3.3849186857E-05
  0.0000000000E+00  9.4000000000E+00  2.9573026067E-05
  0.0000000000E+00  9.5000000000E+00  2.5892976584E-05
  0.0000000000E+00  9.6000000000E+00  2.2731527425E-05
  0.0000000000E+00  9.7000000000E+00  2.0020258000E-05
  0.0000000000E+00  9.8000000000E+00  1.7698918288E-05
  0.0000000000E+00  9.9000000000E+00  1.5714579480E-05
  0.0000000000E+00  1.0000000000E+01  1.4020853233E-05

  4.0000000000E-02  0.0000000000E+00  4.0329011383E-02
  4.0000000000E-02  1.0000000000E-01  4.1464365667E-02
  4.0000000000E-02  2.0000000000E-01  4.2545685173E-02
  4.0000000000E-02  3.0000000000E-01  4.3567261448E-02
  4.0000000000E-02  4.0000000000E-01  4.4523618971E-02
  4.0000000000E-02  5.0000000000E-01  4.5409564421E-02
  4.0000000000E-02  6.0000000000E-01  4.6220234016E-02
  4.0000000000E-02  7.0000000000E-01  4.6951138341E-02
  4.0000000000E-02  8.0000000000E-01  4.7598204068E-02
  4.0000000000E-02  9.0000000000E-01  4.8157812023E-02
  4.0000000000E-02  1.0000000000E+00  4.8626831106E-02
  4.0000000000E-02  1.1000000000E+00  4.9002647601E-02
  4.0000000000E-02  1.2000000000E+00  4.9283189512E-02
  4.0000000000E-02  1.3000000000E+00  4.9466945590E-02
  4.0000000000E-02  1.4000000000E+00  4.9552978814E-02
  4.0000000000E-02  1.5000000000E+00  4.9540934160E-02
  4.0000000000E-02  1.6000000000E+00  4.9431040567E-02
  4.0000000000E-02  1.7000000000E+00  4.9224107099E-02
  4.0000000000E-02  1.8000000000E+00  4.8921513379E-02
  4.0000000000E-02  1.9000000000E+00  4.8525194444E-02
  4.0000000000E-02  2.0000000000E+00  4.8037620252E-02
  4.0000000000E-02  2.1000000000E+00  4.7461770158E-02
  4.0000000000E-02  2.2000000000E+00  4.6801102700E-02
  4.0000000000E-02  2.3000000000E+00  4.6059521150E-02
  4.0000000000E-02  2.4000000000E+00  4.5241335285E-02
  4.0000000000E-02  2.5000000000E+00  4.4351219918E-02
  4.0000000000E-02  2.6000000000E+00  4.3394170729E-02
  4.0000000000E-02  2.7000000000E+00  4.2375457985E-02
  4.0000000000E-02  2.8000000000E+00  4.1300578737E-02
  4.0000000000E-02  2.9000000000E+00  4.0175208094E-02
  4.0000000000E-02  3.0000000000E+00  3.9005150172E-02
  4.0000000000E-02  3.1000000000E+00  3.7796289290E-02
  4.0000000000E-02  3.2000000000E+00  3.6554541982E-02
  4.0000000000E-02  3.3000000000E+00  3.5285810343E-02
  4.0000000000E-02  3.4000000000E+00  3.3995937203E-02
  4.0000000000E-02  3.5000000000E+00  3.2690663586E-02
  4.0000000000E-02  3.6000000000E+00  3.1375588834E-02
  4.0000000000E-02  3.7000000000E+00  3.0056133763E-02
  4.0000000000E-02  3.8000000000E+00  2.8737507126E-02
  4.0000000000E-02  3.9000000000E+00  2.7424675623E-02
  4.0000000000E-02  4.0000000000E+00  2.6122337635E-02
  4.0000000000E-02  4.1000000000E+00  2.4834900796E-02
  4.0000000000E-02  4.2000000000E+00  2.3566463455E-02
  4.0000000000E-02  4.3000000000E+00  2.2320800055E-02
  4.0000000000E-02  4.4000000000E+00  2.1101350347E-02
  4.0000000000E-02  4.5000000000E+00  1.9911212385E-02
  4.0000000000E-02  4.6000000000E+00  1.8753139122E-02
  4.0000000000E-02  4.7000000000E+00  1.7629538461E-02
  4.0000000000E-02  4.8000000000E+00  1.6542476525E-02
  4.0000000000E-02  4.9000000000E+00  1.5493683921E-02
  4.0000000000E-02  5.0000000000E+00  1.4484564716E-02
  4.0000000000E-02  5.1000000000E+00  1.3516207860E-02
  4.0000000000E-02  5.2000000000E+00  1.2589400750E-02
  4.0000000000E-02  5.3000000000E+00  1.1704644627E-02
  4.0000000000E-02  5.4000000000E+00  1.0862171523E-02
  4.0000000000E-02  5.5000000000E+00  1.0061962433E-02
  4.0000000000E-02  5.6000000000E+00  9.3037664295E-03
  4.0000000000E-02  5.7000000000E+00  8.5871204371E-03
  4.0000000000E-02  5.8000000000E+00  7.9113693877E-03
  4.0000000000E-02  5.9000000000E+00  7.2756865122E-03
  4.0000000000E-02  6.0000000000E+00  6.6790935301E-03
  4.0000000000E-02  6.1000000000E+00  6.1204805254E-03
  4.0000000000E-02  6.2000000000E+00  5.5986253181E-03
  4.0000000000E-02  6.3000000000E+00  5.1122121632E-03
  4.0000000000E-02  6.4000000000E+00  4.6598496342E-03
  4.0000000000E-02  6.5000000000E+00  4.2400875695E-03
  4.0000000000E-02  6.6000000000E+00  3.8514329851E-03
  4.0000000000E-02  6.7000000000E+00  3.4923648777E-03
  4.0000000000E-02  6.8000000000E+00  3.1613478644E-03
  4.0000000000E-02  6.9000000000E+00  2.8568446251E-03
  4.0000000000E-02  7.0000000000E+00  2.5773271314E-03
  4.0000000000E-02  7.1000000000E+00  2.3212866639E-03
  4.0000000000E-02  7.2000000000E+00  2.0872426337E-03
  4.0000000000E-02  7.3000000000E+00  1.8737502371E-03
  4.0000000000E-02  7.4000000000E+00  1.6794069856E-03
  4.0000000000E-02  7.5000000000E+00  1.5028581603E-03
  4.0000000000E-02  7.6000000000E+00  1.3428012515E-03
  4.0000000000E-02  7.7000000000E+00  1.1979894444E-03
  4.0000000000E-02  7.8000000000E+00  1.0672342247E-03
  4.0000000000E-02  7.9000000000E+00  9.4940717161E-04
  4.0000000000E-02  8.0000000000E+00  8.4344101679E-04
  4.0000000000E-02  8.1000000000E+00  7.4833003987E-04
  4.0000000000E-02  8.2000000000E+00  6.6312987678E-04
  4.0000000000E-02  8.3000000000E+00  5.8695681206E-04
  4.0000000000E-02  8.4000000000E+00  5.1898662516E-04
  4.0000000000E-02  8.5000000000E+00  4.5845305751E-04
  4.0000000000E-02  8.6000000000E+00  4.0464596341E-04
  4.0000000000E-02  8.7000000000E+00  3.5690920366E-04
  4.0000000000E-02  8.8000000000E+00  3.1463833679E-04
  4.0000000000E-02  8.9000000000E+00  2.7727815778E-04
  4.0000000000E-02  9.0000000000E+00  2.4432012997E-04
  4.0000000000E-02  9.1000000000E+00  2.1529975065E-04
  4.0000000000E-02  9.2000000000E+00  1.8979388683E-04
  4.0000000000E-02  9.3000000000E+00  1.6741811255E-04
  4.0000000000E-02  9.4000000000E+00  1.4782407538E-04
  4.0000000000E-02  9.5000000000E+00  1.3069691512E-04
  4.0000000000E-02  9.6000000000E+00  1.1575275435E-04
  4.0000000000E-02  9.7000000000E+00  1.0273627652E-04
  4.0000000000E-02  9.8000000000E+00  9.1418404129E-05
  4.0000000000E-02  9.9000000000E+00  8.1594086721E-05
  4.0000000000E-02  1.0000000000E+01  7.3080205344E-05

  8.0000000000E-02  0.0000000000E+00  4.4794076846E-02
  8.0000000000E-02  1.0000000000E-01  4.6441031037E-02
  8.0000000000E-02  2.0000000000E-01  4.8057880605E-02
  8.0000000000E-02  3.0000000000E-01  4.9637547006E-02
  8.0000000000E-02  4.0000000000E-01  5.1172940609E-02
  8.0000000000E-02  5.0000000000E-01  5.2657013424E-02
  8.0000000000E-02  6.0000000000E-01  5.4082812879E-02
  8.0000000000E-02  7.0000000000E-01  5.5443536071E-02
  8.0000000000E-02  8.0000000000E-01  5.6732583897E-02
  8.0000000000E-02  9.0000000000E-01  5.7943614469E-02
  8.0000000000E-02  1.0000000000E+00  5.9070595196E-02
  8.0000000000E-02  1.1000000000E+00  6.0107852942E-02
  8.0000000000E-02  1.2000000000E+00  6.1050121670E-02
  8.0000000000E-02  1.3000000000E+00  6.1892587018E-02
  8.0000000000E-02  1.4000000000E+00  6.2630927273E-02
  8.0000000000E-02  1.5000000000E+00  6.3261350258E-02
  8.0000000000E-02  1.6000000000E+00  6.3780625694E-02
  8.0000000000E-02  1.7000000000E+00  6.4186112654E-02
  8.0000000000E-02  1.8000000000E+00  6.4475781781E-02
  8.0000000000E-02  1.9000000000E+00  6.4648232014E-02
  8.0000000000E-02  2.0000000000E+00  6.4702701631E-02
  8.0000000000E-02  2.1000000000E+00  6.4639073495E-02
  8.0000000000E-02  2.2000000000E+00  6.4457874456E-02
  8.0000000000E-02  2.3000000000E+00  6.4160268936E-02
  8.0000000000E-02  2.4000000000E+00  6.3748046803E-02
  8.0000000000E-02  2.5000000000E+00  6.3223605709E-02
  8.0000000000E-02  2.6000000000E+00  6.2589928130E-02
  8.0000000000E-02  2.7000000000E+00  6.1850553404E-02
  8.0000000000E-02  2.8000000000E+00  6.1009545153E-02
  8.0000000000E-02  2.9000000000E+00  6.0071454476E-02
  8.0000000000E-02  3.0000000000E+00  5.9041279398E-02
  8.0000000000E-02  3.1000000000E+00  5.7924421054E-02
  8.0000000000E-02  3.2000000000E+00  5.6726637157E-02
  8.0000000000E-02  3.3000000000E+00  5.5453993290E-02
  8.0000000000E-02  3.4000000000E+00  5.4112812588E-02
  8.0000000000E-02  3.5000000000E+00  5.2709624397E-02
  8.0000000000E-02  3.6000000000E+00  5.1251112459E-02
  8.0000000000E-02  3.7000000000E+00  4.9744063202E-02
  8.0000000000E-02  3.8000000000E+00  4.8195314668E-02
  8.0000000000E-02  3.9000000000E+00  4.6611706599E-02
  8.0000000000E-02  4.0000000000E+00  4.5000032167E-02
  8.0000000000E-02  4.1000000000E+00  4.3366991798E-02
  8.0000000000E-02  4.2000000000E+00  4.1719149503E-02
  8.0000000000E-02  4.3000000000E+00  4.0062892069E-02
  8.0000000000E-02  4.4000000000E+00  3.8404391430E-02
  8.0000000000E-02  4.5000000000E+00  3.6749570480E-02
  8.0000000000E-02  4.6000000000E+00  3.5104072532E-02
  8.0000000000E-02  4.7000000000E+00  3.3473234583E-02
  8.0000000000E-02  4.8000000000E+00  3.1862064488E-02
  8.0000000000E-02  4.9000000000E+00  3.0275222086E-02
  8.0000000000E-02  5.0000000000E+00  2.8717004292E-02
  8.0000000000E-02  5.1000000000E+00  2.7191334087E-02
  8.0000000000E-02  5.2000000000E+00  2.5701753339E-02
  8.0000000000E-02  5.3000000000E+00  2.4251419298E-02
  8.0000000000E-02  5.4000000000E+00  2.2843104612E-02
  8.0000000000E-02  5.5000000000E+00  2.1479200655E-02
  8.0000000000E-02  5.6000000000E+00  2.0161723934E-02
  8.0000000000E-02  5.7000000000E+00  1.8892325327E-02
  8.0000000000E-02  5.8000000000E+00  1.7672301884E-02
  8.0000000000E-02  5.9000000000E+00  1.6502610888E-02
  8.0000000000E-02  6.0000000000E+00  1.5383885915E-02
  8.0000000000E-02  6.1000000000E+00  1.4316454557E-02
  8.0000000000E-02  6.2000000000E+00  1.3300357546E-02
  8.0000000000E-02  6.3000000000E+00  1.2335368959E-02
  8.0000000000E-02  6.4000000000E+00  1.1421017243E-02
  8.0000000000E-02  6.5000000000E+00  1.0556606762E-02
  8.0000000000E-02  6.6000000000E+00  9.7412396269E-03
  8.0000000000E-02  6.7000000000E+00  8.9738375533E-03
  8.0000000000E-02  6.8000000000E+00  8.2531635265E-03
  8.0000000000E-02  6.9000000000E+00  7.5778430685E-03
  8.0000000000E-02  7.0000000000E+00  6.9463849241E-03
  8.0000000000E-02  7.1000000000E+00  6.3572010035E-03
  8.0000000000E-02  7.2000000000E+00  5.8086254434E-03
  8.0000000000E-02  7.3000000000E+00  5.2989326694E-03
  8.0000000000E-02  7.4000000000E+00  4.8263543642E-03
  8.0000000000E-02  7.5000000000E+00  4.3890952687E-03
  8.0000000000E-02  7.6000000000E+00  3.9853477621E-03
  8.0000000000E-02  7.7000000000E+00  3.6133051866E-03
  8.0000000000E-02  7.8000000000E+00  3.2711739017E-03
  8.0000000000E-02  7.9000000000E+00  2.9571840662E-03
  8.0000000000E-02  8.0000000000E+00  2.6695991657E-03
  8.0000000000E-02  8.1000000000E+00  2.4067243104E-03
  8.0000000000E-02  8.2000000000E+00  2.1669133465E-03
  8.0000000000E-02  8.3000000000E+00  1.9485748284E-03
  8.0000000000E-02  8.4000000000E+00  1.7501769105E-03
  8.0000000000E-02  8.5000000000E+00  1.5702512231E-03
  8.0000000000E-02  8.6000000000E+00  1.4073958014E-03
  8.0000000000E-02  8.7000000000E+00  1.2602771416E-03
  8.0000000000E-02  8.8000000000E+00  1.1276314580E-03
  8.0000000000E-02  8.9000000000E+00  1.0082652189E-03
  8.0000000000E-02  9.0000000000E+00  9.0105503680E-04
  8.0000000000E-02  9.1000000000E+00  8.0494698741E-04
  8.0000000000E-02  9.2000000000E+00  7.1895543185E-04
  8.0000000000E-02  9.3000000000E+00  6.4216141149E-04
  8.0000000000E-02  9.4000000000E+00  5.7371068262E-04
  8.0000000000E-02  9.5000000000E+00  5.1281145455E-04
  8.0000000000E-02  9.6000000000E+00  4.5873188971E-04
  8.0000000000E-02  9.7000000000E+00  4.1079742060E-04
  8.0000000000E-02  9.8000000000E+00  3.6838793350E-04
  8.0000000000E-02  9.9000000000E+00  3.3093486390E-04
  8.0000000000E-02  1.0000000000E+01  2.9791824444E-04

  1.2000000000E-01  0.0000000000E+00  3.3921392417E-02
  1.2000000000E-01  1.0000000000E-01  3.5594835978E-02
  1.2000000000E-01  2.0000000000E-01  3.7285683384E-02
  1.2000000000E-01  3.0000000000E-01  3.8988792656E-02
  1.2000000000E-01  4.0000000000E-01  4.0698721979E-02
  1.2000000000E-01  5.0000000000E-01  4.2409754200E-02
  1.2000000000E-01  6.0000000000E-01  4.4115924791E-02
  1.2000000000E-01  7.0000000000E-01  4.5811053127E-02
  1.2000000000E-01  8.0000000000E-01  4.7488776912E-02
  1.2000000000E-01  9.0000000000E-01  4.9142589507E-02
  1.2000000000E-01  1.0000000000E+00  5.0765879898E-02
  1.2000000000E-01  1.1000000000E+00  5.2351974988E-02
  1.2000000000E-01  1.2000000000E+00  5.3894183846E-02
  1.2000000000E-01  1.3000000000E+00  5.5385843538E-02
  1.2000000000E-01  1.4000000000E+00  5.6820366112E-02
  1.2000000000E-01  1.5000000000E+00  5.8191286286E-02
  1.2000000000E-01  1.6000000000E+00  5.9492309364E-02
  1.2000000000E-01  1.7000000000E+00  6.0717358905E-02
  1.2000000000E-01  1.8000000000E+00  6.1860623636E-02
  1.2000000000E-01  1.9000000000E+00  6.2916603114E-02
  1.2000000000E-01  2.0000000000E+00  6.3880151636E-02
  1.2000000000E-01  2.1000000000E+00  6.4746519919E-02
  1.2000000000E-01  2.2000000000E+00  6.5511394066E-02
  1.2000000000E-01  2.3000000000E+00  6.6170931388E-02
  1.2000000000E-01  2.4000000000E+00  6.6721792647E-02
  1.2000000000E-01  2.5000000000E+00  6.7161170367E-02
  1.2000000000E-01  2.6000000000E+00  6.7486812846E-02
  1.2000000000E-01  2.7000000000E+00  6.7697043606E-02
  1.2000000000E-01  2.8000000000E+00  6.7790776025E-02
  1.2000000000E-01  2.9000000000E+00  6.7767522985E-02
  1.2000000000E-01  3.0000000000E+00  6.7627401397E-02
  1.2000000000E-01  3.1000000000E+00  6.7371131553E-02
  1.2000000000E-01  3.2000000000E+00  6.7000031302E-02
  1.2000000000E-01  3.3000000000E+00  6.6516005107E-02
  1.2000000000E-01  3.4000000000E+00  6.5921528113E-02
  1.2000000000E-01  3.5000000000E+00  6.5219625404E-02
  1.2000000000E-01  3.6000000000E+00  6.4413846689E-02
  1.2000000000E-01  3.7000000000E+00  6.3508236716E-02
  1.2000000000E-01  3.8000000000E+00  6.2507301746E-02
  1.2000000000E-01  3.9000000000E+00  6.1415972485E-02
  1.2000000000E-01  4.0000000000E+00  6.0239563893E-02
  1.2000000000E-01  4.1000000000E+00  5.8983732320E-02
  1.2000000000E-01  4.2000000000E+00  5.7654430470E-02
  1.2000000000E-01  4.3000000000E+00  5.6257860677E-02
  1.2000000000E-01  4.4000000000E+00  5.4800427008E-02
  1.2000000000E-01  4.5000000000E+00  5.3288686720E-02
  1.2000000000E-01  4.6000000000E+00  5.1729301572E-02
  1.2000000000E-01  4.7000000000E+00  5.0128989497E-02
  1.2000000000E-01  4.8000000000E+00  4.8494477133E-02
  1.2000000000E-01  4.9000000000E+00  4.6832453654E-02
  1.2000000000E-01  5.0000000000E+00  4.5149526358E-02
  1.2000000000E-01  5.1000000000E+00  4.3452178396E-02
  1.2000000000E-01  5.2000000000E+00  4.1746729013E-02
  1.2000000000E-01  5.3000000000E+00  4.0039296622E-02
  1.2000000000E-01  5.4000000000E+00  3.8335764976E-02
  1.2000000000E-01  5.5000000000E+00  3.6641752683E-02
  1.2000000000E-01  5.6000000000E+00  3.4962586218E-02
  1.2000000000E-01  5.7000000000E+00  3.3303276594E-02
  1.2000000000E-01  5.8000000000E+00  3.1668499737E-02
  1.2000000000E-01  5.9000000000E+00  3.0062580636E-02
  1.2000000000E-01  6.0000000000E+00  2.8489481218E-02
  1.2000000000E-01  6.1000000000E+00  2.6952791913E-02
  1.2000000000E-01  6.2000000000E+00  2.5455726811E-02
  1.2000000000E-01  6.3000000000E+00  2.4001122256E-02
  1.2000000000E-01  6.4000000000E+00  2.2591438732E-02
  1.2000000000E-01  6.5000000000E+00  2.1228765811E-02
  1.2000000000E-01  6.6000000000E+00  1.9914829968E-02
  1.2000000000E-01  6.7000000000E+00  1.8651004995E-02
  1.2000000000E-01  6.8000000000E+00  1.7438324752E-02
  1.2000000000E-01  6.9000000000E+00  1.6277497996E-02
  1.2000000000E-01  7.0000000000E+00  1.5168924982E-02
  1.2000000000E-01  7.1000000000E+00  1.4112715572E-02
  1.2000000000E-01  7.2000000000E+00  1.3108708553E-02
  1.2000000000E-01  7.3000000000E+00  1.2156491888E-02
  1.2000000000E-01  7.4000000000E+00  1.1255423637E-02
  1.2000000000E-01  7.5000000000E+00  1.0404653268E-02
  1.2000000000E-01  7.6000000000E+00  9.6031431388E-03
  1.2000000000E-01  7.7000000000E+00  8.8496898969E-03
  1.2000000000E-01  7.8000000000E+00  8.1429455972E-03
  1.2000000000E-01  7.9000000000E+00  7.4814383463E-03
  1.2000000000E-01  8.0000000000E+00  6.8635922999E-03
  1.2000000000E-01  8.1000000000E+00  6.2877468657E-03
  1.2000000000E-01  8.2000000000E+00  5.7521749846E-03
  1.2000000000E-01  8.3000000000E+00  5.2551003837E-03
  1.2000000000E-01  8.4000000000E+00  4.7947137182E-03
  1.2000000000E-01  8.5000000000E+00  4.3691875375E-03
  1.2000000000E-01  8.6000000000E+00  3.9766900319E-03
  1.2000000000E-01  8.7000000000E+00  3.6153975334E-03
  1.2000000000E-01  8.8000000000E+00  3.2835057637E-03
  1.2000000000E-01  8.9000000000E+00  2.9792398346E-03
  1.2000000000E-01  9.0000000000E+00  2.7008630235E-03
  1.2000000000E-01  9.1000000000E+00  2.4466843566E-03
  1.2000000000E-01  9.2000000000E+00  2.2150650446E-03
  1.2000000000E-01  9.3000000000E+00  2.0044238243E-03
  1.2000000000E-01  9.4000000000E+00  1.8132412665E-03
  1.2000000000E-01  9.5000000000E+00  1.6400631174E-03
  1.2000000000E-01  9.6000000000E+00  1.4835027439E-03
  1.2000000000E-01  9.7000000000E+00  1.3422427573E-03
  1.2000000000E-01  9.8000000000E+00  1.2150358899E-03
  1.2000000000E-01  9.9000000000E+00  1.1007052012E-03
  1.2000000000E-01  1.0000000000E+01  9.9814368849E-04

  1.6000000000E-01  0.0000000000E+00  2.1202737725E-02
  1.6000000000E-01  1.0000000000E-01  2.2539342645E-02
  1.6000000000E-01  2.0000000000E-01  2.3921533235E-02
  1.6000000000E-01  3.0000000000E-01  2.5347479976E-02
  1.6000000000E-01  4.0000000000E-01  2.6815014953E-02
  1.6000000000E-01  5.0000000000E-01  2.8321624963E-02
  1.6000000000E-01  6.0000000000E-01  2.9864447124E-02
  1.6000000000E-01  7.0000000000E-01  3.1440267191E-02
  1.6000000000E-01  8.0000000000E-01  3.3045520782E-02
  1.6000000000E-01  9.0000000000E-01  3.4676297681E-02
  1.6000000000E-01  1.0000000000E+00  3.6328349354E-02
  1.6000000000E-01  1.1000000000E+00  3.7997099812E-02
  1.6000000000E-01  1.2000000000E+00  3.9677659882E-02
  1.6000000000E-01  1.3000000000E+00  4.1364844938E-02
  1.6000000000E-01  1.4000000000E+00  4.3053196089E-02
  1.6000000000E-01  1.5000000000E+00  4.4737004804E-02
  1.6000000000E-01  1.6000000000E+00  4.6410340855E-02
  1.6000000000E-01  1.7000000000E+00  4.8067083482E-02
  1.6000000000E-01  1.8000000000E+00  4.9700955588E-02
  1.6000000000E-01  1.9000000000E+00  5.1305560744E-02
  1.6000000000E-01  2.0000000000E+00  5.2874422737E-02
  1.6000000000E-01  2.1000000000E+00  5.4401027353E-02
  1.6000000000E-01  2.2000000000E+00  5.5878866047E-02
  1.6000000000E-01  2.3000000000E+00  5.7301481099E-02
  1.6000000000E-01  2.4000000000E+00  5.8662511852E-02
  1.6000000000E-01  2.5000000000E+00  5.9955741563E-02
  1.6000000000E-01  2.6000000000E+00  6.1175144406E-02
  1.6000000000E-01  2.7000000000E+00  6.2314932127E-02
  1.6000000000E-01  2.8000000000E+00  6.3369599856E-02
  1.6000000000E-01  2.9000000000E+00  6.4333970563E-02
  1.6000000000E-01  3.0000000000E+00  6.5203237658E-02
  1.6000000000E-01  3.1000000000E+00  6.5973005240E-02
  1.6000000000E-01  3.2000000000E+00  6.6639325530E-02
  1.6000000000E-01  3.3000000000E+00  6.7198733022E-02
  1.6000000000E-01  3.4000000000E+00  6.7648274951E-02
  1.6000000000E-01  3.5000000000E+00  6.7985537689E-02
  1.6000000000E-01  3.6000000000E+00  6.8208668742E-02
  1.6000000000E-01  3.7000000000E+00  6.8316394059E-02
  1.6000000000E-01  3.8000000000E+00  6.8308030433E-02
  1.6000000000E-01  3.9000000000E+00  6.8183492811E-02
  1.6000000000E-01  4.0000000000E+00  6.7943296425E-02
  1.6000000000E-01  4.1000000000E+00  6.7588553682E-02
  1.6000000000E-01  4.2000000000E+00  6.7120965848E-02
  1.6000000000E-01  4.3000000000E+00  6.6542809601E-02
  1.6000000000E-01  4.4000000000E+00  6.5856918613E-02
  1.6000000000E-01  4.5000000000E+00  6.5066660366E-02
  1.6000000000E-01  4.6000000000E+00  6.4175908473E-02
  1.6000000000E-01  4.7000000000E+00  6.3189010824E-02
  1.6000000000E-01  4.8000000000E+00  6.2110753939E-02
  1.6000000000E-01  4.9000000000E+00  6.0946323936E-02
  1.6000000000E-01  5.0000000000E+00  5.9701264563E-02
  1.6000000000E-01  5.1000000000E+00  5.8381432792E-02
  1.6000000000E-01  5.2000000000E+00  5.6992952469E-02
  1.6000000000E-01  5.3000000000E+00  5.5542166545E-02
  1.6000000000E-01  5.4000000000E+00  5.4035588419E-02
  1.6000000000E-01  5.5000000000E+00  5.2479852919E-02
  1.6000000000E-01  5.6000000000E+00  5.0881667446E-02
  1.6000000000E-01  5.7000000000E+00  4.9247763786E-02
  1.6000000000E-01  5.8000000000E+00  4.7584851077E-02
  1.6000000000E-01  5.9000000000E+00  4.5899570389E-02
  1.6000000000E-01  6.0000000000E+00  4.4198451337E-02
  1.6000000000E-01  6.1000000000E+00  4.2487871121E-02
  1.6000000000E-01  6.2000000000E+00  4.0774016331E-02
  1.6000000000E-01  6.3000000000E+00  3.9062847811E-02
  1.6000000000E-01  6.4000000000E+00  3.7360068843E-02
  1.6000000000E-01  6.5000000000E+00  3.5671096834E-02
  1.6000000000E-01  6.6000000000E+00  3.4001038674E-02
  1.6000000000E-01  6.7000000000E+00  3.2354669836E-02
  1.6000000000E-01  6.8000000000E+00  3.0736417293E-02
  1.6000000000E-01  6.9000000000E+00  2.9150346223E-02
  1.6000000000E-01  7.0000000000E+00  2.7600150486E-02
  1.6000000000E-01  7.1000000000E+00  2.6089146744E-02
  1.6000000000E-01  7.2000000000E+00  2.4620272134E-02
  1.6000000000E-01  7.3000000000E+00  2.3196085287E-02
  1.6000000000E-01  7.4000000000E+00  2.1818770533E-02
  1.6000000000E-01  7.5000000000E+00  2.0490145038E-02
  1.6000000000E-01  7.6000000000E+00  1.9211668639E-02
  1.6000000000E-01  7.7000000000E+00  1.7984456106E-02
  1.6000000000E-01  7.8000000000E+00  1.6809291561E-02
  1.6000000000E-01  7.9000000000E+00  1.5686644754E-02
  1.6000000000E-01  8.0000000000E+00  1.4616688923E-02
  1.6000000000E-01  8.1000000000E+00  1.3599319930E-02
  1.6000000000E-01  8.2000000000E+00  1.2634176403E-02
  1.6000000000E-01  8.3000000000E+00  1.1720660597E-02
  1.6000000000E-01  8.4000000000E+00  1.0857959721E-02
  1.6000000000E-01  8.5000000000E+00  1.0045067461E-02
  1.6000000000E-01  8.6000000000E+00  9.2808054806E-03
  1.6000000000E-01  8.7000000000E+00  8.5638446822E-03
  1.6000000000E-01  8.8000000000E+00  7.8927260211E-03
  1.6000000000E-01  8.9000000000E+00  7.2658807105E-03
  1.6000000000E-01  9.0000000000E+00  6.6816496591E-03
  1.6000000000E-01  9.1000000000E+00  6.1383020113E-03
  1.6000000000E-01  9.2000000000E+00  5.6340526820E-03
  1.6000000000E-01  9.3000000000E+00  5.1670787996E-03
  1.6000000000E-01  9.4000000000E+00  4.7355349895E-03
  1.6000000000E-01  9.5000000000E+00  4.3375674538E-03
  1.6000000000E-01  9.6000000000E+00  3.9713268181E-03
  1.6000000000E-01  9.7000000000E+00  3.6349797358E-03
  1.6000000000E-01  9.8000000000E+00  3.3267192555E-03
  1.6000000000E-01  9.9000000000E+00  3.0447739698E-03
  1.6000000000E-01  1.0000000000E+01  2.7874159784E-03

  2.0000000000E-01  0.0000000000E+00  1.2263858787E-02
  2.0000000000E-01  1.0000000000E-01  1.3180689931E-02
  2.0000000000E-01  2.0000000000E-01  1.4145473309E-02
  2.0000000000E-01  3.0000000000E-01  1.5158754058E-02
  2.0000000000E-01  4.0000000000E-01  1.6220879504E-02
  2.0000000000E-01  5.0000000000E-01  1.7331980513E-02
  2.0000000000E-01  6.0000000000E-01  1.8491953122E-02
  2.0000000000E-01  7.0000000000E-01  1.9700440665E-02
  2.0000000000E-01  8.0000000000E-01  2.0956816632E-02
  2.0000000000E-01  9.0000000000E-01  2.2260168510E-02
  2.0000000000E-01  1.0000000000E+00  2.3609282850E-02
  2.0000000000E-01  1.1000000000E+00  2.5002631833E-02
  2.0000000000E-01  1.2000000000E+00  2.6438361595E-02
  2.0000000000E-01  1.3000000000E+00  2.7914282561E-02
  2.0000000000E-01  1.4000000000E+00  2.9427862066E-02
  2.0000000000E-01  1.5000000000E+00  3.0976219479E-02
  2.0000000000E-01  1.6000000000E+00  3.2556124086E-02
  2.0000000000E-01  1.7000000000E+00  3.4163995926E-02
  2.0000000000E-01  1.8000000000E+00  3.5795909783E-02
  2.0000000000E-01  1.9000000000E+00  3.7447602469E-02
  2.0000000000E-01  2.0000000000E+00  3.9114483553E-02
  2.0000000000E-01  2.1000000000E+00  4.0791649609E-02
  2.0000000000E-01  2.2000000000E+00  4.2473902025E-02
  2.0000000000E-01  2.3000000000E+00  4.4155768407E-02
  2.0000000000E-01  2.4000000000E+00  4.5831527508E-02
  2.0000000000E-01  2.5000000000E+00  4.7495237615E-02
  2.0000000000E-01  2.6000000000E+00  4.9140768243E-02
  2.0000000000E-01  2.7000000000E+00  5.0761834965E-02
  2.0000000000E-01  2.8000000000E+00  5.2352037129E-02
  2.0000000000E-01  2.9000000000E+00  5.3904898183E-02
  2.0000000000E-01  3.0000000000E+00  5.5413908287E-02
  2.0000000000E-01  3.1000000000E+00  5.6872568822E-02
  2.0000000000E-01  3.2000000000E+00  5.8274438405E-02
  2.0000000000E-01  3.3000000000E+00  5.9613179949E-02
  2.0000000000E-01  3.4000000000E+00  6.0882608304E-02
  2.0000000000E-01  3.5000000000E+00  6.2076737971E-02
  2.0000000000E-01  3.6000000000E+00  6.3189830388E-02
  2.0000000000E-01  3.7000000000E+00  6.4216440255E-02
  2.0000000000E-01  3.8000000000E+00  6.5151460372E-02
  2.0000000000E-01  3.9000000000E+00  6.5990164480E-02
  2.0000000000E-01  4.0000000000E+00  6.6728247595E-02
  2.0000000000E-01  4.1000000000E+00  6.7361863342E-02
  2.0000000000E-01  4.2000000000E+00  6.7887657857E-02
  2.0000000000E-01  4.3000000000E+00  6.8302799805E-02
  2.0000000000E-01  4.4000000000E+00  6.8605006170E-02
  2.0000000000E-01  4.5000000000E+00  6.8792563470E-02
  2.0000000000E-01  4.6000000000E+00  6.8864344122E-02
  2.0000000000E-01  4.7000000000E+00  6.8819817760E-02
  2.0000000000E-01  4.8000000000E+00  6.8659057328E-02
  2.0000000000E-01  4.9000000000E+00  6.8382739887E-02
  2.0000000000E-01  5.0000000000E+00  6.7992142085E-02
  2.0000000000E-01  5.1000000000E+00  6.7489130365E-02
  2.0000000000E-01  5.2000000000E+00  6.6876145996E-02
  2.0000000000E-01  5.3000000000E+00  6.6156185115E-02
  2.0000000000E-01  5.4000000000E+00  6.5332774019E-02
  2.0000000000E-01  5.5000000000E+00  6.4409939997E-02
  2.0000000000E-01  5.6000000000E+00  6.3392178039E-02
  2.0000000000E-01  5.7000000000E+00  6.2284413848E-02
  2.0000000000E-01  5.8000000000E+00  6.1091963552E-02
  2.0000000000E-01  5.9000000000E+00  5.9820490621E-02
  2.0000000000E-01  6.0000000000E+00  5.8475960471E-02
  2.0000000000E-01  6.1000000000E+00  5.7064593277E-02
  2.0000000000E-01  6.2000000000E+00  5.5592815528E-02
  2.0000000000E-01  6.3000000000E+00  5.4067210856E-02
  2.0000000000E-01  6.4000000000E+00  5.2494470677E-02
  2.0000000000E-01  6.5000000000E+00  5.0881345162E-02
  2.0000000000E-01  6.6000000000E+00  4.9234595041E-02
  2.0000000000E-01  6.7000000000E+00  4.7560944713E-02
  2.0000000000E-01  6.8000000000E+00  4.5867037131E-02
  2.0000000000E-01  6.9000000000E+00  4.4159390854E-02
  2.0000000000E-01  7.0000000000E+00  4.2444359639E-02
  2.0000000000E-01  7.1000000000E+00  4.0728094925E-02
  2.0000000000E-01  7.2000000000E+00  3.9016511455E-02
  2.0000000000E-01  7.3000000000E+00  3.7315256300E-02
  2.0000000000E-01  7.4000000000E+00  3.5629681444E-02
  2.0000000000E-01  7.5000000000E+00  3.3964820068E-02
  2.0000000000E-01  7.6000000000E+00  3.2325366622E-02
  2.0000000000E-01  7.7000000000E+00  3.0715660694E-02
  2.0000000000E-01  7.8000000000E+00  2.9139674678E-02
  2.0000000000E-01  7.9000000000E+00  2.7601005175E-02
  2.0000000000E-01  8.0000000000E+00  2.6102868017E-02
  2.0000000000E-01  8.1000000000E+00  2.4648096776E-02
  2.0000000000E-01  8.2000000000E+00  2.3239144592E-02
  2.0000000000E-01  8.3000000000E+00  2.1878089093E-02
  2.0000000000E-01  8.4000000000E+00  2.0566640207E-02
  2.0000000000E-01  8.5000000000E+00  1.9306150583E-02
  2.0000000000E-01  8.6000000000E+00  1.8097628386E-02
  2.0000000000E-01  8.7000000000E+00  1.6941752159E-02
  2.0000000000E-01  8.8000000000E+00  1.5838887499E-02
  2.0000000000E-01  8.9000000000E+00  1.4789105228E-02
  2.0000000000E-01  9.0000000000E+00  1.3792200807E-02
  2.0000000000E-01  9.1000000000E+00  1.2847714689E-02
  2.0000000000E-01  9.2000000000E+00  1.1954953353E-02
  2.0000000000E-01  9.3000000000E+00  1.1113010767E-02
  2.0000000000E-01  9.4000000000E+00  1.0320790017E-02
  2.0000000000E-01  9.5000000000E+00  9.5770248968E-03
  2.0000000000E-01  9.6000000000E+00  8.8803012362E-03
  2.0000000000E-01  9.7000000000E+00  8.2290777859E-03
  2.0000000000E-01  9.8000000000E+00  7.6217064870E-03
  2.0000000000E-01  9.9000000000E+00  7.0564519799E-03
  2.0000000000E-01  1.0000000000E+01  6.5315102274E-03

  2.4000000000E-01  0.0000000000E+00  7.0760511625E-03
  2.4000000000E-01  1.0000000000E-01  7.6632974801E-03
  2.4000000000E-01  2.0000000000E-01  8.2886287965E-03
  2.4000000000E-01  3.0000000000E-01  8.9534545397E-03
  2.4000000000E-01  4.0000000000E-01  9.6591264037E-03
  2.4000000000E-01  5.0000000000E-01  1.0406923869E-02
  2.4000000000E-01  6.0000000000E-01  1.1198038856E-02
  2.4000000000E-01  7.0000000000E-01  1.2033559581E-02
  2.4000000000E-01  8.0000000000E-01  1.2914453718E-02
  2.4000000000E-01  9.0000000000E-01  1.3841550957E-02
  2.4000000000E-01  1.0000000000E+00  1.4815525118E-02
  2.4000000000E-01  1.1000000000E+00  1.5836875945E-02
  2.4000000000E-01  1.2000000000E+00  1.6905910764E-02
  2.4000000000E-01  1.3000000000E+00  1.8022726188E-02
  2.4000000000E-01  1.4000000000E+00  1.9187190075E-02
  2.4000000000E-01  1.5000000000E+00  2.0398923965E-02
  2.4000000000E-01  1.6000000000E+00  2.1657286211E-02
  2.4000000000E-01  1.7000000000E+00  2.2961356079E-02
  2.4000000000E-01  1.8000000000E+00  2.4309919042E-02
  2.4000000000E-01  1.9000000000E+00  2.5701453547E-02
  2.4000000000E-01  2.0000000000E+00  2.7134119499E-02
  2.4000000000E-01  2.1000000000E+00  2.8605748734E-02
  2.4000000000E-01  2.2000000000E+00  3.0113837728E-02
  2.4000000000E-01  2.3000000000E+00  3.1655542772E-02
  2.4000000000E-01  2.4000000000E+00  3.3227677861E-02
  2.4000000000E-01  2.5000000000E+00  3.4826715479E-02
  2.4000000000E-01  2.6000000000E+00  3.6448790477E-02
  2.4000000000E-01  2.7000000000E+00  3.8089707199E-02
  2.4000000000E-01  2.8000000000E+00  3.9744949965E-02
  2.4000000000E-01  2.9000000000E+00  4.1409697009E-02
  2.4000000000E-01  3.0000000000E+00  4.3078837910E-02
  2.4000000000E-01  3.1000000000E+00  4.4746994522E-02
  2.4000000000E-01  3.2000000000E+00  4.6408545364E-02
  2.4000000000E-01  3.3000000000E+00  4.8057653377E-02
  2.4000000000E-01  3.4000000000E+00  4.9688296910E-02
  2.4000000000E-01  3.5000000000E+00  5.1294303767E-02
  2.4000000000E-01  3.6000000000E+00  5.2869388060E-02
  2.4000000000E-01  3.7000000000E+00  5.4407189618E-02
  2.4000000000E-01  3.8000000000E+00  5.5901315600E-02
  2.4000000000E-01  3.9000000000E+00  5.7345383988E-02
  2.4000000000E-01  4.0000000000E+00  5.8733068524E-02
  2.4000000000E-01  4.1000000000E+00  6.0058144684E-02
  2.4000000000E-01  4.2000000000E+00  6.1314536225E-02
  2.4000000000E-01  4.3000000000E+00  6.2496361811E-02
  2.4000000000E-01  4.4000000000E+00  6.3597981240E-02
  2.4000000000E-01  4.5000000000E+00  6.4614040757E-02
  2.4000000000E-01  4.6000000000E+00  6.5539516948E-02
  2.4000000000E-01  4.7000000000E+00  6.6369758706E-02
  2.4000000000E-01  4.8000000000E+00  6.7100526799E-02
  2.4000000000E-01  4.9000000000E+00  6.7728030554E-02
  2.4000000000E-01  5.0000000000E+00  6.8248961221E-02
  2.4000000000E-01  5.1000000000E+00  6.8660521620E-02
  2.4000000000E-01  5.2000000000E+00  6.8960451682E-02
  2.4000000000E-01  5.3000000000E+00  6.9147049596E-02
  2.4000000000E-01  5.4000000000E+00  6.9219188255E-02
  2.4000000000E-01  5.5000000000E+00  6.9176326817E-02
  2.4000000000E-01  5.6000000000E+00  6.9018517213E-02
  2.4000000000E-01  5.7000000000E+00  6.8746405506E-02
  2.4000000000E-01  5.8000000000E+00  6.8361228077E-02
  2.4000000000E-01  5.9000000000E+00  6.7864802669E-02
  2.4000000000E-01  6.0000000000E+00  6.7259514375E-02
  2.4000000000E-01  6.1000000000E+00  6.6548296749E-02
  2.4000000000E-01  6.2000000000E+00  6.5734608231E-02
  2.4000000000E-01  6.3000000000E+00  6.4822404180E-02
  2.4000000000E-01  6.4000000000E+00  6.3816104824E-02
  2.4000000000E-01  6.5000000000E+00  6.2720559507E-02
  2.4000000000E-01  6.6000000000E+00  6.1541007647E-02
  2.4000000000E-01  6.7000000000E+00  6.0283036838E-02
  2.4000000000E-01  6.8000000000E+00  5.8952538590E-02
  2.4000000000E-01  6.9000000000E+00  5.7555662190E-02
  2.4000000000E-01  7.0000000000E+00  5.6098767198E-02
  2.4000000000E-01  7.1000000000E+00  5.4588375097E-02
  2.4000000000E-01  7.2000000000E+00  5.3031120616E-02
  2.4000000000E-01  7.3000000000E+00  5.1433703217E-02
  2.4000000000E-01  7.4000000000E+00  4.9802839274E-02
  2.4000000000E-01  7.5000000000E+00  4.8145215374E-02
  2.4000000000E-01  7.6000000000E+00  4.6467443232E-02
  2.4000000000E-01  7.7000000000E+00  4.4776016588E-02
  2.4000000000E-01  7.8000000000E+00  4.3077270511E-02
  2.4000000000E-01  7.9000000000E+00  4.1377343399E-02
  2.4000000000E-01  8.0000000000E+00  3.9682142013E-02
  2.4000000000E-01  8.1000000000E+00  3.7997309755E-02
  2.4000000000E-01  8.2000000000E+00  3.6328198413E-02
  2.4000000000E-01  8.3000000000E+00  3.4679843513E-02
  2.4000000000E-01  8.4000000000E+00  3.3056943378E-02
  2.4000000000E-01  8.5000000000E+00  3.1463841961E-02
  2.4000000000E-01  8.6000000000E+00  2.9904515439E-02
  2.4000000000E-01  8.7000000000E+00  2.8382562547E-02
  2.4000000000E-01  8.8000000000E+00  2.6901198570E-02
  2.4000000000E-01  8.9000000000E+00  2.5463252869E-02
  2.4000000000E-01  9.0000000000E+00  2.4071169794E-02
  2.4000000000E-01  9.1000000000E+00  2.2727012798E-02
  2.4000000000E-01  9.2000000000E+00  2.1432471541E-02
  2.4000000000E-01  9.3000000000E+00  2.0188871744E-02
  2.4000000000E-01  9.4000000000E+00  1.8997187556E-02
  2.4000000000E-01  9.5000000000E+00  1.7858056144E-02
  2.4000000000E-01  9.6000000000E+00  1.6771794249E-02
  2.4000000000E-01  9.7000000000E+00  1.5738416414E-02
  2.4000000000E-01  9.8000000000E+00  1.4757654607E-02
  2.4000000000E-01  9.9000000000E+00  1.3828978950E-02
  2.4000000000E-01  1.0000000000E+01  1.2951619289E-02

  2.8000000000E-01  0.0000000000E+00  4.3535946428E-03
  2.8000000000E-01  1.0000000000E-01  4.7363581673E-03
  2.8000000000E-01  2.0000000000E-01  5.1465519577E-03
  2.8000000000E-01  3.0000000000E-01  5.5855401377E-03
  2.8000000000E-01  4.0000000000E-01  6.0546956628E-03
  2.8000000000E-01  5.0000000000E-01  6.5553931818E-03
  2.8000000000E-01  6.0000000000E-01  7.0890010832E-03
  2.8000000000E-01  7.0000000000E-01  7.6568727065E-03
  2.8000000000E-01  8.0000000000E-01  8.2603367074E-03
  2.8000000000E-01  9.0000000000E-01  8.9006865768E-03
  2.8000000000E-01  1.0000000000E+00  9.5791693209E-03
  2.8000000000E-01  1.1000000000E+00  1.0296973324E-02
  2.8000000000E-01  1.2000000000E+00  1.1055215427E-02
  2.8000000000E-01  1.3000000000E+00  1.1854927274E-02
  2.8000000000E-01  1.4000000000E+00  1.2697040975E-02
  2.8000000000E-01  1.5000000000E+00  1.3582374188E-02
  2.8000000000E-01  1.6000000000E+00  1.4511614681E-02
  2.8000000000E-01  1.7000000000E+00  1.5485304516E-02
  2.8000000000E-01  1.8000000000E+00  1.6503823962E-02
  2.8000000000E-01  1.9000000000E+00  1.7567375277E-02
  2.8000000000E-01  2.0000000000E+00  1.8675966538E-02
  2.8000000000E-01  2.1000000000E+00  1.9829395666E-02
  2.8000000000E-01  2.2000000000E+00  2.1027234848E-02
  2.8000000000E-01  2.3000000000E+00  2.2268815556E-02
  2.8000000000E-01  2.4000000000E+00  2.3553214354E-02
  2.8000000000E-01  2.5000000000E+00  2.4879239735E-02
  2.8000000000E-01  2.6000000000E+00  2.6245420189E-02
  2.8000000000E-01  2.7000000000E+00  2.7649993736E-02
  2.8000000000E-01  2.8000000000E+00  2.9090899151E-02
  2.8000000000E-01  2.9000000000E+00  3.0565769100E-02
  2.8000000000E-01  3.0000000000E+00  3.2071925396E-02
  2.8000000000E-01  3.1000000000E+00  3.3606376588E-02
  2.8000000000E-01  3.2000000000E+00  3.5165818067E-02
  2.8000000000E-01  3.3000000000E+00  3.6746634859E-02
  2.8000000000E-01  3.4000000000E+00  3.8344907262E-02
  2.8000000000E-01  3.5000000000E+00  3.9956419434E-02
  2.8000000000E-01  3.6000000000E+00  4.1576671048E-02
  2.8000000000E-01  3.7000000000E+00  4.3200892066E-02
  2.8000000000E-01  3.8000000000E+00  4.4824060647E-02
  2.8000000000E-01  3.9000000000E+00  4.6440924214E-02
  2.8000000000E-01  4.0000000000E+00  4.8046023586E-02
  2.8000000000E-01  4.1000000000E+00  4.9633720125E-02
  2.8000000000E-01  4.2000000000E+00  5.1198225744E-02
  2.8000000000E-01  4.3000000000E+00  5.2733635599E-02
  2.8000000000E-01  4.4000000000E+00  5.4233963267E-02
  2.8000000000E-01  4.5000000000E+00  5.5693178139E-02
  2.8000000000E-01  4.6000000000E+00  5.7105244738E-02
  2.8000000000E-01  4.7000000000E+00  5.8464163622E-02
  2.8000000000E-01  4.8000000000E+00  5.9764013524E-02
  2.8000000000E-01  4.9000000000E+00  6.0998994315E-02
  2.8000000000E-01  5.0000000000E+00  6.2163470382E-02
  2.8000000000E-01  5.1000000000E+00  6.3252013979E-02
  2.8000000000E-01  5.2000000000E+00  6.4259448088E-02
  2.8000000000E-01  5.3000000000E+00  6.5180888344E-02
  2.8000000000E-01  5.4000000000E+00  6.6011783538E-02
  2.8000000000E-01  5.5000000000E+00  6.6747954252E-02
  2.8000000000E-01  5.6000000000E+00  6.7385629170E-02
  2.8000000000E-01  5.7000000000E+00  6.7921478623E-02
  2.8000000000E-01  5.8000000000E+00  6.8352644974E-02
  2.8000000000E-01  5.9000000000E+00  6.8676769442E-02
  2.8000000000E-01  6.0000000000E+00  6.8892015045E-02
  2.8000000000E-01  6.1000000000E+00  6.8997085335E-02
  2.8000000000E-01  6.2000000000E+00  6.8991238684E-02
  2.8000000000E-01  6.3000000000E+00  6.8874297907E-02
  2.8000000000E-01  6.4000000000E+00  6.8646655077E-02
  2.8000000000E-01  6.5000000000E+00  6.8309271425E-02
  2.8000000000E-01  6.6000000000E+00  6.7863672307E-02
  2.8000000000E-01  6.7000000000E+00  6.7311937240E-02
  2.8000000000E-01  6.8000000000E+00  6.6656685109E-02
  2.8000000000E-01  6.9000000000E+00  6.5901054677E-02
  2.8000000000E-01  7.0000000000E+00  6.5048680605E-02
  2.8000000000E-01  7.1000000000E+00  6.4103665228E-02
  2.8000000000E-01  7.2000000000E+00  6.3070546406E-02
  2.8000000000E-01  7.3000000000E+00  6.1954261784E-02
  2.8000000000E-01  7.4000000000E+00  6.0760109881E-02
  2.8000000000E-01  7.5000000000E+00  5.9493708409E-02
  2.8000000000E-01  7.6000000000E+00  5.8160950314E-02
  2.8000000000E-01  7.7000000000E+00  5.6767957996E-02
  2.8000000000E-01  7.8000000000E+00  5.5321036223E-02
  2.8000000000E-01  7.9000000000E+00  5.3826624255E-02
  2.8000000000E-01  8.0000000000E+00  5.2291247667E-02
  2.8000000000E-01  8.1000000000E+00  5.0721470409E-02
  2.8000000000E-01  8.2000000000E+00  4.9123847573E-02
  2.8000000000E-01  8.3000000000E+00  4.7504879357E-02
  2.8000000000E-01  8.4000000000E+00  4.5870966687E-02
  2.8000000000E-01  8.5000000000E+00  4.4228368892E-02
  2.8000000000E-01  8.6000000000E+00  4.2583163861E-02
  2.8000000000E-01  8.7000000000E+00  4.0941210985E-02
  2.8000000000E-01  8.8000000000E+00  3.9308117227E-02
  2.8000000000E-01  8.9000000000E+00  3.7689206555E-02
  2.8000000000E-01  9.0000000000E+00  3.6089492957E-02
  2.8000000000E-01  9.1000000000E+00  3.4513657190E-02
  2.8000000000E-01  9.2000000000E+00  3.2966027388E-02
  2.8000000000E-01  9.3000000000E+00  3.1450563567E-02
  2.8000000000E-01  9.4000000000E+00  2.9970846052E-02
  2.8000000000E-01  9.5000000000E+00  2.8530067785E-02
  2.8000000000E-01  9.6000000000E+00  2.7131030424E-02
  2.8000000000E-01  9.7000000000E+00  2.5776144118E-02
  2.8000000000E-01  9.8000000000E+00  2.4467430783E-02
  2.8000000000E-01  9.9000000000E+00  2.3206530692E-02
  2.8000000000E-01  1.0000000000E+01  2.1994712135E-02

  3.2000000000E-01  0.0000000000E+00  2.9947253310E-03
  3.2000000000E-01  1.0000000000E-01  3.2672785345E-03
  3.2000000000E-01  2.0000000000E-01  3.5600136931E-03
  3.2000000000E-01  3.0000000000E-01  3.8739940452E-03
  3.2000000000E-01  4.0000000000E-01  4.2103022125E-03
  3.2000000000E-01  5.0000000000E-01  4.5700371577E-03
  3.2000000000E-01  6.0000000000E-01  4.9543107543E-03
  3.2000000000E-01  7.0000000000E-01  5.3642439441E-03
  3.2000000000E-01  8.0000000000E-01  5.8009624581E-03
  3.2000000000E-01  9.0000000000E-01  6.2655920789E-03
  3.2000000000E-01  1.0000000000E+00  6.7592534197E-03
  3.2000000000E-01  1.1000000000E+00  7.2830562008E-03
  3.2000000000E-01  1.2000000000E+00  7.8380930022E-03
  3.2000000000E-01  1.3000000000E+00  8.4254324783E-03
  3.2000000000E-01  1.4000000000E+00  9.0461120190E-03
  3.2000000000E-01  1.5000000000E+00  9.7011298506E-03
  3.2000000000E-01  1.6000000000E+00  1.0391436572E-02
  3.2000000000E-01  1.7000000000E+00  1.1117926128E-02
  3.2000000000E-01  1.8000000000E+00  1.1881426230E-02
  3.2000000000E-01  1.9000000000E+00  1.2682688243E-02
  3.2000000000E-01  2.0000000000E+00  1.3522376562E-02
  3.2000000000E-01  2.1000000000E+00  1.4401057517E-02
  3.2000000000E-01  2.2000000000E+00  1.5319187847E-02
  3.2000000000E-01  2.3000000000E+00  1.6277102818E-02
  3.2000000000E-01  2.4000000000E+00  1.7275004031E-02
  3.2000000000E-01  2.5000000000E+00  1.8312947022E-02
  3.2000000000E-01  2.6000000000E+00  1.9390828747E-02
  3.2000000000E-01  2.7000000000E+00  2.0508375053E-02
  3.2000000000E-01  2.8000000000E+00  2.1665128261E-02
  3.2000000000E-01  2.9000000000E+00  2.2860435007E-02
  3.2000000000E-01  3.0000000000E+00  2.4093434466E-02
  3.2000000000E-01  3.1000000000E+00  2.5363047140E-02
  3.2000000000E-01  3.2000000000E+00  2.6667964361E-02
  3.2000000000E-01  3.3000000000E+00  2.8006638703E-02
  3.2000000000E-01  3.4000000000E+00  2.9377275463E-02
  3.2000000000E-01  3.5000000000E+00  3.0777825429E-02
  3.2000000000E-01  3.6000000000E+00  3.2205979097E-02
  3.2000000000E-01  3.7000000000E+00  3.3659162548E-02
  3.2000000000E-01  3.8000000000E+00  3.5134535158E-02
  3.2000000000E-01  3.9000000000E+00  3.6628989329E-02
  3.2000000000E-01  4.0000000000E+00  3.8139152403E-02
  3.2000000000E-01  4.1000000000E+00  3.9661390918E-02
  3.2000000000E-01  4.2000000000E+00  4.1191817347E-02
  3.2000000000E-01  4.3000000000E+00  4.2726299430E-02
  3.2000000000E-01  4.4000000000E+00  4.4260472198E-02
  3.2000000000E-01  4.5000000000E+00  4.5789752754E-02
  3.2000000000E-01  4.6000000000E+00  4.7309357836E-02
  3.2000000000E-01  4.7000000000E+00  4.8814324181E-02
  3.2000000000E-01  4.8000000000E+00  5.0299531631E-02
  3.2000000000E-01  4.9000000000E+00  5.1759728932E-02
  3.2000000000E-01  5.0000000000E+00  5.3189562085E-02
  3.2000000000E-01  5.1000000000E+00  5.4583605127E-02
  3.2000000000E-01  5.2000000000E+00  5.5936393115E-02
  3.2000000000E-01  5.3000000000E+00  5.7242457103E-02
  3.2000000000E-01  5.4000000000E+00  5.8496360829E-02
  3.2000000000E-01  5.5000000000E+00  5.9692738788E-02
  3.2000000000E-01  5.6000000000E+00  6.0826335378E-02
  3.2000000000E-01  5.7000000000E+00  6.1892044699E-02
  3.2000000000E-01  5.8000000000E+00  6.2884950647E-02
  3.2000000000E-01  5.9000000000E+00  6.3800366834E-02
  3.2000000000E-01  6.0000000000E+00  6.4633875925E-02
  3.2000000000E-01  6.1000000000E+00  6.5381367924E-02
  3.2000000000E-01  6.2000000000E+00  6.6039076946E-02
  3.2000000000E-01  6.3000000000E+00  6.6603616036E-02
  3.2000000000E-01  6.4000000000E+00  6.7072009572E-02
  3.2000000000E-01  6.5000000000E+00  6.7441722836E-02
  3.2000000000E-01  6.6000000000E+00  6.7710688335E-02
  3.2000000000E-01  6.7000000000E+00  6.7877328507E-02
  3.2000000000E-01  6.8000000000E+00  6.7940574466E-02
  3.2000000000E-01  6.9000000000E+00  6.7899880487E-02
  3.2000000000E-01  7.0000000000E+00  6.7755233996E-02
  3.2000000000E-01  7.1000000000E+00  6.7507160854E-02
  3.2000000000E-01  7.2000000000E+00  6.7156725813E-02
  3.2000000000E-01  7.3000000000E+00  6.6705528062E-02
  3.2000000000E-01  7.4000000000E+00  6.6155691841E-02
  3.2000000000E-01  7.5000000000E+00  6.5509852198E-02
  3.2000000000E-01  7.6000000000E+00  6.4771135978E-02
  3.2000000000E-01  7.7000000000E+00  6.3943138241E-02
  3.2000000000E-01  7.8000000000E+00  6.3029894342E-02
  3.2000000000E-01  7.9000000000E+00  6.2035847977E-02
  3.2000000000E-01  8.0000000000E+00  6.0965815540E-02
  3.2000000000E-01  8.1000000000E+00  5.9824947200E-02
  3.2000000000E-01  8.2000000000E+00  5.8618685145E-02
  3.2000000000E-01  8.3000000000E+00  5.7352719469E-02
  3.2000000000E-01  8.4000000000E+00  5.6032942212E-02
  3.2000000000E-01  8.5000000000E+00  5.4665400102E-02
  3.2000000000E-01  8.6000000000E+00  5.3256246525E-02
  3.2000000000E-01  8.7000000000E+00  5.1811693284E-02
  3.2000000000E-01  8.8000000000E+00  5.0337962701E-02
  3.2000000000E-01  8.9000000000E+00  4.8841240591E-02
  3.2000000000E-01  9.0000000000E+00  4.7327630626E-02
  3.2000000000E-01  9.1000000000E+00  4.5803110584E-02
  3.2000000000E-01  9.2000000000E+00  4.4273490944E-02
  3.2000000000E-01  9.3000000000E+00  4.2744376227E-02
  3.2000000000E-01  9.4000000000E+00  4.1221129479E-02
  3.2000000000E-01  9.5000000000E+00  3.9708840195E-02
  3.2000000000E-01  9.6000000000E+00  3.8212295963E-02
  3.2000000000E-01  9.7000000000E+00  3.6735958039E-02
  3.2000000000E-01  9.8000000000E+00  3.5283940995E-02
  3.2000000000E-01  9.9000000000E+00  3.3859996549E-02
  3.2000000000E-01  1.0000000000E+01  3.2467501595E-02

  3.6000000000E-01  0.0000000000E+00  2.3404889353E-03
  3.6000000000E-01  1.0000000000E-01  2.5591737845E-03
  3.6000000000E-01  2.0000000000E-01  2.7941200971E-03
  3.6000000000E-01  3.0000000000E-01  3.0461375018E-03
  3.6000000000E-01  4.0000000000E-01  3.3160437882E-03
  3.6000000000E-01  5.0000000000E-01  3.6046627058E-03
  3.6000000000E-01  6.0000000000E-01  3.9128216809E-03
  3.6000000000E-01  7.0000000000E-01  4.2413494591E-03
  3.6000000000E-01  8.0000000000E-01  4.5910736777E-03
  3.6000000000E-01  9.0000000000E-01  4.9628183735E-03
  3.6000000000E-01  1.0000000000E+00  5.3574014242E-03
  3.6000000000E-01  1.1000000000E+00  5.7756319239E-03
  3.6000000000E-01  1.2000000000E+00  6.2183074856E-03
  3.6000000000E-01  1.3000000000E+00  6.6862114613E-03
  3.6000000000E-01  1.4000000000E+00  7.1801100675E-03
  3.6000000000E-01  1.5000000000E+00  7.7007493991E-03
  3.6000000000E-01  1.6000000000E+00  8.2488523092E-03
  3.6000000000E-01  1.7000000000E+00  8.8251151328E-03
  3.6000000000E-01  1.8000000000E+00  9.4302042230E-03
  3.6000000000E-01  1.9000000000E+00  1.0064752271E-02
  3.6000000000E-01  2.0000000000E+00  1.0729354378E-02
  3.6000000000E-01  2.1000000000E+00  1.1424563833E-02
  3.6000000000E-01  2.2000000000E+00  1.2150887584E-02
  3.6000000000E-01  2.3000000000E+00  1.2908781337E-02
  3.6000000000E-01  2.4000000000E+00  1.3698644280E-02
  3.6000000000E-01  2.5000000000E+00  1.4520813374E-02
  3.6000000000E-01  2.6000000000E+00  1.5375557215E-02
  3.6000000000E-01  2.7000000000E+00  1.6263069418E-02
  3.6000000000E-01  2.8000000000E+00  1.7183461538E-02
  3.6000000000E-01  2.9000000000E+00  1.8136755513E-02
  3.6000000000E-01  3.0000000000E+00  1.9122875638E-02
  3.6000000000E-01  3.1000000000E+00  2.0141640106E-02
  3.6000000000E-01  3.2000000000E+00  2.1192752142E-02
  3.6000000000E-01  3.3000000000E+00  2.2275790784E-02
  3.6000000000E-01  3.4000000000E+00  2.3390201385E-02
  3.6000000000E-01  3.5000000000E+00  2.4535285924E-02
  3.6000000000E-01  3.6000000000E+00  2.5710193225E-02
  3.6000000000E-01  3.7000000000E+00  2.6913909207E-02
  3.6000000000E-01  3.8000000000E+00  2.8145247311E-02
  3.6000000000E-01  3.9000000000E+00  2.9402839256E-02
  3.6000000000E-01  4.0000000000E+00  3.0685126291E-02
  3.6000000000E-01  4.1000000000E+00  3.1990351138E-02
  3.6000000000E-01  4.2000000000E+00  3.3316550813E-02
  3.6000000000E-01  4.3000000000E+00  3.4661550537E-02
  3.6000000000E-01  4.4000000000E+00  3.6022958945E-02
  3.6000000000E-01  4.5000000000E+00  3.7398164798E-02
  3.6000000000E-01  4.6000000000E+00  3.8784335423E-02
  3.6000000000E-01  4.7000000000E+00  4.0178417071E-02
  3.6000000000E-01  4.8000000000E+00  4.1577137391E-02
  3.6000000000E-01  4.9000000000E+00  4.2977010199E-02
  3.6000000000E-01  5.0000000000E+00  4.4374342698E-02
  3.6000000000E-01  5.1000000000E+00  4.5765245276E-02
  3.6000000000E-01  5.2000000000E+00  4.7145643992E-02
  3.6000000000E-01  5.3000000000E+00  4.8511295815E-02
  3.6000000000E-01  5.4000000000E+00  4.9857806651E-02
  3.6000000000E-01  5.5000000000E+00  5.1180652136E-02
  3.6000000000E-01  5.6000000000E+00  5.2475201161E-02
  3.6000000000E-01  5.7000000000E+00  5.3736742013E-02
  3.6000000000E-01  5.8000000000E+00  5.4960510994E-02
  3.6000000000E-01  5.9000000000E+00  5.6141723313E-02
  3.6000000000E-01  6.0000000000E+00  5.7275606027E-02
  3.6000000000E-01  6.1000000000E+00  5.8357432721E-02
  3.6000000000E-01  6.2000000000E+00  5.9382559614E-02
  3.6000000000E-01  6.3000000000E+00  6.0346462705E-02
  3.6000000000E-01  6.4000000000E+00  6.1244775563E-02
  3.6000000000E-01  6.5000000000E+00  6.2073327306E-02
  3.6000000000E-01  6.6000000000E+00  6.2828180333E-02
  3.6000000000E-01  6.7000000000E+00  6.3505667295E-02
  3.6000000000E-01  6.8000000000E+00  6.4102426837E-02
  3.6000000000E-01  6.9000000000E+00  6.4615437619E-02
  3.6000000000E-01  7.0000000000E+00  6.5042050104E-02
  3.6000000000E-01  7.1000000000E+00  6.5380015675E-02
  3.6000000000E-01  7.2000000000E+00  6.5627512605E-02
  3.6000000000E-01  7.3000000000E+00  6.5783168474E-02
  3.6000000000E-01  7.4000000000E+00  6.5846078652E-02
  3.6000000000E-01  7.5000000000E+00  6.5815820529E-02
  3.6000000000E-01  7.6000000000E+00  6.5692463192E-02
  3.6000000000E-01  7.7000000000E+00  6.5476572357E-02
  3.6000000000E-01  7.8000000000E+00  6.5169210393E-02
  3.6000000000E-01  7.9000000000E+00  6.4771931365E-02
  3.6000000000E-01  8.0000000000E+00  6.4286771066E-02
  3.6000000000E-01  8.1000000000E+00  6.3716232138E-02
  3.6000000000E-01  8.2000000000E+00  6.3063264372E-02
  3.6000000000E-01  8.3000000000E+00  6.2331240442E-02
  3.6000000000E-01  8.4000000000E+00  6.1523927312E-02
  3.6000000000E-01  8.5000000000E+00  6.0645453683E-02
  3.6000000000E-01  8.6000000000E+00  5.9700273864E-02
  3.6000000000E-01  8.7000000000E+00  5.8693128540E-02
  3.6000000000E-01  8.8000000000E+00  5.7629002916E-02
  3.6000000000E-01  8.9000000000E+00  5.6513082793E-02
  3.6000000000E-01  9.0000000000E+00  5.5350709130E-02
  3.6000000000E-01  9.1000000000E+00  5.4147331684E-02
  3.6000000000E-01  9.2000000000E+00  5.2908462310E-02
  3.6000000000E-01  9.3000000000E+00  5.1639628527E-02
  3.6000000000E-01  9.4000000000E+00  5.0346327922E-02
  3.6000000000E-01  9.5000000000E+00  4.9033983952E-02
  3.6000000000E-01  9.6000000000E+00  4.7707903675E-02
  3.6000000000E-01  9.7000000000E+00  4.6373237910E-02
  3.6000000000E-01  9.8000000000E+00  4.5034944264E-02
  3.6000000000E-01  9.9000000000E+00  4.3697753420E-02
  3.6000000000E-01  1.0000000000E+01  4.2366139028E-02

  4.0000000000E-01  0.0000000000E+00  2.0598963077E-03
  4.0000000000E-01  1.0000000000E-01  2.2558546155E-03
  4.0000000000E-01  2.0000000000E-01  2.4663145387E-03
  4.0000000000E-01  3.0000000000E-01  2.6919322686E-03
  4.0000000000E-01  4.0000000000E-01  2.9333580207E-03
  4.0000000000E-01  5.0000000000E-01  3.1912331772E-03
  4.0000000000E-01  6.0000000000E-01  3.4661874687E-03
  4.0000000000E-01  7.0000000000E-01  3.7588362341E-03
  4.0000000000E-01  8.0000000000E-01  4.0697777933E-03
  4.0000000000E-01  9.0000000000E-01  4.3995909706E-03
  4.0000000000E-01  1.0000000000E+00  4.7488328010E-03
  4.0000000000E-01  1.1000000000E+00  5.1180364513E-03
  4.0000000000E-01  1.2000000000E+00  5.5077093820E-03
  4.0000000000E-01  1.3000000000E+00  5.9183317726E-03
  4.0000000000E-01  1.4000000000E+00  6.3503552258E-03
  4.0000000000E-01  1.5000000000E+00  6.8042017598E-03
  4.0000000000E-01  1.6000000000E+00  7.2802630908E-03
  4.0000000000E-01  1.7000000000E+00  7.7789001978E-03
  4.0000000000E-01  1.8000000000E+00  8.3004431544E-03
  4.0000000000E-01  1.9000000000E+00  8.8451912032E-03
  4.0000000000E-01  2.0000000000E+00  9.4134130369E-03
  4.0000000000E-01  2.1000000000E+00  1.0005347243E-02
  4.0000000000E-01  2.2000000000E+00  1.0621202857E-02
  4.0000000000E-01  2.3000000000E+00  1.1261159968E-02
  4.0000000000E-01  2.4000000000E+00  1.1925370294E-02
  4.0000000000E-01  2.5000000000E+00  1.2613957667E-02
  4.0000000000E-01  2.6000000000E+00  1.3327018333E-02
  4.0000000000E-01  2.7000000000E+00  1.4064620982E-02
  4.0000000000E-01  2.8000000000E+00  1.4826806428E-02
  4.0000000000E-01  2.9000000000E+00  1.5613586844E-02
  4.0000000000E-01  3.0000000000E+00  1.6424944464E-02
  4.0000000000E-01  3.1000000000E+00  1.7260829680E-02
  4.0000000000E-01  3.2000000000E+00  1.8121158450E-02
  4.0000000000E-01  3.3000000000E+00  1.9005808966E-02
  4.0000000000E-01  3.4000000000E+00  1.9914617514E-02
  4.0000000000E-01  3.5000000000E+00  2.0847373507E-02
  4.0000000000E-01  3.6000000000E+00  2.1803813665E-02
  4.0000000000E-01  3.7000000000E+00  2.2783615337E-02
  4.0000000000E-01  3.8000000000E+00  2.3786389005E-02
  4.0000000000E-01  3.9000000000E+00  2.4811669995E-02
  4.0000000000E-01  4.0000000000E+00  2.5858909492E-02
  4.0000000000E-01  4.1000000000E+00  2.6927464923E-02
  4.0000000000E-01  4.2000000000E+00  2.8016589864E-02
  4.0000000000E-01  4.3000000000E+00  2.9125423595E-02
  4.0000000000E-01  4.4000000000E+00  3.0252980474E-02
  4.0000000000E-01  4.5000000000E+00  3.1398139347E-02
  4.0000000000E-01  4.6000000000E+00  3.2559633174E-02
  4.0000000000E-01  4.7000000000E+00  3.3736039130E-02
  4.0000000000E-01  4.8000000000E+00  3.4925769414E-02
  4.0000000000E-01  4.9000000000E+00  3.6127063027E-02
  4.0000000000E-01  5.0000000000E+00  3.7337978763E-02
  4.0000000000E-01  5.1000000000E+00  3.8556389704E-02
  4.0000000000E-01  5.2000000000E+00  3.9779979445E-02
  4.0000000000E-01  5.3000000000E+00  4.1006240310E-02
  4.0000000000E-01  5.4000000000E+00  4.2232473779E-02
  4.0000000000E-01  5.5000000000E+00  4.3455793343E-02
  4.0000000000E-01  5.6000000000E+00  4.4673129939E-02
  4.0000000000E-01  5.7000000000E+00  4.5881240145E-02
  4.0000000000E-01  5.8000000000E+00  4.7076717198E-02
  4.0000000000E-01  5.9000000000E+00  4.8256004931E-02
  4.0000000000E-01  6.0000000000E+00  4.9415414618E-02
  4.0000000000E-01  6.1000000000E+00  5.0551144694E-02
  4.0000000000E-01  6.2000000000E+00  5.1659303273E-02
  4.0000000000E-01  6.3000000000E+00  5.2735933297E-02
  4.0000000000E-01  6.4000000000E+00  5.3777040133E-02
  4.0000000000E-01  6.5000000000E+00  5.4778621354E-02
  4.0000000000E-01  6.6000000000E+00  5.5736698413E-02
  4.0000000000E-01  6.7000000000E+00  5.6647349836E-02
  4.0000000000E-01  6.8000000000E+00  5.7506745567E-02
  4.0000000000E-01  6.9000000000E+00  5.8311181999E-02
  4.0000000000E-01  7.0000000000E+00  5.9057117249E-02
  4.0000000000E-01  7.1000000000E+00  5.9741206182E-02
  4.0000000000E-01  7.2000000000E+00  6.0360334670E-02
  4.0000000000E-01  7.3000000000E+00  6.0911652580E-02
  4.0000000000E-01  7.4000000000E+00  6.1392604989E-02
  4.0000000000E-01  7.5000000000E+00  6.1800961106E-02
  4.0000000000E-01  7.6000000000E+00  6.2134840455E-02
  4.0000000000E-01  7.7000000000E+00  6.2392735841E-02
  4.0000000000E-01  7.8000000000E+00  6.2573532729E-02
  4.0000000000E-01  7.9000000000E+00  6.2676524644E-02
  4.0000000000E-01  8.0000000000E+00  6.2701424321E-02
  4.0000000000E-01  8.1000000000E+00  6.2648370354E-02
  4.0000000000E-01  8.2000000000E+00  6.2517929177E-02
  4.0000000000E-01  8.3000000000E+00  6.2311092282E-02
  4.0000000000E-01  8.4000000000E+00  6.2029268663E-02
  4.0000000000E-01  8.5000000000E+00  6.1674272525E-02
  4.0000000000E-01  8.6000000000E+00  6.1248306410E-02
  4.0000000000E-01  8.7000000000E+00  6.0753939946E-02
  4.0000000000E-01  8.8000000000E+00  6.0194084488E-02
  4.0000000000E-01  8.9000000000E+00  5.9571964019E-02
  4.0000000000E-01  9.0000000000E+00  5.8891082706E-02
  4.0000000000E-01  9.1000000000E+00  5.8155189585E-02
  4.0000000000E-01  9.2000000000E+00  5.7368240868E-02
  4.0000000000E-01  9.3000000000E+00  5.6534360447E-02
  4.0000000000E-01  9.4000000000E+00  5.5657799126E-02
  4.0000000000E-01  9.5000000000E+00  5.4742893206E-02
  4.0000000000E-01  9.6000000000E+00  5.3794022981E-02
  4.0000000000E-01  9.7000000000E+00  5.2815571762E-02
  4.0000000000E-01  9.8000000000E+00  5.1811885961E-02
  4.0000000000E-01  9.9000000000E+00  5.0787236809E-02
  4.0000000000E-01  1.0000000000E+01  4.9745784196E-02

  4.4000000000E-01  0.0000000000E+00  1.9984962807E-03
  4.4000000000E-01  1.0000000000E-01  2.1895889415E-03
  4.4000000000E-01  2.0000000000E-01  2.3946437899E-03
  4.4000000000E-01  3.0000000000E-01  2.6142312371E-03
  4.4000000000E-01  4.0000000000E-01  2.8489036935E-03
  4.4000000000E-01  5.0000000000E-01  3.0991917407E-03
  4.4000000000E-01  6.0000000000E-01  3.3656003738E-03
  4.4000000000E-01  7.0000000000E-01  3.6486053690E-03
  4.4000000000E-01  8.0000000000E-01  3.9486498340E-03
  4.4000000000E-01  9.0000000000E-01  4.2661410008E-03
  4.4000000000E-01  1.0000000000E+00  4.6014473176E-03
  4.4000000000E-01  1.1000000000E+00  4.9548958963E-03
  4.4000000000E-01  1.2000000000E+00  5.3267703697E-03
  4.4000000000E-01  1.3000000000E+00  5.7173092057E-03
  4.4000000000E-01  1.4000000000E+00  6.1267045227E-03
  4.4000000000E-01  1.5000000000E+00  6.5551014429E-03
  4.4000000000E-01  1.6000000000E+00  7.0025980095E-03
  4.4000000000E-01  1.7000000000E+00  7.4692456885E-03
  4.4000000000E-01  1.8000000000E+00  7.9550504611E-03
  4.4000000000E-01  1.9000000000E+00  8.4599745025E-03
  4.4000000000E-01  2.0000000000E+00  8.9839384326E-03
  4.4000000000E-01  2.1000000000E+00  9.5268241061E-03
  4.4000000000E-01  2.2000000000E+00  1.0088477902E-02
  4.4000000000E-01  2.3000000000E+00  1.0668714453E-02
  4.4000000000E-01  2.4000000000E+00  1.1267320749E-02
  4.4000000000E-01  2.5000000000E+00  1.1884060523E-02
  4.4000000000E-01  2.6000000000E+00  1.2518678840E-02
  4.4000000000E-01  2.7000000000E+00  1.3170906767E-02
  4.4000000000E-01  2.8000000000E+00  1.3840466021E-02
  4.4000000000E-01  2.9000000000E+00  1.4527073464E-02
  4.4000000000E-01  3.0000000000E+00  1.5230445325E-02
  4.4000000000E-01  3.1000000000E+00  1.5950301013E-02
  4.4000000000E-01  3.2000000000E+00  1.6686366390E-02
  4.4000000000E-01  3.3000000000E+00  1.7438376382E-02
  4.4000000000E-01  3.4000000000E+00  1.8206076795E-02
  4.4000000000E-01  3.5000000000E+00  1.8989225227E-02
  4.4000000000E-01  3.6000000000E+00  1.9787590980E-02
  4.4000000000E-01  3.7000000000E+00  2.0600953870E-02
  4.4000000000E-01  3.8000000000E+00  2.1429101880E-02
  4.4000000000E-01  3.9000000000E+00  2.2271827601E-02
  4.4000000000E-01  4.0000000000E+00  2.3128923433E-02
  4.4000000000E-01  4.1000000000E+00  2.4000175556E-02
  4.4000000000E-01  4.2000000000E+00  2.4885356689E-02
  4.4000000000E-01  4.3000000000E+00  2.5784217708E-02
  4.4000000000E-01  4.4000000000E+00  2.6696478187E-02
  4.4000000000E-01  4.5000000000E+00  2.7621816009E-02
  4.4000000000E-01  4.6000000000E+00  2.8559856167E-02
  4.4000000000E-01  4.7000000000E+00  2.9510158945E-02
  4.4000000000E-01  4.8000000000E+00  3.0472207674E-02
  4.4000000000E-01  4.9000000000E+00  3.1445396290E-02
  4.4000000000E-01  5.0000000000E+00  3.2429016946E-02
  4.4000000000E-01  5.1000000000E+00  3.3422247925E-02
  4.4000000000E-01  5.2000000000E+00  3.4424142150E-02
  4.4000000000E-01  5.3000000000E+00  3.5433616562E-02
  4.4000000000E-01  5.4000000000E+00  3.6449442653E-02
  4.4000000000E-01  5.5000000000E+00  3.7470238437E-02
  4.4000000000E-01  5.6000000000E+00  3.8494462133E-02
  4.4000000000E-01  5.7000000000E+00  3.9520407812E-02
  4.4000000000E-01  5.8000000000E+00  4.0546203242E-02
  4.4000000000E-01  5.9000000000E+00  4.1569810140E-02
  4.4000000000E-01  6.0000000000E+00  4.2589026996E-02
  4.4000000000E-01  6.1000000000E+00  4.3601494606E-02
  4.4000000000E-01  6.2000000000E+00  4.4604704395E-02
  4.4000000000E-01  6.3000000000E+00  4.5596009579E-02
  4.4000000000E-01  6.4000000000E+00  4.6572639143E-02
  4.4000000000E-01  6.5000000000E+00  4.7531714574E-02
  4.4000000000E-01  6.6000000000E+00  4.8470269228E-02
  4.4000000000E-01  6.7000000000E+00  4.9385270158E-02
  4.4000000000E-01  6.8000000000E+00  5.0273642167E-02
  4.4000000000E-01  6.9000000000E+00  5.1132293810E-02
  4.4000000000E-01  7.0000000000E+00  5.1958145017E-02
  4.4000000000E-01  7.1000000000E+00  5.2748155961E-02
  4.4000000000E-01  7.2000000000E+00  5.3499356767E-02
  4.4000000000E-01  7.3000000000E+00  5.4208877622E-02
  4.4000000000E-01  7.4000000000E+00  5.4873978811E-02
  4.4000000000E-01  7.5000000000E+00  5.5492080230E-02
  4.4000000000E-01  7.6000000000E+00  5.6060789860E-02
  4.4000000000E-01  7.7000000000E+00  5.6577930747E-02
  4.4000000000E-01  7.8000000000E+00  5.7041566019E-02
  4.4000000000E-01  7.9000000000E+00  5.7450021486E-02
  4.4000000000E-01  8.0000000000E+00  5.7801905433E-02
  4.4000000000E-01  8.1000000000E+00  5.8096125214E-02
  4.4000000000E-01  8.2000000000E+00  5.8331900354E-02
  4.4000000000E-01  8.3000000000E+00  5.8508771871E-02
  4.4000000000E-01  8.4000000000E+00  5.8626607634E-02
  4.4000000000E-01  8.5000000000E+00  5.8685603616E-02
  4.4000000000E-01  8.6000000000E+00  5.8686280988E-02
  4.4000000000E-01  8.7000000000E+00  5.8629479054E-02
  4.4000000000E-01  8.8000000000E+00  5.8516344122E-02
  4.4000000000E-01  8.9000000000E+00  5.8348314461E-02
  4.4000000000E-01  9.0000000000E+00  5.8127101587E-02
  4.4000000000E-01  9.1000000000E+00  5.7854668144E-02
  4.4000000000E-01  9.2000000000E+00  5.7533202774E-02
  4.4000000000E-01  9.3000000000E+00  5.7165092347E-02
  4.4000000000E-01  9.4000000000E+00  5.6752892029E-02
  4.4000000000E-01  9.5000000000E+00  5.6299293684E-02
  4.4000000000E-01  9.6000000000E+00  5.5807093101E-02
  4.4000000000E-01  9.7000000000E+00  5.5279156620E-02
  4.4000000000E-01  9.8000000000E+00  5.4718387671E-02
  4.4000000000E-01  9.9000000000E+00  5.4127693781E-02
  4.4000000000E-01  1.0000000000E+01  5.3509954563E-02

  4.8000000000E-01  0.0000000000E+00  2.0837192859E-03
  4.8000000000E-01  1.0000000000E-01  2.2813258225E-03
  4.8000000000E-01  2.0000000000E-01  2.4930299647E-03
  4.8000000000E-01  3.0000000000E-01  2.7193458792E-03
  4.8000000000E-01  4.0000000000E-01  2.9607592545E-03
  4.8000000000E-01  5.0000000000E-01  3.2177226353E-03
  4.8000000000E-01  6.0000000000E-01  3.4906508413E-03
  4.8000000000E-01  7.0000000000E-01  3.7799165394E-03
  4.8000000000E-01  8.0000000000E-01  4.0858460392E-03
  4.8000000000E-01  9.0000000000E-01  4.4087153834E-03
  4.8000000000E-01  1.0000000000E+00  4.7487468066E-03
  4.8000000000E-01  1.1000000000E+00  5.1061056329E-03
  4.8000000000E-01  1.2000000000E+00  5.4808976823E-03
  4.8000000000E-01  1.3000000000E+00  5.8731672504E-03
  4.8000000000E-01  1.4000000000E+00  6.2828957212E-03
  4.8000000000E-01  1.5000000000E+00  6.7100008664E-03
  4.8000000000E-01  1.6000000000E+00  7.1543368755E-03
  4.8000000000E-01  1.7000000000E+00  7.6156951515E-03
  4.8000000000E-01  1.8000000000E+00  8.0938058949E-03
  4.8000000000E-01  1.9000000000E+00  8.5883404879E-03
  4.8000000000E-01  2.0000000000E+00  9.0989146762E-03
  4.8000000000E-01  2.1000000000E+00  9.6250925303E-03
  4.8000000000E-01  2.2000000000E+00  1.0166391156E-02
  4.8000000000E-01  2.3000000000E+00  1.0722286104E-02
  4.8000000000E-01  2.4000000000E+00  1.1292217420E-02
  4.8000000000E-01  2.5000000000E+00  1.1875596253E-02
  4.8000000000E-01  2.6000000000E+00  1.2471811923E-02
  4.8000000000E-01  2.7000000000E+00  1.3080239365E-02
  4.8000000000E-01  2.8000000000E+00  1.3700246789E-02
  4.8000000000E-01  2.9000000000E+00  1.4331203468E-02
  4.8000000000E-01  3.0000000000E+00  1.4972487482E-02
  4.8000000000E-01  3.1000000000E+00  1.5623493288E-02
  4.8000000000E-01  3.2000000000E+00  1.6283638956E-02
  4.8000000000E-01  3.3000000000E+00  1.6952372920E-02
  4.8000000000E-01  3.4000000000E+00  1.7629180093E-02
  4.8000000000E-01  3.5000000000E+00  1.8313587193E-02
  4.8000000000E-01  3.6000000000E+00  1.9005167146E-02
  4.8000000000E-01  3.7000000000E+00  1.9703542426E-02
  4.8000000000E-01  3.8000000000E+00  2.0408387227E-02
  4.8000000000E-01  3.9000000000E+00  2.1119428359E-02
  4.8000000000E-01  4.0000000000E+00  2.1836444791E-02
  4.8000000000E-01  4.1000000000E+00  2.2559265789E-02
  4.8000000000E-01  4.2000000000E+00  2.3287767607E-02
  4.8000000000E-01  4.3000000000E+00  2.4021868746E-02
  4.8000000000E-01  4.4000000000E+00  2.4761523780E-02
  4.8000000000E-01  4.5000000000E+00  2.5506715826E-02
  4.8000000000E-01  4.6000000000E+00  2.6257447728E-02
  4.8000000000E-01  4.7000000000E+00  2.7013732083E-02
  4.8000000000E-01  4.8000000000E+00  2.7775580237E-02
  4.8000000000E-01  4.9000000000E+00  2.8542990437E-02
  4.8000000000E-01  5.0000000000E+00  2.9315935335E-02
  4.8000000000E-01  5.1000000000E+00  3.0094349056E-02
  4.8000000000E-01  5.2000000000E+00  3.0878114085E-02
  4.8000000000E-01  5.3000000000E+00  3.1667048223E-02
  4.8000000000E-01  5.4000000000E+00  3.2460891875E-02
  4.8000000000E-01  5.5000000000E+00  3.3259295957E-02
  4.8000000000E-01  5.6000000000E+00  3.4061810695E-02
  4.8000000000E-01  5.7000000000E+00  3.4867875575E-02
  4.8000000000E-01  5.8000000000E+00  3.5676810724E-02
  4.8000000000E-01  5.9000000000E+00  3.6487809954E-02
  4.8000000000E-01  6.0000000000E+00  3.7299935698E-02
  4.8000000000E-01  6.1000000000E+00  3.8112116024E-02
  4.8000000000E-01  6.2000000000E+00  3.8923143909E-02
  4.8000000000E-01  6.3000000000E+00  3.9731678871E-02
  4.8000000000E-01  6.4000000000E+00  4.0536251067E-02
  4.8000000000E-01  6.5000000000E+00  4.1335267879E-02
  4.8000000000E-01  6.6000000000E+00  4.2127022985E-02
  4.8000000000E-01  6.7000000000E+00  4.2909707856E-02
  4.8000000000E-01  6.8000000000E+00  4.3681425561E-02
  4.8000000000E-01  6.9000000000E+00  4.4440206738E-02
  4.8000000000E-01  7.0000000000E+00  4.5184027503E-02
  4.8000000000E-01  7.1000000000E+00  4.5910829059E-02
  4.8000000000E-01  7.2000000000E+00  4.6618538711E-02
  4.8000000000E-01  7.3000000000E+00  4.7305091937E-02
  4.8000000000E-01  7.4000000000E+00  4.7968455176E-02
  4.8000000000E-01  7.5000000000E+00  4.8606648923E-02
  4.8000000000E-01  7.6000000000E+00  4.9217770744E-02
  4.8000000000E-01  7.7000000000E+00  4.9800017775E-02
  4.8000000000E-01  7.8000000000E+00  5.0351708308E-02
  4.8000000000E-01  7.9000000000E+00  5.0871302041E-02
  4.8000000000E-01  8.0000000000E+00  5.1357418597E-02
  4.8000000000E-01  8.1000000000E+00  5.1808853962E-02
  4.8000000000E-01  8.2000000000E+00  5.2224594478E-02
  4.8000000000E-01  8.3000000000E+00  5.2603828118E-02
  4.8000000000E-01  8.4000000000E+00  5.2945952788E-02
  4.8000000000E-01  8.5000000000E+00  5.3250581455E-02
  4.8000000000E-01  8.6000000000E+00  5.3517543978E-02
  4.8000000000E-01  8.7000000000E+00  5.3746885563E-02
  4.8000000000E-01  8.8000000000E+00  5.3938861831E-02
  4.8000000000E-01  8.9000000000E+00  5.4093930567E-02
  4.8000000000E-01  9.0000000000E+00  5.4212740267E-02
  4.8000000000E-01  9.1000000000E+00  5.4296115672E-02
  4.8000000000E-01  9.2000000000E+00  5.4345040552E-02
  4.8000000000E-01  9.3000000000E+00  5.4360638021E-02
  4.8000000000E-01  9.4000000000E+00  5.4344148769E-02
  4.8000000000E-01  9.5000000000E+00  5.4296907586E-02
  4.8000000000E-01  9.6000000000E+00  5.4220318633E-02
  4.8000000000E-01  9.7000000000E+00  5.4115829904E-02
  4.8000000000E-01  9.8000000000E+00  5.3984907380E-02
  4.8000000000E-01  9.9000000000E+00  5.3829009336E-02
  4.8000000000E-01  1.0000000000E+01  5.3649561304E-02

  5.2000000000E-01  0.0000000000E+00  2.2781867346E-03
  5.2000000000E-01  1.0000000000E-01  2.4902593811E-03
  5.2000000000E-01  2.0000000000E-01  2.7169375705E-03
  5.2000000000E-01  3.0000000000E-01  2.9586837300E-03
  5.2000000000E-01  4.0000000000E-01  3.2159214920E-03
  5.2000000000E-01  5.0000000000E-01  3.4890304126E-03
  5.2000000000E-01  6.0000000000E-01  3.7783408138E-03
  5.2000000000E-01  7.0000000000E-01  4.0841288264E-03
  5.2000000000E-01  8.0000000000E-01  4.4066117137E-03
  5.2000000000E-01  9.0000000000E-01  4.7459435542E-03
  5.2000000000E-01  1.0000000000E+00  5.1022113676E-03
  5.2000000000E-01  1.1000000000E+00  5.4754317605E-03
  5.2000000000E-01  1.2000000000E+00  5.8655481702E-03
  5.2000000000E-01  1.3000000000E+00  6.2724287794E-03
  5.2000000000E-01  1.4000000000E+00  6.6958651675E-03
  5.2000000000E-01  1.5000000000E+00  7.1355717583E-03
  5.2000000000E-01  1.6000000000E+00  7.5911861135E-03
  5.2000000000E-01  1.7000000000E+00  8.0622701132E-03
  5.2000000000E-01  1.8000000000E+00  8.5483120489E-03
  5.2000000000E-01  1.9000000000E+00  9.0487296452E-03
  5.2000000000E-01  2.0000000000E+00  9.5628740096E-03
  5.2000000000E-01  2.1000000000E+00  1.0090034496E-02
  5.2000000000E-01  2.2000000000E+00  1.0629444449E-02
  5.2000000000E-01  2.3000000000E+00  1.1180287791E-02
  5.2000000000E-01  2.4000000000E+00  1.1741706369E-02
  5.2000000000E-01  2.5000000000E+00  1.2312808012E-02
  5.2000000000E-01  2.6000000000E+00  1.2892675174E-02
  5.2000000000E-01  2.7000000000E+00  1.3480374075E-02
  5.2000000000E-01  2.8000000000E+00  1.4074964204E-02
  5.2000000000E-01  2.9000000000E+00  1.4675508067E-02
  5.2000000000E-01  3.0000000000E+00  1.5281081010E-02
  5.2000000000E-01  3.1000000000E+00  1.5890780987E-02
  5.2000000000E-01  3.2000000000E+00  1.6503738113E-02
  5.2000000000E-01  3.3000000000E+00  1.7119123821E-02
  5.2000000000E-01  3.4000000000E+00  1.7736159498E-02
  5.2000000000E-01  3.5000000000E+00  1.8354124402E-02
  5.2000000000E-01  3.6000000000E+00  1.8972362751E-02
  5.2000000000E-01  3.7000000000E+00  1.9590289800E-02
  5.2000000000E-01  3.8000000000E+00  2.0207396810E-02
  5.2000000000E-01  3.9000000000E+00  2.0823254776E-02
  5.2000000000E-01  4.0000000000E+00  2.1437516824E-02
  5.2000000000E-01  4.1000000000E+00  2.2049919192E-02
  5.2000000000E-01  4.2000000000E+00  2.2660280758E-02
  5.2000000000E-01  4.3000000000E+00  2.3268501073E-02
  5.2000000000E-01  4.4000000000E+00  2.3874556898E-02
  5.2000000000E-01  4.5000000000E+00  2.4478497279E-02
  5.2000000000E-01  4.6000000000E+00  2.5080437209E-02
  5.2000000000E-01  4.7000000000E+00  2.5680549955E-02
  5.2000000000E-01  4.8000000000E+00  2.6279058167E-02
  5.2000000000E-01  4.9000000000E+00  2.6876223907E-02
  5.2000000000E-01  5.0000000000E+00  2.7472337747E-02
  5.2000000000E-01  5.1000000000E+00  2.8067707140E-02
  5.2000000000E-01  5.2000000000E+00  2.8662644252E-02
  5.2000000000E-01  5.3000000000E+00  2.9257453487E-02
  5.2000000000E-01  5.4000000000E+00  2.9852418934E-02
  5.2000000000E-01  5.5000000000E+00  3.0447791989E-02
  5.2000000000E-01  5.6000000000E+00  3.1043779385E-02
  5.2000000000E-01  5.7000000000E+00  3.1640531891E-02
  5.2000000000E-01  5.8000000000E+00  3.2238133913E-02
  5.2000000000E-01  5.9000000000E+00  3.2836594237E-02
  5.2000000000E-01  6.0000000000E+00  3.3435838117E-02
  5.2000000000E-01  6.1000000000E+00  3.4035700915E-02
  5.2000000000E-01  6.2000000000E+00  3.4635923448E-02
  5.2000000000E-01  6.3000000000E+00  3.5236149194E-02
  5.2000000000E-01  6.4000000000E+00  3.5835923453E-02
  5.2000000000E-01  6.5000000000E+00  3.6434694538E-02
  5.2000000000E-01  6.6000000000E+00  3.7031817007E-02
  5.2000000000E-01  6.7000000000E+00  3.7626556947E-02
  5.2000000000E-01  6.8000000000E+00  3.8218099228E-02
  5.2000000000E-01  6.9000000000E+00  3.8805556642E-02
  5.2000000000E-01  7.0000000000E+00  3.9387980777E-02
  5.2000000000E-01  7.1000000000E+00  3.9964374446E-02
  5.2000000000E-01  7.2000000000E+00  4.0533705436E-02
  5.2000000000E-01  7.3000000000E+00  4.1094921348E-02
  5.2000000000E-01  7.4000000000E+00  4.1646965200E-02
  5.2000000000E-01  7.5000000000E+00  4.2188791520E-02
  5.2000000000E-01  7.6000000000E+00  4.2719382573E-02
  5.2000000000E-01  7.7000000000E+00  4.3237764380E-02
  5.2000000000E-01  7.8000000000E+00  4.3743022191E-02
  5.2000000000E-01  7.9000000000E+00  4.4234315053E-02
  5.2000000000E-01  8.0000000000E+00  4.4710889136E-02
  5.2000000000E-01  8.1000000000E+00  4.5172089504E-02
  5.2000000000E-01  8.2000000000E+00  4.5617370019E-02
  5.2000000000E-01  8.3000000000E+00  4.6046301131E-02
  5.2000000000E-01  8.4000000000E+00  4.6458575314E-02
  5.2000000000E-01  8.5000000000E+00  4.6854009970E-02
  5.2000000000E-01  8.6000000000E+00  4.7232547670E-02
  5.2000000000E-01  8.7000000000E+00  4.7594253654E-02
  5.2000000000E-01  8.8000000000E+00  4.7939310557E-02
  5.2000000000E-01  8.9000000000E+00  4.8268010416E-02
  5.2000000000E-01  9.0000000000E+00  4.8580744028E-02
  5.2000000000E-01  9.1000000000E+00  4.8877987843E-02
  5.2000000000E-01  9.2000000000E+00  4.9160288568E-02
  5.2000000000E-01  9.3000000000E+00  4.9428245780E-02
  5.2000000000E-01  9.4000000000E+00  4.9682492826E-02
  5.2000000000E-01  9.5000000000E+00  4.9923676396E-02
  5.2000000000E-01  9.6000000000E+00  5.0152435136E-02
  5.2000000000E-01  9.7000000000E+00  5.0369377730E-02
  5.2000000000E-01  9.8000000000E+00  5.0575060893E-02
  5.2000000000E-01  9.9000000000E+00  5.0769967723E-02
  5.2000000000E-01  1.0000000000E+01  5.0954486856E-02

  5.6000000000E-01  0.0000000000E+00  2.5580638364E-03
  5.6000000000E-01  1.0000000000E-01  2.7902133704E-03
  5.6000000000E-01  2.0000000000E-01  3.0376524555E-03
  5.6000000000E-01  3.0000000000E-01  3.3007826965E-03
  5.6000000000E-01  4.0000000000E-01  3.5799560708E-03
  5.6000000000E-01  5.0000000000E-01  3.8754692596E-03
  5.6000000000E-01  6.0000000000E-01  4.1875581748E-03
  5.6000000000E-01  7.0000000000E-01  4.5163927677E-03
  5.6000000000E-01  8.0000000000E-01  4.8620722037E-03
  5.6000000000E-01  9.0000000000E-01  5.2246204902E-03
  5.6000000000E-01  1.0000000000E+00  5.6039826430E-03
  5.6000000000E-01  1.1000000000E+00  6.0000214733E-03
  5.6000000000E-01  1.2000000000E+00  6.4125150756E-03
  5.6000000000E-01  1.3000000000E+00  6.8411550884E-03
  5.6000000000E-01  1.4000000000E+00  7.2855457944E-03
  5.6000000000E-01  1.5000000000E+00  7.7452041178E-03
  5.6000000000E-01  1.6000000000E+00  8.2195605639E-03
  5.6000000000E-01  1.7000000000E+00  8.7079611380E-03
  5.6000000000E-01  1.8000000000E+00  9.2096702632E-03
  5.6000000000E-01  1.9000000000E+00  9.7238747070E-03
  5.6000000000E-01  2.0000000000E+00  1.0249688507E-02
  5.6000000000E-01  2.1000000000E+00  1.0786158874E-02
  5.6000000000E-01  2.2000000000E+00  1.1332273033E-02
  5.6000000000E-01  2.3000000000E+00  1.1886965944E-02
  5.6000000000E-01  2.4000000000E+00  1.2449128831E-02
  5.6000000000E-01  2.5000000000E+00  1.3017618438E-02
  5.6000000000E-01  2.6000000000E+00  1.3591266894E-02
  5.6000000000E-01  2.7000000000E+00  1.4168892092E-02
  5.6000000000E-01  2.8000000000E+00  1.4749308427E-02
  5.6000000000E-01  2.9000000000E+00  1.5331337779E-02
  5.6000000000E-01  3.0000000000E+00  1.5913820575E-02
  5.6000000000E-01  3.1000000000E+00  1.6495626780E-02
  5.6000000000E-01  3.2000000000E+00  1.7075666663E-02
  5.6000000000E-01  3.3000000000E+00  1.7652901170E-02
  5.6000000000E-01  3.4000000000E+00  1.8226351751E-02
  5.6000000000E-01  3.5000000000E+00  1.8795109486E-02
  5.6000000000E-01  3.6000000000E+00  1.9358343357E-02
  5.6000000000E-01  3.7000000000E+00  1.9915307539E-02
  5.6000000000E-01  3.8000000000E+00  2.0465347570E-02
  5.6000000000E-01  3.9000000000E+00  2.1007905312E-02
  5.6000000000E-01  4.0000000000E+00  2.1542522592E-02
  5.6000000000E-01  4.1000000000E+00  2.2068843462E-02
  5.6000000000E-01  4.2000000000E+00  2.2586615025E-02
  5.6000000000E-01  4.3000000000E+00  2.3095686806E-02
  5.6000000000E-01  4.4000000000E+00  2.3596008665E-02
  5.6000000000E-01  4.5000000000E+00  2.4087627270E-02
  5.6000000000E-01  4.6000000000E+00  2.4570681190E-02
  5.6000000000E-01  4.7000000000E+00  2.5045394678E-02
  5.6000000000E-01  4.8000000000E+00  2.5512070249E-02
  5.6000000000E-01  4.9000000000E+00  2.5971080170E-02
  5.6000000000E-01  5.0000000000E+00  2.6422857013E-02
  5.6000000000E-01  5.1000000000E+00  2.6867883438E-02
  5.6000000000E-01  5.2000000000E+00  2.7306681388E-02
  5.6000000000E-01  5.3000000000E+00  2.7739800885E-02
  5.6000000000E-01  5.4000000000E+00  2.8167808653E-02
  5.6000000000E-01  5.5000000000E+00  2.8591276762E-02
  5.6000000000E-01  5.6000000000E+00  2.9010771528E-02
  5.6000000000E-01  5.7000000000E+00  2.9426842866E-02
  5.6000000000E-01  5.8000000000E+00  2.9840014337E-02
  5.6000000000E-01  5.9000000000E+00  3.0250774049E-02
  5.6000000000E-01  6.0000000000E+00  3.0659566640E-02
  5.6000000000E-01  6.1000000000E+00  3.1066786476E-02
  5.6000000000E-01  6.2000000000E+00  3.1472772236E-02
  5.6000000000E-01  6.3000000000E+00  3.1877802982E-02
  5.6000000000E-01  6.4000000000E+00  3.2282095823E-02
  5.6000000000E-01  6.5000000000E+00  3.2685805214E-02
  5.6000000000E-01  6.6000000000E+00  3.3089023928E-02
  5.6000000000E-01  6.7000000000E+00  3.3491785673E-02
  5.6000000000E-01  6.8000000000E+00  3.3894069323E-02
  5.6000000000E-01  6.9000000000E+00  3.4295804661E-02
  5.6000000000E-01  7.0000000000E+00  3.4696879522E-02
  5.6000000000E-01  7.1000000000E+00  3.5097148175E-02
  5.6000000000E-01  7.2000000000E+00  3.5496440752E-02
  5.6000000000E-01  7.3000000000E+00  3.5894573512E-02
  5.6000000000E-01  7.4000000000E+00  3.6291359691E-02
  5.6000000000E-01  7.5000000000E+00  3.6686620664E-02
  5.6000000000E-01  7.6000000000E+00  3.7080197150E-02
  5.6000000000E-01  7.7000000000E+00  3.7471960157E-02
  5.6000000000E-01  7.8000000000E+00  3.7861821372E-02
  5.6000000000E-01  7.9000000000E+00  3.8249742690E-02
  5.6000000000E-01  8.0000000000E+00  3.8635744610E-02
  5.6000000000E-01  8.1000000000E+00  3.9019913205E-02
  5.6000000000E-01  8.2000000000E+00  3.9402405427E-02
  5.6000000000E-01  8.3000000000E+00  3.9783452505E-02
  5.6000000000E-01  8.4000000000E+00  4.0163361263E-02
  5.6000000000E-01  8.5000000000E+00  4.0542513186E-02
  5.6000000000E-01  8.6000000000E+00  4.0921361137E-02
  5.6000000000E-01  8.7000000000E+00  4.1300423643E-02
  5.6000000000E-01  8.8000000000E+00  4.1680276763E-02
  5.6000000000E-01  8.9000000000E+00  4.2061543556E-02
  5.6000000000E-01  9.0000000000E+00  4.2444881245E-02
  5.6000000000E-01  9.1000000000E+00  4.2830966239E-02
  5.6000000000E-01  9.2000000000E+00  4.3220477187E-02
  5.6000000000E-01  9.3000000000E+00  4.3614076332E-02
  5.6000000000E-01  9.4000000000E+00  4.4012389448E-02
  5.6000000000E-01  9.5000000000E+00  4.4415984698E-02
  5.6000000000E-01  9.6000000000E+00  4.4825350786E-02
  5.6000000000E-01  9.7000000000E+00  4.5240874799E-02
  5.6000000000E-01  9.8000000000E+00  4.5662820161E-02
  5.6000000000E-01  9.9000000000E+00  4.6091305143E-02
  5.6000000000E-01  1.0000000000E+01  4.6526282354E-02

  6.0000000000E-01  0.0000000000E+00  2.9045753499E-03
  6.0000000000E-01  1.0000000000E-01  3.1603618104E-03
  6.0000000000E-01  2.0000000000E-01  3.4321393109E-03
  6.0000000000E-01  3.0000000000E-01  3.7202333462E-03
  6.0000000000E-01  4.0000000000E-01  4.0249086374E-03
  6.0000000000E-01  5.0000000000E-01  4.3463633210E-03
  6.0000000000E-01  6.0000000000E-01  4.6847234357E-03
  6.0000000000E-01  7.0000000000E-01  5.0400377976E-03
  6.0000000000E-01  8.0000000000E-01  5.4122733535E-03
  6.0000000000E-01  9.0000000000E-01  5.8013111013E-03
  6.0000000000E-01  1.0000000000E+00  6.2069426645E-03
  6.0000000000E-01  1.1000000000E+00  6.6288676016E-03
  6.0000000000E-01  1.2000000000E+00  7.0666915278E-03
  6.0000000000E-01  1.3000000000E+00  7.5199251173E-03
  6.0000000000E-01  1.4000000000E+00  7.9879840450E-03
  6.0000000000E-01  1.5000000000E+00  8.4701899172E-03
  6.0000000000E-01  1.6000000000E+00  8.9657722265E-03
  6.0000000000E-01  1.7000000000E+00  9.4738713551E-03
  6.0000000000E-01  1.8000000000E+00  9.9935426347E-03
  6.0000000000E-01  1.9000000000E+00  1.0523761455E-02
  6.0000000000E-01  2.0000000000E+00  1.1063429400E-02
  6.0000000000E-01  2.1000000000E+00  1.1611381371E-02
  6.0000000000E-01  2.2000000000E+00  1.2166393640E-02
  6.0000000000E-01  2.3000000000E+00  1.2727192765E-02
  6.0000000000E-01  2.4000000000E+00  1.3292465276E-02
  6.0000000000E-01  2.5000000000E+00  1.3860868030E-02
  6.0000000000E-01  2.6000000000E+00  1.4431039120E-02
  6.0000000000E-01  2.7000000000E+00  1.5001609208E-02
  6.0000000000E-01  2.8000000000E+00  1.5571213150E-02
  6.0000000000E-01  2.9000000000E+00  1.6138501751E-02
  6.0000000000E-01  3.0000000000E+00  1.6702153515E-02
  6.0000000000E-01  3.1000000000E+00  1.7260886223E-02
  6.0000000000E-01  3.2000000000E+00  1.7813468180E-02
  6.0000000000E-01  3.3000000000E+00  1.8358728977E-02
  6.0000000000E-01  3.4000000000E+00  1.8895569624E-02
  6.0000000000E-01  3.5000000000E+00  1.9422971885E-02
  6.0000000000E-01  3.6000000000E+00  1.9940006715E-02
  6.0000000000E-01  3.7000000000E+00  2.0445841638E-02
  6.0000000000E-01  3.8000000000E+00  2.0939746989E-02
  6.0000000000E-01  3.9000000000E+00  2.1421100903E-02
  6.0000000000E-01  4.0000000000E+00  2.1889393001E-02
  6.0000000000E-01  4.1000000000E+00  2.2344226697E-02
  6.0000000000E-01  4.2000000000E+00  2.2785320118E-02
  6.0000000000E-01  4.3000000000E+00  2.3212505613E-02
  6.0000000000E-01  4.4000000000E+00  2.3625727872E-02
  6.0000000000E-01  4.5000000000E+00  2.4025040695E-02
  6.0000000000E-01  4.6000000000E+00  2.4410602474E-02
  6.0000000000E-01  4.7000000000E+00  2.4782670469E-02
  6.0000000000E-01  4.8000000000E+00  2.5141593987E-02
  6.0000000000E-01  4.9000000000E+00  2.5487806587E-02
  6.0000000000E-01  5.0000000000E+00  2.5821817461E-02
  6.0000000000E-01  5.1000000000E+00  2.6144202145E-02
  6.0000000000E-01  5.2000000000E+00  2.6455592729E-02
  6.0000000000E-01  5.3000000000E+00  2.6756667764E-02
  6.0000000000E-01  5.4000000000E+00  2.7048142033E-02
  6.0000000000E-01  5.5000000000E+00  2.7330756392E-02
  6.0000000000E-01  5.6000000000E+00  2.7605267874E-02
  6.0000000000E-01  5.7000000000E+00  2.7872440235E-02
  6.0000000000E-01  5.8000000000E+00  2.8133035130E-02
  6.0000000000E-01  5.9000000000E+00  2.8387804079E-02
  6.0000000000E-01  6.0000000000E+00  2.8637481389E-02
  6.0000000000E-01  6.1000000000E+00  2.8882778154E-02
  6.0000000000E-01  6.2000000000E+00  2.9124377460E-02
  6.0000000000E-01  6.3000000000E+00  2.9362930877E-02
  6.0000000000E-01  6.4000000000E+00  2.9599056299E-02
  6.0000000000E-01  6.5000000000E+00  2.9833337175E-02
  6.0000000000E-01  6.6000000000E+00  3.0066323134E-02
  6.0000000000E-01  6.7000000000E+00  3.0298531974E-02
  6.0000000000E-01  6.8000000000E+00  3.0530452952E-02
  6.0000000000E-01  6.9000000000E+00  3.0762551305E-02
  6.0000000000E-01  7.0000000000E+00  3.0995273864E-02
  6.0000000000E-01  7.1000000000E+00  3.1229055614E-02
  6.0000000000E-01  7.2000000000E+00  3.1464327040E-02
  6.0000000000E-01  7.3000000000E+00  3.1701522040E-02
  6.0000000000E-01  7.4000000000E+00  3.1941086199E-02
  6.0000000000E-01  7.5000000000E+00  3.2183485173E-02
  6.0000000000E-01  7.6000000000E+00  3.2429212953E-02
  6.0000000000E-01  7.7000000000E+00  3.2678799717E-02
  6.0000000000E-01  7.8000000000E+00  3.2932819048E-02
  6.0000000000E-01  7.9000000000E+00  3.3191894224E-02
  6.0000000000E-01  8.0000000000E+00  3.3456703347E-02
  6.0000000000E-01  8.1000000000E+00  3.3727983070E-02
  6.0000000000E-01  8.2000000000E+00  3.4006530694E-02
  6.0000000000E-01  8.3000000000E+00  3.4293204450E-02
  6.0000000000E-01  8.4000000000E+00  3.4588921791E-02
  6.0000000000E-01  8.5000000000E+00  3.4894655566E-02
  6.0000000000E-01  8.6000000000E+00  3.5211427984E-02
  6.0000000000E-01  8.7000000000E+00  3.5540302302E-02
  6.0000000000E-01  8.8000000000E+00  3.5882372250E-02
  6.0000000000E-01  8.9000000000E+00  3.6238749215E-02
  6.0000000000E-01  9.0000000000E+00  3.6610547267E-02
  6.0000000000E-01  9.1000000000E+00  3.6998866183E-02
  6.0000000000E-01  9.2000000000E+00  3.7404772626E-02
  6.0000000000E-01  9.3000000000E+00  3.7829279720E-02
  6.0000000000E-01  9.4000000000E+00  3.8273325289E-02
  6.0000000000E-01  9.5000000000E+00  3.8737749068E-02
  6.0000000000E-01  9.6000000000E+00  3.9223269233E-02
  6.0000000000E-01  9.7000000000E+00  3.9730458627E-02
  6.0000000000E-01  9.8000000000E+00  4.0259721080E-02
  6.0000000000E-01  9.9000000000E+00  4.0811268236E-02
  6.0000000000E-01  1.0000000000E+01  4.1385097315E-02

  6.4000000000E-01  0.0000000000E+00  3.3069297478E-03
  6.4000000000E-01  1.0000000000E-01  3.5881882438E-03
  6.4000000000E-01  2.0000000000E-01  3.8860143531E-03
  6.4000000000E-01  3.0000000000E-01  4.2006398770E-03
  6.4000000000E-01  4.0000000000E-01  4.5322252205E-03
  6.4000000000E-01  5.0000000000E-01  4.8808537280E-03
  6.4000000000E-01  6.0000000000E-01  5.2465264360E-03
  6.4000000000E-01  7.0000000000E-01  5.6291573334E-03
  6.4000000000E-01  8.0000000000E-01  6.0285692205E-03
  6.4000000000E-01  9.0000000000E-01  6.4444902548E-03
  6.4000000000E-01  1.0000000000E+00  6.8765512668E-03
  6.4000000000E-01  1.1000000000E+00  7.3242839219E-03
  6.4000000000E-01  1.2000000000E+00  7.7871197974E-03
  6.4000000000E-01  1.3000000000E+00  8.2643904333E-03
  6.4000000000E-01  1.4000000000E+00  8.7553284045E-03
  6.4000000000E-01  1.5000000000E+00  9.2590694493E-03
  6.4000000000E-01  1.6000000000E+00  9.7746556752E-03
  6.4000000000E-01  1.7000000000E+00  1.0301039848E-02
  6.4000000000E-01  1.8000000000E+00  1.0837090757E-02
  6.4000000000E-01  1.9000000000E+00  1.1381599624E-02
  6.4000000000E-01  2.0000000000E+00  1.1933287522E-02
  6.4000000000E-01  2.1000000000E+00  1.2490813739E-02
  6.4000000000E-01  2.2000000000E+00  1.3052785018E-02
  6.4000000000E-01  2.3000000000E+00  1.3617765569E-02
  6.4000000000E-01  2.4000000000E+00  1.4184287773E-02
  6.4000000000E-01  2.5000000000E+00  1.4750863427E-02
  6.4000000000E-01  2.6000000000E+00  1.5315995436E-02
  6.4000000000E-01  2.7000000000E+00  1.5878189781E-02
  6.4000000000E-01  2.8000000000E+00  1.6435967641E-02
  6.4000000000E-01  2.9000000000E+00  1.6987877495E-02
  6.4000000000E-01  3.0000000000E+00  1.7532507068E-02
  6.4000000000E-01  3.1000000000E+00  1.8068494956E-02
  6.4000000000E-01  3.2000000000E+00  1.8594541768E-02
  6.4000000000E-01  3.3000000000E+00  1.9109420662E-02
  6.4000000000E-01  3.4000000000E+00  1.9611987102E-02
  6.4000000000E-01  3.5000000000E+00  2.0101187735E-02
  6.4000000000E-01  3.6000000000E+00  2.0576068248E-02
  6.4000000000E-01  3.7000000000E+00  2.1035780115E-02
  6.4000000000E-01  3.8000000000E+00  2.1479586140E-02
  6.4000000000E-01  3.9000000000E+00  2.1906864734E-02
  6.4000000000E-01  4.0000000000E+00  2.2317112871E-02
  6.4000000000E-01  4.1000000000E+00  2.2709947705E-02
  6.4000000000E-01  4.2000000000E+00  2.3085106824E-02
  6.4000000000E-01  4.3000000000E+00  2.3442447188E-02
  6.4000000000E-01  4.4000000000E+00  2.3781942755E-02
  6.4000000000E-01  4.5000000000E+00  2.4103680877E-02
  6.4000000000E-01  4.6000000000E+00  2.4407857540E-02
  6.4000000000E-01  4.7000000000E+00  2.4694771543E-02
  6.4000000000E-01  4.8000000000E+00  2.4964817738E-02
  6.4000000000E-01  4.9000000000E+00  2.5218479463E-02
  6.4000000000E-01  5.0000000000E+00  2.5456320310E-02
  6.4000000000E-01  5.1000000000E+00  2.5678975386E-02
  6.4000000000E-01  5.2000000000E+00  2.5887142242E-02
  6.4000000000E-01  5.3000000000E+00  2.6081571626E-02
  6.4000000000E-01  5.4000000000E+00  2.6263058234E-02
  6.4000000000E-01  5.5000000000E+00  2.6432431653E-02
  6.4000000000E-01  5.6000000000E+00  2.6590547625E-02
  6.4000000000E-01  5.7000000000E+00  2.6738279838E-02
  6.4000000000E-01  5.8000000000E+00  2.6876512352E-02
  6.4000000000E-01  5.9000000000E+00  2.7006132829E-02
  6.4000000000E-01  6.0000000000E+00  2.7128026673E-02
  6.4000000000E-01  6.1000000000E+00  2.7243072186E-02
  6.4000000000E-01  6.2000000000E+00  2.7352136827E-02
  6.4000000000E-01  6.3000000000E+00  2.7456074627E-02
  6.4000000000E-01  6.4000000000E+00  2.7555724803E-02
  6.4000000000E-01  6.5000000000E+00  2.7651911574E-02
  6.4000000000E-01  6.6000000000E+00  2.7745445169E-02
  6.4000000000E-01  6.7000000000E+00  2.7837123981E-02
  6.4000000000E-01  6.8000000000E+00  2.7927737807E-02
  6.4000000000E-01  6.9000000000E+00  2.8018072055E-02
  6.4000000000E-01  7.0000000000E+00  2.8108912834E-02
  6.4000000000E-01  7.1000000000E+00  2.8201052754E-02
  6.4000000000E-01  7.2000000000E+00  2.8295297281E-02
  6.4000000000E-01  7.3000000000E+00  2.8392471475E-02
  6.4000000000E-01  7.4000000000E+00  2.8493426889E-02
  6.4000000000E-01  7.5000000000E+00  2.8599048438E-02
  6.4000000000E-01  7.6000000000E+00  2.8710261004E-02
  6.4000000000E-01  7.7000000000E+00  2.8828035549E-02
  6.4000000000E-01  7.8000000000E+00  2.8953394519E-02
  6.4000000000E-01  7.9000000000E+00  2.9087416295E-02
  6.4000000000E-01  8.0000000000E+00  2.9231238492E-02
  6.4000000000E-01  8.1000000000E+00  2.9386059882E-02
  6.4000000000E-01  8.2000000000E+00  2.9553140766E-02
  6.4000000000E-01  8.3000000000E+00  2.9733801612E-02
  6.4000000000E-01  8.4000000000E+00  2.9929419826E-02
  6.4000000000E-01  8.5000000000E+00  3.0141424524E-02
  6.4000000000E-01  8.6000000000E+00  3.0371289244E-02
  6.4000000000E-01  8.7000000000E+00  3.0620522520E-02
  6.4000000000E-01  8.8000000000E+00  3.0890656330E-02
  6.4000000000E-01  8.9000000000E+00  3.1183232434E-02
  6.4000000000E-01  9.0000000000E+00  3.1499786671E-02
  6.4000000000E-01  9.1000000000E+00  3.1841831329E-02
  6.4000000000E-01  9.2000000000E+00  3.2210835735E-02
  6.4000000000E-01  9.3000000000E+00  3.2608205263E-02
  6.4000000000E-01  9.4000000000E+00  3.3035258982E-02
  6.4000000000E-01  9.5000000000E+00  3.3493206219E-02
  6.4000000000E-01  9.6000000000E+00  3.3983122333E-02
  6.4000000000E-01  9.7000000000E+00  3.4505924035E-02
  6.4000000000E-01  9.8000000000E+00  3.5062344603E-02
  6.4000000000E-01  9.9000000000E+00  3.5652909375E-02
  6.4000000000E-01  1.0000000000E+01  3.6277911900E-02

  6.8000000000E-01  0.0000000000E+00  3.7782866627E-03
  6.8000000000E-01  1.0000000000E-01  4.0861297309E-03
  6.8000000000E-01  2.0000000000E-01  4.4108570155E-03
  6.8000000000E-01  3.0000000000E-01  4.7525864401E-03
  6.8000000000E-01  4.0000000000E-01  5.1113555857E-03
  6.8000000000E-01  5.0000000000E-01  5.4871165338E-03
  6.8000000000E-01  6.0000000000E-01  5.8797312421E-03
  6.8000000000E-01  7.0000000000E-01  6.2889675421E-03
  6.8000000000E-01  8.0000000000E-01  6.7144958438E-03
  6.8000000000E-01  9.0000000000E-01  7.1558866295E-03
  6.8000000000E-01  1.0000000000E+00  7.6126088103E-03
  6.8000000000E-01  1.1000000000E+00  8.0840290116E-03
  6.8000000000E-01  1.2000000000E+00  8.5694118426E-03
  6.8000000000E-01  1.3000000000E+00  9.0679211942E-03
  6.8000000000E-01  1.4000000000E+00  9.5786225975E-03
  6.8000000000E-01  1.5000000000E+00  1.0100486658E-02
  6.8000000000E-01  1.6000000000E+00  1.0632393573E-02
  6.8000000000E-01  1.7000000000E+00  1.1173138709E-02
  6.8000000000E-01  1.8000000000E+00  1.1721439224E-02
  6.8000000000E-01  1.9000000000E+00  1.2275941674E-02
  6.8000000000E-01  2.0000000000E+00  1.2835230557E-02
  6.8000000000E-01  2.1000000000E+00  1.3397837697E-02
  6.8000000000E-01  2.2000000000E+00  1.3962252405E-02
  6.8000000000E-01  2.3000000000E+00  1.4526932276E-02
  6.8000000000E-01  2.4000000000E+00  1.5090314535E-02
  6.8000000000E-01  2.5000000000E+00  1.5650827779E-02
  6.8000000000E-01  2.6000000000E+00  1.6206903991E-02
  6.8000000000E-01  2.7000000000E+00  1.6756990676E-02
  6.8000000000E-01  2.8000000000E+00  1.7299562966E-02
  6.8000000000E-01  2.9000000000E+00  1.7833135549E-02
  6.8000000000E-01  3.0000000000E+00  1.8356274268E-02
  6.8000000000E-01  3.1000000000E+00  1.8867607237E-02
  6.8000000000E-01  3.2000000000E+00  1.9365835341E-02
  6.8000000000E-01  3.3000000000E+00  1.9849741980E-02
  6.8000000000E-01  3.4000000000E+00  2.0318201934E-02
  6.8000000000E-01  3.5000000000E+00  2.0770189240E-02
  6.8000000000E-01  3.6000000000E+00  2.1204783981E-02
  6.8000000000E-01  3.7000000000E+00  2.1621177921E-02
  6.8000000000E-01  3.8000000000E+00  2.2018678904E-02
  6.8000000000E-01  3.9000000000E+00  2.2396713994E-02
  6.8000000000E-01  4.0000000000E+00  2.2754831325E-02
  6.8000000000E-01  4.1000000000E+00  2.3092700668E-02
  6.8000000000E-01  4.2000000000E+00  2.3410112719E-02
  6.8000000000E-01  4.3000000000E+00  2.3706977174E-02
  6.8000000000E-01  4.4000000000E+00  2.3983319619E-02
  6.8000000000E-01  4.5000000000E+00  2.4239277347E-02
  6.8000000000E-01  4.6000000000E+00  2.4475094170E-02
  6.8000000000E-01  4.7000000000E+00  2.4691114351E-02
  6.8000000000E-01  4.8000000000E+00  2.4887775784E-02
  6.8000000000E-01  4.9000000000E+00  2.5065602546E-02
  6.8000000000E-01  5.0000000000E+00  2.5225196979E-02
  6.8000000000E-01  5.1000000000E+00  2.5367231447E-02
  6.8000000000E-01  5.2000000000E+00  2.5492439925E-02
  6.8000000000E-01  5.3000000000E+00  2.5601609573E-02
  6.8000000000E-01  5.4000000000E+00  2.5695572462E-02
  6.8000000000E-01  5.5000000000E+00  2.5775197587E-02
  6.8000000000E-01  5.6000000000E+00  2.5841383315E-02
  6.8000000000E-01  5.7000000000E+00  2.5895050409E-02
  6.8000000000E-01  5.8000000000E+00  2.5937135737E-02
  6.8000000000E-01  5.9000000000E+00  2.5968586781E-02
  6.8000000000E-01  6.0000000000E+00  2.5990357031E-02
  6.8000000000E-01  6.1000000000E+00  2.6003402341E-02
  6.8000000000E-01  6.2000000000E+00  2.6008678292E-02
  6.8000000000E-01  6.3000000000E+00  2.6007138608E-02
  6.8000000000E-01  6.4000000000E+00  2.5999734612E-02
  6.8000000000E-01  6.5000000000E+00  2.5987415739E-02
  6.8000000000E-01  6.6000000000E+00  2.5971131044E-02
  6.8000000000E-01  6.7000000000E+00  2.5951831675E-02
  6.8000000000E-01  6.8000000000E+00  2.5930474212E-02
  6.8000000000E-01  6.9000000000E+00  2.5908024790E-02
  6.8000000000E-01  7.0000000000E+00  2.5885463882E-02
  6.8000000000E-01  7.1000000000E+00  2.5863791606E-02
  6.8000000000E-01  7.2000000000E+00  2.5844033410E-02
  6.8000000000E-01  7.3000000000E+00  2.5827245971E-02
  6.8000000000E-01  7.4000000000E+00  2.5814523126E-02
  6.8000000000E-01  7.5000000000E+00  2.5807001656E-02
  6.8000000000E-01  7.6000000000E+00  2.5805866731E-02
  6.8000000000E-01  7.7000000000E+00  2.5812356830E-02
  6.8000000000E-01  7.8000000000E+00  2.5827767919E-02
  6.8000000000E-01  7.9000000000E+00  2.5853456735E-02
  6.8000000000E-01  8.0000000000E+00  2.5890842960E-02
  6.8000000000E-01  8.1000000000E+00  2.5941410132E-02
  6.8000000000E-01  8.2000000000E+00  2.6006705122E-02
  6.8000000000E-01  8.3000000000E+00  2.6088336048E-02
  6.8000000000E-01  8.4000000000E+00  2.6187968495E-02
  6.8000000000E-01  8.5000000000E+00  2.6307319938E-02
  6.8000000000E-01  8.6000000000E+00  2.6448152304E-02
  6.8000000000E-01  8.7000000000E+00  2.6612262619E-02
  6.8000000000E-01  8.8000000000E+00  2.6801471723E-02
  6.8000000000E-01  8.9000000000E+00  2.7017611074E-02
  6.8000000000E-01  9.0000000000E+00  2.7262507681E-02
  6.8000000000E-01  9.1000000000E+00  2.7537967246E-02
  6.8000000000E-01  9.2000000000E+00  2.7845755637E-02
  6.8000000000E-01  9.3000000000E+00  2.8187578830E-02
  6.8000000000E-01  9.4000000000E+00  2.8565061512E-02
  6.8000000000E-01  9.5000000000E+00  2.8979724538E-02
  6.8000000000E-01  9.6000000000E+00  2.9432961507E-02
  6.8000000000E-01  9.7000000000E+00  2.9926014702E-02
  6.8000000000E-01  9.8000000000E+00  3.0459950702E-02
  6.8000000000E-01  9.9000000000E+00  3.1035635972E-02
  6.8000000000E-01  1.0000000000E+01  3.1653712768E-02

  7.2000000000E-01  0.0000000000E+00  4.3843790144E-03
  7.2000000000E-01  1.0000000000E-01  4.7211293194E-03
  7.2000000000E-01  2.0000000000E-01  5.0746641029E-03
  7.2000000000E-01  3.0000000000E-01  5.4449593006E-03
  7.2000000000E-01  4.0000000000E-01  5.8319045441E-03
  7.2000000000E-01  5.0000000000E-01  6.2352989743E-03
  7.2000000000E-01  6.0000000000E-01  6.6548476813E-03
  7.2000000000E-01  7.0000000000E-01  7.0901588530E-03
  7.2000000000E-01  8.0000000000E-01  7.5407417031E-03
  7.2000000000E-01  9.0000000000E-01  8.0060052476E-03
  7.2000000000E-01  1.0000000000E+00  8.4852579875E-03
  7.2000000000E-01  1.1000000000E+00  8.9777085460E-03
  7.2000000000E-01  1.2000000000E+00  9.4824672993E-03
  7.2000000000E-01  1.3000000000E+00  9.9985490231E-03
  7.2000000000E-01  1.4000000000E+00  1.0524876570E-02
  7.2000000000E-01  1.5000000000E+00  1.1060285572E-02
  7.2000000000E-01  1.6000000000E+00  1.1603530154E-02
  7.2000000000E-01  1.7000000000E+00  1.2153289620E-02
  7.2000000000E-01  1.8000000000E+00  1.2708176075E-02
  7.2000000000E-01  1.9000000000E+00  1.3266742902E-02
  7.2000000000E-01  2.0000000000E+00  1.3827494040E-02
  7.2000000000E-01  2.1000000000E+00  1.4388893952E-02
  7.2000000000E-01  2.2000000000E+00  1.4949378185E-02
  7.2000000000E-01  2.3000000000E+00  1.5507364415E-02
  7.2000000000E-01  2.4000000000E+00  1.6061263842E-02
  7.2000000000E-01  2.5000000000E+00  1.6609492810E-02
  7.2000000000E-01  2.6000000000E+00  1.7150484509E-02
  7.2000000000E-01  2.7000000000E+00  1.7682700616E-02
  7.2000000000E-01  2.8000000000E+00  1.8204642747E-02
  7.2000000000E-01  2.9000000000E+00  1.8714863554E-02
  7.2000000000E-01  3.0000000000E+00  1.9211977350E-02
  7.2000000000E-01  3.1000000000E+00  1.9694670125E-02
  7.2000000000E-01  3.2000000000E+00  2.0161708820E-02
  7.2000000000E-01  3.3000000000E+00  2.0611949760E-02
  7.2000000000E-01  3.4000000000E+00  2.1044346141E-02
  7.2000000000E-01  3.5000000000E+00  2.1457954481E-02
  7.2000000000E-01  3.6000000000E+00  2.1851939973E-02
  7.2000000000E-01  3.7000000000E+00  2.2225580677E-02
  7.2000000000E-01  3.8000000000E+00  2.2578270540E-02
  7.2000000000E-01  3.9000000000E+00  2.2909521198E-02
  7.2000000000E-01  4.0000000000E+00  2.3218962587E-02
  7.2000000000E-01  4.1000000000E+00  2.3506342384E-02
  7.2000000000E-01  4.2000000000E+00  2.3771524309E-02
  7.2000000000E-01  4.3000000000E+00  2.4014485358E-02
  7.2000000000E-01  4.4000000000E+00  2.4235312039E-02
  7.2000000000E-01  4.5000000000E+00  2.4434195710E-02
  7.2000000000E-01  4.6000000000E+00  2.4611427107E-02
  7.2000000000E-01  4.7000000000E+00  2.4767390203E-02
  7.2000000000E-01  4.8000000000E+00  2.4902555508E-02
  7.2000000000E-01  4.9000000000E+00  2.5017472939E-02
  7.2000000000E-01  5.0000000000E+00  2.5112764423E-02
  7.2000000000E-01  5.1000000000E+00  2.5189116344E-02
  7.2000000000E-01  5.2000000000E+00  2.5247271991E-02
  7.2000000000E-01  5.3000000000E+00  2.5288024145E-02
  7.2000000000E-01  5.4000000000E+00  2.5312207928E-02
  7.2000000000E-01  5.5000000000E+00  2.5320694044E-02
  7.2000000000E-01  5.6000000000E+00  2.5314382531E-02
  7.2000000000E-01  5.7000000000E+00  2.5294197116E-02
  7.2000000000E-01  5.8000000000E+00  2.5261080275E-02
  7.2000000000E-01  5.9000000000E+00  2.5215989072E-02
  7.2000000000E-01  6.0000000000E+00  2.5159891824E-02
  7.2000000000E-01  6.1000000000E+00  2.5093765649E-02
  7.2000000000E-01  6.2000000000E+00  2.5018594915E-02
  7.2000000000E-01  6.3000000000E+00  2.4935370597E-02
  7.2000000000E-01  6.4000000000E+00  2.4845090527E-02
  7.2000000000E-01  6.5000000000E+00  2.4748760513E-02
  7.2000000000E-01  6.6000000000E+00  2.4647396276E-02
  7.2000000000E-01  6.7000000000E+00  2.4542026134E-02
  7.2000000000E-01  6.8000000000E+00  2.4433694362E-02
  7.2000000000E-01  6.9000000000E+00  2.4323465128E-02
  7.2000000000E-01  7.0000000000E+00  2.4212426888E-02
  7.2000000000E-01  7.1000000000E+00  2.4101697127E-02
  7.2000000000E-01  7.2000000000E+00  2.3992427307E-02
  7.2000000000E-01  7.3000000000E+00  2.3885807885E-02
  7.2000000000E-01  7.4000000000E+00  2.3783073245E-02
  7.2000000000E-01  7.5000000000E+00  2.3685506401E-02
  7.2000000000E-01  7.6000000000E+00  2.3594443304E-02
  7.2000000000E-01  7.7000000000E+00  2.3511276611E-02
  7.2000000000E-01  7.8000000000E+00  2.3437458744E-02
  7.2000000000E-01  7.9000000000E+00  2.3374504106E-02
  7.2000000000E-01  8.0000000000E+00  2.3323990304E-02
  7.2000000000E-01  8.1000000000E+00  2.3287558235E-02
  7.2000000000E-01  8.2000000000E+00  2.3266910934E-02
  7.2000000000E-01  8.3000000000E+00  2.3263811048E-02
  7.2000000000E-01  8.4000000000E+00  2.3280076859E-02
  7.2000000000E-01  8.5000000000E+00  2.3317576768E-02
  7.2000000000E-01  8.6000000000E+00  2.3378222183E-02
  7.2000000000E-01  8.7000000000E+00  2.3463958772E-02
  7.2000000000E-01  8.8000000000E+00  2.3576756066E-02
  7.2000000000E-01  8.9000000000E+00  2.3718595409E-02
  7.2000000000E-01  9.0000000000E+00  2.3891456298E-02
  7.2000000000E-01  9.1000000000E+00  2.4097301150E-02
  7.2000000000E-01  9.2000000000E+00  2.4338058594E-02
  7.2000000000E-01  9.3000000000E+00  2.4615605377E-02
  7.2000000000E-01  9.4000000000E+00  2.4931747024E-02
  7.2000000000E-01  9.5000000000E+00  2.5288197399E-02
  7.2000000000E-01  9.6000000000E+00  2.5686557351E-02
  7.2000000000E-01  9.7000000000E+00  2.6128292640E-02
  7.2000000000E-01  9.8000000000E+00  2.6614711369E-02
  7.2000000000E-01  9.9000000000E+00  2.7146941157E-02
  7.2000000000E-01  1.0000000000E+01  2.7725906321E-02

  7.6000000000E-01  0.0000000000E+00  5.2839673613E-03
  7.6000000000E-01  1.0000000000E-01  5.6555849869E-03
  7.6000000000E-01  2.0000000000E-01  6.0432126787E-03
  7.6000000000E-01  3.0000000000E-01  6.4466401666E-03
  7.6000000000E-01  4.0000000000E-01  6.8655696793E-03
  7.6000000000E-01  5.0000000000E-01  7.2996133224E-03
  7.6000000000E-01  6.0000000000E-01  7.7482911330E-03
  7.6000000000E-01  7.0000000000E-01  8.2110298712E-03
  7.6000000000E-01  8.0000000000E-01  8.6871626013E-03
  7.6000000000E-01  9.0000000000E-01  9.1759291069E-03
  7.6000000000E-01  1.0000000000E+00  9.6764771758E-03
  7.6000000000E-01  1.1000000000E+00  1.0187864780E-02
  7.6000000000E-01  1.2000000000E+00  1.0709063168E-02
  7.6000000000E-01  1.3000000000E+00  1.1238960864E-02
  7.6000000000E-01  1.4000000000E+00  1.1776368576E-02
  7.6000000000E-01  1.5000000000E+00  1.2320024984E-02
  7.6000000000E-01  1.6000000000E+00  1.2868603366E-02
  7.6000000000E-01  1.7000000000E+00  1.3420719029E-02
  7.6000000000E-01  1.8000000000E+00  1.3974937468E-02
  7.6000000000E-01  1.9000000000E+00  1.4529783187E-02
  7.6000000000E-01  2.0000000000E+00  1.5083749101E-02
  7.6000000000E-01  2.1000000000E+00  1.5635306407E-02
  7.6000000000E-01  2.2000000000E+00  1.6182914840E-02
  7.6000000000E-01  2.3000000000E+00  1.6725033186E-02
  7.6000000000E-01  2.4000000000E+00  1.7260129941E-02
  7.6000000000E-01  2.5000000000E+00  1.7786693986E-02
  7.6000000000E-01  2.6000000000E+00  1.8303245164E-02
  7.6000000000E-01  2.7000000000E+00  1.8808344619E-02
  7.6000000000E-01  2.8000000000E+00  1.9300604787E-02
  7.6000000000E-01  2.9000000000E+00  1.9778698907E-02
  7.6000000000E-01  3.0000000000E+00  2.0241369949E-02
  7.6000000000E-01  3.1000000000E+00  2.0687438843E-02
  7.6000000000E-01  3.2000000000E+00  2.1115811927E-02
  7.6000000000E-01  3.3000000000E+00  2.1525487512E-02
  7.6000000000E-01  3.4000000000E+00  2.1915561510E-02
  7.6000000000E-01  3.5000000000E+00  2.2285232060E-02
  7.6000000000E-01  3.6000000000E+00  2.2633803114E-02
  7.6000000000E-01  3.7000000000E+00  2.2960686963E-02
  7.6000000000E-01  3.8000000000E+00  2.3265405685E-02
  7.6000000000E-01  3.9000000000E+00  2.3547591538E-02
  7.6000000000E-01  4.0000000000E+00  2.3806986318E-02
  7.6000000000E-01  4.1000000000E+00  2.4043439725E-02
  7.6000000000E-01  4.2000000000E+00  2.4256906798E-02
  7.6000000000E-01  4.3000000000E+00  2.4447444490E-02
  7.6000000000E-01  4.4000000000E+00  2.4615207467E-02
  7.6000000000E-01  4.5000000000E+00  2.4760443239E-02
  7.6000000000E-01  4.6000000000E+00  2.4883486710E-02
  7.6000000000E-01  4.7000000000E+00  2.4984754276E-02
  7.6000000000E-01  4.8000000000E+00  2.5064737594E-02
  7.6000000000E-01  4.9000000000E+00  2.5123997122E-02
  7.6000000000E-01  5.0000000000E+00  2.5163155579E-02
  7.6000000000E-01  5.1000000000E+00  2.5182891433E-02
  7.6000000000E-01  5.2000000000E+00  2.5183932530E-02
  7.6000000000E-01  5.3000000000E+00  2.5167049997E-02
  7.6000000000E-01  5.4000000000E+00  2.5133052495E-02
  7.6000000000E-01  5.5000000000E+00  2.5082780946E-02
  7.6000000000E-01  5.6000000000E+00  2.5017103799E-02
  7.6000000000E-01  5.7000000000E+00  2.4936912910E-02
  7.6000000000E-01  5.8000000000E+00  2.4843120105E-02
  7.6000000000E-01  5.9000000000E+00  2.4736654455E-02
  7.6000000000E-01  6.0000000000E+00  2.4618460304E-02
  7.6000000000E-01  6.1000000000E+00  2.4489496058E-02
  7.6000000000E-01  6.2000000000E+00  2.4350733735E-02
  7.6000000000E-01  6.3000000000E+00  2.4203159260E-02
  7.6000000000E-01  6.4000000000E+00  2.4047773468E-02
  7.6000000000E-01  6.5000000000E+00  2.3885593784E-02
  7.6000000000E-01  6.6000000000E+00  2.3717656498E-02
  7.6000000000E-01  6.7000000000E+00  2.3545019588E-02
  7.6000000000E-01  6.8000000000E+00  2.3368765990E-02
  7.6000000000E-01  6.9000000000E+00  2.3190007233E-02
  7.6000000000E-01  7.0000000000E+00  2.3009887336E-02
  7.6000000000E-01  7.1000000000E+00  2.2829586850E-02
  7.6000000000E-01  7.2000000000E+00  2.2650326954E-02
  7.6000000000E-01  7.3000000000E+00  2.2473373457E-02
  7.6000000000E-01  7.4000000000E+00  2.2300040612E-02
  7.6000000000E-01  7.5000000000E+00  2.2131694606E-02
  7.6000000000E-01  7.6000000000E+00  2.1969756617E-02
  7.6000000000E-01  7.7000000000E+00  2.1815705308E-02
  7.6000000000E-01  7.8000000000E+00  2.1671078649E-02
  7.6000000000E-01  7.9000000000E+00  2.1537474965E-02
  7.6000000000E-01  8.0000000000E+00  2.1416553094E-02
  7.6000000000E-01  8.1000000000E+00  2.1310031570E-02
  7.6000000000E-01  8.2000000000E+00  2.1219686738E-02
  7.6000000000E-01  8.3000000000E+00  2.1147349730E-02
  7.6000000000E-01  8.4000000000E+00  2.1094902230E-02
  7.6000000000E-01  8.5000000000E+00  2.1064270986E-02
  7.6000000000E-01  8.6000000000E+00  2.1057421015E-02
  7.6000000000E-01  8.7000000000E+00  2.1076347488E-02
  7.6000000000E-01  8.8000000000E+00  2.1123066270E-02
  7.6000000000E-01  8.9000000000E+00  2.1199603136E-02
  7.6000000000E-01  9.0000000000E+00  2.1307981663E-02
  7.6000000000E-01  9.1000000000E+00  2.1450209853E-02
  7.6000000000E-01  9.2000000000E+00  2.1628265520E-02
  7.6000000000E-01  9.3000000000E+00  2.1844080536E-02
  7.6000000000E-01  9.4000000000E+00  2.2099523997E-02
  7.6000000000E-01  9.5000000000E+00  2.2396384428E-02
  7.6000000000E-01  9.6000000000E+00  2.2736351151E-02
  7.6000000000E-01  9.7000000000E+00  2.3120994945E-02
  7.6000000000E-01  9.8000000000E+00  2.3551748153E-02
  7.6000000000E-01  9.9000000000E+00  2.4029884414E-02
  7.6000000000E-01  1.0000000000E+01  2.4556498201E-02

  8.0000000000E-01  0.0000000000E+00  6.7863949769E-03
  8.0000000000E-01  1.0000000000E-01  7.2041640338E-03
  8.0000000000E-01  2.0000000000E-01  7.6359707718E-03
  8.0000000000E-01  3.0000000000E-01  8.0813546145E-03
  8.0000000000E-01  4.0000000000E-01  8.5397744079E-03
  8.0000000000E-01  5.0000000000E-01  9.0106080544E-03
  8.0000000000E-01  6.0000000000E-01  9.4931527856E-03
  8.0000000000E-01  7.0000000000E-01  9.9866261033E-03
  8.0000000000E-01  8.0000000000E-01  1.0490167411E-02
  8.0000000000E-01  9.0000000000E-01  1.1002840349E-02
  8.0000000000E-01  1.0000000000E+00  1.1523635853E-02
  8.0000000000E-01  1.1000000000E+00  1.2051475908E-02
  8.0000000000E-01  1.2000000000E+00  1.2585218028E-02
  8.0000000000E-01  1.3000000000E+00  1.3123660401E-02
  8.0000000000E-01  1.4000000000E+00  1.3665547704E-02
  8.0000000000E-01  1.5000000000E+00  1.4209577526E-02
  8.0000000000E-01  1.6000000000E+00  1.4754407368E-02
  8.0000000000E-01  1.7000000000E+00  1.5298662156E-02
  8.0000000000E-01  1.8000000000E+00  1.5840942202E-02
  8.0000000000E-01  1.9000000000E+00  1.6379831539E-02
  8.0000000000E-01  2.0000000000E+00  1.6913906552E-02
  8.0000000000E-01  2.1000000000E+00  1.7441744820E-02
  8.0000000000E-01  2.2000000000E+00  1.7961934066E-02
  8.0000000000E-01  2.3000000000E+00  1.8473081135E-02
  8.0000000000E-01  2.4000000000E+00  1.8973820889E-02
  8.0000000000E-01  2.5000000000E+00  1.9462824923E-02
  8.0000000000E-01  2.6000000000E+00  1.9938810005E-02
  8.0000000000E-01  2.7000000000E+00  2.0400546151E-02
  8.0000000000E-01  2.8000000000E+00  2.0846864218E-02
  8.0000000000E-01  2.9000000000E+00  2.1276662963E-02
  8.0000000000E-01  3.0000000000E+00  2.1688915460E-02
  8.0000000000E-01  3.1000000000E+00  2.2082674814E-02
  8.0000000000E-01  3.2000000000E+00  2.2457079118E-02
  8.0000000000E-01  3.3000000000E+00  2.2811355591E-02
  8.0000000000E-01  3.4000000000E+00  2.3144823871E-02
  8.0000000000E-01  3.5000000000E+00  2.3456898426E-02
  8.0000000000E-01  3.6000000000E+00  2.3747090085E-02
  8.0000000000E-01  3.7000000000E+00  2.4015006685E-02
  8.0000000000E-01  3.8000000000E+00  2.4260352852E-02
  8.0000000000E-01  3.9000000000E+00  2.4482928942E-02
  8.0000000000E-01  4.0000000000E+00  2.4682629202E-02
  8.0000000000E-01  4.1000000000E+00  2.4859439183E-02
  8.0000000000E-01  4.2000000000E+00  2.5013432494E-02
  8.0000000000E-01  4.3000000000E+00  2.5144766966E-02
  8.0000000000E-01  4.4000000000E+00  2.5253680304E-02
  8.0000000000E-01  4.5000000000E+00  2.5340485341E-02
  8.0000000000E-01  4.6000000000E+00  2.5405564973E-02
  8.0000000000E-01  4.7000000000E+00  2.5449366883E-02
  8.0000000000E-01  4.8000000000E+00  2.5472398168E-02
  8.0000000000E-01  4.9000000000E+00  2.5475219953E-02
  8.0000000000E-01  5.0000000000E+00  2.5458442112E-02
  8.0000000000E-01  5.1000000000E+00  2.5422718172E-02
  8.0000000000E-01  5.2000000000E+00  2.5368740514E-02
  8.0000000000E-01  5.3000000000E+00  2.5297235929E-02
  8.0000000000E-01  5.4000000000E+00  2.5208961620E-02
  8.0000000000E-01  5.5000000000E+00  2.5104701707E-02
  8.0000000000E-01  5.6000000000E+00  2.4985264282E-02
  8.0000000000E-01  5.7000000000E+00  2.4851479063E-02
  8.0000000000E-01  5.8000000000E+00  2.4704195661E-02
  8.0000000000E-01  5.9000000000E+00  2.4544282487E-02
  8.0000000000E-01  6.0000000000E+00  2.4372626288E-02
  8.0000000000E-01  6.1000000000E+00  2.4190132302E-02
  8.0000000000E-01  6.2000000000E+00  2.3997725011E-02
  8.0000000000E-01  6.3000000000E+00  2.3796349455E-02
  8.0000000000E-01  6.4000000000E+00  2.3586973041E-02
  8.0000000000E-01  6.5000000000E+00  2.3370587824E-02
  8.0000000000E-01  6.6000000000E+00  2.3148213147E-02
  8.0000000000E-01  6.7000000000E+00  2.2920898614E-02
  8.0000000000E-01  6.8000000000E+00  2.2689727264E-02
  8.0000000000E-01  6.9000000000E+00  2.2455818906E-02
  8.0000000000E-01  7.0000000000E+00  2.2220333491E-02
  8.0000000000E-01  7.1000000000E+00  2.1984474437E-02
  8.0000000000E-01  7.2000000000E+00  2.1749491830E-02
  8.0000000000E-01  7.3000000000E+00  2.1516685379E-02
  8.0000000000E-01  7.4000000000E+00  2.1287407052E-02
  8.0000000000E-01  7.5000000000E+00  2.1063063304E-02
  8.0000000000E-01  7.6000000000E+00  2.0845116795E-02
  8.0000000000E-01  7.7000000000E+00  2.0635087534E-02
  8.0000000000E-01  7.8000000000E+00  2.0434553362E-02
  8.0000000000E-01  7.9000000000E+00  2.0245149709E-02
  8.0000000000E-01  8.0000000000E+00  2.0068568553E-02
  8.0000000000E-01  8.1000000000E+00  1.9906556539E-02
  8.0000000000E-01  8.2000000000E+00  1.9760912187E-02
  8.0000000000E-01  8.3000000000E+00  1.9633482174E-02
  8.0000000000E-01  8.4000000000E+00  1.9526156625E-02
  8.0000000000E-01  8.5000000000E+00  1.9440863420E-02
  8.0000000000E-01  8.6000000000E+00  1.9379561471E-02
  8.0000000000E-01  8.7000000000E+00  1.9344232981E-02
  8.0000000000E-01  8.8000000000E+00  1.9336874671E-02
  8.0000000000E-01  8.9000000000E+00  1.9359487997E-02
  8.0000000000E-01  9.0000000000E+00  1.9414068361E-02
  8.0000000000E-01  9.1000000000E+00  1.9502593353E-02
  8.0000000000E-01  9.2000000000E+00  1.9627010056E-02
  8.0000000000E-01  9.3000000000E+00  1.9789221467E-02
  8.0000000000E-01  9.4000000000E+00  1.9991072076E-02
  8.0000000000E-01  9.5000000000E+00  2.0234332683E-02
  8.0000000000E-01  9.6000000000E+00  2.0520684531E-02
  8.0000000000E-01  9.7000000000E+00  2.0851702824E-02
  8.0000000000E-01  9.8000000000E+00  2.1228839753E-02
  8.0000000000E-01  9.9000000000E+00  2.1653407124E-02
  8.0000000000E-01  1.0000000000E+01  2.2126558713E-02

  8.4000000000E-01  0.0000000000E+00  9.3875887307E-03
  8.4000000000E-01  1.0000000000E-01  9.8671143915E-03
  8.4000000000E-01  2.0000000000E-01  1.0356568916E-02
  8.4000000000E-01  3.0000000000E-01  1.0855169912E-02
  8.4000000000E-01  4.0000000000E-01  1.1362075598E-02
  8.4000000000E-01  5.0000000000E-01  1.1876387280E-02
  8.4000000000E-01  6.0000000000E-01  1.2397152271E-02
  8.4000000000E-01  7.0000000000E-01  1.2923367237E-02
  8.4000000000E-01  8.0000000000E-01  1.3453981970E-02
  8.4000000000E-01  9.0000000000E-01  1.3987903552E-02
  8.4000000000E-01  1.0000000000E+00  1.4524000929E-02
  8.4000000000E-01  1.1000000000E+00  1.5061109830E-02
  8.4000000000E-01  1.2000000000E+00  1.5598038034E-02
  8.4000000000E-01  1.3000000000E+00  1.6133570951E-02
  8.4000000000E-01  1.4000000000E+00  1.6666477460E-02
  8.4000000000E-01  1.5000000000E+00  1.7195515995E-02
  8.4000000000E-01  1.6000000000E+00  1.7719440812E-02
  8.4000000000E-01  1.7000000000E+00  1.8237008403E-02
  8.4000000000E-01  1.8000000000E+00  1.8746983995E-02
  8.4000000000E-01  1.9000000000E+00  1.9248148094E-02
  8.4000000000E-01  2.0000000000E+00  1.9739302998E-02
  8.4000000000E-01  2.1000000000E+00  2.0219279240E-02
  8.4000000000E-01  2.2000000000E+00  2.0686941888E-02
  8.4000000000E-01  2.3000000000E+00  2.1141196638E-02
  8.4000000000E-01  2.4000000000E+00  2.1580995654E-02
  8.4000000000E-01  2.5000000000E+00  2.2005343080E-02
  8.4000000000E-01  2.6000000000E+00  2.2413300174E-02
  8.4000000000E-01  2.7000000000E+00  2.2803990007E-02
  8.4000000000E-01  2.8000000000E+00  2.3176601680E-02
  8.4000000000E-01  2.9000000000E+00  2.3530394009E-02
  8.4000000000E-01  3.0000000000E+00  2.3864698647E-02
  8.4000000000E-01  3.1000000000E+00  2.4178922596E-02
  8.4000000000E-01  3.2000000000E+00  2.4472550107E-02
  8.4000000000E-01  3.3000000000E+00  2.4745143935E-02
  8.4000000000E-01  3.4000000000E+00  2.4996345954E-02
  8.4000000000E-01  3.5000000000E+00  2.5225877123E-02
  8.4000000000E-01  3.6000000000E+00  2.5433536834E-02
  8.4000000000E-01  3.7000000000E+00  2.5619201658E-02
  8.4000000000E-01  3.8000000000E+00  2.5782823509E-02
  8.4000000000E-01  3.9000000000E+00  2.5924427297E-02
  8.4000000000E-01  4.0000000000E+00  2.6044108091E-02
  8.4000000000E-01  4.1000000000E+00  2.6142027879E-02
  8.4000000000E-01  4.2000000000E+00  2.6218411967E-02
  8.4000000000E-01  4.3000000000E+00  2.6273545109E-02
  8.4000000000E-01  4.4000000000E+00  2.6307767431E-02
  8.4000000000E-01  4.5000000000E+00  2.6321470239E-02
  8.4000000000E-01  4.6000000000E+00  2.6315091788E-02
  8.4000000000E-01  4.7000000000E+00  2.6289113087E-02
  8.4000000000E-01  4.8000000000E+00  2.6244053836E-02
  8.4000000000E-01  4.9000000000E+00  2.6180468557E-02
  8.4000000000E-01  5.0000000000E+00  2.6098942997E-02
  8.4000000000E-01  5.1000000000E+00  2.6000090868E-02
  8.4000000000E-01  5.2000000000E+00  2.5884550989E-02
  8.4000000000E-01  5.3000000000E+00  2.5752984862E-02
  8.4000000000E-01  5.4000000000E+00  2.5606074745E-02
  8.4000000000E-01  5.5000000000E+00  2.5444522233E-02
  8.4000000000E-01  5.6000000000E+00  2.5269047379E-02
  8.4000000000E-01  5.7000000000E+00  2.5080388348E-02
  8.4000000000E-01  5.8000000000E+00  2.4879301620E-02
  8.4000000000E-01  5.9000000000E+00  2.4666562703E-02
  8.4000000000E-01  6.0000000000E+00  2.4442967353E-02
  8.4000000000E-01  6.1000000000E+00  2.4209333242E-02
  8.4000000000E-01  6.2000000000E+00  2.3966502046E-02
  8.4000000000E-01  6.3000000000E+00  2.3715341893E-02
  8.4000000000E-01  6.4000000000E+00  2.3456750095E-02
  8.4000000000E-01  6.5000000000E+00  2.3191656122E-02
  8.4000000000E-01  6.6000000000E+00  2.2921024716E-02
  8.4000000000E-01  6.7000000000E+00  2.2645859091E-02
  8.4000000000E-01  6.8000000000E+00  2.2367204119E-02
  8.4000000000E-01  6.9000000000E+00  2.2086149442E-02
  8.4000000000E-01  7.0000000000E+00  2.1803832409E-02
  8.4000000000E-01  7.1000000000E+00  2.1521440783E-02
  8.4000000000E-01  7.2000000000E+00  2.1240215109E-02
  8.4000000000E-01  7.3000000000E+00  2.0961450717E-02
  8.4000000000E-01  7.4000000000E+00  2.0686499242E-02
  8.4000000000E-01  7.5000000000E+00  2.0416769642E-02
  8.4000000000E-01  7.6000000000E+00  2.0153728632E-02
  8.4000000000E-01  7.7000000000E+00  1.9898900494E-02
  8.4000000000E-01  7.8000000000E+00  1.9653866222E-02
  8.4000000000E-01  7.9000000000E+00  1.9420261963E-02
  8.4000000000E-01  8.0000000000E+00  1.9199776726E-02
  8.4000000000E-01  8.1000000000E+00  1.8994149335E-02
  8.4000000000E-01  8.2000000000E+00  1.8805164616E-02
  8.4000000000E-01  8.3000000000E+00  1.8634648799E-02
  8.4000000000E-01  8.4000000000E+00  1.8484464144E-02
  8.4000000000E-01  8.5000000000E+00  1.8356502778E-02
  8.4000000000E-01  8.6000000000E+00  1.8252679760E-02
  8.4000000000E-01  8.7000000000E+00  1.8174925379E-02
  8.4000000000E-01  8.8000000000E+00  1.8125176706E-02
  8.4000000000E-01  8.9000000000E+00  1.8105368411E-02
  8.4000000000E-01  9.0000000000E+00  1.8117422872E-02
  8.4000000000E-01  9.1000000000E+00  1.8163239602E-02
  8.4000000000E-01  9.2000000000E+00  1.8244684025E-02
  8.4000000000E-01  9.3000000000E+00  1.8363575626E-02
  8.4000000000E-01  9.4000000000E+00  1.8521675524E-02
  8.4000000000E-01  9.5000000000E+00  1.8720673499E-02
  8.4000000000E-01  9.6000000000E+00  1.8962174525E-02
  8.4000000000E-01  9.7000000000E+00  1.9247684857E-02
  8.4000000000E-01  9.8000000000E+00  1.9578597735E-02
  8.4000000000E-01  9.9000000000E+00  1.9956178760E-02
  8.4000000000E-01  1.0000000000E+01  2.0381551021E-02

  8.8000000000E-01  0.0000000000E+00  1.3390398340E-02
  8.8000000000E-01  1.0000000000E-01  1.3945345527E-02
  8.8000000000E-01  2.0000000000E-01  1.4503396818E-02
  8.8000000000E-01  3.0000000000E-01  1.5063408011E-02
  8.8000000000E-01  4.0000000000E-01  1.5624214934E-02
  8.8000000000E-01  5.0000000000E-01  1.6184638864E-02
  8.8000000000E-01  6.0000000000E-01  1.6743491972E-02
  8.8000000000E-01  7.0000000000E-01  1.7299582757E-02
  8.8000000000E-01  8.0000000000E-01  1.7851721424E-02
  8.8000000000E-01  9.0000000000E-01  1.8398725185E-02
  8.8000000000E-01  1.0000000000E+00  1.8939423440E-02
  8.8000000000E-01  1.1000000000E+00  1.9472662812E-02
  8.8000000000E-01  1.2000000000E+00  1.9997312022E-02
  8.8000000000E-01  1.3000000000E+00  2.0512266559E-02
  8.8000000000E-01  1.4000000000E+00  2.1016453149E-02
  8.8000000000E-01  1.5000000000E+00  2.1508833982E-02
  8.8000000000E-01  1.6000000000E+00  2.1988410704E-02
  8.8000000000E-01  1.7000000000E+00  2.2454228137E-02
  8.8000000000E-01  1.8000000000E+00  2.2905377729E-02
  8.8000000000E-01  1.9000000000E+00  2.3341000722E-02
  8.8000000000E-01  2.0000000000E+00  2.3760291008E-02
  8.8000000000E-01  2.1000000000E+00  2.4162497694E-02
  8.8000000000E-01  2.2000000000E+00  2.4546927328E-02
  8.8000000000E-01  2.3000000000E+00  2.4912945815E-02
  8.8000000000E-01  2.4000000000E+00  2.5259979978E-02
  8.8000000000E-01  2.5000000000E+00  2.5587518783E-02
  8.8000000000E-01  2.6000000000E+00  2.5895114202E-02
  8.8000000000E-01  2.7000000000E+00  2.6182381724E-02
  8.8000000000E-01  2.8000000000E+00  2.6449000491E-02
  8.8000000000E-01  2.9000000000E+00  2.6694713071E-02
  8.8000000000E-01  3.0000000000E+00  2.6919324866E-02
  8.8000000000E-01  3.1000000000E+00  2.7122703156E-02
  8.8000000000E-01  3.2000000000E+00  2.7304775783E-02
  8.8000000000E-01  3.3000000000E+00  2.7465529495E-02
  8.8000000000E-01  3.4000000000E+00  2.7605007963E-02
  8.8000000000E-01  3.5000000000E+00  2.7723309492E-02
  8.8000000000E-01  3.6000000000E+00  2.7820584442E-02
  8.8000000000E-01  3.7000000000E+00  2.7897032418E-02
  8.8000000000E-01  3.8000000000E+00  2.7952899231E-02
  8.8000000000E-01  3.9000000000E+00  2.7988473701E-02
  8.8000000000E-01  4.0000000000E+00  2.8004084328E-02
  8.8000000000E-01  4.1000000000E+00  2.8000095893E-02
  8.8000000000E-01  4.2000000000E+00  2.7976906036E-02
  8.8000000000E-01  4.3000000000E+00  2.7934941875E-02
  8.8000000000E-01  4.4000000000E+00  2.7874656707E-02
  8.8000000000E-01  4.5000000000E+00  2.7796526867E-02
  8.8000000000E-01  4.6000000000E+00  2.7701048796E-02
  8.8000000000E-01  4.7000000000E+00  2.7588736361E-02
  8.8000000000E-01  4.8000000000E+00  2.7460118497E-02
  8.8000000000E-01  4.9000000000E+00  2.7315737211E-02
  8.8000000000E-01  5.0000000000E+00  2.7156145978E-02
  8.8000000000E-01  5.1000000000E+00  2.6981908585E-02
  8.8000000000E-01  5.2000000000E+00  2.6793598435E-02
  8.8000000000E-01  5.3000000000E+00  2.6591798336E-02
  8.8000000000E-01  5.4000000000E+00  2.6377100780E-02
  8.8000000000E-01  5.5000000000E+00  2.6150108718E-02
  8.8000000000E-01  5.6000000000E+00  2.5911436817E-02
  8.8000000000E-01  5.7000000000E+00  2.5661713184E-02
  8.8000000000E-01  5.8000000000E+00  2.5401581516E-02
  8.8000000000E-01  5.9000000000E+00  2.5131703661E-02
  8.8000000000E-01  6.0000000000E+00  2.4852762508E-02
  8.8000000000E-01  6.1000000000E+00  2.4565465189E-02
  8.8000000000E-01  6.2000000000E+00  2.4270546502E-02
  8.8000000000E-01  6.3000000000E+00  2.3968772498E-02
  8.8000000000E-01  6.4000000000E+00  2.3660944165E-02
  8.8000000000E-01  6.5000000000E+00  2.3347901122E-02
  8.8000000000E-01  6.6000000000E+00  2.3030525256E-02
  8.8000000000E-01  6.7000000000E+00  2.2709744218E-02
  8.8000000000E-01  6.8000000000E+00  2.2386534701E-02
  8.8000000000E-01  6.9000000000E+00  2.2061925434E-02
  8.8000000000E-01  7.0000000000E+00  2.1736999808E-02
  8.8000000000E-01  7.1000000000E+00  2.1412898079E-02
  8.8000000000E-01  7.2000000000E+00  2.1090819085E-02
  8.8000000000E-01  7.3000000000E+00  2.0772021417E-02
  8.8000000000E-01  7.4000000000E+00  2.0457824007E-02
  8.8000000000E-01  7.5000000000E+00  2.0149606087E-02
  8.8000000000E-01  7.6000000000E+00  1.9848806493E-02
  8.8000000000E-01  7.7000000000E+00  1.9556922285E-02
  8.8000000000E-01  7.8000000000E+00  1.9275506675E-02
  8.8000000000E-01  7.9000000000E+00  1.9006166256E-02
  8.8000000000E-01  8.0000000000E+00  1.8750557521E-02
  8.8000000000E-01  8.1000000000E+00  1.8510382695E-02
  8.8000000000E-01  8.2000000000E+00  1.8287384881E-02
  8.8000000000E-01  8.3000000000E+00  1.8083342540E-02
  8.8000000000E-01  8.4000000000E+00  1.7900063333E-02
  8.8000000000E-01  8.5000000000E+00  1.7739377346E-02
  8.8000000000E-01  8.6000000000E+00  1.7603129722E-02
  8.8000000000E-01  8.7000000000E+00  1.7493172741E-02
  8.8000000000E-01  8.8000000000E+00  1.7411357371E-02
  8.8000000000E-01  8.9000000000E+00  1.7359524319E-02
  8.8000000000E-01  9.0000000000E+00  1.7339494628E-02
  8.8000000000E-01  9.1000000000E+00  1.7353059824E-02
  8.8000000000E-01  9.2000000000E+00  1.7401971674E-02
  8.8000000000E-01  9.3000000000E+00  1.7487931555E-02
  8.8000000000E-01  9.4000000000E+00  1.7612579486E-02
  8.8000000000E-01  9.5000000000E+00  1.7777482831E-02
  8.8000000000E-01  9.6000000000E+00  1.7984124716E-02
  8.8000000000E-01  9.7000000000E+00  1.8233892171E-02
  8.8000000000E-01  9.8000000000E+00  1.8528064057E-02
  8.8000000000E-01  9.9000000000E+00  1.8867798773E-02
  8.8000000000E-01  1.0000000000E+01  1.9254121809E-02

  9.2000000000E-01  0.0000000000E+00  1.7682779193E-02
  9.2000000000E-01  1.0000000000E-01  1.8313560864E-02
  9.2000000000E-01  2.0000000000E-01  1.8940364054E-02
  9.2000000000E-01  3.0000000000E-01  1.9561724553E-02
  9.2000000000E-01  4.0000000000E-01  2.0176199860E-02
  9.2000000000E-01  5.0000000000E-01  2.0782376871E-02
  9.2000000000E-01  6.0000000000E-01  2.1378879155E-02
  9.2000000000E-01  7.0000000000E-01  2.1964373741E-02
  9.2000000000E-01  8.0000000000E-01  2.2537577382E-02
  9.2000000000E-01  9.0000000000E-01  2.3097262244E-02
  9.2000000000E-01  1.0000000000E+00  2.3642260992E-02
  9.2000000000E-01  1.1000000000E+00  2.4171471249E-02
  9.2000000000E-01  1.2000000000E+00  2.4683859426E-02
  9.2000000000E-01  1.3000000000E+00  2.5178463904E-02
  9.2000000000E-01  1.4000000000E+00  2.5654397591E-02
  9.2000000000E-01  1.5000000000E+00  2.6110849854E-02
  9.2000000000E-01  1.6000000000E+00  2.6547087851E-02
  9.2000000000E-01  1.7000000000E+00  2.6962457293E-02
  9.2000000000E-01  1.8000000000E+00  2.7356382658E-02
  9.2000000000E-01  1.9000000000E+00  2.7728366890E-02
  9.2000000000E-01  2.0000000000E+00  2.8077990633E-02
  9.2000000000E-01  2.1000000000E+00  2.8404911013E-02
  9.2000000000E-01  2.2000000000E+00  2.8708860031E-02
  9.2000000000E-01  2.3000000000E+00  2.8989642586E-02
  9.2000000000E-01  2.4000000000E+00  2.9247134173E-02
  9.2000000000E-01  2.5000000000E+00  2.9481278288E-02
  9.2000000000E-01  2.6000000000E+00  2.9692083579E-02
  9.2000000000E-01  2.7000000000E+00  2.9879620764E-02
  9.2000000000E-01  2.8000000000E+00  3.0044019358E-02
  9.2000000000E-01  2.9000000000E+00  3.0185464230E-02
  9.2000000000E-01  3.0000000000E+00  3.0304192022E-02
  9.2000000000E-01  3.1000000000E+00  3.0400487445E-02
  9.2000000000E-01  3.2000000000E+00  3.0474679500E-02
  9.2000000000E-01  3.3000000000E+00  3.0527137620E-02
  9.2000000000E-01  3.4000000000E+00  3.0558267790E-02
  9.2000000000E-01  3.5000000000E+00  3.0568508642E-02
  9.2000000000E-01  3.6000000000E+00  3.0558327578E-02
  9.2000000000E-01  3.7000000000E+00  3.0528216939E-02
  9.2000000000E-01  3.8000000000E+00  3.0478690248E-02
  9.2000000000E-01  3.9000000000E+00  3.0410278571E-02
  9.2000000000E-01  4.0000000000E+00  3.0323527024E-02
  9.2000000000E-01  4.1000000000E+00  3.0218991465E-02
  9.2000000000E-01  4.2000000000E+00  3.0097235405E-02
  9.2000000000E-01  4.3000000000E+00  2.9958827186E-02
  9.2000000000E-01  4.4000000000E+00  2.9804337453E-02
  9.2000000000E-01  4.5000000000E+00  2.9634336964E-02
  9.2000000000E-01  4.6000000000E+00  2.9449394779E-02
  9.2000000000E-01  4.7000000000E+00  2.9250076840E-02
  9.2000000000E-01  4.8000000000E+00  2.9036945007E-02
  9.2000000000E-01  4.9000000000E+00  2.8810556534E-02
  9.2000000000E-01  5.0000000000E+00  2.8571464040E-02
  9.2000000000E-01  5.1000000000E+00  2.8320215961E-02
  9.2000000000E-01  5.2000000000E+00  2.8057357512E-02
  9.2000000000E-01  5.3000000000E+00  2.7783432130E-02
  9.2000000000E-01  5.4000000000E+00  2.7498983412E-02
  9.2000000000E-01  5.5000000000E+00  2.7204557516E-02
  9.2000000000E-01  5.6000000000E+00  2.6900705992E-02
  9.2000000000E-01  5.7000000000E+00  2.6587989021E-02
  9.2000000000E-01  5.8000000000E+00  2.6266979002E-02
  9.2000000000E-01  5.9000000000E+00  2.5938264439E-02
  9.2000000000E-01  6.0000000000E+00  2.5602454066E-02
  9.2000000000E-01  6.1000000000E+00  2.5260181149E-02
  9.2000000000E-01  6.2000000000E+00  2.4912107881E-02
  9.2000000000E-01  6.3000000000E+00  2.4558929802E-02
  9.2000000000E-01  6.4000000000E+00  2.4201380167E-02
  9.2000000000E-01  6.5000000000E+00  2.3840234172E-02
  9.2000000000E-01  6.6000000000E+00  2.3476312971E-02
  9.2000000000E-01  6.7000000000E+00  2.3110487390E-02
  9.2000000000E-01  6.8000000000E+00  2.2743681279E-02
  9.2000000000E-01  6.9000000000E+00  2.2376874421E-02
  9.2000000000E-01  7.0000000000E+00  2.2011104936E-02
  9.2000000000E-01  7.1000000000E+00  2.1647471122E-02
  9.2000000000E-01  7.2000000000E+00  2.1287132680E-02
  9.2000000000E-01  7.3000000000E+00  2.0931311286E-02
  9.2000000000E-01  7.4000000000E+00  2.0581290471E-02
  9.2000000000E-01  7.5000000000E+00  2.0238414792E-02
  9.2000000000E-01  7.6000000000E+00  1.9904088272E-02
  9.2000000000E-01  7.7000000000E+00  1.9579772113E-02
  9.2000000000E-01  7.8000000000E+00  1.9266981681E-02
  9.2000000000E-01  7.9000000000E+00  1.8967282775E-02
  9.2000000000E-01  8.0000000000E+00  1.8682287208E-02
  9.2000000000E-01  8.1000000000E+00  1.8413647719E-02
  9.2000000000E-01  8.2000000000E+00  1.8163052261E-02
  9.2000000000E-01  8.3000000000E+00  1.7932217687E-02
  9.2000000000E-01  8.4000000000E+00  1.7722882899E-02
  9.2000000000E-01  8.5000000000E+00  1.7536801484E-02
  9.2000000000E-01  8.6000000000E+00  1.7375733905E-02
  9.2000000000E-01  8.7000000000E+00  1.7241439265E-02
  9.2000000000E-01  8.8000000000E+00  1.7135666726E-02
  9.2000000000E-01  8.9000000000E+00  1.7060146597E-02
  9.2000000000E-01  9.0000000000E+00  1.7016581148E-02
  9.2000000000E-01  9.1000000000E+00  1.7006635187E-02
  9.2000000000E-01  9.2000000000E+00  1.7031926428E-02
  9.2000000000E-01  9.3000000000E+00  1.7094015686E-02
  9.2000000000E-01  9.4000000000E+00  1.7194396933E-02
  9.2000000000E-01  9.5000000000E+00  1.7334487219E-02
  9.2000000000E-01  9.6000000000E+00  1.7515616493E-02
  9.2000000000E-01  9.7000000000E+00  1.7739017343E-02
  9.2000000000E-01  9.8000000000E+00  1.8005814658E-02
  9.2000000000E-01  9.9000000000E+00  1.8317015236E-02
  9.2000000000E-01  1.0000000000E+01  1.8673497355E-02

  9.6000000000E-01  0.0000000000E+00  1.9988855086E-02
  9.6000000000E-01  1.0000000000E-01  2.0678567762E-02
  9.6000000000E-01  2.0000000000E-01  2.1361876884E-02
  9.6000000000E-01  3.0000000000E-01  2.2037122512E-02
  9.6000000000E-01  4.0000000000E-01  2.2702678549E-02
  9.6000000000E-01  5.0000000000E-01  2.3356961559E-02
  9.6000000000E-01  6.0000000000E-01  2.3998439030E-02
  9.6000000000E-01  7.0000000000E-01  2.4625637014E-02
  9.6000000000E-01  8.0000000000E-01  2.5237147088E-02
  9.6000000000E-01  9.0000000000E-01  2.5831632585E-02
  9.6000000000E-01  1.0000000000E+00  2.6407834075E-02
  9.6000000000E-01  1.1000000000E+00  2.6964574057E-02
  9.6000000000E-01  1.2000000000E+00  2.7500760874E-02
  9.6000000000E-01  1.3000000000E+00  2.8015391834E-02
  9.6000000000E-01  1.4000000000E+00  2.8507555569E-02
  9.6000000000E-01  1.5000000000E+00  2.8976433629E-02
  9.6000000000E-01  1.6000000000E+00  2.9421301371E-02
  9.6000000000E-01  1.7000000000E+00  2.9841528149E-02
  9.6000000000E-01  1.8000000000E+00  3.0236576864E-02
  9.6000000000E-01  1.9000000000E+00  3.0606002922E-02
  9.6000000000E-01  2.0000000000E+00  3.0949452635E-02
  9.6000000000E-01  2.1000000000E+00  3.1266661122E-02
  9.6000000000E-01  2.2000000000E+00  3.1557449763E-02
  9.6000000000E-01  2.3000000000E+00  3.1821723255E-02
  9.6000000000E-01  2.4000000000E+00  3.2059466305E-02
  9.6000000000E-01  2.5000000000E+00  3.2270740033E-02
  9.6000000000E-01  2.6000000000E+00  3.2455678098E-02
  9.6000000000E-01  2.7000000000E+00  3.2614482614E-02
  9.6000000000E-01  2.8000000000E+00  3.2747419879E-02
  9.6000000000E-01  2.9000000000E+00  3.2854815963E-02
  9.6000000000E-01  3.0000000000E+00  3.2937052179E-02
  9.6000000000E-01  3.1000000000E+00  3.2994560480E-02
  9.6000000000E-01  3.2000000000E+00  3.3027818802E-02
  9.6000000000E-01  3.3000000000E+00  3.3037346398E-02
  9.6000000000E-01  3.4000000000E+00  3.3023699170E-02
  9.6000000000E-01  3.5000000000E+00  3.2987465052E-02
  9.6000000000E-01  3.6000000000E+00  3.2929259461E-02
  9.6000000000E-01  3.7000000000E+00  3.2849720853E-02
  9.6000000000E-01  3.8000000000E+00  3.2749506406E-02
  9.6000000000E-01  3.9000000000E+00  3.2629287886E-02
  9.6000000000E-01  4.0000000000E+00  3.2489747709E-02
  9.6000000000E-01  4.1000000000E+00  3.2331575244E-02
  9.6000000000E-01  4.2000000000E+00  3.2155463406E-02
  9.6000000000E-01  4.3000000000E+00  3.1962105554E-02
  9.6000000000E-01  4.4000000000E+00  3.1752192751E-02
  9.6000000000E-01  4.5000000000E+00  3.1526411411E-02
  9.6000000000E-01  4.6000000000E+00  3.1285441379E-02
  9.6000000000E-01  4.7000000000E+00  3.1029954453E-02
  9.6000000000E-01  4.8000000000E+00  3.0760613405E-02
  9.6000000000E-01  4.9000000000E+00  3.0478071496E-02
  9.6000000000E-01  5.0000000000E+00  3.0182972515E-02
  9.6000000000E-01  5.1000000000E+00  2.9875951353E-02
  9.6000000000E-01  5.2000000000E+00  2.9557635098E-02
  9.6000000000E-01  5.3000000000E+00  2.9228644664E-02
  9.6000000000E-01  5.4000000000E+00  2.8889596923E-02
  9.6000000000E-01  5.5000000000E+00  2.8541107318E-02
  9.6000000000E-01  5.6000000000E+00  2.8183792928E-02
  9.6000000000E-01  5.7000000000E+00  2.7818275932E-02
  9.6000000000E-01  5.8000000000E+00  2.7445187431E-02
  9.6000000000E-01  5.9000000000E+00  2.7065171560E-02
  9.6000000000E-01  6.0000000000E+00  2.6678889819E-02
  9.6000000000E-01  6.1000000000E+00  2.6287025558E-02
  9.6000000000E-01  6.2000000000E+00  2.5890288539E-02
  9.6000000000E-01  6.3000000000E+00  2.5489419472E-02
  9.6000000000E-01  6.4000000000E+00  2.5085194468E-02
  9.6000000000E-01  6.5000000000E+00  2.4678429306E-02
  9.6000000000E-01  6.6000000000E+00  2.4269983430E-02
  9.6000000000E-01  6.7000000000E+00  2.3860763602E-02
  9.6000000000E-01  6.8000000000E+00  2.3451727129E-02
  9.6000000000E-01  6.9000000000E+00  2.3043884582E-02
  9.6000000000E-01  7.0000000000E+00  2.2638301967E-02
  9.6000000000E-01  7.1000000000E+00  2.2236102257E-02
  9.6000000000E-01  7.2000000000E+00  2.1838466261E-02
  9.6000000000E-01  7.3000000000E+00  2.1446632782E-02
  9.6000000000E-01  7.4000000000E+00  2.1061898041E-02
  9.6000000000E-01  7.5000000000E+00  2.0685614333E-02
  9.6000000000E-01  7.6000000000E+00  2.0319187936E-02
  9.6000000000E-01  7.7000000000E+00  1.9964076252E-02
  9.6000000000E-01  7.8000000000E+00  1.9621784204E-02
  9.6000000000E-01  7.9000000000E+00  1.9293859915E-02
  9.6000000000E-01  8.0000000000E+00  1.8981889703E-02
  9.6000000000E-01  8.1000000000E+00  1.8687492419E-02
  9.6000000000E-01  8.2000000000E+00  1.8412313192E-02
  9.6000000000E-01  8.3000000000E+00  1.8158016630E-02
  9.6000000000E-01  8.4000000000E+00  1.7926279525E-02
  9.6000000000E-01  8.5000000000E+00  1.7718783124E-02
  9.6000000000E-01  8.6000000000E+00  1.7537205043E-02
  9.6000000000E-01  8.7000000000E+00  1.7383210854E-02
  9.6000000000E-01  8.8000000000E+00  1.7258445430E-02
  9.6000000000E-01  8.9000000000E+00  1.7164524100E-02
  9.6000000000E-01  9.0000000000E+00  1.7103023643E-02
  9.6000000000E-01  9.1000000000E+00  1.7075473206E-02
  9.6000000000E-01  9.2000000000E+00  1.7083345161E-02
  9.6000000000E-01  9.3000000000E+00  1.7128045939E-02
  9.6000000000E-01  9.4000000000E+00  1.7210906892E-02
  9.6000000000E-01  9.5000000000E+00  1.7333175184E-02
  9.6000000000E-01  9.6000000000E+00  1.7496004745E-02
  9.6000000000E-01  9.7000000000E+00  1.7700447298E-02
  9.6000000000E-01  9.8000000000E+00  1.7947443469E-02
  9.6000000000E-01  9.9000000000E+00  1.8237813986E-02
  9.6000000000E-01  1.0000000000E+01  1.8572250980E-02

  1.0000000000E+00  0.0000000000E+00  1.9804757690E-02
  1.0000000000E+00  1.0000000000E-01  2.0531658725E-02
  1.0000000000E+00  2.0000000000E-01  2.1255258483E-02
  1.0000000000E+00  3.0000000000E-01  2.1973839687E-02
  1.0000000000E+00  4.0000000000E-01  2.2685697142E-02
  1.0000000000E+00  5.0000000000E-01  2.3389146609E-02
  1.0000000000E+00  6.0000000000E-01  2.4082533334E-02
  1.0000000000E+00  7.0000000000E-01  2.4764240165E-02
  1.0000000000E+00  8.0000000000E-01  2.5432695208E-02
  1.0000000000E+00  9.0000000000E-01  2.6086378961E-02
  1.0000000000E+00  1.0000000000E+00  2.6723830886E-02
  1.0000000000E+00  1.1000000000E+00  2.7343655401E-02
  1.0000000000E+00  1.2000000000E+00  2.7944527248E-02
  1.0000000000E+00  1.3000000000E+00  2.8525196243E-02
  1.0000000000E+00  1.4000000000E+00  2.9084491395E-02
  1.0000000000E+00  1.5000000000E+00  2.9621324392E-02
  1.0000000000E+00  1.6000000000E+00  3.0134692474E-02
  1.0000000000E+00  1.7000000000E+00  3.0623680694E-02
  1.0000000000E+00  1.8000000000E+00  3.1087463593E-02
  1.0000000000E+00  1.9000000000E+00  3.1525306311E-02
  1.0000000000E+00  2.0000000000E+00  3.1936565153E-02
  1.0000000000E+00  2.1000000000E+00  3.2320687649E-02
  1.0000000000E+00  2.2000000000E+00  3.2677212111E-02
  1.0000000000E+00  2.3000000000E+00  3.3005766746E-02
  1.0000000000E+00  2.4000000000E+00  3.3306068324E-02
  1.0000000000E+00  2.5000000000E+00  3.3577920445E-02
  1.0000000000E+00  2.6000000000E+00  3.3821211425E-02
  1.0000000000E+00  2.7000000000E+00  3.4035911819E-02
  1.0000000000E+00  2.8000000000E+00  3.4222071630E-02
  1.0000000000E+00  2.9000000000E+00  3.4379817192E-02
  1.0000000000E+00  3.0000000000E+00  3.4509347784E-02
  1.0000000000E+00  3.1000000000E+00  3.4610931987E-02
  1.0000000000E+00  3.2000000000E+00  3.4684903801E-02
  1.0000000000E+00  3.3000000000E+00  3.4731658573E-02
  1.0000000000E+00  3.4000000000E+00  3.4751648736E-02
  1.0000000000E+00  3.5000000000E+00  3.4745379423E-02
  1.0000000000E+00  3.6000000000E+00  3.4713403964E-02
  1.0000000000E+00  3.7000000000E+00  3.4656319319E-02
  1.0000000000E+00  3.8000000000E+00  3.4574761486E-02
  1.0000000000E+00  3.9000000000E+00  3.4469400923E-02
  1.0000000000E+00  4.0000000000E+00  3.4340938038E-02
  1.0000000000E+00  4.1000000000E+00  3.4190098793E-02
  1.0000000000E+00  4.2000000000E+00  3.4017630468E-02
  1.0000000000E+00  4.3000000000E+00  3.3824297648E-02
  1.0000000000E+00  4.4000000000E+00  3.3610878476E-02
  1.0000000000E+00  4.5000000000E+00  3.3378161225E-02
  1.0000000000E+00  4.6000000000E+00  3.3126941243E-02
  1.0000000000E+00  4.7000000000E+00  3.2858018303E-02
  1.0000000000E+00  4.8000000000E+00  3.2572194417E-02
  1.0000000000E+00  4.9000000000E+00  3.2270272138E-02
  1.0000000000E+00  5.0000000000E+00  3.1953053373E-02
  1.0000000000E+00  5.1000000000E+00  3.1621338737E-02
  1.0000000000E+00  5.2000000000E+00  3.1275927465E-02
  1.0000000000E+00  5.3000000000E+00  3.0917617857E-02
  1.0000000000E+00  5.4000000000E+00  3.0547208275E-02
  1.0000000000E+00  5.5000000000E+00  3.0165498666E-02
  1.0000000000E+00  5.6000000000E+00  2.9773292561E-02
  1.0000000000E+00  5.7000000000E+00  2.9371399543E-02
  1.0000000000E+00  5.8000000000E+00  2.8960638108E-02
  1.0000000000E+00  5.9000000000E+00  2.8541838864E-02
  1.0000000000E+00  6.0000000000E+00  2.8115848012E-02
  1.0000000000E+00  6.1000000000E+00  2.7683531021E-02
  1.0000000000E+00  6.2000000000E+00  2.7245776420E-02
  1.0000000000E+00  6.3000000000E+00  2.6803499623E-02
  1.0000000000E+00  6.4000000000E+00  2.6357646696E-02
  1.0000000000E+00  6.5000000000E+00  2.5909197980E-02
  1.0000000000E+00  6.6000000000E+00  2.5459171477E-02
  1.0000000000E+00  6.7000000000E+00  2.5008625916E-02
  1.0000000000E+00  6.8000000000E+00  2.4558663416E-02
  1.0000000000E+00  6.9000000000E+00  2.4110431667E-02
  1.0000000000E+00  7.0000000000E+00  2.3665125566E-02
  1.0000000000E+00  7.1000000000E+00  2.3223988240E-02
  1.0000000000E+00  7.2000000000E+00  2.2788311409E-02
  1.0000000000E+00  7.3000000000E+00  2.2359435050E-02
  1.0000000000E+00  7.4000000000E+00  2.1938746329E-02
  1.0000000000E+00  7.5000000000E+00  2.1527677785E-02
  1.0000000000E+00  7.6000000000E+00  2.1127704766E-02
  1.0000000000E+00  7.7000000000E+00  2.0740342108E-02
  1.0000000000E+00  7.8000000000E+00  2.0367140097E-02
  1.0000000000E+00  7.9000000000E+00  2.0009679719E-02
  1.0000000000E+00  8.0000000000E+00  1.9669567252E-02
  1.0000000000E+00  8.1000000000E+00  1.9348428239E-02
  1.0000000000E+00  8.2000000000E+00  1.9047900895E-02
  1.0000000000E+00  8.3000000000E+00  1.8769629021E-02
  1.0000000000E+00  8.4000000000E+00  1.8515254466E-02
  1.0000000000E+00  8.5000000000E+00  1.8286409231E-02
  1.0000000000E+00  8.6000000000E+00  1.8084707266E-02
  1.0000000000E+00  8.7000000000E+00  1.7911736037E-02
  1.0000000000E+00  8.8000000000E+00  1.7769047931E-02
  1.0000000000E+00  8.9000000000E+00  1.7658151565E-02
  1.0000000000E+00  9.0000000000E+00  1.7580503055E-02
  1.0000000000E+00  9.1000000000E+00  1.7537497305E-02
  1.0000000000E+00  9.2000000000E+00  1.7530459371E-02
  1.0000000000E+00  9.3000000000E+00  1.7560635929E-02
  1.0000000000E+00  9.4000000000E+00  1.7629186903E-02
  1.0000000000E+00  9.5000000000E+00  1.7737177264E-02
  1.0000000000E+00  9.6000000000E+00  1.7885569033E-02
  1.0000000000E+00  9.7000000000E+00  1.8075213508E-02
  1.0000000000E+00  9.8000000000E+00  1.8306843709E-02
  1.0000000000E+00  9.9000000000E+00  1.8581067064E-02
  1.0000000000E+00  1.0000000000E+01  1.8898358332E-02

  1.0400000000E+00  0.0000000000E+00  1.8374933849E-02
  1.0400000000E+00  1.0000000000E-01  1.9121857319E-02
  1.0400000000E+00  2.0000000000E-01  1.9871144151E-02
  1.0400000000E+00  3.0000000000E-01  2.0621129482E-02
  1.0400000000E+00  4.0000000000E-01  2.1370125178E-02
  1.0400000000E+00  5.0000000000E-01  2.2116427941E-02
  1.0400000000E+00  6.0000000000E-01  2.2858327415E-02
  1.0400000000E+00  7.0000000000E-01  2.3594114238E-02
  1.0400000000E+00  8.0000000000E-01  2.4322087982E-02
  1.0400000000E+00  9.0000000000E-01  2.5040564930E-02
  1.0400000000E+00  1.0000000000E+00  2.5747885634E-02
  1.0400000000E+00  1.1000000000E+00  2.6442422218E-02
  1.0400000000E+00  1.2000000000E+00  2.7122585390E-02
  1.0400000000E+00  1.3000000000E+00  2.7786831120E-02
  1.0400000000E+00  1.4000000000E+00  2.8433666962E-02
  1.0400000000E+00  1.5000000000E+00  2.9061657993E-02
  1.0400000000E+00  1.6000000000E+00  2.9669432344E-02
  1.0400000000E+00  1.7000000000E+00  3.0255686313E-02
  1.0400000000E+00  1.8000000000E+00  3.0819189034E-02
  1.0400000000E+00  1.9000000000E+00  3.1358786696E-02
  1.0400000000E+00  2.0000000000E+00  3.1873406301E-02
  1.0400000000E+00  2.1000000000E+00  3.2362058944E-02
  1.0400000000E+00  2.2000000000E+00  3.2823842617E-02
  1.0400000000E+00  2.3000000000E+00  3.3257944529E-02
  1.0400000000E+00  2.4000000000E+00  3.3663642918E-02
  1.0400000000E+00  2.5000000000E+00  3.4040308385E-02
  1.0400000000E+00  2.6000000000E+00  3.4387404716E-02
  1.0400000000E+00  2.7000000000E+00  3.4704489206E-02
  1.0400000000E+00  2.8000000000E+00  3.4991212488E-02
  1.0400000000E+00  2.9000000000E+00  3.5247317862E-02
  1.0400000000E+00  3.0000000000E+00  3.5472640143E-02
  1.0400000000E+00  3.1000000000E+00  3.5667104029E-02
  1.0400000000E+00  3.2000000000E+00  3.5830722010E-02
  1.0400000000E+00  3.3000000000E+00  3.5963591841E-02
  1.0400000000E+00  3.4000000000E+00  3.6065893600E-02
  1.0400000000E+00  3.5000000000E+00  3.6137886356E-02
  1.0400000000E+00  3.6000000000E+00  3.6179904505E-02
  1.0400000000E+00  3.7000000000E+00  3.6192353790E-02
  1.0400000000E+00  3.8000000000E+00  3.6175707070E-02
  1.0400000000E+00  3.9000000000E+00  3.6130499889E-02
  1.0400000000E+00  4.0000000000E+00  3.6057325891E-02
  1.0400000000E+00  4.1000000000E+00  3.5956832160E-02
  1.0400000000E+00  4.2000000000E+00  3.5829714531E-02
  1.0400000000E+00  4.3000000000E+00  3.5676712960E-02
  1.0400000000E+00  4.4000000000E+00  3.5498606991E-02
  1.0400000000E+00  4.5000000000E+00  3.5296211416E-02
  1.0400000000E+00  4.6000000000E+00  3.5070372172E-02
  1.0400000000E+00  4.7000000000E+00  3.4821962544E-02
  1.0400000000E+00  4.8000000000E+00  3.4551879734E-02
  1.0400000000E+00  4.9000000000E+00  3.4261041827E-02
  1.0400000000E+00  5.0000000000E+00  3.3950385229E-02
  1.0400000000E+00  5.1000000000E+00  3.3620862574E-02
  1.0400000000E+00  5.2000000000E+00  3.3273441152E-02
  1.0400000000E+00  5.3000000000E+00  3.2909101857E-02
  1.0400000000E+00  5.4000000000E+00  3.2528838658E-02
  1.0400000000E+00  5.5000000000E+00  3.2133658589E-02
  1.0400000000E+00  5.6000000000E+00  3.1724582232E-02
  1.0400000000E+00  5.7000000000E+00  3.1302644660E-02
  1.0400000000E+00  5.8000000000E+00  3.0868896804E-02
  1.0400000000E+00  5.9000000000E+00  3.0424407176E-02
  1.0400000000E+00  6.0000000000E+00  2.9970263897E-02
  1.0400000000E+00  6.1000000000E+00  2.9507576959E-02
  1.0400000000E+00  6.2000000000E+00  2.9037480626E-02
  1.0400000000E+00  6.3000000000E+00  2.8561135919E-02
  1.0400000000E+00  6.4000000000E+00  2.8079733071E-02
  1.0400000000E+00  6.5000000000E+00  2.7594493880E-02
  1.0400000000E+00  6.6000000000E+00  2.7106673871E-02
  1.0400000000E+00  6.7000000000E+00  2.6617564171E-02
  1.0400000000E+00  6.8000000000E+00  2.6128493035E-02
  1.0400000000E+00  6.9000000000E+00  2.5640826918E-02
  1.0400000000E+00  7.0000000000E+00  2.5155971058E-02
  1.0400000000E+00  7.1000000000E+00  2.4675369478E-02
  1.0400000000E+00  7.2000000000E+00  2.4200504380E-02
  1.0400000000E+00  7.3000000000E+00  2.3732894879E-02
  1.0400000000E+00  7.4000000000E+00  2.3274095051E-02
  1.0400000000E+00  7.5000000000E+00  2.2825691282E-02
  1.0400000000E+00  7.6000000000E+00  2.2389298909E-02
  1.0400000000E+00  7.7000000000E+00  2.1966558170E-02
  1.0400000000E+00  7.8000000000E+00  2.1559129467E-02
  1.0400000000E+00  7.9000000000E+00  2.1168687992E-02
  1.0400000000E+00  8.0000000000E+00  2.0796917740E-02
  1.0400000000E+00  8.1000000000E+00  2.0445504974E-02
  1.0400000000E+00  8.2000000000E+00  2.0116131188E-02
  1.0400000000E+00  8.3000000000E+00  1.9810465641E-02
  1.0400000000E+00  8.4000000000E+00  1.9530157530E-02
  1.0400000000E+00  8.5000000000E+00  1.9276827869E-02
  1.0400000000E+00  8.6000000000E+00  1.9052061164E-02
  1.0400000000E+00  8.7000000000E+00  1.8857396944E-02
  1.0400000000E+00  8.8000000000E+00  1.8694321228E-02
  1.0400000000E+00  8.9000000000E+00  1.8564258006E-02
  1.0400000000E+00  9.0000000000E+00  1.8468560791E-02
  1.0400000000E+00  9.1000000000E+00  1.8408504308E-02
  1.0400000000E+00  9.2000000000E+00  1.8385276384E-02
  1.0400000000E+00  9.3000000000E+00  1.8399970076E-02
  1.0400000000E+00  9.4000000000E+00  1.8453576081E-02
  1.0400000000E+00  9.5000000000E+00  1.8546975473E-02
  1.0400000000E+00  9.6000000000E+00  1.8680932782E-02
  1.0400000000E+00  9.7000000000E+00  1.8856089431E-02
  1.0400000000E+00  9.8000000000E+00  1.9072957560E-02
  1.0400000000E+00  9.9000000000E+00  1.9331914224E-02
  1.0400000000E+00  1.0000000000E+01  1.9633195976E-02

  1.0800000000E+00  0.0000000000E+00  1.6310517890E-02
  1.0800000000E+00  1.0000000000E-01  1.7062405280E-02
  1.0800000000E+00  2.0000000000E-01  1.7823496393E-02
  1.0800000000E+00  3.0000000000E-01  1.8592272136E-02
  1.0800000000E+00  4.0000000000E-01  1.9367149413E-02
  1.0800000000E+00  5.0000000000E-01  2.0146487766E-02
  1.0800000000E+00  6.0000000000E-01  2.0928596434E-02
  1.0800000000E+00  7.0000000000E-01  2.1711741761E-02
  1.0800000000E+00  8.0000000000E-01  2.2494154940E-02
  1.0800000000E+00  9.0000000000E-01  2.3274040004E-02
  1.0800000000E+00  1.0000000000E+00  2.4049582034E-02
  1.0800000000E+00  1.1000000000E+00  2.4818955530E-02
  1.0800000000E+00  1.2000000000E+00  2.5580332877E-02
  1.0800000000E+00  1.3000000000E+00  2.6331892864E-02
  1.0800000000E+00  1.4000000000E+00  2.7071829188E-02
  1.0800000000E+00  1.5000000000E+00  2.7798358906E-02
  1.0800000000E+00  1.6000000000E+00  2.8509730752E-02
  1.0800000000E+00  1.7000000000E+00  2.9204233292E-02
  1.0800000000E+00  1.8000000000E+00  2.9880202834E-02
  1.0800000000E+00  1.9000000000E+00  3.0536031066E-02
  1.0800000000E+00  2.0000000000E+00  3.1170172341E-02
  1.0800000000E+00  2.1000000000E+00  3.1781150583E-02
  1.0800000000E+00  2.2000000000E+00  3.2367565746E-02
  1.0800000000E+00  2.3000000000E+00  3.2928099781E-02
  1.0800000000E+00  2.4000000000E+00  3.3461522081E-02
  1.0800000000E+00  2.5000000000E+00  3.3966694341E-02
  1.0800000000E+00  2.6000000000E+00  3.4442574819E-02
  1.0800000000E+00  2.7000000000E+00  3.4888221954E-02
  1.0800000000E+00  2.8000000000E+00  3.5302797313E-02
  1.0800000000E+00  2.9000000000E+00  3.5685567862E-02
  1.0800000000E+00  3.0000000000E+00  3.6035907542E-02
  1.0800000000E+00  3.1000000000E+00  3.6353298137E-02
  1.0800000000E+00  3.2000000000E+00  3.6637329454E-02
  1.0800000000E+00  3.3000000000E+00  3.6887698822E-02
  1.0800000000E+00  3.4000000000E+00  3.7104209923E-02
  1.0800000000E+00  3.5000000000E+00  3.7286770998E-02
  1.0800000000E+00  3.6000000000E+00  3.7435392458E-02
  1.0800000000E+00  3.7000000000E+00  3.7550183949E-02
  1.0800000000E+00  3.8000000000E+00  3.7631350931E-02
  1.0800000000E+00  3.9000000000E+00  3.7679190825E-02
  1.0800000000E+00  4.0000000000E+00  3.7694088795E-02
  1.0800000000E+00  4.1000000000E+00  3.7676513258E-02
  1.0800000000E+00  4.2000000000E+00  3.7627011168E-02
  1.0800000000E+00  4.3000000000E+00  3.7546203176E-02
  1.0800000000E+00  4.4000000000E+00  3.7434778745E-02
  1.0800000000E+00  4.5000000000E+00  3.7293491288E-02
  1.0800000000E+00  4.6000000000E+00  3.7123153418E-02
  1.0800000000E+00  4.7000000000E+00  3.6924632376E-02
  1.0800000000E+00  4.8000000000E+00  3.6698845717E-02
  1.0800000000E+00  4.9000000000E+00  3.6446757296E-02
  1.0800000000E+00  5.0000000000E+00  3.6169373629E-02
  1.0800000000E+00  5.1000000000E+00  3.5867740654E-02
  1.0800000000E+00  5.2000000000E+00  3.5542940940E-02
  1.0800000000E+00  5.3000000000E+00  3.5196091350E-02
  1.0800000000E+00  5.4000000000E+00  3.4828341181E-02
  1.0800000000E+00  5.5000000000E+00  3.4440870771E-02
  1.0800000000E+00  5.6000000000E+00  3.4034890556E-02
  1.0800000000E+00  5.7000000000E+00  3.3611640560E-02
  1.0800000000E+00  5.8000000000E+00  3.3172390264E-02
  1.0800000000E+00  5.9000000000E+00  3.2718438817E-02
  1.0800000000E+00  6.0000000000E+00  3.2251115528E-02
  1.0800000000E+00  6.1000000000E+00  3.1771780565E-02
  1.0800000000E+00  6.2000000000E+00  3.1281825795E-02
  1.0800000000E+00  6.3000000000E+00  3.0782675686E-02
  1.0800000000E+00  6.4000000000E+00  3.0275788176E-02
  1.0800000000E+00  6.5000000000E+00  2.9762655447E-02
  1.0800000000E+00  6.6000000000E+00  2.9244804502E-02
  1.0800000000E+00  6.7000000000E+00  2.8723797473E-02
  1.0800000000E+00  6.8000000000E+00  2.8201231578E-02
  1.0800000000E+00  6.9000000000E+00  2.7678738667E-02
  1.0800000000E+00  7.0000000000E+00  2.7157984273E-02
  1.0800000000E+00  7.1000000000E+00  2.6640666142E-02
  1.0800000000E+00  7.2000000000E+00  2.6128512163E-02
  1.0800000000E+00  7.3000000000E+00  2.5623277698E-02
  1.0800000000E+00  7.4000000000E+00  2.5126742262E-02
  1.0800000000E+00  7.5000000000E+00  2.4640705562E-02
  1.0800000000E+00  7.6000000000E+00  2.4166982886E-02
  1.0800000000E+00  7.7000000000E+00  2.3707399858E-02
  1.0800000000E+00  7.8000000000E+00  2.3263786591E-02
  1.0800000000E+00  7.9000000000E+00  2.2837971268E-02
  1.0800000000E+00  8.0000000000E+00  2.2431773195E-02
  1.0800000000E+00  8.1000000000E+00  2.2046995398E-02
  1.0800000000E+00  8.2000000000E+00  2.1685416806E-02
  1.0800000000E+00  8.3000000000E+00  2.1348784111E-02
  1.0800000000E+00  8.4000000000E+00  2.1038803369E-02
  1.0800000000E+00  8.5000000000E+00  2.0757131416E-02
  1.0800000000E+00  8.6000000000E+00  2.0505367202E-02
  1.0800000000E+00  8.7000000000E+00  2.0285043098E-02
  1.0800000000E+00  8.8000000000E+00  2.0097616268E-02
  1.0800000000E+00  8.9000000000E+00  1.9944460190E-02
  1.0800000000E+00  9.0000000000E+00  1.9826856380E-02
  1.0800000000E+00  9.1000000000E+00  1.9745986406E-02
  1.0800000000E+00  9.2000000000E+00  1.9702924238E-02
  1.0800000000E+00  9.3000000000E+00  1.9698628994E-02
  1.0800000000E+00  9.4000000000E+00  1.9733938135E-02
  1.0800000000E+00  9.5000000000E+00  1.9809561125E-02
  1.0800000000E+00  9.6000000000E+00  1.9926073616E-02
  1.0800000000E+00  9.7000000000E+00  2.0083912147E-02
  1.0800000000E+00  9.8000000000E+00  2.0283369398E-02
  1.0800000000E+00  9.9000000000E+00  2.0524589983E-02
  1.0800000000E+00  1.0000000000E+01  2.0807566802E-02

  1.1200000000E+00  0.0000000000E+00  1.4046336514E-02
  1.1200000000E+00  1.0000000000E-01  1.4791721957E-02
  1.1200000000E+00  2.0000000000E-01  1.5553413499E-02
  1.1200000000E+00  3.0000000000E-01  1.6330113266E-02
  1.1200000000E+00  4.0000000000E-01  1.7120418411E-02
  1.1200000000E+00  5.0000000000E-01  1.7922825641E-02
  1.1200000000E+00  6.0000000000E-01  1.8735736568E-02
  1.1200000000E+00  7.0000000000E-01  1.9557463873E-02
  1.1200000000E+00  8.0000000000E-01  2.0386238239E-02
  1.1200000000E+00  9.0000000000E-01  2.1220216016E-02
  1.1200000000E+00  1.0000000000E+00  2.2057487571E-02
  1.1200000000E+00  1.1000000000E+00  2.2896086261E-02
  1.1200000000E+00  1.2000000000E+00  2.3733997962E-02
  1.1200000000E+00  1.3000000000E+00  2.4569171082E-02
  1.1200000000E+00  1.4000000000E+00  2.5399526981E-02
  1.1200000000E+00  1.5000000000E+00  2.6222970702E-02
  1.1200000000E+00  1.6000000000E+00  2.7037401941E-02
  1.1200000000E+00  1.7000000000E+00  2.7840726140E-02
  1.1200000000E+00  1.8000000000E+00  2.8630865615E-02
  1.1200000000E+00  1.9000000000E+00  2.9405770627E-02
  1.1200000000E+00  2.0000000000E+00  3.0163430279E-02
  1.1200000000E+00  2.1000000000E+00  3.0901883151E-02
  1.1200000000E+00  2.2000000000E+00  3.1619227574E-02
  1.1200000000E+00  2.3000000000E+00  3.2313631448E-02
  1.1200000000E+00  2.4000000000E+00  3.2983341514E-02
  1.1200000000E+00  2.5000000000E+00  3.3626691990E-02
  1.1200000000E+00  2.6000000000E+00  3.4242112517E-02
  1.1200000000E+00  2.7000000000E+00  3.4828135323E-02
  1.1200000000E+00  2.8000000000E+00  3.5383401560E-02
  1.1200000000E+00  2.9000000000E+00  3.5906666770E-02
  1.1200000000E+00  3.0000000000E+00  3.6396805439E-02
  1.1200000000E+00  3.1000000000E+00  3.6852814624E-02
  1.1200000000E+00  3.2000000000E+00  3.7273816631E-02
  1.1200000000E+00  3.3000000000E+00  3.7659060771E-02
  1.1200000000E+00  3.4000000000E+00  3.8007924177E-02
  1.1200000000E+00  3.5000000000E+00  3.8319911750E-02
  1.1200000000E+00  3.6000000000E+00  3.8594655243E-02
  1.1200000000E+00  3.7000000000E+00  3.8831911559E-02
  1.1200000000E+00  3.8000000000E+00  3.9031560316E-02
  1.1200000000E+00  3.9000000000E+00  3.9193600755E-02
  1.1200000000E+00  4.0000000000E+00  3.9318148073E-02
  1.1200000000E+00  4.1000000000E+00  3.9405429277E-02
  1.1200000000E+00  4.2000000000E+00  3.9455778634E-02
  1.1200000000E+00  4.3000000000E+00  3.9469632831E-02
  1.1200000000E+00  4.4000000000E+00  3.9447525933E-02
  1.1200000000E+00  4.5000000000E+00  3.9390084230E-02
  1.1200000000E+00  4.6000000000E+00  3.9298021081E-02
  1.1200000000E+00  4.7000000000E+00  3.9172131821E-02
  1.1200000000E+00  4.8000000000E+00  3.9013288830E-02
  1.1200000000E+00  4.9000000000E+00  3.8822436829E-02
  1.1200000000E+00  5.0000000000E+00  3.8600588465E-02
  1.1200000000E+00  5.1000000000E+00  3.8348820230E-02
  1.1200000000E+00  5.2000000000E+00  3.8068268774E-02
  1.1200000000E+00  5.3000000000E+00  3.7760127612E-02
  1.1200000000E+00  5.4000000000E+00  3.7425644252E-02
  1.1200000000E+00  5.5000000000E+00  3.7066117750E-02
  1.1200000000E+00  5.6000000000E+00  3.6682896661E-02
  1.1200000000E+00  5.7000000000E+00  3.6277377370E-02
  1.1200000000E+00  5.8000000000E+00  3.5851002770E-02
  1.1200000000E+00  5.9000000000E+00  3.5405261223E-02
  1.1200000000E+00  6.0000000000E+00  3.4941685757E-02
  1.1200000000E+00  6.1000000000E+00  3.4461853427E-02
  1.1200000000E+00  6.2000000000E+00  3.3967384774E-02
  1.1200000000E+00  6.3000000000E+00  3.3459943286E-02
  1.1200000000E+00  6.4000000000E+00  3.2941234802E-02
  1.1200000000E+00  6.5000000000E+00  3.2413006769E-02
  1.1200000000E+00  6.6000000000E+00  3.1877047263E-02
  1.1200000000E+00  6.7000000000E+00  3.1335183710E-02
  1.1200000000E+00  6.8000000000E+00  3.0789281236E-02
  1.1200000000E+00  6.9000000000E+00  3.0241240561E-02
  1.1200000000E+00  7.0000000000E+00  2.9692995411E-02
  1.1200000000E+00  7.1000000000E+00  2.9146509371E-02
  1.1200000000E+00  7.2000000000E+00  2.8603772163E-02
  1.1200000000E+00  7.3000000000E+00  2.8066795314E-02
  1.1200000000E+00  7.4000000000E+00  2.7537607199E-02
  1.1200000000E+00  7.5000000000E+00  2.7018247473E-02
  1.1200000000E+00  7.6000000000E+00  2.6510760879E-02
  1.1200000000E+00  7.7000000000E+00  2.6017190486E-02
  1.1200000000E+00  7.8000000000E+00  2.5539570364E-02
  1.1200000000E+00  7.9000000000E+00  2.5079917766E-02
  1.1200000000E+00  8.0000000000E+00  2.4640224859E-02
  1.1200000000E+00  8.1000000000E+00  2.4222450077E-02
  1.1200000000E+00  8.2000000000E+00  2.3828509172E-02
  1.1200000000E+00  8.3000000000E+00  2.3460266031E-02
  1.1200000000E+00  8.4000000000E+00  2.3119523361E-02
  1.1200000000E+00  8.5000000000E+00  2.2808013316E-02
  1.1200000000E+00  8.6000000000E+00  2.2527388158E-02
  1.1200000000E+00  8.7000000000E+00  2.2279211050E-02
  1.1200000000E+00  8.8000000000E+00  2.2064947056E-02
  1.1200000000E+00  8.9000000000E+00  2.1885954438E-02
  1.1200000000E+00  9.0000000000E+00  2.1743476334E-02
  1.1200000000E+00  9.1000000000E+00  2.1638632879E-02
  1.1200000000E+00  9.2000000000E+00  2.1572413852E-02
  1.1200000000E+00  9.3000000000E+00  2.1545671895E-02
  1.1200000000E+00  9.4000000000E+00  2.1559116356E-02
  1.1200000000E+00  9.5000000000E+00  2.1613307809E-02
  1.1200000000E+00  9.6000000000E+00  2.1708653268E-02
  1.1200000000E+00  9.7000000000E+00  2.1845402132E-02
  1.1200000000E+00  9.8000000000E+00  2.2023642861E-02
  1.1200000000E+00  9.9000000000E+00  2.2243300407E-02
  1.1200000000E+00  1.0000000000E+01  2.2504134373E-02

  1.1600000000E+00  0.0000000000E+00  1.2143544594E-02
  1.1600000000E+00  1.0000000000E-01  1.2876491892E-02
  1.1600000000E+00  2.0000000000E-01  1.3631889004E-02
  1.1600000000E+00  3.0000000000E-01  1.4408712530E-02
  1.1600000000E+00  4.0000000000E-01  1.5205801334E-02
  1.1600000000E+00  5.0000000000E-01  1.6021858331E-02
  1.1600000000E+00  6.0000000000E-01  1.6855453435E-02
  1.1600000000E+00  7.0000000000E-01  1.7705027675E-02
  1.1600000000E+00  8.0000000000E-01  1.8568898468E-02
  1.1600000000E+00  9.0000000000E-01  1.9445266041E-02
  1.1600000000E+00  1.0000000000E+00  2.0332220964E-02
  1.1600000000E+00  1.1000000000E+00  2.1227752748E-02
  1.1600000000E+00  1.2000000000E+00  2.2129759446E-02
  1.1600000000E+00  1.3000000000E+00  2.3036058175E-02
  1.1600000000E+00  1.4000000000E+00  2.3944396486E-02
  1.1600000000E+00  1.5000000000E+00  2.4852464463E-02
  1.1600000000E+00  1.6000000000E+00  2.5757907443E-02
  1.1600000000E+00  1.7000000000E+00  2.6658339249E-02
  1.1600000000E+00  1.8000000000E+00  2.7551355775E-02
  1.1600000000E+00  1.9000000000E+00  2.8434548827E-02
  1.1600000000E+00  2.0000000000E+00  2.9305520038E-02
  1.1600000000E+00  2.1000000000E+00  3.0161894745E-02
  1.1600000000E+00  2.2000000000E+00  3.1001335674E-02
  1.1600000000E+00  2.3000000000E+00  3.1821556285E-02
  1.1600000000E+00  2.4000000000E+00  3.2620333656E-02
  1.1600000000E+00  2.5000000000E+00  3.3395520766E-02
  1.1600000000E+00  2.6000000000E+00  3.4145058067E-02
  1.1600000000E+00  2.7000000000E+00  3.4866984221E-02
  1.1600000000E+00  2.8000000000E+00  3.5559445925E-02
  1.1600000000E+00  2.9000000000E+00  3.6220706722E-02
  1.1600000000E+00  3.0000000000E+00  3.6849154757E-02
  1.1600000000E+00  3.1000000000E+00  3.7443309397E-02
  1.1600000000E+00  3.2000000000E+00  3.8001826712E-02
  1.1600000000E+00  3.3000000000E+00  3.8523503789E-02
  1.1600000000E+00  3.4000000000E+00  3.9007281880E-02
  1.1600000000E+00  3.5000000000E+00  3.9452248415E-02
  1.1600000000E+00  3.6000000000E+00  3.9857637914E-02
  1.1600000000E+00  3.7000000000E+00  4.0222831849E-02
  1.1600000000E+00  3.8000000000E+00  4.0547357525E-02
  1.1600000000E+00  3.9000000000E+00  4.0830886073E-02
  1.1600000000E+00  4.0000000000E+00  4.1073229626E-02
  1.1600000000E+00  4.1000000000E+00  4.1274337800E-02
  1.1600000000E+00  4.2000000000E+00  4.1434293576E-02
  1.1600000000E+00  4.3000000000E+00  4.1553308701E-02
  1.1600000000E+00  4.4000000000E+00  4.1631718708E-02
  1.1600000000E+00  4.5000000000E+00  4.1669977695E-02
  1.1600000000E+00  4.6000000000E+00  4.1668652941E-02
  1.1600000000E+00  4.7000000000E+00  4.1628419489E-02
  1.1600000000E+00  4.8000000000E+00  4.1550054769E-02
  1.1600000000E+00  4.9000000000E+00  4.1434433370E-02
  1.1600000000E+00  5.0000000000E+00  4.1282522022E-02
  1.1600000000E+00  5.1000000000E+00  4.1095374851E-02
  1.1600000000E+00  5.2000000000E+00  4.0874128958E-02
  1.1600000000E+00  5.3000000000E+00  4.0620000360E-02
  1.1600000000E+00  5.4000000000E+00  4.0334280304E-02
  1.1600000000E+00  5.5000000000E+00  4.0018331957E-02
  1.1600000000E+00  5.6000000000E+00  3.9673587473E-02
  1.1600000000E+00  5.7000000000E+00  3.9301545390E-02
  1.1600000000E+00  5.8000000000E+00  3.8903768345E-02
  1.1600000000E+00  5.9000000000E+00  3.8481881033E-02
  1.1600000000E+00  6.0000000000E+00  3.8037568362E-02
  1.1600000000E+00  6.1000000000E+00  3.7572573734E-02
  1.1600000000E+00  6.2000000000E+00  3.7088697375E-02
  1.1600000000E+00  6.3000000000E+00  3.6587794627E-02
  1.1600000000E+00  6.4000000000E+00  3.6071774136E-02
  1.1600000000E+00  6.5000000000E+00  3.5542595836E-02
  1.1600000000E+00  6.6000000000E+00  3.5002268663E-02
  1.1600000000E+00  6.7000000000E+00  3.4452847908E-02
  1.1600000000E+00  6.8000000000E+00  3.3896432155E-02
  1.1600000000E+00  6.9000000000E+00  3.3335159725E-02
  1.1600000000E+00  7.0000000000E+00  3.2771204584E-02
  1.1600000000E+00  7.1000000000E+00  3.2206771671E-02
  1.1600000000E+00  7.2000000000E+00  3.1644091607E-02
  1.1600000000E+00  7.3000000000E+00  3.1085414777E-02
  1.1600000000E+00  7.4000000000E+00  3.0533004774E-02
  1.1600000000E+00  7.5000000000E+00  2.9989131213E-02
  1.1600000000E+00  7.6000000000E+00  2.9456061942E-02
  1.1600000000E+00  7.7000000000E+00  2.8936054673E-02
  1.1600000000E+00  7.8000000000E+00  2.8431348097E-02
  1.1600000000E+00  7.9000000000E+00  2.7944152524E-02
  1.1600000000E+00  8.0000000000E+00  2.7476640126E-02
  1.1600000000E+00  8.1000000000E+00  2.7030934869E-02
  1.1600000000E+00  8.2000000000E+00  2.6609102198E-02
  1.1600000000E+00  8.3000000000E+00  2.6213138590E-02
  1.1600000000E+00  8.4000000000E+00  2.5844961065E-02
  1.1600000000E+00  8.5000000000E+00  2.5506396747E-02
  1.1600000000E+00  8.6000000000E+00  2.5199172591E-02
  1.1600000000E+00  8.7000000000E+00  2.4924905365E-02
  1.1600000000E+00  8.8000000000E+00  2.4685091997E-02
  1.1600000000E+00  8.9000000000E+00  2.4481100375E-02
  1.1600000000E+00  9.0000000000E+00  2.4314160693E-02
  1.1600000000E+00  9.1000000000E+00  2.4185357431E-02
  1.1600000000E+00  9.2000000000E+00  2.4095622039E-02
  1.1600000000E+00  9.3000000000E+00  2.4045726402E-02
  1.1600000000E+00  9.4000000000E+00  2.4036277135E-02
  1.1600000000E+00  9.5000000000E+00  2.4067710760E-02
  1.1600000000E+00  9.6000000000E+00  2.4140289810E-02
  1.1600000000E+00  9.7000000000E+00  2.4254099874E-02
  1.1600000000E+00  9.8000000000E+00  2.4409047603E-02
  1.1600000000E+00  9.9000000000E+00  2.4604859694E-02
  1.1600000000E+00  1.0000000000E+01  2.4841082824E-02

  1.2000000000E+00  0.0000000000E+00  1.0711217708E-02
  1.2000000000E+00  1.0000000000E-01  1.1428756625E-02
  1.2000000000E+00  2.0000000000E-01  1.2173671154E-02
  1.2000000000E+00  3.0000000000E-01  1.2945252223E-02
  1.2000000000E+00  4.0000000000E-01  1.3742631316E-02
  1.2000000000E+00  5.0000000000E-01  1.4564779059E-02
  1.2000000000E+00  6.0000000000E-01  1.5410505126E-02
  1.2000000000E+00  7.0000000000E-01  1.6278459543E-02
  1.2000000000E+00  8.0000000000E-01  1.7167135412E-02
  1.2000000000E+00  9.0000000000E-01  1.8074873084E-02
  1.2000000000E+00  1.0000000000E+00  1.8999865771E-02
  1.2000000000E+00  1.1000000000E+00  1.9940166597E-02
  1.2000000000E+00  1.2000000000E+00  2.0893697025E-02
  1.2000000000E+00  1.3000000000E+00  2.1858256629E-02
  1.2000000000E+00  1.4000000000E+00  2.2831534113E-02
  1.2000000000E+00  1.5000000000E+00  2.3811119488E-02
  1.2000000000E+00  1.6000000000E+00  2.4794517309E-02
  1.2000000000E+00  1.7000000000E+00  2.5779160806E-02
  1.2000000000E+00  1.8000000000E+00  2.6762426814E-02
  1.2000000000E+00  1.9000000000E+00  2.7741651295E-02
  1.2000000000E+00  2.0000000000E+00  2.8714145335E-02
  1.2000000000E+00  2.1000000000E+00  2.9677211401E-02
  1.2000000000E+00  2.2000000000E+00  3.0628159709E-02
  1.2000000000E+00  2.3000000000E+00  3.1564324516E-02
  1.2000000000E+00  2.4000000000E+00  3.2483080152E-02
  1.2000000000E+00  2.5000000000E+00  3.3381856628E-02
  1.2000000000E+00  2.6000000000E+00  3.4258154655E-02
  1.2000000000E+00  2.7000000000E+00  3.5109559914E-02
  1.2000000000E+00  2.8000000000E+00  3.5933756439E-02
  1.2000000000E+00  2.9000000000E+00  3.6728538990E-02
  1.2000000000E+00  3.0000000000E+00  3.7491824301E-02
  1.2000000000E+00  3.1000000000E+00  3.8221661123E-02
  1.2000000000E+00  3.2000000000E+00  3.8916238981E-02
  1.2000000000E+00  3.3000000000E+00  3.9573895612E-02
  1.2000000000E+00  3.4000000000E+00  4.0193123053E-02
  1.2000000000E+00  3.5000000000E+00  4.0772572375E-02
  1.2000000000E+00  3.6000000000E+00  4.1311057079E-02
  1.2000000000E+00  3.7000000000E+00  4.1807555206E-02
  1.2000000000E+00  3.8000000000E+00  4.2261210202E-02
  1.2000000000E+00  3.9000000000E+00  4.2671330634E-02
  1.2000000000E+00  4.0000000000E+00  4.3037388822E-02
  1.2000000000E+00  4.1000000000E+00  4.3359018523E-02
  1.2000000000E+00  4.2000000000E+00  4.3636011753E-02
  1.2000000000E+00  4.3000000000E+00  4.3868314883E-02
  1.2000000000E+00  4.4000000000E+00  4.4056024140E-02
  1.2000000000E+00  4.5000000000E+00  4.4199380623E-02
  1.2000000000E+00  4.6000000000E+00  4.4298764977E-02
  1.2000000000E+00  4.7000000000E+00  4.4354691839E-02
  1.2000000000E+00  4.8000000000E+00  4.4367804170E-02
  1.2000000000E+00  4.9000000000E+00  4.4338867587E-02
  1.2000000000E+00  5.0000000000E+00  4.4268764768E-02
  1.2000000000E+00  5.1000000000E+00  4.4158490038E-02
  1.2000000000E+00  5.2000000000E+00  4.4009144181E-02
  1.2000000000E+00  5.3000000000E+00  4.3821929526E-02
  1.2000000000E+00  5.4000000000E+00  4.3598145359E-02
  1.2000000000E+00  5.5000000000E+00  4.3339183655E-02
  1.2000000000E+00  5.6000000000E+00  4.3046525139E-02
  1.2000000000E+00  5.7000000000E+00  4.2721735661E-02
  1.2000000000E+00  5.8000000000E+00  4.2366462853E-02
  1.2000000000E+00  5.9000000000E+00  4.1982433014E-02
  1.2000000000E+00  6.0000000000E+00  4.1571448177E-02
  1.2000000000E+00  6.1000000000E+00  4.1135383290E-02
  1.2000000000E+00  6.2000000000E+00  4.0676183422E-02
  1.2000000000E+00  6.3000000000E+00  4.0195860938E-02
  1.2000000000E+00  6.4000000000E+00  3.9696492538E-02
  1.2000000000E+00  6.5000000000E+00  3.9180216083E-02
  1.2000000000E+00  6.6000000000E+00  3.8649227131E-02
  1.2000000000E+00  6.7000000000E+00  3.8105775098E-02
  1.2000000000E+00  6.8000000000E+00  3.7552158969E-02
  1.2000000000E+00  6.9000000000E+00  3.6990722505E-02
  1.2000000000E+00  7.0000000000E+00  3.6423848873E-02
  1.2000000000E+00  7.1000000000E+00  3.5853954682E-02
  1.2000000000E+00  7.2000000000E+00  3.5283483365E-02
  1.2000000000E+00  7.3000000000E+00  3.4714897911E-02
  1.2000000000E+00  7.4000000000E+00  3.4150672934E-02
  1.2000000000E+00  7.5000000000E+00  3.3593286092E-02
  1.2000000000E+00  7.6000000000E+00  3.3045208887E-02
  1.2000000000E+00  7.7000000000E+00  3.2508896870E-02
  1.2000000000E+00  7.8000000000E+00  3.1986779335E-02
  1.2000000000E+00  7.9000000000E+00  3.1481248526E-02
  1.2000000000E+00  8.0000000000E+00  3.0994648483E-02
  1.2000000000E+00  8.1000000000E+00  3.0529263574E-02
  1.2000000000E+00  8.2000000000E+00  3.0087306839E-02
  1.2000000000E+00  8.3000000000E+00  2.9670908233E-02
  1.2000000000E+00  8.4000000000E+00  2.9282102899E-02
  1.2000000000E+00  8.5000000000E+00  2.8922819560E-02
  1.2000000000E+00  8.6000000000E+00  2.8594869168E-02
  1.2000000000E+00  8.7000000000E+00  2.8299933922E-02
  1.2000000000E+00  8.8000000000E+00  2.8039556759E-02
  1.2000000000E+00  8.9000000000E+00  2.7815131445E-02
  1.2000000000E+00  9.0000000000E+00  2.7627893362E-02
  1.2000000000E+00  9.1000000000E+00  2.7478911100E-02
  1.2000000000E+00  9.2000000000E+00  2.7369078929E-02
  1.2000000000E+00  9.3000000000E+00  2.7299110255E-02
  1.2000000000E+00  9.4000000000E+00  2.7269532110E-02
  1.2000000000E+00  9.5000000000E+00  2.7280680746E-02
  1.2000000000E+00  9.6000000000E+00  2.7332698383E-02
  1.2000000000E+00  9.7000000000E+00  2.7425531132E-02
  1.2000000000E+00  9.8000000000E+00  2.7558928122E-02
  1.2000000000E+00  9.9000000000E+00  2.7732441842E-02
  1.2000000000E+00  1.0000000000E+01  2.7945429674E-02

  1.2400000000E+00  0.0000000000E+00  9.6451889297E-03
  1.2400000000E+00  1.0000000000E-01  1.0346260752E-02
  1.2400000000E+00  2.0000000000E-01  1.1078623149E-02
  1.2400000000E+00  3.0000000000E-01  1.1841906102E-02
  1.2400000000E+00  4.0000000000E-01  1.2635569252E-02
  1.2400000000E+00  5.0000000000E-01  1.3458897107E-02
  1.2400000000E+00  6.0000000000E-01  1.4310995605E-02
  1.2400000000E+00  7.0000000000E-01  1.5190790121E-02
  1.2400000000E+00  8.0000000000E-01  1.6097025027E-02
  1.2400000000E+00  9.0000000000E-01  1.7028264841E-02
  1.2400000000E+00  1.0000000000E+00  1.7982897033E-02
  1.2400000000E+00  1.1000000000E+00  1.8959136495E-02
  1.2400000000E+00  1.2000000000E+00  1.9955031687E-02
  1.2400000000E+00  1.3000000000E+00  2.0968472438E-02
  1.2400000000E+00  1.4000000000E+00  2.1997199342E-02
  1.2400000000E+00  1.5000000000E+00  2.3038814700E-02
  1.2400000000E+00  1.6000000000E+00  2.4090794902E-02
  1.2400000000E+00  1.7000000000E+00  2.5150504138E-02
  1.2400000000E+00  1.8000000000E+00  2.6215209312E-02
  1.2400000000E+00  1.9000000000E+00  2.7282095987E-02
  1.2400000000E+00  2.0000000000E+00  2.8348285220E-02
  1.2400000000E+00  2.1000000000E+00  2.9410851075E-02
  1.2400000000E+00  2.2000000000E+00  3.0466838639E-02
  1.2400000000E+00  2.3000000000E+00  3.1513282339E-02
  1.2400000000E+00  2.4000000000E+00  3.2547224344E-02
  1.2400000000E+00  2.5000000000E+00  3.3565732862E-02
  1.2400000000E+00  2.6000000000E+00  3.4565920119E-02
  1.2400000000E+00  2.7000000000E+00  3.5544959830E-02
  1.2400000000E+00  2.8000000000E+00  3.6500103975E-02
  1.2400000000E+00  2.9000000000E+00  3.7428698717E-02
  1.2400000000E+00  3.0000000000E+00  3.8328199288E-02
  1.2400000000E+00  3.1000000000E+00  3.9196183733E-02
  1.2400000000E+00  3.2000000000E+00  4.0030365372E-02
  1.2400000000E+00  3.3000000000E+00  4.0828603907E-02
  1.2400000000E+00  3.4000000000E+00  4.1588915092E-02
  1.2400000000E+00  3.5000000000E+00  4.2309478936E-02
  1.2400000000E+00  3.6000000000E+00  4.2988646407E-02
  1.2400000000E+00  3.7000000000E+00  4.3624944657E-02
  1.2400000000E+00  3.8000000000E+00  4.4217080780E-02
  1.2400000000E+00  3.9000000000E+00  4.4763944177E-02
  1.2400000000E+00  4.0000000000E+00  4.5264607580E-02
  1.2400000000E+00  4.1000000000E+00  4.5718326832E-02
  1.2400000000E+00  4.2000000000E+00  4.6124539535E-02
  1.2400000000E+00  4.3000000000E+00  4.6482862669E-02
  1.2400000000E+00  4.4000000000E+00  4.6793089322E-02
  1.2400000000E+00  4.5000000000E+00  4.7055184651E-02
  1.2400000000E+00  4.6000000000E+00  4.7269281217E-02
  1.2400000000E+00  4.7000000000E+00  4.7435673826E-02
  1.2400000000E+00  4.8000000000E+00  4.7554814001E-02
  1.2400000000E+00  4.9000000000E+00  4.7627304213E-02
  1.2400000000E+00  5.0000000000E+00  4.7653891982E-02
  1.2400000000E+00  5.1000000000E+00  4.7635463946E-02
  1.2400000000E+00  5.2000000000E+00  4.7573039994E-02
  1.2400000000E+00  5.3000000000E+00  4.7467767526E-02
  1.2400000000E+00  5.4000000000E+00  4.7320915890E-02
  1.2400000000E+00  5.5000000000E+00  4.7133871055E-02
  1.2400000000E+00  5.6000000000E+00  4.6908130518E-02
  1.2400000000E+00  5.7000000000E+00  4.6645298451E-02
  1.2400000000E+00  5.8000000000E+00  4.6347081089E-02
  1.2400000000E+00  5.9000000000E+00  4.6015282315E-02
  1.2400000000E+00  6.0000000000E+00  4.5651799400E-02
  1.2400000000E+00  6.1000000000E+00  4.5258618850E-02
  1.2400000000E+00  6.2000000000E+00  4.4837812293E-02
  1.2400000000E+00  6.3000000000E+00  4.4391532325E-02
  1.2400000000E+00  6.4000000000E+00  4.3922008242E-02
  1.2400000000E+00  6.5000000000E+00  4.3431541586E-02
  1.2400000000E+00  6.6000000000E+00  4.2922501399E-02
  1.2400000000E+00  6.7000000000E+00  4.2397319137E-02
  1.2400000000E+00  6.8000000000E+00  4.1858483141E-02
  1.2400000000E+00  6.9000000000E+00  4.1308532614E-02
  1.2400000000E+00  7.0000000000E+00  4.0750051044E-02
  1.2400000000E+00  7.1000000000E+00  4.0185659013E-02
  1.2400000000E+00  7.2000000000E+00  3.9618006375E-02
  1.2400000000E+00  7.3000000000E+00  3.9049763764E-02
  1.2400000000E+00  7.4000000000E+00  3.8483613434E-02
  1.2400000000E+00  7.5000000000E+00  3.7922239436E-02
  1.2400000000E+00  7.6000000000E+00  3.7368317158E-02
  1.2400000000E+00  7.7000000000E+00  3.6824502259E-02
  1.2400000000E+00  7.8000000000E+00  3.6293419061E-02
  1.2400000000E+00  7.9000000000E+00  3.5777648463E-02
  1.2400000000E+00  8.0000000000E+00  3.5279715456E-02
  1.2400000000E+00  8.1000000000E+00  3.4802076338E-02
  1.2400000000E+00  8.2000000000E+00  3.4347105729E-02
  1.2400000000E+00  8.3000000000E+00  3.3917083513E-02
  1.2400000000E+00  8.4000000000E+00  3.3514181808E-02
  1.2400000000E+00  8.5000000000E+00  3.3140452113E-02
  1.2400000000E+00  8.6000000000E+00  3.2797812756E-02
  1.2400000000E+00  8.7000000000E+00  3.2488036767E-02
  1.2400000000E+00  8.8000000000E+00  3.2212740326E-02
  1.2400000000E+00  8.9000000000E+00  3.1973371901E-02
  1.2400000000E+00  9.0000000000E+00  3.1771202214E-02
  1.2400000000E+00  9.1000000000E+00  3.1607315139E-02
  1.2400000000E+00  9.2000000000E+00  3.1482599659E-02
  1.2400000000E+00  9.3000000000E+00  3.1397742970E-02
  1.2400000000E+00  9.4000000000E+00  3.1353224829E-02
  1.2400000000E+00  9.5000000000E+00  3.1349313210E-02
  1.2400000000E+00  9.6000000000E+00  3.1386061342E-02
  1.2400000000E+00  9.7000000000E+00  3.1463306161E-02
  1.2400000000E+00  9.8000000000E+00  3.1580668218E-02
  1.2400000000E+00  9.9000000000E+00  3.1737553045E-02
  1.2400000000E+00  1.0000000000E+01  3.1933153978E-02

  1.2800000000E+00  0.0000000000E+00  8.9488512643E-03
  1.2800000000E+00  1.0000000000E-01  9.6357259957E-03
  1.2800000000E+00  2.0000000000E-01  1.0356827108E-02
  1.2800000000E+00  3.0000000000E-01  1.1112123593E-02
  1.2800000000E+00  4.0000000000E-01  1.1901414280E-02
  1.2800000000E+00  5.0000000000E-01  1.2724319952E-02
  1.2800000000E+00  6.0000000000E-01  1.3580276690E-02
  1.2800000000E+00  7.0000000000E-01  1.4468530581E-02
  1.2800000000E+00  8.0000000000E-01  1.5388133904E-02
  1.2800000000E+00  9.0000000000E-01  1.6337942916E-02
  1.2800000000E+00  1.0000000000E+00  1.7316617315E-02
  1.2800000000E+00  1.1000000000E+00  1.8322621452E-02
  1.2800000000E+00  1.2000000000E+00  1.9354227349E-02
  1.2800000000E+00  1.3000000000E+00  2.0409519528E-02
  1.2800000000E+00  1.4000000000E+00  2.1486401676E-02
  1.2800000000E+00  1.5000000000E+00  2.2582605090E-02
  1.2800000000E+00  1.6000000000E+00  2.3695698873E-02
  1.2800000000E+00  1.7000000000E+00  2.4823101795E-02
  1.2800000000E+00  1.8000000000E+00  2.5962095708E-02
  1.2800000000E+00  1.9000000000E+00  2.7109840405E-02
  1.2800000000E+00  2.0000000000E+00  2.8263389758E-02
  1.2800000000E+00  2.1000000000E+00  2.9419708979E-02
  1.2800000000E+00  2.2000000000E+00  3.0575692811E-02
  1.2800000000E+00  2.3000000000E+00  3.1728184462E-02
  1.2800000000E+00  2.4000000000E+00  3.2873995053E-02
  1.2800000000E+00  2.5000000000E+00  3.4009923385E-02
  1.2800000000E+00  2.6000000000E+00  3.5132775790E-02
  1.2800000000E+00  2.7000000000E+00  3.6239385858E-02
  1.2800000000E+00  2.8000000000E+00  3.7326633814E-02
  1.2800000000E+00  2.9000000000E+00  3.8391465353E-02
  1.2800000000E+00  3.0000000000E+00  3.9430909727E-02
  1.2800000000E+00  3.1000000000E+00  4.0442096912E-02
  1.2800000000E+00  3.2000000000E+00  4.1422273688E-02
  1.2800000000E+00  3.3000000000E+00  4.2368818506E-02
  1.2800000000E+00  3.4000000000E+00  4.3279255000E-02
  1.2800000000E+00  3.5000000000E+00  4.4151264084E-02
  1.2800000000E+00  3.6000000000E+00  4.4982694532E-02
  1.2800000000E+00  3.7000000000E+00  4.5771572032E-02
  1.2800000000E+00  3.8000000000E+00  4.6516106671E-02
  1.2800000000E+00  3.9000000000E+00  4.7214698884E-02
  1.2800000000E+00  4.0000000000E+00  4.7865943878E-02
  1.2800000000E+00  4.1000000000E+00  4.8468634610E-02
  1.2800000000E+00  4.2000000000E+00  4.9021763370E-02
  1.2800000000E+00  4.3000000000E+00  4.9524522085E-02
  1.2800000000E+00  4.4000000000E+00  4.9976301430E-02
  1.2800000000E+00  4.5000000000E+00  5.0376688882E-02
  1.2800000000E+00  4.6000000000E+00  5.0725465828E-02
  1.2800000000E+00  4.7000000000E+00  5.1022603867E-02
  1.2800000000E+00  4.8000000000E+00  5.1268260436E-02
  1.2800000000E+00  4.9000000000E+00  5.1462773889E-02
  1.2800000000E+00  5.0000000000E+00  5.1606658141E-02
  1.2800000000E+00  5.1000000000E+00  5.1700597020E-02
  1.2800000000E+00  5.2000000000E+00  5.1745438399E-02
  1.2800000000E+00  5.3000000000E+00  5.1742188228E-02
  1.2800000000E+00  5.4000000000E+00  5.1692004525E-02
  1.2800000000E+00  5.5000000000E+00  5.1596191393E-02
  1.2800000000E+00  5.6000000000E+00  5.1456193112E-02
  1.2800000000E+00  5.7000000000E+00  5.1273588329E-02
  1.2800000000E+00  5.8000000000E+00  5.1050084352E-02
  1.2800000000E+00  5.9000000000E+00  5.0787511552E-02
  1.2800000000E+00  6.0000000000E+00  5.0487817844E-02
  1.2800000000E+00  6.1000000000E+00  5.0153063214E-02
  1.2800000000E+00  6.2000000000E+00  4.9785414242E-02
  1.2800000000E+00  6.3000000000E+00  4.9387138569E-02
  1.2800000000E+00  6.4000000000E+00  4.8960599231E-02
  1.2800000000E+00  6.5000000000E+00  4.8508248796E-02
  1.2800000000E+00  6.6000000000E+00  4.8032623236E-02
  1.2800000000E+00  6.7000000000E+00  4.7536335436E-02
  1.2800000000E+00  6.8000000000E+00  4.7022068292E-02
  1.2800000000E+00  6.9000000000E+00  4.6492567315E-02
  1.2800000000E+00  7.0000000000E+00  4.5950632683E-02
  1.2800000000E+00  7.1000000000E+00  4.5399110688E-02
  1.2800000000E+00  7.2000000000E+00  4.4840884539E-02
  1.2800000000E+00  7.3000000000E+00  4.4278864491E-02
  1.2800000000E+00  7.4000000000E+00  4.3715977283E-02
  1.2800000000E+00  7.5000000000E+00  4.3155154894E-02
  1.2800000000E+00  7.6000000000E+00  4.2599322623E-02
  1.2800000000E+00  7.7000000000E+00  4.2051386542E-02
  1.2800000000E+00  7.8000000000E+00  4.1514220353E-02
  1.2800000000E+00  7.9000000000E+00  4.0990651737E-02
  1.2800000000E+00  8.0000000000E+00  4.0483448259E-02
  1.2800000000E+00  8.1000000000E+00  3.9995302937E-02
  1.2800000000E+00  8.2000000000E+00  3.9528819586E-02
  1.2800000000E+00  8.3000000000E+00  3.9086498052E-02
  1.2800000000E+00  8.4000000000E+00  3.8670719476E-02
  1.2800000000E+00  8.5000000000E+00  3.8283731729E-02
  1.2800000000E+00  8.6000000000E+00  3.7927635169E-02
  1.2800000000E+00  8.7000000000E+00  3.7604368856E-02
  1.2800000000E+00  8.8000000000E+00  3.7315697404E-02
  1.2800000000E+00  8.9000000000E+00  3.7063198603E-02
  1.2800000000E+00  9.0000000000E+00  3.6848251965E-02
  1.2800000000E+00  9.1000000000E+00  3.6672028344E-02
  1.2800000000E+00  9.2000000000E+00  3.6535480757E-02
  1.2800000000E+00  9.3000000000E+00  3.6439336538E-02
  1.2800000000E+00  9.4000000000E+00  3.6384090932E-02
  1.2800000000E+00  9.5000000000E+00  3.6370002230E-02
  1.2800000000E+00  9.6000000000E+00  3.6397088519E-02
  1.2800000000E+00  9.7000000000E+00  3.6465126129E-02
  1.2800000000E+00  9.8000000000E+00  3.6573649789E-02
  1.2800000000E+00  9.9000000000E+00  3.6721954549E-02
  1.2800000000E+00  1.0000000000E+01  3.6909099446E-02

  1.3200000000E+00  0.0000000000E+00  8.7370929591E-03
  1.3200000000E+00  1.0000000000E-01  9.4168980029E-03
  1.3200000000E+00  2.0000000000E-01  1.0132806081E-02
  1.3200000000E+00  3.0000000000E-01  1.0885099247E-02
  1.3200000000E+00  4.0000000000E-01  1.1673900946E-02
  1.3200000000E+00  5.0000000000E-01  1.2499165733E-02
  1.3200000000E+00  6.0000000000E-01  1.3360669940E-02
  1.3200000000E+00  7.0000000000E-01  1.4258003467E-02
  1.3200000000E+00  8.0000000000E-01  1.5190562837E-02
  1.3200000000E+00  9.0000000000E-01  1.6157545653E-02
  1.3200000000E+00  1.0000000000E+00  1.7157946593E-02
  1.3200000000E+00  1.1000000000E+00  1.8190555045E-02
  1.3200000000E+00  1.2000000000E+00  1.9253954478E-02
  1.3200000000E+00  1.3000000000E+00  2.0346523620E-02
  1.3200000000E+00  1.4000000000E+00  2.1466439490E-02
  1.3200000000E+00  1.5000000000E+00  2.2611682312E-02
  1.3200000000E+00  1.6000000000E+00  2.3780042301E-02
  1.3200000000E+00  1.7000000000E+00  2.4969128307E-02
  1.3200000000E+00  1.8000000000E+00  2.6176378253E-02
  1.3200000000E+00  1.9000000000E+00  2.7399071284E-02
  1.3200000000E+00  2.0000000000E+00  2.8634341541E-02
  1.3200000000E+00  2.1000000000E+00  2.9879193405E-02
  1.3200000000E+00  2.2000000000E+00  3.1130518084E-02
  1.3200000000E+00  2.3000000000E+00  3.2385111353E-02
  1.3200000000E+00  2.4000000000E+00  3.3639692282E-02
  1.3200000000E+00  2.5000000000E+00  3.4890922723E-02
  1.3200000000E+00  2.6000000000E+00  3.6135427377E-02
  1.3200000000E+00  2.7000000000E+00  3.7369814189E-02
  1.3200000000E+00  2.8000000000E+00  3.8590694889E-02
  1.3200000000E+00  2.9000000000E+00  3.9794705418E-02
  1.3200000000E+00  3.0000000000E+00  4.0978526066E-02
  1.3200000000E+00  3.1000000000E+00  4.2138901076E-02
  1.3200000000E+00  3.2000000000E+00  4.3272657561E-02
  1.3200000000E+00  3.3000000000E+00  4.4376723520E-02
  1.3200000000E+00  3.4000000000E+00  4.5448144813E-02
  1.3200000000E+00  3.5000000000E+00  4.6484100956E-02
  1.3200000000E+00  3.6000000000E+00  4.7481919610E-02
  1.3200000000E+00  3.7000000000E+00  4.8439089678E-02
  1.3200000000E+00  3.8000000000E+00  4.9353272942E-02
  1.3200000000E+00  3.9000000000E+00  5.0222314194E-02
  1.3200000000E+00  4.0000000000E+00  5.1044249850E-02
  1.3200000000E+00  4.1000000000E+00  5.1817315046E-02
  1.3200000000E+00  4.2000000000E+00  5.2539949255E-02
  1.3200000000E+00  4.3000000000E+00  5.3210800459E-02
  1.3200000000E+00  4.4000000000E+00  5.3828727968E-02
  1.3200000000E+00  4.5000000000E+00  5.4392803950E-02
  1.3200000000E+00  4.6000000000E+00  5.4902313778E-02
  1.3200000000E+00  4.7000000000E+00  5.5356755299E-02
  1.3200000000E+00  4.8000000000E+00  5.5755837150E-02
  1.3200000000E+00  4.9000000000E+00  5.6099476216E-02
  1.3200000000E+00  5.0000000000E+00  5.6387794368E-02
  1.3200000000E+00  5.1000000000E+00  5.6621114589E-02
  1.3200000000E+00  5.2000000000E+00  5.6799956584E-02
  1.3200000000E+00  5.3000000000E+00  5.6925031993E-02
  1.3200000000E+00  5.4000000000E+00  5.6997239281E-02
  1.3200000000E+00  5.5000000000E+00  5.7017658389E-02
  1.3200000000E+00  5.6000000000E+00  5.6987545191E-02
  1.3200000000E+00  5.7000000000E+00  5.6908325829E-02
  1.3200000000E+00  5.8000000000E+00  5.6781590930E-02
  1.3200000000E+00  5.9000000000E+00  5.6609089730E-02
  1.3200000000E+00  6.0000000000E+00  5.6392724101E-02
  1.3200000000E+00  6.1000000000E+00  5.6134542465E-02
  1.3200000000E+00  6.2000000000E+00  5.5836733559E-02
  1.3200000000E+00  6.3000000000E+00  5.5501620011E-02
  1.3200000000E+00  6.4000000000E+00  5.5131651672E-02
  1.3200000000E+00  6.5000000000E+00  5.4729398646E-02
  1.3200000000E+00  6.6000000000E+00  5.4297543947E-02
  1.3200000000E+00  6.7000000000E+00  5.3838875713E-02
  1.3200000000E+00  6.8000000000E+00  5.3356278911E-02
  1.3200000000E+00  6.9000000000E+00  5.2852726460E-02
  1.3200000000E+00  7.0000000000E+00  5.2331269719E-02
  1.3200000000E+00  7.1000000000E+00  5.1795028266E-02
  1.3200000000E+00  7.2000000000E+00  5.1247178948E-02
  1.3200000000E+00  7.3000000000E+00  5.0690944151E-02
  1.3200000000E+00  7.4000000000E+00  5.0129579275E-02
  1.3200000000E+00  7.5000000000E+00  4.9566359419E-02
  1.3200000000E+00  7.6000000000E+00  4.9004565283E-02
  1.3200000000E+00  7.7000000000E+00  4.8447468318E-02
  1.3200000000E+00  7.8000000000E+00  4.7898315185E-02
  1.3200000000E+00  7.9000000000E+00  4.7360311581E-02
  1.3200000000E+00  8.0000000000E+00  4.6836605528E-02
  1.3200000000E+00  8.1000000000E+00  4.6330270231E-02
  1.3200000000E+00  8.2000000000E+00  4.5844286622E-02
  1.3200000000E+00  8.3000000000E+00  4.5381525734E-02
  1.3200000000E+00  8.4000000000E+00  4.4944731065E-02
  1.3200000000E+00  8.5000000000E+00  4.4536501073E-02
  1.3200000000E+00  8.6000000000E+00  4.4159272004E-02
  1.3200000000E+00  8.7000000000E+00  4.3815301213E-02
  1.3200000000E+00  8.8000000000E+00  4.3506651176E-02
  1.3200000000E+00  8.9000000000E+00  4.3235174361E-02
  1.3200000000E+00  9.0000000000E+00  4.3002499173E-02
  1.3200000000E+00  9.1000000000E+00  4.2810017110E-02
  1.3200000000E+00  9.2000000000E+00  4.2658871343E-02
  1.3200000000E+00  9.3000000000E+00  4.2549946845E-02
  1.3200000000E+00  9.4000000000E+00  4.2483862238E-02
  1.3200000000E+00  9.5000000000E+00  4.2460963475E-02
  1.3200000000E+00  9.6000000000E+00  4.2481319465E-02
  1.3200000000E+00  9.7000000000E+00  4.2544719741E-02
  1.3200000000E+00  9.8000000000E+00  4.2650674219E-02
  1.3200000000E+00  9.9000000000E+00  4.2798415102E-02
  1.3200000000E+00  1.0000000000E+01  4.2986900927E-02

  1.3600000000E+00  0.0000000000E+00  8.9558919263E-03
  1.3600000000E+00  1.0000000000E-01  9.6402779180E-03
  1.3600000000E+00  2.0000000000E-01  1.0362083544E-02
  1.3600000000E+00  3.0000000000E-01  1.1121869853E-02
  1.3600000000E+00  4.0000000000E-01  1.1920058332E-02
  1.3600000000E+00  5.0000000000E-01  1.2756918997E-02
  1.3600000000E+00  6.0000000000E-01  1.3632559091E-02
  1.3600000000E+00  7.0000000000E-01  1.4546912562E-02
  1.3600000000E+00  8.0000000000E-01  1.5499730480E-02
  1.3600000000E+00  9.0000000000E-01  1.6490572556E-02
  1.3600000000E+00  1.0000000000E+00  1.7518799912E-02
  1.3600000000E+00  1.1000000000E+00  1.8583569238E-02
  1.3600000000E+00  1.2000000000E+00  1.9683828476E-02
  1.3600000000E+00  1.3000000000E+00  2.0818314127E-02
  1.3600000000E+00  1.4000000000E+00  2.1985550297E-02
  1.3600000000E+00  1.5000000000E+00  2.3183849528E-02
  1.3600000000E+00  1.6000000000E+00  2.4411315496E-02
  1.3600000000E+00  1.7000000000E+00  2.5665847572E-02
  1.3600000000E+00  1.8000000000E+00  2.6945147281E-02
  1.3600000000E+00  1.9000000000E+00  2.8246726604E-02
  1.3600000000E+00  2.0000000000E+00  2.9567918101E-02
  1.3600000000E+00  2.1000000000E+00  3.0905886758E-02
  1.3600000000E+00  2.2000000000E+00  3.2257643481E-02
  1.3600000000E+00  2.3000000000E+00  3.3620060091E-02
  1.3600000000E+00  2.4000000000E+00  3.4989885696E-02
  1.3600000000E+00  2.5000000000E+00  3.6363764268E-02
  1.3600000000E+00  2.6000000000E+00  3.7738253244E-02
  1.3600000000E+00  2.7000000000E+00  3.9109842963E-02
  1.3600000000E+00  2.8000000000E+00  4.0474976733E-02
  1.3600000000E+00  2.9000000000E+00  4.1830071327E-02
  1.3600000000E+00  3.0000000000E+00  4.3171537680E-02
  1.3600000000E+00  3.1000000000E+00  4.4495801596E-02
  1.3600000000E+00  3.2000000000E+00  4.5799324246E-02
  1.3600000000E+00  3.3000000000E+00  4.7078622262E-02
  1.3600000000E+00  3.4000000000E+00  4.8330287245E-02
  1.3600000000E+00  3.5000000000E+00  4.9551004515E-02
  1.3600000000E+00  3.6000000000E+00  5.0737570940E-02
  1.3600000000E+00  3.7000000000E+00  5.1886911729E-02
  1.3600000000E+00  3.8000000000E+00  5.2996096051E-02
  1.3600000000E+00  3.9000000000E+00  5.4062351408E-02
  1.3600000000E+00  4.0000000000E+00  5.5083076694E-02
  1.3600000000E+00  4.1000000000E+00  5.6055853878E-02
  1.3600000000E+00  4.2000000000E+00  5.6978458310E-02
  1.3600000000E+00  4.3000000000E+00  5.7848867643E-02
  1.3600000000E+00  4.4000000000E+00  5.8665269381E-02
  1.3600000000E+00  4.5000000000E+00  5.9426067114E-02
  1.3600000000E+00  4.6000000000E+00  6.0129885473E-02
  1.3600000000E+00  4.7000000000E+00  6.0775573887E-02
  1.3600000000E+00  4.8000000000E+00  6.1362209218E-02
  1.3600000000E+00  4.9000000000E+00  6.1889097360E-02
  1.3600000000E+00  5.0000000000E+00  6.2355773891E-02
  1.3600000000E+00  5.1000000000E+00  6.2762003878E-02
  1.3600000000E+00  5.2000000000E+00  6.3107780911E-02
  1.3600000000E+00  5.3000000000E+00  6.3393325469E-02
  1.3600000000E+00  5.4000000000E+00  6.3619082685E-02
  1.3600000000E+00  5.5000000000E+00  6.3785719579E-02
  1.3600000000E+00  5.6000000000E+00  6.3894121821E-02
  1.3600000000E+00  5.7000000000E+00  6.3945390065E-02
  1.3600000000E+00  5.8000000000E+00  6.3940835882E-02
  1.3600000000E+00  5.9000000000E+00  6.3881977304E-02
  1.3600000000E+00  6.0000000000E+00  6.3770533992E-02
  1.3600000000E+00  6.1000000000E+00  6.3608421988E-02
  1.3600000000E+00  6.2000000000E+00  6.3397748051E-02
  1.3600000000E+00  6.3000000000E+00  6.3140803508E-02
  1.3600000000E+00  6.4000000000E+00  6.2840057587E-02
  1.3600000000E+00  6.5000000000E+00  6.2498150161E-02
  1.3600000000E+00  6.6000000000E+00  6.2117883838E-02
  1.3600000000E+00  6.7000000000E+00  6.1702215324E-02
  1.3600000000E+00  6.8000000000E+00  6.1254245991E-02
  1.3600000000E+00  6.9000000000E+00  6.0777211575E-02
  1.3600000000E+00  7.0000000000E+00  6.0274470943E-02
  1.3600000000E+00  7.1000000000E+00  5.9749493864E-02
  1.3600000000E+00  7.2000000000E+00  5.9205847756E-02
  1.3600000000E+00  7.3000000000E+00  5.8647183354E-02
  1.3600000000E+00  7.4000000000E+00  5.8077219296E-02
  1.3600000000E+00  7.5000000000E+00  5.7499725632E-02
  1.3600000000E+00  7.6000000000E+00  5.6918506265E-02
  1.3600000000E+00  7.7000000000E+00  5.6337380381E-02
  1.3600000000E+00  7.8000000000E+00  5.5760162924E-02
  1.3600000000E+00  7.9000000000E+00  5.5190644204E-02
  1.3600000000E+00  8.0000000000E+00  5.4632568764E-02
  1.3600000000E+00  8.1000000000E+00  5.4089613617E-02
  1.3600000000E+00  8.2000000000E+00  5.3565366030E-02
  1.3600000000E+00  8.3000000000E+00  5.3063301005E-02
  1.3600000000E+00  8.4000000000E+00  5.2586758681E-02
  1.3600000000E+00  8.5000000000E+00  5.2138921834E-02
  1.3600000000E+00  8.6000000000E+00  5.1722793716E-02
  1.3600000000E+00  8.7000000000E+00  5.1341176451E-02
  1.3600000000E+00  8.8000000000E+00  5.0996650234E-02
  1.3600000000E+00  8.9000000000E+00  5.0691553562E-02
  1.3600000000E+00  9.0000000000E+00  5.0427964738E-02
  1.3600000000E+00  9.1000000000E+00  5.0207684882E-02
  1.3600000000E+00  9.2000000000E+00  5.0032222663E-02
  1.3600000000E+00  9.3000000000E+00  4.9902780963E-02
  1.3600000000E+00  9.4000000000E+00  4.9820245671E-02
  1.3600000000E+00  9.5000000000E+00  4.9785176763E-02
  1.3600000000E+00  9.6000000000E+00  4.9797801824E-02
  1.3600000000E+00  9.7000000000E+00  4.9858012123E-02
  1.3600000000E+00  9.8000000000E+00  4.9965361342E-02
  1.3600000000E+00  9.9000000000E+00  5.0119066997E-02
  1.3600000000E+00  1.0000000000E+01  5.0318014586E-02

  1.4000000000E+00  0.0000000000E+00  9.2413080110E-03
  1.4000000000E+00  1.0000000000E-01  9.9459485546E-03
  1.4000000000E+00  2.0000000000E-01  1.0690244288E-02
  1.4000000000E+00  3.0000000000E-01  1.1475018233E-02
  1.4000000000E+00  4.0000000000E-01  1.2300969778E-02
  1.4000000000E+00  5.0000000000E-01  1.3168661615E-02
  1.4000000000E+00  6.0000000000E-01  1.4078506996E-02
  1.4000000000E+00  7.0000000000E-01  1.5030757471E-02
  1.4000000000E+00  8.0000000000E-01  1.6025491267E-02
  1.4000000000E+00  9.0000000000E-01  1.7062602486E-02
  1.4000000000E+00  1.0000000000E+00  1.8141791268E-02
  1.4000000000E+00  1.1000000000E+00  1.9262555088E-02
  1.4000000000E+00  1.2000000000E+00  2.0424181332E-02
  1.4000000000E+00  1.3000000000E+00  2.1625741294E-02
  1.4000000000E+00  1.4000000000E+00  2.2866085712E-02
  1.4000000000E+00  1.5000000000E+00  2.4143841966E-02
  1.4000000000E+00  1.6000000000E+00  2.5457413007E-02
  1.4000000000E+00  1.7000000000E+00  2.6804978122E-02
  1.4000000000E+00  1.8000000000E+00  2.8184495537E-02
  1.4000000000E+00  1.9000000000E+00  2.9593706931E-02
  1.4000000000E+00  2.0000000000E+00  3.1030143829E-02
  1.4000000000E+00  2.1000000000E+00  3.2491135853E-02
  1.4000000000E+00  2.2000000000E+00  3.3973820803E-02
  1.4000000000E+00  2.3000000000E+00  3.5475156464E-02
  1.4000000000E+00  2.4000000000E+00  3.6991934069E-02
  1.4000000000E+00  2.5000000000E+00  3.8520793275E-02
  1.4000000000E+00  2.6000000000E+00  4.0058238537E-02
  1.4000000000E+00  2.7000000000E+00  4.1600656705E-02
  1.4000000000E+00  2.8000000000E+00  4.3144335677E-02
  1.4000000000E+00  2.9000000000E+00  4.4685483937E-02
  1.4000000000E+00  3.0000000000E+00  4.6220250770E-02
  1.4000000000E+00  3.1000000000E+00  4.7744746970E-02
  1.4000000000E+00  3.2000000000E+00  4.9255065837E-02
  1.4000000000E+00  3.3000000000E+00  5.0747304271E-02
  1.4000000000E+00  3.4000000000E+00  5.2217583775E-02
  1.4000000000E+00  3.5000000000E+00  5.3662071177E-02
  1.4000000000E+00  3.6000000000E+00  5.5076998912E-02
  1.4000000000E+00  3.7000000000E+00  5.6458684700E-02
  1.4000000000E+00  3.8000000000E+00  5.7803550490E-02
  1.4000000000E+00  3.9000000000E+00  5.9108140540E-02
  1.4000000000E+00  4.0000000000E+00  6.0369138533E-02
  1.4000000000E+00  4.1000000000E+00  6.1583383660E-02
  1.4000000000E+00  4.2000000000E+00  6.2747885594E-02
  1.4000000000E+00  4.3000000000E+00  6.3859838317E-02
  1.4000000000E+00  4.4000000000E+00  6.4916632790E-02
  1.4000000000E+00  4.5000000000E+00  6.5915868449E-02
  1.4000000000E+00  4.6000000000E+00  6.6855363549E-02
  1.4000000000E+00  4.7000000000E+00  6.7733164368E-02
  1.4000000000E+00  4.8000000000E+00  6.8547553332E-02
  1.4000000000E+00  4.9000000000E+00  6.9297056084E-02
  1.4000000000E+00  5.0000000000E+00  6.9980447556E-02
  1.4000000000E+00  5.1000000000E+00  7.0596757111E-02
  1.4000000000E+00  5.2000000000E+00  7.1145272781E-02
  1.4000000000E+00  5.3000000000E+00  7.1625544686E-02
  1.4000000000E+00  5.4000000000E+00  7.2037387649E-02
  1.4000000000E+00  5.5000000000E+00  7.2380883055E-02
  1.4000000000E+00  5.6000000000E+00  7.2656379989E-02
  1.4000000000E+00  5.7000000000E+00  7.2864495650E-02
  1.4000000000E+00  5.8000000000E+00  7.3006115050E-02
  1.4000000000E+00  5.9000000000E+00  7.3082389992E-02
  1.4000000000E+00  6.0000000000E+00  7.3094737276E-02
  1.4000000000E+00  6.1000000000E+00  7.3044836130E-02
  1.4000000000E+00  6.2000000000E+00  7.2934624762E-02
  1.4000000000E+00  6.3000000000E+00  7.2766296023E-02
  1.4000000000E+00  6.4000000000E+00  7.2542292052E-02
  1.4000000000E+00  6.5000000000E+00  7.2265297865E-02
  1.4000000000E+00  6.6000000000E+00  7.1938233771E-02
  1.4000000000E+00  6.7000000000E+00  7.1564246539E-02
  1.4000000000E+00  6.8000000000E+00  7.1146699234E-02
  1.4000000000E+00  6.9000000000E+00  7.0689159628E-02
  1.4000000000E+00  7.0000000000E+00  7.0195387116E-02
  1.4000000000E+00  7.1000000000E+00  6.9669318091E-02
  1.4000000000E+00  7.2000000000E+00  6.9115049709E-02
  1.4000000000E+00  7.3000000000E+00  6.8536822035E-02
  1.4000000000E+00  7.4000000000E+00  6.7938998564E-02
  1.4000000000E+00  7.5000000000E+00  6.7326045120E-02
  1.4000000000E+00  7.6000000000E+00  6.6702507204E-02
  1.4000000000E+00  7.7000000000E+00  6.6072985840E-02
  1.4000000000E+00  7.8000000000E+00  6.5442112038E-02
  1.4000000000E+00  7.9000000000E+00  6.4814519995E-02
  1.4000000000E+00  8.0000000000E+00  6.4194819201E-02
  1.4000000000E+00  8.1000000000E+00  6.3587565638E-02
  1.4000000000E+00  8.2000000000E+00  6.2997232280E-02
  1.4000000000E+00  8.3000000000E+00  6.2428179150E-02
  1.4000000000E+00  8.4000000000E+00  6.1884623180E-02
  1.4000000000E+00  8.5000000000E+00  6.1370608169E-02
  1.4000000000E+00  8.6000000000E+00  6.0889975125E-02
  1.4000000000E+00  8.7000000000E+00  6.0446333312E-02
  1.4000000000E+00  8.8000000000E+00  6.0043032302E-02
  1.4000000000E+00  8.9000000000E+00  5.9683135355E-02
  1.4000000000E+00  9.0000000000E+00  5.9369394445E-02
  1.4000000000E+00  9.1000000000E+00  5.9104227223E-02
  1.4000000000E+00  9.2000000000E+00  5.8889696214E-02
  1.4000000000E+00  9.3000000000E+00  5.8727490526E-02
  1.4000000000E+00  9.4000000000E+00  5.8618910298E-02
  1.4000000000E+00  9.5000000000E+00  5.8564854134E-02
  1.4000000000E+00  9.6000000000E+00  5.8565809682E-02
  1.4000000000E+00  9.7000000000E+00  5.8621847528E-02
  1.4000000000E+00  9.8000000000E+00  5.8732618510E-02
  1.4000000000E+00  9.9000000000E+00  5.8897354517E-02
  1.4000000000E+00  1.0000000000E+01  5.9114872808E-02

  1.4400000000E+00  0.0000000000E+00  9.5636404896E-03
  1.4400000000E+00  1.0000000000E-01  1.0315332725E-02
  1.4400000000E+00  2.0000000000E-01  1.1110970790E-02
  1.4400000000E+00  3.0000000000E-01  1.1951625112E-02
  1.4400000000E+00  4.0000000000E-01  1.2838246401E-02
  1.4400000000E+00  5.0000000000E-01  1.3771651543E-02
  1.4400000000E+00  6.0000000000E-01  1.4752509672E-02
  1.4400000000E+00  7.0000000000E-01  1.5781328571E-02
  1.4400000000E+00  8.0000000000E-01  1.6858441573E-02
  1.4400000000E+00  9.0000000000E-01  1.7983995117E-02
  1.4400000000E+00  1.0000000000E+00  1.9157937124E-02
  1.4400000000E+00  1.1000000000E+00  2.0380006359E-02
  1.4400000000E+00  1.2000000000E+00  2.1649722936E-02
  1.4400000000E+00  1.3000000000E+00  2.2966380103E-02
  1.4400000000E+00  1.4000000000E+00  2.4329037461E-02
  1.4400000000E+00  1.5000000000E+00  2.5736515725E-02
  1.4400000000E+00  1.6000000000E+00  2.7187393149E-02
  1.4400000000E+00  1.7000000000E+00  2.8680003694E-02
  1.4400000000E+00  1.8000000000E+00  3.0212437028E-02
  1.4400000000E+00  1.9000000000E+00  3.1782540377E-02
  1.4400000000E+00  2.0000000000E+00  3.3387922295E-02
  1.4400000000E+00  2.1000000000E+00  3.5025958323E-02
  1.4400000000E+00  2.2000000000E+00  3.6693798537E-02
  1.4400000000E+00  2.3000000000E+00  3.8388376935E-02
  1.4400000000E+00  2.4000000000E+00  4.0106422600E-02
  1.4400000000E+00  2.5000000000E+00  4.1844472559E-02
  1.4400000000E+00  2.6000000000E+00  4.3598886217E-02
  1.4400000000E+00  2.7000000000E+00  4.5365861254E-02
  1.4400000000E+00  2.8000000000E+00  4.7141450839E-02
  1.4400000000E+00  2.9000000000E+00  4.8921582011E-02
  1.4400000000E+00  3.0000000000E+00  5.0702075051E-02
  1.4400000000E+00  3.1000000000E+00  5.2478663697E-02
  1.4400000000E+00  3.2000000000E+00  5.4247015999E-02
  1.4400000000E+00  3.3000000000E+00  5.6002755657E-02
  1.4400000000E+00  3.4000000000E+00  5.7741483665E-02
  1.4400000000E+00  3.5000000000E+00  5.9458800084E-02
  1.4400000000E+00  3.6000000000E+00  6.1150325792E-02
  1.4400000000E+00  3.7000000000E+00  6.2811724057E-02
  1.4400000000E+00  3.8000000000E+00  6.4438721799E-02
  1.4400000000E+00  3.9000000000E+00  6.6027130410E-02
  1.4400000000E+00  4.0000000000E+00  6.7572866038E-02
  1.4400000000E+00  4.1000000000E+00  6.9071969230E-02
  1.4400000000E+00  4.2000000000E+00  7.0520623870E-02
  1.4400000000E+00  4.3000000000E+00  7.1915175344E-02
  1.4400000000E+00  4.4000000000E+00  7.3252147901E-02
  1.4400000000E+00  4.5000000000E+00  7.4528261172E-02
  1.4400000000E+00  4.6000000000E+00  7.5740445834E-02
  1.4400000000E+00  4.7000000000E+00  7.6885858410E-02
  1.4400000000E+00  4.8000000000E+00  7.7961895213E-02
  1.4400000000E+00  4.9000000000E+00  7.8966205438E-02
  1.4400000000E+00  5.0000000000E+00  7.9896703409E-02
  1.4400000000E+00  5.1000000000E+00  8.0751579991E-02
  1.4400000000E+00  5.2000000000E+00  8.1529313178E-02
  1.4400000000E+00  5.3000000000E+00  8.2228677851E-02
  1.4400000000E+00  5.4000000000E+00  8.2848754696E-02
  1.4400000000E+00  5.5000000000E+00  8.3388938274E-02
  1.4400000000E+00  5.6000000000E+00  8.3848944197E-02
  1.4400000000E+00  5.7000000000E+00  8.4228815375E-02
  1.4400000000E+00  5.8000000000E+00  8.4528927275E-02
  1.4400000000E+00  5.9000000000E+00  8.4749992111E-02
  1.4400000000E+00  6.0000000000E+00  8.4893061885E-02
  1.4400000000E+00  6.1000000000E+00  8.4959530175E-02
  1.4400000000E+00  6.2000000000E+00  8.4951132556E-02
  1.4400000000E+00  6.3000000000E+00  8.4869945537E-02
  1.4400000000E+00  6.4000000000E+00  8.4718383884E-02
  1.4400000000E+00  6.5000000000E+00  8.4499196187E-02
  1.4400000000E+00  6.6000000000E+00  8.4215458566E-02
  1.4400000000E+00  6.7000000000E+00  8.3870566352E-02
  1.4400000000E+00  6.8000000000E+00  8.3468223656E-02
  1.4400000000E+00  6.9000000000E+00  8.3012430700E-02
  1.4400000000E+00  7.0000000000E+00  8.2507468821E-02
  1.4400000000E+00  7.1000000000E+00  8.1957883090E-02
  1.4400000000E+00  7.2000000000E+00  8.1368462483E-02
  1.4400000000E+00  7.3000000000E+00  8.0744217606E-02
  1.4400000000E+00  7.4000000000E+00  8.0090355974E-02
  1.4400000000E+00  7.5000000000E+00  7.9412254899E-02
  1.4400000000E+00  7.6000000000E+00  7.8715432080E-02
  1.4400000000E+00  7.7000000000E+00  7.8005514006E-02
  1.4400000000E+00  7.8000000000E+00  7.7288202346E-02
  1.4400000000E+00  7.9000000000E+00  7.6569238524E-02
  1.4400000000E+00  8.0000000000E+00  7.5854366719E-02
  1.4400000000E+00  8.1000000000E+00  7.5149295560E-02
  1.4400000000E+00  8.2000000000E+00  7.4459658842E-02
  1.4400000000E+00  8.3000000000E+00  7.3790975585E-02
  1.4400000000E+00  8.4000000000E+00  7.3148609817E-02
  1.4400000000E+00  8.5000000000E+00  7.2537730465E-02
  1.4400000000E+00  8.6000000000E+00  7.1963271755E-02
  1.4400000000E+00  8.7000000000E+00  7.1429894551E-02
  1.4400000000E+00  8.8000000000E+00  7.0941949041E-02
  1.4400000000E+00  8.9000000000E+00  7.0503439203E-02
  1.4400000000E+00  9.0000000000E+00  7.0117989447E-02
  1.4400000000E+00  9.1000000000E+00  6.9788813850E-02
  1.4400000000E+00  9.2000000000E+00  6.9518688342E-02
  1.4400000000E+00  9.3000000000E+00  6.9309926200E-02
  1.4400000000E+00  9.4000000000E+00  6.9164357164E-02
  1.4400000000E+00  9.5000000000E+00  6.9083310439E-02
  1.4400000000E+00  9.6000000000E+00  6.9067601833E-02
  1.4400000000E+00  9.7000000000E+00  6.9117525186E-02
  1.4400000000E+00  9.8000000000E+00  6.9232848246E-02
  1.4400000000E+00  9.9000000000E+00  6.9412813048E-02
  1.4400000000E+00  1.0000000000E+01  6.9656140823E-02

  1.4800000000E+00  0.0000000000E+00  1.0695516403E-02
  1.4800000000E+00  1.0000000000E-01  1.1549433017E-02
  1.4800000000E+00  2.0000000000E-01  1.2453492734E-02
  1.4800000000E+00  3.0000000000E-01  1.3408915639E-02
  1.4800000000E+00  4.0000000000E-01  1.4416791762E-02
  1.4800000000E+00  5.0000000000E-01  1.5478066342E-02
  1.4800000000E+00  6.0000000000E-01  1.6593525297E-02
  1.4800000000E+00  7.0000000000E-01  1.7763781068E-02
  1.4800000000E+00  8.0000000000E-01  1.8989258969E-02
  1.4800000000E+00  9.0000000000E-01  2.0270184220E-02
  1.4800000000E+00  1.0000000000E+00  2.1606569804E-02
  1.4800000000E+00  1.1000000000E+00  2.2998205318E-02
  1.4800000000E+00  1.2000000000E+00  2.4444646940E-02
  1.4800000000E+00  1.3000000000E+00  2.5945208673E-02
  1.4800000000E+00  1.4000000000E+00  2.7498954983E-02
  1.4800000000E+00  1.5000000000E+00  2.9104694940E-02
  1.4800000000E+00  1.6000000000E+00  3.0760977979E-02
  1.4800000000E+00  1.7000000000E+00  3.2466091351E-02
  1.4800000000E+00  1.8000000000E+00  3.4218059326E-02
  1.4800000000E+00  1.9000000000E+00  3.6014644209E-02
  1.4800000000E+00  2.0000000000E+00  3.7853349180E-02
  1.4800000000E+00  2.1000000000E+00  3.9731422969E-02
  1.4800000000E+00  2.2000000000E+00  4.1645866351E-02
  1.4800000000E+00  2.3000000000E+00  4.3593440417E-02
  1.4800000000E+00  2.4000000000E+00  4.5570676577E-02
  1.4800000000E+00  2.5000000000E+00  4.7573888207E-02
  1.4800000000E+00  2.6000000000E+00  4.9599183857E-02
  1.4800000000E+00  2.7000000000E+00  5.1642481918E-02
  1.4800000000E+00  2.8000000000E+00  5.3699526610E-02
  1.4800000000E+00  2.9000000000E+00  5.5765905191E-02
  1.4800000000E+00  3.0000000000E+00  5.7837066222E-02
  1.4800000000E+00  3.1000000000E+00  5.9908338768E-02
  1.4800000000E+00  3.2000000000E+00  6.1974952380E-02
  1.4800000000E+00  3.3000000000E+00  6.4032057724E-02
  1.4800000000E+00  3.4000000000E+00  6.6074747711E-02
  1.4800000000E+00  3.5000000000E+00  6.8098079009E-02
  1.4800000000E+00  3.6000000000E+00  7.0097093793E-02
  1.4800000000E+00  3.7000000000E+00  7.2066841639E-02
  1.4800000000E+00  3.8000000000E+00  7.4002401453E-02
  1.4800000000E+00  3.9000000000E+00  7.5898903334E-02
  1.4800000000E+00  4.0000000000E+00  7.7751550318E-02
  1.4800000000E+00  4.1000000000E+00  7.9555639908E-02
  1.4800000000E+00  4.2000000000E+00  8.1306585368E-02
  1.4800000000E+00  4.3000000000E+00  8.2999936720E-02
  1.4800000000E+00  4.4000000000E+00  8.4631401418E-02
  1.4800000000E+00  4.5000000000E+00  8.6196864685E-02
  1.4800000000E+00  4.6000000000E+00  8.7692409474E-02
  1.4800000000E+00  4.7000000000E+00  8.9114336064E-02
  1.4800000000E+00  4.8000000000E+00  9.0459181251E-02
  1.4800000000E+00  4.9000000000E+00  9.1723737135E-02
  1.4800000000E+00  5.0000000000E+00  9.2905069462E-02
  1.4800000000E+00  5.1000000000E+00  9.4000535499E-02
  1.4800000000E+00  5.2000000000E+00  9.5007801395E-02
  1.4800000000E+00  5.3000000000E+00  9.5924858957E-02
  1.4800000000E+00  5.4000000000E+00  9.6750041784E-02
  1.4800000000E+00  5.5000000000E+00  9.7482040648E-02
  1.4800000000E+00  5.6000000000E+00  9.8119918022E-02
  1.4800000000E+00  5.7000000000E+00  9.8663121610E-02
  1.4800000000E+00  5.8000000000E+00  9.9111496747E-02
  1.4800000000E+00  5.9000000000E+00  9.9465297484E-02
  1.4800000000E+00  6.0000000000E+00  9.9725196177E-02
  1.4800000000E+00  6.1000000000E+00  9.9892291393E-02
  1.4800000000E+00  6.2000000000E+00  9.9968113901E-02
  1.4800000000E+00  6.3000000000E+00  9.9954630565E-02
  1.4800000000E+00  6.4000000000E+00  9.9854245879E-02
  1.4800000000E+00  6.5000000000E+00  9.9669800969E-02
  1.4800000000E+00  6.6000000000E+00  9.9404569822E-02
  1.4800000000E+00  6.7000000000E+00  9.9062252561E-02
  1.4800000000E+00  6.8000000000E+00  9.8646965584E-02
  1.4800000000E+00  6.9000000000E+00  9.8163228410E-02
  1.4800000000E+00  7.0000000000E+00  9.7615947110E-02
  1.4800000000E+00  7.1000000000E+00  9.7010394237E-02
  1.4800000000E+00  7.2000000000E+00  9.6352185193E-02
  1.4800000000E+00  7.3000000000E+00  9.5647251030E-02
  1.4800000000E+00  7.4000000000E+00  9.4901807735E-02
  1.4800000000E+00  7.5000000000E+00  9.4122322070E-02
  1.4800000000E+00  7.6000000000E+00  9.3315474123E-02
  1.4800000000E+00  7.7000000000E+00  9.2488116755E-02
  1.4800000000E+00  7.8000000000E+00  9.1647232202E-02
  1.4800000000E+00  7.9000000000E+00  9.0799886111E-02
  1.4800000000E+00  8.0000000000E+00  8.9953179388E-02
  1.4800000000E+00  8.1000000000E+00  8.9114198222E-02
  1.4800000000E+00  8.2000000000E+00  8.8289962750E-02
  1.4800000000E+00  8.3000000000E+00  8.7487374820E-02
  1.4800000000E+00  8.4000000000E+00  8.6713165376E-02
  1.4800000000E+00  8.5000000000E+00  8.5973841980E-02
  1.4800000000E+00  8.6000000000E+00  8.5275637039E-02
  1.4800000000E+00  8.7000000000E+00  8.4624457277E-02
  1.4800000000E+00  8.8000000000E+00  8.4025835033E-02
  1.4800000000E+00  8.9000000000E+00  8.3484881920E-02
  1.4800000000E+00  9.0000000000E+00  8.3006245396E-02
  1.4800000000E+00  9.1000000000E+00  8.2594068746E-02
  1.4800000000E+00  9.2000000000E+00  8.2251954969E-02
  1.4800000000E+00  9.3000000000E+00  8.1982934995E-02
  1.4800000000E+00  9.4000000000E+00  8.1789440628E-02
  1.4800000000E+00  9.5000000000E+00  8.1673282557E-02
  1.4800000000E+00  9.6000000000E+00  8.1635633695E-02
  1.4800000000E+00  9.7000000000E+00  8.1677018070E-02
  1.4800000000E+00  9.8000000000E+00  8.1797305401E-02
  1.4800000000E+00  9.9000000000E+00  8.1995711437E-02
  1.4800000000E+00  1.0000000000E+01  8.2270804042E-02

  1.5200000000E+00  0.0000000000E+00  1.4181990334E-02
  1.5200000000E+00  1.0000000000E-01  1.5244550910E-02
  1.5200000000E+00  2.0000000000E-01  1.6363882664E-02
  1.5200000000E+00  3.0000000000E-01  1.7541023544E-02
  1.5200000000E+00  4.0000000000E-01  1.8776860541E-02
  1.5200000000E+00  5.0000000000E-01  2.0072116619E-02
  1.5200000000E+00  6.0000000000E-01  2.1427338067E-02
  1.5200000000E+00  7.0000000000E-01  2.2842882388E-02
  1.5200000000E+00  8.0000000000E-01  2.4318906864E-02
  1.5200000000E+00  9.0000000000E-01  2.5855357900E-02
  1.5200000000E+00  1.0000000000E+00  2.7451961280E-02
  1.5200000000E+00  1.1000000000E+00  2.9108213436E-02
  1.5200000000E+00  1.2000000000E+00  3.0823373833E-02
  1.5200000000E+00  1.3000000000E+00  3.2596458570E-02
  1.5200000000E+00  1.4000000000E+00  3.4426235265E-02
  1.5200000000E+00  1.5000000000E+00  3.6311219296E-02
  1.5200000000E+00  1.6000000000E+00  3.8249671465E-02
  1.5200000000E+00  1.7000000000E+00  4.0239597096E-02
  1.5200000000E+00  1.8000000000E+00  4.2278746623E-02
  1.5200000000E+00  1.9000000000E+00  4.4364617645E-02
  1.5200000000E+00  2.0000000000E+00  4.6494458468E-02
  1.5200000000E+00  2.1000000000E+00  4.8665273087E-02
  1.5200000000E+00  2.2000000000E+00  5.0873827588E-02
  1.5200000000E+00  2.3000000000E+00  5.3116657914E-02
  1.5200000000E+00  2.4000000000E+00  5.5390078930E-02
  1.5200000000E+00  2.5000000000E+00  5.7690194719E-02
  1.5200000000E+00  2.6000000000E+00  6.0012910032E-02
  1.5200000000E+00  2.7000000000E+00  6.2353942794E-02
  1.5200000000E+00  2.8000000000E+00  6.4708837598E-02
  1.5200000000E+00  2.9000000000E+00  6.7072980076E-02
  1.5200000000E+00  3.0000000000E+00  6.9441612071E-02
  1.5200000000E+00  3.1000000000E+00  7.1809847522E-02
  1.5200000000E+00  3.2000000000E+00  7.4172688986E-02
  1.5200000000E+00  3.3000000000E+00  7.6525044717E-02
  1.5200000000E+00  3.4000000000E+00  7.8861746253E-02
  1.5200000000E+00  3.5000000000E+00  8.1177566449E-02
  1.5200000000E+00  3.6000000000E+00  8.3467237928E-02
  1.5200000000E+00  3.7000000000E+00  8.5725471907E-02
  1.5200000000E+00  3.8000000000E+00  8.7946977405E-02
  1.5200000000E+00  3.9000000000E+00  9.0126480797E-02
  1.5200000000E+00  4.0000000000E+00  9.2258745756E-02
  1.5200000000E+00  4.1000000000E+00  9.4338593565E-02
  1.5200000000E+00  4.2000000000E+00  9.6360923835E-02
  1.5200000000E+00  4.3000000000E+00  9.8320735647E-02
  1.5200000000E+00  4.4000000000E+00  1.0021314913E-01
  1.5200000000E+00  4.5000000000E+00  1.0203342753E-01
  1.5200000000E+00  4.6000000000E+00  1.0377699971E-01
  1.5200000000E+00  4.7000000000E+00  1.0543948315E-01
  1.5200000000E+00  4.8000000000E+00  1.0701670744E-01
  1.5200000000E+00  4.9000000000E+00  1.0850473812E-01
  1.5200000000E+00  5.0000000000E+00  1.0989990096E-01
  1.5200000000E+00  5.1000000000E+00  1.1119880651E-01
  1.5200000000E+00  5.2000000000E+00  1.1239837484E-01
  1.5200000000E+00  5.3000000000E+00  1.1349586030E-01
  1.5200000000E+00  5.4000000000E+00  1.1448887620E-01
  1.5200000000E+00  5.5000000000E+00  1.1537541916E-01
  1.5200000000E+00  5.6000000000E+00  1.1615389290E-01
  1.5200000000E+00  5.7000000000E+00  1.1682313123E-01
  1.5200000000E+00  5.8000000000E+00  1.1738241992E-01
  1.5200000000E+00  5.9000000000E+00  1.1783151724E-01
  1.5200000000E+00  6.0000000000E+00  1.1817067269E-01
  1.5200000000E+00  6.1000000000E+00  1.1840064362E-01
  1.5200000000E+00  6.2000000000E+00  1.1852270953E-01
  1.5200000000E+00  6.3000000000E+00  1.1853868343E-01
  1.5200000000E+00  6.4000000000E+00  1.1845092010E-01
  1.5200000000E+00  6.5000000000E+00  1.1826232087E-01
  1.5200000000E+00  6.6000000000E+00  1.1797633447E-01
  1.5200000000E+00  6.7000000000E+00  1.1759695382E-01
  1.5200000000E+00  6.8000000000E+00  1.1712870837E-01
  1.5200000000E+00  6.9000000000E+00  1.1657665179E-01
  1.5200000000E+00  7.0000000000E+00  1.1594634484E-01
  1.5200000000E+00  7.1000000000E+00  1.1524383330E-01
  1.5200000000E+00  7.2000000000E+00  1.1447562088E-01
  1.5200000000E+00  7.3000000000E+00  1.1364863707E-01
  1.5200000000E+00  7.4000000000E+00  1.1277020013E-01
  1.5200000000E+00  7.5000000000E+00  1.1184797515E-01
  1.5200000000E+00  7.6000000000E+00  1.1088992763E-01
  1.5200000000E+00  7.7000000000E+00  1.0990427264E-01
  1.5200000000E+00  7.8000000000E+00  1.0889942012E-01
  1.5200000000E+00  7.9000000000E+00  1.0788391659E-01
  1.5200000000E+00  8.0000000000E+00  1.0686638386E-01
  1.5200000000E+00  8.1000000000E+00  1.0585545522E-01
  1.5200000000E+00  8.2000000000E+00  1.0485970982E-01
  1.5200000000E+00  8.3000000000E+00  1.0388760579E-01
  1.5200000000E+00  8.4000000000E+00  1.0294741280E-01
  1.5200000000E+00  8.5000000000E+00  1.0204714486E-01
  1.5200000000E+00  8.6000000000E+00  1.0119449400E-01
  1.5200000000E+00  8.7000000000E+00  1.0039676563E-01
  1.5200000000E+00  8.8000000000E+00  9.9660816302E-02
  1.5200000000E+00  8.9000000000E+00  9.8992994528E-02
  1.5200000000E+00  9.0000000000E+00  9.8399085473E-02
  1.5200000000E+00  9.1000000000E+00  9.7884260063E-02
  1.5200000000E+00  9.2000000000E+00  9.7453029169E-02
  1.5200000000E+00  9.3000000000E+00  9.7109203395E-02
  1.5200000000E+00  9.4000000000E+00  9.6855858958E-02
  1.5200000000E+00  9.5000000000E+00  9.6695310052E-02
  1.5200000000E+00  9.6000000000E+00  9.6629088035E-02
  1.5200000000E+00  9.7000000000E+00  9.6657927669E-02
  1.5200000000E+00  9.8000000000E+00  9.6781760551E-02
  1.5200000000E+00  9.9000000000E+00  9.6999715813E-02
  1.5200000000E+00  1.0000000000E+01  9.7310128026E-02

  1.5600000000E+00  0.0000000000E+00  2.3435600442E-02
  1.5600000000E+00  1.0000000000E-01  2.4890894272E-02
  1.5600000000E+00  2.0000000000E-01  2.6404104373E-02
  1.5600000000E+00  3.0000000000E-01  2.7975325650E-02
  1.5600000000E+00  4.0000000000E-01  2.9604504766E-02
  1.5600000000E+00  5.0000000000E-01  3.1291435238E-02
  1.5600000000E+00  6.0000000000E-01  3.3035752997E-02
  1.5600000000E+00  7.0000000000E-01  3.4836932419E-02
  1.5600000000E+00  8.0000000000E-01  3.6694282839E-02
  1.5600000000E+00  9.0000000000E-01  3.8606945576E-02
  1.5600000000E+00  1.0000000000E+00  4.0573891459E-02
  1.5600000000E+00  1.1000000000E+00  4.2593918870E-02
  1.5600000000E+00  1.2000000000E+00  4.4665652293E-02
  1.5600000000E+00  1.3000000000E+00  4.6787541368E-02
  1.5600000000E+00  1.4000000000E+00  4.8957860445E-02
  1.5600000000E+00  1.5000000000E+00  5.1174708617E-02
  1.5600000000E+00  1.6000000000E+00  5.3436010212E-02
  1.5600000000E+00  1.7000000000E+00  5.5739515734E-02
  1.5600000000E+00  1.8000000000E+00  5.8082803221E-02
  1.5600000000E+00  1.9000000000E+00  6.0463280001E-02
  1.5600000000E+00  2.0000000000E+00  6.2878184813E-02
  1.5600000000E+00  2.1000000000E+00  6.5324590278E-02
  1.5600000000E+00  2.2000000000E+00  6.7799405687E-02
  1.5600000000E+00  2.3000000000E+00  7.0299380093E-02
  1.5600000000E+00  2.4000000000E+00  7.2821105693E-02
  1.5600000000E+00  2.5000000000E+00  7.5361021478E-02
  1.5600000000E+00  2.6000000000E+00  7.7915417172E-02
  1.5600000000E+00  2.7000000000E+00  8.0480437441E-02
  1.5600000000E+00  2.8000000000E+00  8.3052086413E-02
  1.5600000000E+00  2.9000000000E+00  8.5626232531E-02
  1.5600000000E+00  3.0000000000E+00  8.8198613770E-02
  1.5600000000E+00  3.1000000000E+00  9.0764843302E-02
  1.5600000000E+00  3.2000000000E+00  9.3320415643E-02
  1.5600000000E+00  3.3000000000E+00  9.5860713400E-02
  1.5600000000E+00  3.4000000000E+00  9.8381014686E-02
  1.5600000000E+00  3.5000000000E+00  1.0087650133E-01
  1.5600000000E+00  3.6000000000E+00  1.0334226802E-01
  1.5600000000E+00  3.7000000000E+00  1.0577333239E-01
  1.5600000000E+00  3.8000000000E+00  1.0816464643E-01
  1.5600000000E+00  3.9000000000E+00  1.1051110905E-01
  1.5600000000E+00  4.0000000000E+00  1.1280758017E-01
  1.5600000000E+00  4.1000000000E+00  1.1504889636E-01
  1.5600000000E+00  4.2000000000E+00  1.1722988816E-01
  1.5600000000E+00  4.3000000000E+00  1.1934539919E-01
  1.5600000000E+00  4.4000000000E+00  1.2139030718E-01
  1.5600000000E+00  4.5000000000E+00  1.2335954693E-01
  1.5600000000E+00  4.6000000000E+00  1.2524813518E-01
  1.5600000000E+00  4.7000000000E+00  1.2705119760E-01
  1.5600000000E+00  4.8000000000E+00  1.2876399758E-01
  1.5600000000E+00  4.9000000000E+00  1.3038196698E-01
  1.5600000000E+00  5.0000000000E+00  1.3190073857E-01
  1.5600000000E+00  5.1000000000E+00  1.3331618004E-01
  1.5600000000E+00  5.2000000000E+00  1.3462442934E-01
  1.5600000000E+00  5.3000000000E+00  1.3582193114E-01
  1.5600000000E+00  5.4000000000E+00  1.3690547396E-01
  1.5600000000E+00  5.5000000000E+00  1.3787222774E-01
  1.5600000000E+00  5.6000000000E+00  1.3871978133E-01
  1.5600000000E+00  5.7000000000E+00  1.3944617948E-01
  1.5600000000E+00  5.8000000000E+00  1.4004995889E-01
  1.5600000000E+00  5.9000000000E+00  1.4053018268E-01
  1.5600000000E+00  6.0000000000E+00  1.4088647284E-01
  1.5600000000E+00  6.1000000000E+00  1.4111904001E-01
  1.5600000000E+00  6.2000000000E+00  1.4122871015E-01
  1.5600000000E+00  6.3000000000E+00  1.4121694735E-01
  1.5600000000E+00  6.4000000000E+00  1.4108587245E-01
  1.5600000000E+00  6.5000000000E+00  1.4083827672E-01
  1.5600000000E+00  6.6000000000E+00  1.4047763032E-01
  1.5600000000E+00  6.7000000000E+00  1.4000808496E-01
  1.5600000000E+00  6.8000000000E+00  1.3943447041E-01
  1.5600000000E+00  6.9000000000E+00  1.3876228457E-01
  1.5600000000E+00  7.0000000000E+00  1.3799767686E-01
  1.5600000000E+00  7.1000000000E+00  1.3714742465E-01
  1.5600000000E+00  7.2000000000E+00  1.3621890285E-01
  1.5600000000E+00  7.3000000000E+00  1.3522004652E-01
  1.5600000000E+00  7.4000000000E+00  1.3415930669E-01
  1.5600000000E+00  7.5000000000E+00  1.3304559956E-01
  1.5600000000E+00  7.6000000000E+00  1.3188824951E-01
  1.5600000000E+00  7.7000000000E+00  1.3069692614E-01
  1.5600000000E+00  7.8000000000E+00  1.2948157605E-01
  1.5600000000E+00  7.9000000000E+00  1.2825234985E-01
  1.5600000000E+00  8.0000000000E+00  1.2701952509E-01
  1.5600000000E+00  8.1000000000E+00  1.2579342590E-01
  1.5600000000E+00  8.2000000000E+00  1.2458434015E-01
  1.5600000000E+00  8.3000000000E+00  1.2340243502E-01
  1.5600000000E+00  8.4000000000E+00  1.2225767182E-01
  1.5600000000E+00  8.5000000000E+00  1.2115972119E-01
  1.5600000000E+00  8.6000000000E+00  1.2011787943E-01
  1.5600000000E+00  8.7000000000E+00  1.1914098701E-01
  1.5600000000E+00  8.8000000000E+00  1.1823735031E-01
  1.5600000000E+00  8.9000000000E+00  1.1741466735E-01
  1.5600000000E+00  9.0000000000E+00  1.1667995839E-01
  1.5600000000E+00  9.1000000000E+00  1.1603950243E-01
  1.5600000000E+00  9.2000000000E+00  1.1549878006E-01
  1.5600000000E+00  9.3000000000E+00  1.1506242358E-01
  1.5600000000E+00  9.4000000000E+00  1.1473417479E-01
  1.5600000000E+00  9.5000000000E+00  1.1451685109E-01
  1.5600000000E+00  9.6000000000E+00  1.1441232011E-01
  1.5600000000E+00  9.7000000000E+00  1.1442148320E-01
  1.5600000000E+00  9.8000000000E+00  1.1454426800E-01
  1.5600000000E+00  9.9000000000E+00  1.1477962996E-01
  1.5600000000E+00  1.0000000000E+01  1.1512556285E-01

  1.6000000000E+00  0.0000000000E+00  4.5360289086E-02
  1.6000000000E+00  1.0000000000E-01  4.7475238078E-02
  1.6000000000E+00  2.0000000000E-01  4.9628693003E-02
  1.6000000000E+00  3.0000000000E-01  5.1818587859E-02
  1.6000000000E+00  4.0000000000E-01  5.4042839853E-02
  1.6000000000E+00  5.0000000000E-01  5.6299363682E-02
  1.6000000000E+00  6.0000000000E-01  5.8586084913E-02
  1.6000000000E+00  7.0000000000E-01  6.0900952253E-02
  1.6000000000E+00  8.0000000000E-01  6.3241948474E-02
  1.6000000000E+00  9.0000000000E-01  6.5607099813E-02
  1.6000000000E+00  1.0000000000E+00  6.7994483678E-02
  1.6000000000E+00  1.1000000000E+00  7.0402234492E-02
  1.6000000000E+00  1.2000000000E+00  7.2828547583E-02
  1.6000000000E+00  1.3000000000E+00  7.5271681008E-02
  1.6000000000E+00  1.4000000000E+00  7.7729955250E-02
  1.6000000000E+00  1.5000000000E+00  8.0201750773E-02
  1.6000000000E+00  1.6000000000E+00  8.2685503418E-02
  1.6000000000E+00  1.7000000000E+00  8.5179697691E-02
  1.6000000000E+00  1.8000000000E+00  8.7682857992E-02
  1.6000000000E+00  1.9000000000E+00  9.0193537902E-02
  1.6000000000E+00  2.0000000000E+00  9.2710307637E-02
  1.6000000000E+00  2.1000000000E+00  9.5231739843E-02
  1.6000000000E+00  2.2000000000E+00  9.7756393910E-02
  1.6000000000E+00  2.3000000000E+00  1.0028279901E-01
  1.6000000000E+00  2.4000000000E+00  1.0280943610E-01
  1.6000000000E+00  2.5000000000E+00  1.0533471917E-01
  1.6000000000E+00  2.6000000000E+00  1.0785697600E-01
  1.6000000000E+00  2.7000000000E+00  1.1037442863E-01
  1.6000000000E+00  2.8000000000E+00  1.1288517408E-01
  1.6000000000E+00  2.9000000000E+00  1.1538716541E-01
  1.6000000000E+00  3.0000000000E+00  1.1787819354E-01
  1.6000000000E+00  3.1000000000E+00  1.2035587024E-01
  1.6000000000E+00  3.2000000000E+00  1.2281761253E-01
  1.6000000000E+00  3.3000000000E+00  1.2526062887E-01
  1.6000000000E+00  3.4000000000E+00  1.2768190749E-01
  1.6000000000E+00  3.5000000000E+00  1.3007820718E-01
  1.6000000000E+00  3.6000000000E+00  1.3244605091E-01
  1.6000000000E+00  3.7000000000E+00  1.3478172243E-01
  1.6000000000E+00  3.8000000000E+00  1.3708126642E-01
  1.6000000000E+00  3.9000000000E+00  1.3934049209E-01
  1.6000000000E+00  4.0000000000E+00  1.4155498076E-01
  1.6000000000E+00  4.1000000000E+00  1.4372009747E-01
  1.6000000000E+00  4.2000000000E+00  1.4583100684E-01
  1.6000000000E+00  4.3000000000E+00  1.4788269316E-01
  1.6000000000E+00  4.4000000000E+00  1.4986998496E-01
  1.6000000000E+00  4.5000000000E+00  1.5178758391E-01
  1.6000000000E+00  4.6000000000E+00  1.5363009812E-01
  1.6000000000E+00  4.7000000000E+00  1.5539207956E-01
  1.6000000000E+00  4.8000000000E+00  1.5706806559E-01
  1.6000000000E+00  4.9000000000E+00  1.5865262429E-01
  1.6000000000E+00  5.0000000000E+00  1.6014040317E-01
  1.6000000000E+00  5.1000000000E+00  1.6152618106E-01
  1.6000000000E+00  5.2000000000E+00  1.6280492257E-01
  1.6000000000E+00  5.3000000000E+00  1.6397183466E-01
  1.6000000000E+00  5.4000000000E+00  1.6502242472E-01
  1.6000000000E+00  5.5000000000E+00  1.6595255956E-01
  1.6000000000E+00  5.6000000000E+00  1.6675852454E-01
  1.6000000000E+00  5.7000000000E+00  1.6743708215E-01
  1.6000000000E+00  5.8000000000E+00  1.6798552924E-01
  1.6000000000E+00  5.9000000000E+00  1.6840175214E-01
  1.6000000000E+00  6.0000000000E+00  1.6868427880E-01
  1.6000000000E+00  6.1000000000E+00  1.6883232717E-01
  1.6000000000E+00  6.2000000000E+00  1.6884584893E-01
  1.6000000000E+00  6.3000000000E+00  1.6872556794E-01
  1.6000000000E+00  6.4000000000E+00  1.6847301250E-01
  1.6000000000E+00  6.5000000000E+00  1.6809054074E-01
  1.6000000000E+00  6.6000000000E+00  1.6758135864E-01
  1.6000000000E+00  6.7000000000E+00  1.6694952990E-01
  1.6000000000E+00  6.8000000000E+00  1.6619997732E-01
  1.6000000000E+00  6.9000000000E+00  1.6533847532E-01
  1.6000000000E+00  7.0000000000E+00  1.6437163322E-01
  1.6000000000E+00  7.1000000000E+00  1.6330686922E-01
  1.6000000000E+00  7.2000000000E+00  1.6215237496E-01
  1.6000000000E+00  7.3000000000E+00  1.6091707088E-01
  1.6000000000E+00  7.4000000000E+00  1.5961055242E-01
  1.6000000000E+00  7.5000000000E+00  1.5824302756E-01
  1.6000000000E+00  7.6000000000E+00  1.5682524612E-01
  1.6000000000E+00  7.7000000000E+00  1.5536842140E-01
  1.6000000000E+00  7.8000000000E+00  1.5388414496E-01
  1.6000000000E+00  7.9000000000E+00  1.5238429520E-01
  1.6000000000E+00  8.0000000000E+00  1.5088094095E-01
  1.6000000000E+00  8.1000000000E+00  1.4938624074E-01
  1.6000000000E+00  8.2000000000E+00  1.4791233916E-01
  1.6000000000E+00  8.3000000000E+00  1.4647126127E-01
  1.6000000000E+00  8.4000000000E+00  1.4507480626E-01
  1.6000000000E+00  8.5000000000E+00  1.4373444174E-01
  1.6000000000E+00  8.6000000000E+00  1.4246119960E-01
  1.6000000000E+00  8.7000000000E+00  1.4126557500E-01
  1.6000000000E+00  8.8000000000E+00  1.4015742935E-01
  1.6000000000E+00  8.9000000000E+00  1.3914589867E-01
  1.6000000000E+00  9.0000000000E+00  1.3823930824E-01
  1.6000000000E+00  9.1000000000E+00  1.3744509467E-01
  1.6000000000E+00  9.2000000000E+00  1.3676973615E-01
  1.6000000000E+00  9.3000000000E+00  1.3621869183E-01
  1.6000000000E+00  9.4000000000E+00  1.3579635091E-01
  1.6000000000E+00  9.5000000000E+00  1.3550599196E-01
  1.6000000000E+00  9.6000000000E+00  1.3534975304E-01
  1.6000000000E+00  9.7000000000E+00  1.3532861272E-01
  1.6000000000E+00  9.8000000000E+00  1.3544238223E-01
  1.6000000000E+00  9.9000000000E+00  1.3568970870E-01
  1.6000000000E+00  1.0000000000E+01  1.3606808931E-01

  1.6400000000E+00  0.0000000000E+00  8.2120586914E-02
  1.6400000000E+00  1.0000000000E-01  8.5127734944E-02
  1.6400000000E+00  2.0000000000E-01  8.8127260836E-02
  1.6400000000E+00  3.0000000000E-01  9.1114010476E-02
  1.6400000000E+00  4.0000000000E-01  9.4083128820E-02
  1.6400000000E+00  5.0000000000E-01  9.7030101181E-02
  1.6400000000E+00  6.0000000000E-01  9.9950790140E-02
  1.6400000000E+00  7.0000000000E-01  1.0284146751E-01
  1.6400000000E+00  8.0000000000E-01  1.0569884086E-01
  1.6400000000E+00  9.0000000000E-01  1.0852007420E-01
  1.6400000000E+00  1.0000000000E+00  1.1130280241E-01
  1.6400000000E+00  1.1000000000E+00  1.1404513930E-01
  1.6400000000E+00  1.2000000000E+00  1.1674567893E-01
  1.6400000000E+00  1.3000000000E+00  1.1940349041E-01
  1.6400000000E+00  1.4000000000E+00  1.2201810596E-01
  1.6400000000E+00  1.5000000000E+00  1.2458950244E-01
  1.6400000000E+00  1.6000000000E+00  1.2711807666E-01
  1.6400000000E+00  1.7000000000E+00  1.2960461468E-01
  1.6400000000E+00  1.8000000000E+00  1.3205025548E-01
  1.6400000000E+00  1.9000000000E+00  1.3445644955E-01
  1.6400000000E+00  2.0000000000E+00  1.3682491293E-01
  1.6400000000E+00  2.1000000000E+00  1.3915757718E-01
  1.6400000000E+00  2.2000000000E+00  1.4145653615E-01
  1.6400000000E+00  2.3000000000E+00  1.4372399003E-01
  1.6400000000E+00  2.4000000000E+00  1.4596218759E-01
  1.6400000000E+00  2.5000000000E+00  1.4817336724E-01
  1.6400000000E+00  2.6000000000E+00  1.5035969783E-01
  1.6400000000E+00  2.7000000000E+00  1.5252321973E-01
  1.6400000000E+00  2.8000000000E+00  1.5466578734E-01
  1.6400000000E+00  2.9000000000E+00  1.5678901333E-01
  1.6400000000E+00  3.0000000000E+00  1.5889421585E-01
  1.6400000000E+00  3.1000000000E+00  1.6098236898E-01
  1.6400000000E+00  3.2000000000E+00  1.6305405743E-01
  1.6400000000E+00  3.3000000000E+00  1.6510943596E-01
  1.6400000000E+00  3.4000000000E+00  1.6714819419E-01
  1.6400000000E+00  3.5000000000E+00  1.6916952726E-01
  1.6400000000E+00  3.6000000000E+00  1.7117211294E-01
  1.6400000000E+00  3.7000000000E+00  1.7315409547E-01
  1.6400000000E+00  3.8000000000E+00  1.7511307662E-01
  1.6400000000E+00  3.9000000000E+00  1.7704611412E-01
  1.6400000000E+00  4.0000000000E+00  1.7894972774E-01
  1.6400000000E+00  4.1000000000E+00  1.8081991314E-01
  1.6400000000E+00  4.2000000000E+00  1.8265216348E-01
  1.6400000000E+00  4.3000000000E+00  1.8444149881E-01
  1.6400000000E+00  4.4000000000E+00  1.8618250307E-01
  1.6400000000E+00  4.5000000000E+00  1.8786936852E-01
  1.6400000000E+00  4.6000000000E+00  1.8949594724E-01
  1.6400000000E+00  4.7000000000E+00  1.9105580941E-01
  1.6400000000E+00  4.8000000000E+00  1.9254230774E-01
  1.6400000000E+00  4.9000000000E+00  1.9394864766E-01
  1.6400000000E+00  5.0000000000E+00  1.9526796247E-01
  1.6400000000E+00  5.1000000000E+00  1.9649339284E-01
  1.6400000000E+00  5.2000000000E+00  1.9761816974E-01
  1.6400000000E+00  5.3000000000E+00  1.9863570006E-01
  1.6400000000E+00  5.4000000000E+00  1.9953965385E-01
  1.6400000000E+00  5.5000000000E+00  2.0032405229E-01
  1.6400000000E+00  5.6000000000E+00  2.0098335530E-01
  1.6400000000E+00  5.7000000000E+00  2.0151254777E-01
  1.6400000000E+00  5.8000000000E+00  2.0190722323E-01
  1.6400000000E+00  5.9000000000E+00  2.0216366400E-01
  1.6400000000E+00  6.0000000000E+00  2.0227891658E-01
  1.6400000000E+00  6.1000000000E+00  2.0225086135E-01
  1.6400000000E+00  6.2000000000E+00  2.0207827538E-01
  1.6400000000E+00  6.3000000000E+00  2.0176088755E-01
  1.6400000000E+00  6.4000000000E+00  2.0129942489E-01
  1.6400000000E+00  6.5000000000E+00  2.0069564941E-01
  1.6400000000E+00  6.6000000000E+00  1.9995238461E-01
  1.6400000000E+00  6.7000000000E+00  1.9907353112E-01
  1.6400000000E+00  6.8000000000E+00  1.9806407083E-01
  1.6400000000E+00  6.9000000000E+00  1.9693005925E-01
  1.6400000000E+00  7.0000000000E+00  1.9567860577E-01
  1.6400000000E+00  7.1000000000E+00  1.9431784185E-01
  1.6400000000E+00  7.2000000000E+00  1.9285687703E-01
  1.6400000000E+00  7.3000000000E+00  1.9130574317E-01
  1.6400000000E+00  7.4000000000E+00  1.8967532719E-01
  1.6400000000E+00  7.5000000000E+00  1.8797729286E-01
  1.6400000000E+00  7.6000000000E+00  1.8622399244E-01
  1.6400000000E+00  7.7000000000E+00  1.8442836882E-01
  1.6400000000E+00  7.8000000000E+00  1.8260384935E-01
  1.6400000000E+00  7.9000000000E+00  1.8076423229E-01
  1.6400000000E+00  8.0000000000E+00  1.7892356723E-01
  1.6400000000E+00  8.1000000000E+00  1.7709603066E-01
  1.6400000000E+00  8.2000000000E+00  1.7529579822E-01
  1.6400000000E+00  8.3000000000E+00  1.7353691495E-01
  1.6400000000E+00  8.4000000000E+00  1.7183316508E-01
  1.6400000000E+00  8.5000000000E+00  1.7019794291E-01
  1.6400000000E+00  8.6000000000E+00  1.6864412616E-01
  1.6400000000E+00  8.7000000000E+00  1.6718395346E-01
  1.6400000000E+00  8.8000000000E+00  1.6582890712E-01
  1.6400000000E+00  8.9000000000E+00  1.6458960289E-01
  1.6400000000E+00  9.0000000000E+00  1.6347568764E-01
  1.6400000000E+00  9.1000000000E+00  1.6249574647E-01
  1.6400000000E+00  9.2000000000E+00  1.6165721998E-01
  1.6400000000E+00  9.3000000000E+00  1.6096633286E-01
  1.6400000000E+00  9.4000000000E+00  1.6042803444E-01
  1.6400000000E+00  9.5000000000E+00  1.6004595184E-01
  1.6400000000E+00  9.6000000000E+00  1.5982235618E-01
  1.6400000000E+00  9.7000000000E+00  1.5975814208E-01
  1.6400000000E+00  9.8000000000E+00  1.5985282062E-01
  1.6400000000E+00  9.9000000000E+00  1.6010452561E-01
  1.6400000000E+00  1.0000000000E+01  1.6051003298E-01

  1.6800000000E+00  0.0000000000E+00  1.1025567034E-01
  1.6800000000E+00  1.0000000000E-01  1.1409175234E-01
  1.6800000000E+00  2.0000000000E-01  1.1789796539E-01
  1.6800000000E+00  3.0000000000E-01  1.2166689169E-01
  1.6800000000E+00  4.0000000000E-01  1.2539158477E-01
  1.6800000000E+00  5.0000000000E-01  1.2906562962E-01
  1.6800000000E+00  6.0000000000E-01  1.3268319636E-01
  1.6800000000E+00  7.0000000000E-01  1.3623908679E-01
  1.6800000000E+00  8.0000000000E-01  1.3972877304E-01
  1.6800000000E+00  9.0000000000E-01  1.4314842767E-01
  1.6800000000E+00  1.0000000000E+00  1.4649494490E-01
  1.6800000000E+00  1.1000000000E+00  1.4976595245E-01
  1.6800000000E+00  1.2000000000E+00  1.5295981379E-01
  1.6800000000E+00  1.3000000000E+00  1.5607562085E-01
  1.6800000000E+00  1.4000000000E+00  1.5911317706E-01
  1.6800000000E+00  1.5000000000E+00  1.6207297108E-01
  1.6800000000E+00  1.6000000000E+00  1.6495614134E-01
  1.6800000000E+00  1.7000000000E+00  1.6776443210E-01
  1.6800000000E+00  1.8000000000E+00  1.7050014134E-01
  1.6800000000E+00  1.9000000000E+00  1.7316606137E-01
  1.6800000000E+00  2.0000000000E+00  1.7576541277E-01
  1.6800000000E+00  2.1000000000E+00  1.7830177273E-01
  1.6800000000E+00  2.2000000000E+00  1.8077899852E-01
  1.6800000000E+00  2.3000000000E+00  1.8320114728E-01
  1.6800000000E+00  2.4000000000E+00  1.8557239308E-01
  1.6800000000E+00  2.5000000000E+00  1.8789694238E-01
  1.6800000000E+00  2.6000000000E+00  1.9017894905E-01
  1.6800000000E+00  2.7000000000E+00  1.9242242993E-01
  1.6800000000E+00  2.8000000000E+00  1.9463118222E-01
  1.6800000000E+00  2.9000000000E+00  1.9680870366E-01
  1.6800000000E+00  3.0000000000E+00  1.9895811653E-01
  1.6800000000E+00  3.1000000000E+00  2.0108209664E-01
  1.6800000000E+00  3.2000000000E+00  2.0318280809E-01
  1.6800000000E+00  3.3000000000E+00  2.0526184477E-01
  1.6800000000E+00  3.4000000000E+00  2.0732017937E-01
  1.6800000000E+00  3.5000000000E+00  2.0935812067E-01
  1.6800000000E+00  3.6000000000E+00  2.1137527969E-01
  1.6800000000E+00  3.7000000000E+00  2.1337054531E-01
  1.6800000000E+00  3.8000000000E+00  2.1534206967E-01
  1.6800000000E+00  3.9000000000E+00  2.1728726384E-01
  1.6800000000E+00  4.0000000000E+00  2.1920280383E-01
  1.6800000000E+00  4.1000000000E+00  2.2108464712E-01
  1.6800000000E+00  4.2000000000E+00  2.2292805969E-01
  1.6800000000E+00  4.3000000000E+00  2.2472765338E-01
  1.6800000000E+00  4.4000000000E+00  2.2647743338E-01
  1.6800000000E+00  4.5000000000E+00  2.2817085545E-01
  1.6800000000E+00  4.6000000000E+00  2.2980089239E-01
  1.6800000000E+00  4.7000000000E+00  2.3136010918E-01
  1.6800000000E+00  4.8000000000E+00  2.3284074605E-01
  1.6800000000E+00  4.9000000000E+00  2.3423480873E-01
  1.6800000000E+00  5.0000000000E+00  2.3553416485E-01
  1.6800000000E+00  5.1000000000E+00  2.3673064561E-01
  1.6800000000E+00  5.2000000000E+00  2.3781615157E-01
  1.6800000000E+00  5.3000000000E+00  2.3878276132E-01
  1.6800000000E+00  5.4000000000E+00  2.3962284194E-01
  1.6800000000E+00  5.5000000000E+00  2.4032915982E-01
  1.6800000000E+00  5.6000000000E+00  2.4089499064E-01
  1.6800000000E+00  5.7000000000E+00  2.4131422697E-01
  1.6800000000E+00  5.8000000000E+00  2.4158148235E-01
  1.6800000000E+00  5.9000000000E+00  2.4169219036E-01
  1.6800000000E+00  6.0000000000E+00  2.4164269727E-01
  1.6800000000E+00  6.1000000000E+00  2.4143034722E-01
  1.6800000000E+00  6.2000000000E+00  2.4105355839E-01
  1.6800000000E+00  6.3000000000E+00  2.4051188927E-01
  1.6800000000E+00  6.4000000000E+00  2.3980609377E-01
  1.6800000000E+00  6.5000000000E+00  2.3893816436E-01
  1.6800000000E+00  6.6000000000E+00  2.3791136229E-01
  1.6800000000E+00  6.7000000000E+00  2.3673023425E-01
  1.6800000000E+00  6.8000000000E+00  2.3540061503E-01
  1.6800000000E+00  6.9000000000E+00  2.3392961567E-01
  1.6800000000E+00  7.0000000000E+00  2.3232559698E-01
  1.6800000000E+00  7.1000000000E+00  2.3059812841E-01
  1.6800000000E+00  7.2000000000E+00  2.2875793250E-01
  1.6800000000E+00  7.3000000000E+00  2.2681681520E-01
  1.6800000000E+00  7.4000000000E+00  2.2478758261E-01
  1.6800000000E+00  7.5000000000E+00  2.2268394498E-01
  1.6800000000E+00  7.6000000000E+00  2.2052040875E-01
  1.6800000000E+00  7.7000000000E+00  2.1831215780E-01
  1.6800000000E+00  7.8000000000E+00  2.1607492506E-01
  1.6800000000E+00  7.9000000000E+00  2.1382485595E-01
  1.6800000000E+00  8.0000000000E+00  2.1157836506E-01
  1.6800000000E+00  8.1000000000E+00  2.0935198763E-01
  1.6800000000E+00  8.2000000000E+00  2.0716222765E-01
  1.6800000000E+00  8.3000000000E+00  2.0502540411E-01
  1.6800000000E+00  8.4000000000E+00  2.0295749734E-01
  1.6800000000E+00  8.5000000000E+00  2.0097399712E-01
  1.6800000000E+00  8.6000000000E+00  1.9908975428E-01
  1.6800000000E+00  8.7000000000E+00  1.9731883768E-01
  1.6800000000E+00  8.8000000000E+00  1.9567439800E-01
  1.6800000000E+00  8.9000000000E+00  1.9416854006E-01
  1.6800000000E+00  9.0000000000E+00  1.9281220511E-01
  1.6800000000E+00  9.1000000000E+00  1.9161506439E-01
  1.6800000000E+00  9.2000000000E+00  1.9058542515E-01
  1.6800000000E+00  9.3000000000E+00  1.8973015014E-01
  1.6800000000E+00  9.4000000000E+00  1.8905459148E-01
  1.6800000000E+00  9.5000000000E+00  1.8856253949E-01
  1.6800000000E+00  9.6000000000E+00  1.8825618699E-01
  1.6800000000E+00  9.7000000000E+00  1.8813610933E-01
  1.6800000000E+00  9.8000000000E+00  1.8820126021E-01
  1.6800000000E+00  9.9000000000E+00  1.8844898316E-01
  1.6800000000E+00  1.0000000000E+01  1.8887503835E-01

  1.7200000000E+00  0.0000000000E+00  1.0602118410E-01
  1.7200000000E+00  1.0000000000E-01  1.1035411549E-01
  1.7200000000E+00  2.0000000000E-01  1.1471038387E-01
  1.7200000000E+00  3.0000000000E-01  1.1908268339E-01
  1.7200000000E+00  4.0000000000E-01  1.2346387115E-01
  1.7200000000E+00  5.0000000000E-01  1.2784702406E-01
  1.7200000000E+00  6.0000000000E-01  1.3222549254E-01
  1.7200000000E+00  7.0000000000E-01  1.3659295026E-01
  1.7200000000E+00  8.0000000000E-01  1.4094343917E-01
  1.7200000000E+00  9.0000000000E-01  1.4527140909E-01
  1.7200000000E+00  1.0000000000E+00  1.4957175135E-01
  1.7200000000E+00  1.1000000000E+00  1.5383982575E-01
  1.7200000000E+00  1.2000000000E+00  1.5807148059E-01
  1.7200000000E+00  1.3000000000E+00  1.6226306526E-01
  1.7200000000E+00  1.4000000000E+00  1.6641143522E-01
  1.7200000000E+00  1.5000000000E+00  1.7051394918E-01
  1.7200000000E+00  1.6000000000E+00  1.7456845853E-01
  1.7200000000E+00  1.7000000000E+00  1.7857328901E-01
  1.7200000000E+00  1.8000000000E+00  1.8252721486E-01
  1.7200000000E+00  1.9000000000E+00  1.8642942582E-01
  1.7200000000E+00  2.0000000000E+00  1.9027948727E-01
  1.7200000000E+00  2.1000000000E+00  1.9407729417E-01
  1.7200000000E+00  2.2000000000E+00  1.9782301939E-01
  1.7200000000E+00  2.3000000000E+00  2.0151705704E-01
  1.7200000000E+00  2.4000000000E+00  2.0515996175E-01
  1.7200000000E+00  2.5000000000E+00  2.0875238466E-01
  1.7200000000E+00  2.6000000000E+00  2.1229500711E-01
  1.7200000000E+00  2.7000000000E+00  2.1578847292E-01
  1.7200000000E+00  2.8000000000E+00  2.1923332042E-01
  1.7200000000E+00  2.9000000000E+00  2.2262991504E-01
  1.7200000000E+00  3.0000000000E+00  2.2597838380E-01
  1.7200000000E+00  3.1000000000E+00  2.2927855244E-01
  1.7200000000E+00  3.2000000000E+00  2.3252988642E-01
  1.7200000000E+00  3.3000000000E+00  2.3573143679E-01
  1.7200000000E+00  3.4000000000E+00  2.3888179165E-01
  1.7200000000E+00  3.5000000000E+00  2.4197903447E-01
  1.7200000000E+00  3.6000000000E+00  2.4502070976E-01
  1.7200000000E+00  3.7000000000E+00  2.4800379707E-01
  1.7200000000E+00  3.8000000000E+00  2.5092469381E-01
  1.7200000000E+00  3.9000000000E+00  2.5377920760E-01
  1.7200000000E+00  4.0000000000E+00  2.5656255851E-01
  1.7200000000E+00  4.1000000000E+00  2.5926939152E-01
  1.7200000000E+00  4.2000000000E+00  2.6189379941E-01
  1.7200000000E+00  4.3000000000E+00  2.6442935617E-01
  1.7200000000E+00  4.4000000000E+00  2.6686916081E-01
  1.7200000000E+00  4.5000000000E+00  2.6920589139E-01
  1.7200000000E+00  4.6000000000E+00  2.7143186889E-01
  1.7200000000E+00  4.7000000000E+00  2.7353913046E-01
  1.7200000000E+00  4.8000000000E+00  2.7551951127E-01
  1.7200000000E+00  4.9000000000E+00  2.7736473441E-01
  1.7200000000E+00  5.0000000000E+00  2.7906650768E-01
  1.7200000000E+00  5.1000000000E+00  2.8061662644E-01
  1.7200000000E+00  5.2000000000E+00  2.8200708112E-01
  1.7200000000E+00  5.3000000000E+00  2.8323016843E-01
  1.7200000000E+00  5.4000000000E+00  2.8427860469E-01
  1.7200000000E+00  5.5000000000E+00  2.8514563988E-01
  1.7200000000E+00  5.6000000000E+00  2.8582517112E-01
  1.7200000000E+00  5.7000000000E+00  2.8631185373E-01
  1.7200000000E+00  5.8000000000E+00  2.8660120872E-01
  1.7200000000E+00  5.9000000000E+00  2.8668972477E-01
  1.7200000000E+00  6.0000000000E+00  2.8657495350E-01
  1.7200000000E+00  6.1000000000E+00  2.8625559640E-01
  1.7200000000E+00  6.2000000000E+00  2.8573158203E-01
  1.7200000000E+00  6.3000000000E+00  2.8500413216E-01
  1.7200000000E+00  6.4000000000E+00  2.8407581569E-01
  1.7200000000E+00  6.5000000000E+00  2.8295058926E-01
  1.7200000000E+00  6.6000000000E+00  2.8163382348E-01
  1.7200000000E+00  6.7000000000E+00  2.8013231424E-01
  1.7200000000E+00  6.8000000000E+00  2.7845427830E-01
  1.7200000000E+00  6.9000000000E+00  2.7660933287E-01
  1.7200000000E+00  7.0000000000E+00  2.7460845893E-01
  1.7200000000E+00  7.1000000000E+00  2.7246394834E-01
  1.7200000000E+00  7.2000000000E+00  2.7018933493E-01
  1.7200000000E+00  7.3000000000E+00  2.6779931004E-01
  1.7200000000E+00  7.4000000000E+00  2.6530962315E-01
  1.7200000000E+00  7.5000000000E+00  2.6273696838E-01
  1.7200000000E+00  7.6000000000E+00  2.6009885810E-01
  1.7200000000E+00  7.7000000000E+00  2.5741348468E-01
  1.7200000000E+00  7.8000000000E+00  2.5469957195E-01
  1.7200000000E+00  7.9000000000E+00  2.5197621783E-01
  1.7200000000E+00  8.0000000000E+00  2.4926272995E-01
  1.7200000000E+00  8.1000000000E+00  2.4657845593E-01
  1.7200000000E+00  8.2000000000E+00  2.4394261034E-01
  1.7200000000E+00  8.3000000000E+00  2.4137410021E-01
  1.7200000000E+00  8.4000000000E+00  2.3889135120E-01
  1.7200000000E+00  8.5000000000E+00  2.3651213626E-01
  1.7200000000E+00  8.6000000000E+00  2.3425340895E-01
  1.7200000000E+00  8.7000000000E+00  2.3213114321E-01
  1.7200000000E+00  8.8000000000E+00  2.3016018153E-01
  1.7200000000E+00  8.9000000000E+00  2.2835409318E-01
  1.7200000000E+00  9.0000000000E+00  2.2672504429E-01
  1.7200000000E+00  9.1000000000E+00  2.2528368102E-01
  1.7200000000E+00  9.2000000000E+00  2.2403902743E-01
  1.7200000000E+00  9.3000000000E+00  2.2299839890E-01
  1.7200000000E+00  9.4000000000E+00  2.2216733222E-01
  1.7200000000E+00  9.5000000000E+00  2.2154953301E-01
  1.7200000000E+00  9.6000000000E+00  2.2114684094E-01
  1.7200000000E+00  9.7000000000E+00  2.2095921301E-01
  1.7200000000E+00  9.8000000000E+00  2.2098472508E-01
  1.7200000000E+00  9.9000000000E+00  2.2121959120E-01
  1.7200000000E+00  1.0000000000E+01  2.2165820068E-01

  1.7600000000E+00  0.0000000000E+00  9.1768853473E-02
  1.7600000000E+00  1.0000000000E-01  9.6444757100E-02
  1.7600000000E+00  2.0000000000E-01  1.0122205731E-01
  1.7600000000E+00  3.0000000000E-01  1.0609504123E-01
  1.7600000000E+00  4.0000000000E-01  1.1105772213E-01
  1.7600000000E+00  5.0000000000E-01  1.1610387778E-01
  1.7600000000E+00  6.0000000000E-01  1.2122708985E-01
  1.7600000000E+00  7.0000000000E-01  1.2642078383E-01
  1.7600000000E+00  8.0000000000E-01  1.3167826893E-01
  1.7600000000E+00  9.0000000000E-01  1.3699277723E-01
  1.7600000000E+00  1.0000000000E+00  1.4235750155E-01
  1.7600000000E+00  1.1000000000E+00  1.4776563141E-01
  1.7600000000E+00  1.2000000000E+00  1.5321038653E-01
  1.7600000000E+00  1.3000000000E+00  1.5868504729E-01
  1.7600000000E+00  1.4000000000E+00  1.6418298160E-01
  1.7600000000E+00  1.5000000000E+00  1.6969766791E-01
  1.7600000000E+00  1.6000000000E+00  1.7522271373E-01
  1.7600000000E+00  1.7000000000E+00  1.8075186955E-01
  1.7600000000E+00  1.8000000000E+00  1.8627903780E-01
  1.7600000000E+00  1.9000000000E+00  1.9179827679E-01
  1.7600000000E+00  2.0000000000E+00  1.9730379944E-01
  1.7600000000E+00  2.1000000000E+00  2.0278996699E-01
  1.7600000000E+00  2.2000000000E+00  2.0825127771E-01
  1.7600000000E+00  2.3000000000E+00  2.1368235090E-01
  1.7600000000E+00  2.4000000000E+00  2.1907790643E-01
  1.7600000000E+00  2.5000000000E+00  2.2443274034E-01
  1.7600000000E+00  2.6000000000E+00  2.2974169699E-01
  1.7600000000E+00  2.7000000000E+00  2.3499963821E-01
  1.7600000000E+00  2.8000000000E+00  2.4020141040E-01
  1.7600000000E+00  2.9000000000E+00  2.4534181005E-01
  1.7600000000E+00  3.0000000000E+00  2.5041554866E-01
  1.7600000000E+00  3.1000000000E+00  2.5541721784E-01
  1.7600000000E+00  3.2000000000E+00  2.6034125547E-01
  1.7600000000E+00  3.3000000000E+00  2.6518191388E-01
  1.7600000000E+00  3.4000000000E+00  2.6993323090E-01
  1.7600000000E+00  3.5000000000E+00  2.7458900468E-01
  1.7600000000E+00  3.6000000000E+00  2.7914277327E-01
  1.7600000000E+00  3.7000000000E+00  2.8358779962E-01
  1.7600000000E+00  3.8000000000E+00  2.8791706292E-01
  1.7600000000E+00  3.9000000000E+00  2.9212325699E-01
  1.7600000000E+00  4.0000000000E+00  2.9619879619E-01
  1.7600000000E+00  4.1000000000E+00  3.0013582956E-01
  1.7600000000E+00  4.2000000000E+00  3.0392626348E-01
  1.7600000000E+00  4.3000000000E+00  3.0756179318E-01
  1.7600000000E+00  4.4000000000E+00  3.1103394316E-01
  1.7600000000E+00  4.5000000000E+00  3.1433411667E-01
  1.7600000000E+00  4.6000000000E+00  3.1745365395E-01
  1.7600000000E+00  4.7000000000E+00  3.2038389895E-01
  1.7600000000E+00  4.8000000000E+00  3.2311627416E-01
  1.7600000000E+00  4.9000000000E+00  3.2564236278E-01
  1.7600000000E+00  5.0000000000E+00  3.2795399757E-01
  1.7600000000E+00  5.1000000000E+00  3.3004335539E-01
  1.7600000000E+00  5.2000000000E+00  3.3190305642E-01
  1.7600000000E+00  5.3000000000E+00  3.3352626682E-01
  1.7600000000E+00  5.4000000000E+00  3.3490680349E-01
  1.7600000000E+00  5.5000000000E+00  3.3603923974E-01
  1.7600000000E+00  5.6000000000E+00  3.3691901006E-01
  1.7600000000E+00  5.7000000000E+00  3.3754251274E-01
  1.7600000000E+00  5.8000000000E+00  3.3790720864E-01
  1.7600000000E+00  5.9000000000E+00  3.3801171448E-01
  1.7600000000E+00  6.0000000000E+00  3.3785588919E-01
  1.7600000000E+00  6.1000000000E+00  3.3744091163E-01
  1.7600000000E+00  6.2000000000E+00  3.3676934839E-01
  1.7600000000E+00  6.3000000000E+00  3.3584521000E-01
  1.7600000000E+00  6.4000000000E+00  3.3467399457E-01
  1.7600000000E+00  6.5000000000E+00  3.3326271739E-01
  1.7600000000E+00  6.6000000000E+00  3.3161992575E-01
  1.7600000000E+00  6.7000000000E+00  3.2975569797E-01
  1.7600000000E+00  6.8000000000E+00  3.2768162606E-01
  1.7600000000E+00  6.9000000000E+00  3.2541078157E-01
  1.7600000000E+00  7.0000000000E+00  3.2295766443E-01
  1.7600000000E+00  7.1000000000E+00  3.2033813468E-01
  1.7600000000E+00  7.2000000000E+00  3.1756932750E-01
  1.7600000000E+00  7.3000000000E+00  3.1466955183E-01
  1.7600000000E+00  7.4000000000E+00  3.1165817339E-01
  1.7600000000E+00  7.5000000000E+00  3.0855548299E-01
  1.7600000000E+00  7.6000000000E+00  3.0538255129E-01
  1.7600000000E+00  7.7000000000E+00  3.0216107130E-01
  1.7600000000E+00  7.8000000000E+00  2.9891319023E-01
  1.7600000000E+00  7.9000000000E+00  2.9566133235E-01
  1.7600000000E+00  8.0000000000E+00  2.9242801473E-01
  1.7600000000E+00  8.1000000000E+00  2.8923565787E-01
  1.7600000000E+00  8.2000000000E+00  2.8610639316E-01
  1.7600000000E+00  8.3000000000E+00  2.8306186957E-01
  1.7600000000E+00  8.4000000000E+00  2.8012306144E-01
  1.7600000000E+00  8.5000000000E+00  2.7731007990E-01
  1.7600000000E+00  8.6000000000E+00  2.7464198978E-01
  1.7600000000E+00  8.7000000000E+00  2.7213663438E-01
  1.7600000000E+00  8.8000000000E+00  2.6981047005E-01
  1.7600000000E+00  8.9000000000E+00  2.6767841245E-01
  1.7600000000E+00  9.0000000000E+00  2.6575369642E-01
  1.7600000000E+00  9.1000000000E+00  2.6404775107E-01
  1.7600000000E+00  9.2000000000E+00  2.6257009137E-01
  1.7600000000E+00  9.3000000000E+00  2.6132822784E-01
  1.7600000000E+00  9.4000000000E+00  2.6032759498E-01
  1.7600000000E+00  9.5000000000E+00  2.5957149952E-01
  1.7600000000E+00  9.6000000000E+00  2.5906108889E-01
  1.7600000000E+00  9.7000000000E+00  2.5879534029E-01
  1.7600000000E+00  9.8000000000E+00  2.5877107035E-01
  1.7600000000E+00  9.9000000000E+00  2.5898296514E-01
  1.7600000000E+00  1.0000000000E+01  2.5942363025E-01

  1.8000000000E+00  0.0000000000E+00  9.5371817618E-02
  1.8000000000E+00  1.0000000000E-01  1.0057067541E-01
  1.8000000000E+00  2.0000000000E-01  1.0591369134E-01
  1.8000000000E+00  3.0000000000E-01  1.1139634471E-01
  1.8000000000E+00  4.0000000000E-01  1.1701367397E-01
  1.8000000000E+00  5.0000000000E-01  1.2276029764E-01
  1.8000000000E+00  6.0000000000E-01  1.2863043732E-01
  1.8000000000E+00  7.0000000000E-01  1.3461794215E-01
  1.8000000000E+00  8.0000000000E-01  1.4071631464E-01
  1.8000000000E+00  9.0000000000E-01  1.4691873714E-01
  1.8000000000E+00  1.0000000000E+00  1.5321809885E-01
  1.8000000000E+00  1.1000000000E+00  1.5960702270E-01
  1.8000000000E+00  1.2000000000E+00  1.6607789187E-01
  1.8000000000E+00  1.3000000000E+00  1.7262287545E-01
  1.8000000000E+00  1.4000000000E+00  1.7923395284E-01
  1.8000000000E+00  1.5000000000E+00  1.8590293664E-01
  1.8000000000E+00  1.6000000000E+00  1.9262149355E-01
  1.8000000000E+00  1.7000000000E+00  1.9938116318E-01
  1.8000000000E+00  1.8000000000E+00  2.0617337430E-01
  1.8000000000E+00  1.9000000000E+00  2.1298945861E-01
  1.8000000000E+00  2.0000000000E+00  2.1982066168E-01
  1.8000000000E+00  2.1000000000E+00  2.2665815111E-01
  1.8000000000E+00  2.2000000000E+00  2.3349302188E-01
  1.8000000000E+00  2.3000000000E+00  2.4031629904E-01
  1.8000000000E+00  2.4000000000E+00  2.4711893770E-01
  1.8000000000E+00  2.5000000000E+00  2.5389182078E-01
  1.8000000000E+00  2.6000000000E+00  2.6062575461E-01
  1.8000000000E+00  2.7000000000E+00  2.6731146282E-01
  1.8000000000E+00  2.8000000000E+00  2.7393957899E-01
  1.8000000000E+00  2.9000000000E+00  2.8050063842E-01
  1.8000000000E+00  3.0000000000E+00  2.8698506970E-01
  1.8000000000E+00  3.1000000000E+00  2.9338318655E-01
  1.8000000000E+00  3.2000000000E+00  2.9968518061E-01
  1.8000000000E+00  3.3000000000E+00  3.0588111585E-01
  1.8000000000E+00  3.4000000000E+00  3.1196092525E-01
  1.8000000000E+00  3.5000000000E+00  3.1791441037E-01
  1.8000000000E+00  3.6000000000E+00  3.2373124460E-01
  1.8000000000E+00  3.7000000000E+00  3.2940098065E-01
  1.8000000000E+00  3.8000000000E+00  3.3491306291E-01
  1.8000000000E+00  3.9000000000E+00  3.4025684530E-01
  1.8000000000E+00  4.0000000000E+00  3.4542161499E-01
  1.8000000000E+00  4.1000000000E+00  3.5039662255E-01
  1.8000000000E+00  4.2000000000E+00  3.5517111887E-01
  1.8000000000E+00  4.3000000000E+00  3.5973439890E-01
  1.8000000000E+00  4.4000000000E+00  3.6407585255E-01
  1.8000000000E+00  4.5000000000E+00  3.6818502271E-01
  1.8000000000E+00  4.6000000000E+00  3.7205167009E-01
  1.8000000000E+00  4.7000000000E+00  3.7566584485E-01
  1.8000000000E+00  4.8000000000E+00  3.7901796444E-01
  1.8000000000E+00  4.9000000000E+00  3.8209889720E-01
  1.8000000000E+00  5.0000000000E+00  3.8490005094E-01
  1.8000000000E+00  5.1000000000E+00  3.8741346573E-01
  1.8000000000E+00  5.2000000000E+00  3.8963190993E-01
  1.8000000000E+00  5.3000000000E+00  3.9154897832E-01
  1.8000000000E+00  5.4000000000E+00  3.9315919117E-01
  1.8000000000E+00  5.5000000000E+00  3.9445809294E-01
  1.8000000000E+00  5.6000000000E+00  3.9544234919E-01
  1.8000000000E+00  5.7000000000E+00  3.9610984025E-01
  1.8000000000E+00  5.8000000000E+00  3.9645975021E-01
  1.8000000000E+00  5.9000000000E+00  3.9649264963E-01
  1.8000000000E+00  6.0000000000E+00  3.9621057042E-01
  1.8000000000E+00  6.1000000000E+00  3.9561707160E-01
  1.8000000000E+00  6.2000000000E+00  3.9471729412E-01
  1.8000000000E+00  6.3000000000E+00  3.9351800381E-01
  1.8000000000E+00  6.4000000000E+00  3.9202762077E-01
  1.8000000000E+00  6.5000000000E+00  3.9025623439E-01
  1.8000000000E+00  6.6000000000E+00  3.8821560275E-01
  1.8000000000E+00  6.7000000000E+00  3.8591913574E-01
  1.8000000000E+00  6.8000000000E+00  3.8338186115E-01
  1.8000000000E+00  6.9000000000E+00  3.8062037334E-01
  1.8000000000E+00  7.0000000000E+00  3.7765276430E-01
  1.8000000000E+00  7.1000000000E+00  3.7449853703E-01
  1.8000000000E+00  7.2000000000E+00  3.7117850158E-01
  1.8000000000E+00  7.3000000000E+00  3.6771465423E-01
  1.8000000000E+00  7.4000000000E+00  3.6413004048E-01
  1.8000000000E+00  7.5000000000E+00  3.6044860290E-01
  1.8000000000E+00  7.6000000000E+00  3.5669501511E-01
  1.8000000000E+00  7.7000000000E+00  3.5289450311E-01
  1.8000000000E+00  7.8000000000E+00  3.4907265585E-01
  1.8000000000E+00  7.9000000000E+00  3.4525522670E-01
  1.8000000000E+00  8.0000000000E+00  3.4146792787E-01
  1.8000000000E+00  8.1000000000E+00  3.3773621992E-01
  1.8000000000E+00  8.2000000000E+00  3.3408509854E-01
  1.8000000000E+00  8.3000000000E+00  3.3053888107E-01
  1.8000000000E+00  8.4000000000E+00  3.2712099492E-01
  1.8000000000E+00  8.5000000000E+00  3.2385377054E-01
  1.8000000000E+00  8.6000000000E+00  3.2075824114E-01
  1.8000000000E+00  8.7000000000E+00  3.1785395153E-01
  1.8000000000E+00  8.8000000000E+00  3.1515877848E-01
  1.8000000000E+00  8.9000000000E+00  3.1268876448E-01
  1.8000000000E+00  9.0000000000E+00  3.1045796717E-01
  1.8000000000E+00  9.1000000000E+00  3.0847832609E-01
  1.8000000000E+00  9.2000000000E+00  3.0675954849E-01
  1.8000000000E+00  9.3000000000E+00  3.0530901544E-01
  1.8000000000E+00  9.4000000000E+00  3.0413170960E-01
  1.8000000000E+00  9.5000000000E+00  3.0323016544E-01
  1.8000000000E+00  9.6000000000E+00  3.0260444250E-01
  1.8000000000E+00  9.7000000000E+00  3.0225212211E-01
  1.8000000000E+00  9.8000000000E+00  3.0216832758E-01
  1.8000000000E+00  9.9000000000E+00  3.0234576764E-01
  1.8000000000E+00  1.0000000000E+01  3.0277480256E-01

  1.8400000000E+00  0.0000000000E+00  1.1978330734E-01
  1.8400000000E+00  1.0000000000E-01  1.2583058699E-01
  1.8400000000E+00  2.0000000000E-01  1.3202806240E-01
  1.8400000000E+00  3.0000000000E-01  1.3837117615E-01
  1.8400000000E+00  4.0000000000E-01  1.4485501066E-01
  1.8400000000E+00  5.0000000000E-01  1.5147430040E-01
  1.8400000000E+00  6.0000000000E-01  1.5822344398E-01
  1.8400000000E+00  7.0000000000E-01  1.6509651583E-01
  1.8400000000E+00  8.0000000000E-01  1.7208727735E-01
  1.8400000000E+00  9.0000000000E-01  1.7918918733E-01
  1.8400000000E+00  1.0000000000E+00  1.8639541159E-01
  1.8400000000E+00  1.1000000000E+00  1.9369883158E-01
  1.8400000000E+00  1.2000000000E+00  2.0109205197E-01
  1.8400000000E+00  1.3000000000E+00  2.0856740723E-01
  1.8400000000E+00  1.4000000000E+00  2.1611696701E-01
  1.8400000000E+00  1.5000000000E+00  2.2373254052E-01
  1.8400000000E+00  1.6000000000E+00  2.3140567984E-01
  1.8400000000E+00  1.7000000000E+00  2.3912768223E-01
  1.8400000000E+00  1.8000000000E+00  2.4688959166E-01
  1.8400000000E+00  1.9000000000E+00  2.5468219955E-01
  1.8400000000E+00  2.0000000000E+00  2.6249604491E-01
  1.8400000000E+00  2.1000000000E+00  2.7032141413E-01
  1.8400000000E+00  2.2000000000E+00  2.7814834053E-01
  1.8400000000E+00  2.3000000000E+00  2.8596660397E-01
  1.8400000000E+00  2.4000000000E+00  2.9376573062E-01
  1.8400000000E+00  2.5000000000E+00  3.0153499343E-01
  1.8400000000E+00  2.6000000000E+00  3.0926341321E-01
  1.8400000000E+00  2.7000000000E+00  3.1693976094E-01
  1.8400000000E+00  2.8000000000E+00  3.2455256143E-01
  1.8400000000E+00  2.9000000000E+00  3.3209009873E-01
  1.8400000000E+00  3.0000000000E+00  3.3954042357E-01
  1.8400000000E+00  3.1000000000E+00  3.4689136329E-01
  1.8400000000E+00  3.2000000000E+00  3.5413053440E-01
  1.8400000000E+00  3.3000000000E+00  3.6124535837E-01
  1.8400000000E+00  3.4000000000E+00  3.6822308077E-01
  1.8400000000E+00  3.5000000000E+00  3.7505079430E-01
  1.8400000000E+00  3.6000000000E+00  3.8171546586E-01
  1.8400000000E+00  3.7000000000E+00  3.8820396815E-01
  1.8400000000E+00  3.8000000000E+00  3.9450311587E-01
  1.8400000000E+00  3.9000000000E+00  4.0059970706E-01
  1.8400000000E+00  4.0000000000E+00  4.0648056944E-01
  1.8400000000E+00  4.1000000000E+00  4.1213261229E-01
  1.8400000000E+00  4.2000000000E+00  4.1754288358E-01
  1.8400000000E+00  4.3000000000E+00  4.2269863276E-01
  1.8400000000E+00  4.4000000000E+00  4.2758737886E-01
  1.8400000000E+00  4.5000000000E+00  4.3219698390E-01
  1.8400000000E+00  4.6000000000E+00  4.3651573146E-01
  1.8400000000E+00  4.7000000000E+00  4.4053240988E-01
  1.8400000000E+00  4.8000000000E+00  4.4423639979E-01
  1.8400000000E+00  4.9000000000E+00  4.4761776549E-01
  1.8400000000E+00  5.0000000000E+00  4.5066734927E-01
  1.8400000000E+00  5.1000000000E+00  4.5337686817E-01
  1.8400000000E+00  5.2000000000E+00  4.5573901206E-01
  1.8400000000E+00  5.3000000000E+00  4.5774754228E-01
  1.8400000000E+00  5.4000000000E+00  4.5939738941E-01
  1.8400000000E+00  5.5000000000E+00  4.6068474935E-01
  1.8400000000E+00  5.6000000000E+00  4.6160717611E-01
  1.8400000000E+00  5.7000000000E+00  4.6216367018E-01
  1.8400000000E+00  5.8000000000E+00  4.6235476096E-01
  1.8400000000E+00  5.9000000000E+00  4.6218258185E-01
  1.8400000000E+00  6.0000000000E+00  4.6165093667E-01
  1.8400000000E+00  6.1000000000E+00  4.6076535575E-01
  1.8400000000E+00  6.2000000000E+00  4.5953314058E-01
  1.8400000000E+00  6.3000000000E+00  4.5796339543E-01
  1.8400000000E+00  6.4000000000E+00  4.5606704492E-01
  1.8400000000E+00  6.5000000000E+00  4.5385683620E-01
  1.8400000000E+00  6.6000000000E+00  4.5134732495E-01
  1.8400000000E+00  6.7000000000E+00  4.4855484418E-01
  1.8400000000E+00  6.8000000000E+00  4.4549745532E-01
  1.8400000000E+00  6.9000000000E+00  4.4219488104E-01
  1.8400000000E+00  7.0000000000E+00  4.3866841963E-01
  1.8400000000E+00  7.1000000000E+00  4.3494084098E-01
  1.8400000000E+00  7.2000000000E+00  4.3103626427E-01
  1.8400000000E+00  7.3000000000E+00  4.2698001808E-01
  1.8400000000E+00  7.4000000000E+00  4.2279848347E-01
  1.8400000000E+00  7.5000000000E+00  4.1851892120E-01
  1.8400000000E+00  7.6000000000E+00  4.1416928436E-01
  1.8400000000E+00  7.7000000000E+00  4.0977801779E-01
  1.8400000000E+00  7.8000000000E+00  4.0537384620E-01
  1.8400000000E+00  7.9000000000E+00  4.0098555289E-01
  1.8400000000E+00  8.0000000000E+00  3.9664175113E-01
  1.8400000000E+00  8.1000000000E+00  3.9237065069E-01
  1.8400000000E+00  8.2000000000E+00  3.8819982186E-01
  1.8400000000E+00  8.3000000000E+00  3.8415595948E-01
  1.8400000000E+00  8.4000000000E+00  3.8026464974E-01
  1.8400000000E+00  8.5000000000E+00  3.7655014230E-01
  1.8400000000E+00  8.6000000000E+00  3.7303513044E-01
  1.8400000000E+00  8.7000000000E+00  3.6974054185E-01
  1.8400000000E+00  8.8000000000E+00  3.6668534258E-01
  1.8400000000E+00  8.9000000000E+00  3.6388635661E-01
  1.8400000000E+00  9.0000000000E+00  3.6135810326E-01
  1.8400000000E+00  9.1000000000E+00  3.5911265456E-01
  1.8400000000E+00  9.2000000000E+00  3.5715951443E-01
  1.8400000000E+00  9.3000000000E+00  3.5550552124E-01
  1.8400000000E+00  9.4000000000E+00  3.5415477512E-01
  1.8400000000E+00  9.5000000000E+00  3.5310859109E-01
  1.8400000000E+00  9.6000000000E+00  3.5236547860E-01
  1.8400000000E+00  9.7000000000E+00  3.5192114804E-01
  1.8400000000E+00  9.8000000000E+00  3.5176854415E-01
  1.8400000000E+00  9.9000000000E+00  3.5189790614E-01
  1.8400000000E+00  1.0000000000E+01  3.5229685379E-01

  1.8800000000E+00  0.0000000000E+00  1.5194350509E-01
  1.8800000000E+00  1.0000000000E-01  1.5914649925E-01
  1.8800000000E+00  2.0000000000E-01  1.6650437976E-01
  1.8800000000E+00  3.0000000000E-01  1.7401151676E-01
  1.8800000000E+00  4.0000000000E-01  1.8166197466E-01
  1.8800000000E+00  5.0000000000E-01  1.8944952143E-01
  1.8800000000E+00  6.0000000000E-01  1.9736763604E-01
  1.8800000000E+00  7.0000000000E-01  2.0540951400E-01
  1.8800000000E+00  8.0000000000E-01  2.1356807093E-01
  1.8800000000E+00  9.0000000000E-01  2.2183594414E-01
  1.8800000000E+00  1.0000000000E+00  2.3020549246E-01
  1.8800000000E+00  1.1000000000E+00  2.3866879435E-01
  1.8800000000E+00  1.2000000000E+00  2.4721764441E-01
  1.8800000000E+00  1.3000000000E+00  2.5584354880E-01
  1.8800000000E+00  1.4000000000E+00  2.6453771955E-01
  1.8800000000E+00  1.5000000000E+00  2.7329106828E-01
  1.8800000000E+00  1.6000000000E+00  2.8209419956E-01
  1.8800000000E+00  1.7000000000E+00  2.9093740429E-01
  1.8800000000E+00  1.8000000000E+00  2.9981065349E-01
  1.8800000000E+00  1.9000000000E+00  3.0870359281E-01
  1.8800000000E+00  2.0000000000E+00  3.1760553812E-01
  1.8800000000E+00  2.1000000000E+00  3.2650547258E-01
  1.8800000000E+00  2.2000000000E+00  3.3539204539E-01
  1.8800000000E+00  2.3000000000E+00  3.4425357265E-01
  1.8800000000E+00  2.4000000000E+00  3.5307804044E-01
  1.8800000000E+00  2.5000000000E+00  3.6185311059E-01
  1.8800000000E+00  2.6000000000E+00  3.7056612908E-01
  1.8800000000E+00  2.7000000000E+00  3.7920413744E-01
  1.8800000000E+00  2.8000000000E+00  3.8775388728E-01
  1.8800000000E+00  2.9000000000E+00  3.9620185806E-01
  1.8800000000E+00  3.0000000000E+00  4.0453427811E-01
  1.8800000000E+00  3.1000000000E+00  4.1273714926E-01
  1.8800000000E+00  3.2000000000E+00  4.2079627487E-01
  1.8800000000E+00  3.3000000000E+00  4.2869729151E-01
  1.8800000000E+00  3.4000000000E+00  4.3642570432E-01
  1.8800000000E+00  3.5000000000E+00  4.4396692605E-01
  1.8800000000E+00  3.6000000000E+00  4.5130631990E-01
  1.8800000000E+00  3.7000000000E+00  4.5842924626E-01
  1.8800000000E+00  3.8000000000E+00  4.6532111318E-01
  1.8800000000E+00  3.9000000000E+00  4.7196743094E-01
  1.8800000000E+00  4.0000000000E+00  4.7835387045E-01
  1.8800000000E+00  4.1000000000E+00  4.8446632569E-01
  1.8800000000E+00  4.2000000000E+00  4.9029098010E-01
  1.8800000000E+00  4.3000000000E+00  4.9581437686E-01
  1.8800000000E+00  4.4000000000E+00  5.0102349310E-01
  1.8800000000E+00  4.5000000000E+00  5.0590581777E-01
  1.8800000000E+00  4.6000000000E+00  5.1044943306E-01
  1.8800000000E+00  4.7000000000E+00  5.1464309910E-01
  1.8800000000E+00  4.8000000000E+00  5.1847634161E-01
  1.8800000000E+00  4.9000000000E+00  5.2193954203E-01
  1.8800000000E+00  5.0000000000E+00  5.2502402971E-01
  1.8800000000E+00  5.1000000000E+00  5.2772217533E-01
  1.8800000000E+00  5.2000000000E+00  5.3002748510E-01
  1.8800000000E+00  5.3000000000E+00  5.3193469460E-01
  1.8800000000E+00  5.4000000000E+00  5.3343986151E-01
  1.8800000000E+00  5.5000000000E+00  5.3454045610E-01
  1.8800000000E+00  5.6000000000E+00  5.3523544831E-01
  1.8800000000E+00  5.7000000000E+00  5.3552539014E-01
  1.8800000000E+00  5.8000000000E+00  5.3541249219E-01
  1.8800000000E+00  5.9000000000E+00  5.3490069270E-01
  1.8800000000E+00  6.0000000000E+00  5.3399571794E-01
  1.8800000000E+00  6.1000000000E+00  5.3270513236E-01
  1.8800000000E+00  6.2000000000E+00  5.3103837705E-01
  1.8800000000E+00  6.3000000000E+00  5.2900679529E-01
  1.8800000000E+00  6.4000000000E+00  5.2662364362E-01
  1.8800000000E+00  6.5000000000E+00  5.2390408741E-01
  1.8800000000E+00  6.6000000000E+00  5.2086517963E-01
  1.8800000000E+00  6.7000000000E+00  5.1752582200E-01
  1.8800000000E+00  6.8000000000E+00  5.1390670761E-01
  1.8800000000E+00  6.9000000000E+00  5.1003024452E-01
  1.8800000000E+00  7.0000000000E+00  5.0592045988E-01
  1.8800000000E+00  7.1000000000E+00  5.0160288454E-01
  1.8800000000E+00  7.2000000000E+00  4.9710441826E-01
  1.8800000000E+00  7.3000000000E+00  4.9245317597E-01
  1.8800000000E+00  7.4000000000E+00  4.8767831573E-01
  1.8800000000E+00  7.5000000000E+00  4.8280984957E-01
  1.8800000000E+00  7.6000000000E+00  4.7787843832E-01
  1.8800000000E+00  7.7000000000E+00  4.7291517206E-01
  1.8800000000E+00  7.8000000000E+00  4.6795133820E-01
  1.8800000000E+00  7.9000000000E+00  4.6301817907E-01
  1.8800000000E+00  8.0000000000E+00  4.5814664151E-01
  1.8800000000E+00  8.1000000000E+00  4.5336712101E-01
  1.8800000000E+00  8.2000000000E+00  4.4870920302E-01
  1.8800000000E+00  8.3000000000E+00  4.4420140441E-01
  1.8800000000E+00  8.4000000000E+00  4.3987091797E-01
  1.8800000000E+00  8.5000000000E+00  4.3574336292E-01
  1.8800000000E+00  8.6000000000E+00  4.3184254465E-01
  1.8800000000E+00  8.7000000000E+00  4.2819022645E-01
  1.8800000000E+00  8.8000000000E+00  4.2480591624E-01
  1.8800000000E+00  8.9000000000E+00  4.2170667124E-01
  1.8800000000E+00  9.0000000000E+00  4.1890692290E-01
  1.8800000000E+00  9.1000000000E+00  4.1641832479E-01
  1.8800000000E+00  9.2000000000E+00  4.1424962549E-01
  1.8800000000E+00  9.3000000000E+00  4.1240656825E-01
  1.8800000000E+00  9.4000000000E+00  4.1089181923E-01
  1.8800000000E+00  9.5000000000E+00  4.0970492527E-01
  1.8800000000E+00  9.6000000000E+00  4.0884230214E-01
  1.8800000000E+00  9.7000000000E+00  4.0829725372E-01
  1.8800000000E+00  9.8000000000E+00  4.0806002211E-01
  1.8800000000E+00  9.9000000000E+00  4.0811786836E-01
  1.8800000000E+00  1.0000000000E+01  4.0845518306E-01

  1.9200000000E+00  0.0000000000E+00  1.7971644474E-01
  1.9200000000E+00  1.0000000000E-01  1.8837070649E-01
  1.9200000000E+00  2.0000000000E-01  1.9721590102E-01
  1.9200000000E+00  3.0000000000E-01  2.0624445887E-01
  1.9200000000E+00  4.0000000000E-01  2.1544828559E-01
  1.9200000000E+00  5.0000000000E-01  2.2481877189E-01
  1.9200000000E+00  6.0000000000E-01  2.3434680355E-01
  1.9200000000E+00  7.0000000000E-01  2.4402277133E-01
  1.9200000000E+00  8.0000000000E-01  2.5383658080E-01
  1.9200000000E+00  9.0000000000E-01  2.6377766222E-01
  1.9200000000E+00  1.0000000000E+00  2.7383498063E-01
  1.9200000000E+00  1.1000000000E+00  2.8399704637E-01
  1.9200000000E+00  1.2000000000E+00  2.9425192612E-01
  1.9200000000E+00  1.3000000000E+00  3.0458725480E-01
  1.9200000000E+00  1.4000000000E+00  3.1499024841E-01
  1.9200000000E+00  1.5000000000E+00  3.2544771826E-01
  1.9200000000E+00  1.6000000000E+00  3.3594608647E-01
  1.9200000000E+00  1.7000000000E+00  3.4647140326E-01
  1.9200000000E+00  1.8000000000E+00  3.5700936600E-01
  1.9200000000E+00  1.9000000000E+00  3.6754534015E-01
  1.9200000000E+00  2.0000000000E+00  3.7806438236E-01
  1.9200000000E+00  2.1000000000E+00  3.8855126553E-01
  1.9200000000E+00  2.2000000000E+00  3.9899050605E-01
  1.9200000000E+00  2.3000000000E+00  4.0936639311E-01
  1.9200000000E+00  2.4000000000E+00  4.1966301993E-01
  1.9200000000E+00  2.5000000000E+00  4.2986431697E-01
  1.9200000000E+00  2.6000000000E+00  4.3995408681E-01
  1.9200000000E+00  2.7000000000E+00  4.4991604065E-01
  1.9200000000E+00  2.8000000000E+00  4.5973383622E-01
  1.9200000000E+00  2.9000000000E+00  4.6939111682E-01
  1.9200000000E+00  3.0000000000E+00  4.7887155147E-01
  1.9200000000E+00  3.1000000000E+00  4.8815887587E-01
  1.9200000000E+00  3.2000000000E+00  4.9723693410E-01
  1.9200000000E+00  3.3000000000E+00  5.0608972087E-01
  1.9200000000E+00  3.4000000000E+00  5.1470142432E-01
  1.9200000000E+00  3.5000000000E+00  5.2305646927E-01
  1.9200000000E+00  3.6000000000E+00  5.3113956099E-01
  1.9200000000E+00  3.7000000000E+00  5.3893572959E-01
  1.9200000000E+00  3.8000000000E+00  5.4643037501E-01
  1.9200000000E+00  3.9000000000E+00  5.5360931299E-01
  1.9200000000E+00  4.0000000000E+00  5.6045882199E-01
  1.9200000000E+00  4.1000000000E+00  5.6696569161E-01
  1.9200000000E+00  4.2000000000E+00  5.7311727241E-01
  1.9200000000E+00  4.3000000000E+00  5.7890152776E-01
  1.9200000000E+00  4.4000000000E+00  5.8430708775E-01
  1.9200000000E+00  4.5000000000E+00  5.8932330547E-01
  1.9200000000E+00  4.6000000000E+00  5.9394031595E-01
  1.9200000000E+00  4.7000000000E+00  5.9814909774E-01
  1.9200000000E+00  4.8000000000E+00  6.0194153732E-01
  1.9200000000E+00  4.9000000000E+00  6.0531049628E-01
  1.9200000000E+00  5.0000000000E+00  6.0824988099E-01
  1.9200000000E+00  5.1000000000E+00  6.1075471474E-01
  1.9200000000E+00  5.2000000000E+00  6.1282121159E-01
  1.9200000000E+00  5.3000000000E+00  6.1444685164E-01
  1.9200000000E+00  5.4000000000E+00  6.1563045685E-01
  1.9200000000E+00  5.5000000000E+00  6.1637226650E-01
  1.9200000000E+00  5.6000000000E+00  6.1667401136E-01
  1.9200000000E+00  5.7000000000E+00  6.1653898524E-01
  1.9200000000E+00  5.8000000000E+00  6.1597211274E-01
  1.9200000000E+00  5.9000000000E+00  6.1498001161E-01
  1.9200000000E+00  6.0000000000E+00  6.1357104832E-01
  1.9200000000E+00  6.1000000000E+00  6.1175538515E-01
  1.9200000000E+00  6.2000000000E+00  6.0954501721E-01
  1.9200000000E+00  6.3000000000E+00  6.0695379771E-01
  1.9200000000E+00  6.4000000000E+00  6.0399744980E-01
  1.9200000000E+00  6.5000000000E+00  6.0069356360E-01
  1.9200000000E+00  6.6000000000E+00  5.9706157678E-01
  1.9200000000E+00  6.7000000000E+00  5.9312273744E-01
  1.9200000000E+00  6.8000000000E+00  5.8890004823E-01
  1.9200000000E+00  6.9000000000E+00  5.8441819068E-01
  1.9200000000E+00  7.0000000000E+00  5.7970342915E-01
  1.9200000000E+00  7.1000000000E+00  5.7478349395E-01
  1.9200000000E+00  7.2000000000E+00  5.6968744360E-01
  1.9200000000E+00  7.3000000000E+00  5.6444550643E-01
  1.9200000000E+00  7.4000000000E+00  5.5908890207E-01
  1.9200000000E+00  7.5000000000E+00  5.5364964379E-01
  1.9200000000E+00  7.6000000000E+00  5.4816032301E-01
  1.9200000000E+00  7.7000000000E+00  5.4265387742E-01
  1.9200000000E+00  7.8000000000E+00  5.3716334491E-01
  1.9200000000E+00  7.9000000000E+00  5.3172160541E-01
  1.9200000000E+00  8.0000000000E+00  5.2636111318E-01
  1.9200000000E+00  8.1000000000E+00  5.2111362258E-01
  1.9200000000E+00  8.2000000000E+00  5.1600991015E-01
  1.9200000000E+00  8.3000000000E+00  5.1107949634E-01
  1.9200000000E+00  8.4000000000E+00  5.0635037024E-01
  1.9200000000E+00  8.5000000000E+00  5.0184872082E-01
  1.9200000000E+00  8.6000000000E+00  4.9759867804E-01
  1.9200000000E+00  8.7000000000E+00  4.9362206741E-01
  1.9200000000E+00  8.8000000000E+00  4.8993818139E-01
  1.9200000000E+00  8.9000000000E+00  4.8656357070E-01
  1.9200000000E+00  9.0000000000E+00  4.8351185889E-01
  1.9200000000E+00  9.1000000000E+00  4.8079358268E-01
  1.9200000000E+00  9.2000000000E+00  4.7841606080E-01
  1.9200000000E+00  9.3000000000E+00  4.7638329340E-01
  1.9200000000E+00  9.4000000000E+00  4.7469589383E-01
  1.9200000000E+00  9.5000000000E+00  4.7335105425E-01
  1.9200000000E+00  9.6000000000E+00  4.7234254591E-01
  1.9200000000E+00  9.7000000000E+00  4.7166075461E-01
  1.9200000000E+00  9.8000000000E+00  4.7129275138E-01
  1.9200000000E+00  9.9000000000E+00  4.7122239780E-01
  1.9200000000E+00  1.0000000000E+01  4.7143048519E-01

  1.9600000000E+00  0.0000000000E+00  2.0741210598E-01
  1.9600000000E+00  1.0000000000E-01  2.1795488008E-01
  1.9600000000E+00  2.0000000000E-01  2.2875051541E-01
  1.9600000000E+00  3.0000000000E-01  2.3978785317E-01
  1.9600000000E+00  4.0000000000E-01  2.5105473550E-01
  1.9600000000E+00  5.0000000000E-01  2.6253802773E-01
  1.9600000000E+00  6.0000000000E-01  2.7422364556E-01
  1.9600000000E+00  7.0000000000E-01  2.8609658725E-01
  1.9600000000E+00  8.0000000000E-01  2.9814097077E-01
  1.9600000000E+00  9.0000000000E-01  3.1034007581E-01
  1.9600000000E+00  1.0000000000E+00  3.2267639078E-01
  1.9600000000E+00  1.1000000000E+00  3.3513166443E-01
  1.9600000000E+00  1.2000000000E+00  3.4768696215E-01
  1.9600000000E+00  1.3000000000E+00  3.6032272657E-01
  1.9600000000E+00  1.4000000000E+00  3.7301884233E-01
  1.9600000000E+00  1.5000000000E+00  3.8575470460E-01
  1.9600000000E+00  1.6000000000E+00  3.9850929102E-01
  1.9600000000E+00  1.7000000000E+00  4.1126123656E-01
  1.9600000000E+00  1.8000000000E+00  4.2398891086E-01
  1.9600000000E+00  1.9000000000E+00  4.3667049741E-01
  1.9600000000E+00  2.0000000000E+00  4.4928407404E-01
  1.9600000000E+00  2.1000000000E+00  4.6180769398E-01
  1.9600000000E+00  2.2000000000E+00  4.7421946686E-01
  1.9600000000E+00  2.3000000000E+00  4.8649763891E-01
  1.9600000000E+00  2.4000000000E+00  4.9862067163E-01
  1.9600000000E+00  2.5000000000E+00  5.1056731820E-01
  1.9600000000E+00  2.6000000000E+00  5.2231669702E-01
  1.9600000000E+00  2.7000000000E+00  5.3384836160E-01
  1.9600000000E+00  2.8000000000E+00  5.4514236625E-01
  1.9600000000E+00  2.9000000000E+00  5.5617932711E-01
  1.9600000000E+00  3.0000000000E+00  5.6694047797E-01
  1.9600000000E+00  3.1000000000E+00  5.7740772059E-01
  1.9600000000E+00  3.2000000000E+00  5.8756366932E-01
  1.9600000000E+00  3.3000000000E+00  5.9739168995E-01
  1.9600000000E+00  3.4000000000E+00  6.0687593272E-01
  1.9600000000E+00  3.5000000000E+00  6.1600135981E-01
  1.9600000000E+00  3.6000000000E+00  6.2475376757E-01
  1.9600000000E+00  3.7000000000E+00  6.3311980397E-01
  1.9600000000E+00  3.8000000000E+00  6.4108698181E-01
  1.9600000000E+00  3.9000000000E+00  6.4864368850E-01
  1.9600000000E+00  4.0000000000E+00  6.5577919313E-01
  1.9600000000E+00  4.1000000000E+00  6.6248365182E-01
  1.9600000000E+00  4.2000000000E+00  6.6874811218E-01
  1.9600000000E+00  4.3000000000E+00  6.7456451798E-01
  1.9600000000E+00  4.4000000000E+00  6.7992571506E-01
  1.9600000000E+00  4.5000000000E+00  6.8482545922E-01
  1.9600000000E+00  4.6000000000E+00  6.8925842738E-01
  1.9600000000E+00  4.7000000000E+00  6.9322023242E-01
  1.9600000000E+00  4.8000000000E+00  6.9670744278E-01
  1.9600000000E+00  4.9000000000E+00  6.9971760705E-01
  1.9600000000E+00  5.0000000000E+00  7.0224928426E-01
  1.9600000000E+00  5.1000000000E+00  7.0430207969E-01
  1.9600000000E+00  5.2000000000E+00  7.0587668649E-01
  1.9600000000E+00  5.3000000000E+00  7.0697493257E-01
  1.9600000000E+00  5.4000000000E+00  7.0759983242E-01
  1.9600000000E+00  5.5000000000E+00  7.0775564300E-01
  1.9600000000E+00  5.6000000000E+00  7.0744792263E-01
  1.9600000000E+00  5.7000000000E+00  7.0668359177E-01
  1.9600000000E+00  5.8000000000E+00  7.0547099408E-01
  1.9600000000E+00  5.9000000000E+00  7.0381995611E-01
  1.9600000000E+00  6.0000000000E+00  7.0174184383E-01
  1.9600000000E+00  6.1000000000E+00  6.9924961397E-01
  1.9600000000E+00  6.2000000000E+00  6.9635785805E-01
  1.9600000000E+00  6.3000000000E+00  6.9308283709E-01
  1.9600000000E+00  6.4000000000E+00  6.8944250467E-01
  1.9600000000E+00  6.5000000000E+00  6.8545651648E-01
  1.9600000000E+00  6.6000000000E+00  6.8114622414E-01
  1.9600000000E+00  6.7000000000E+00  6.7653465155E-01
  1.9600000000E+00  6.8000000000E+00  6.7164645215E-01
  1.9600000000E+00  6.9000000000E+00  6.6650784547E-01
  1.9600000000E+00  7.0000000000E+00  6.6114653217E-01
  1.9600000000E+00  7.1000000000E+00  6.5559158643E-01
  1.9600000000E+00  7.2000000000E+00  6.4987332552E-01
  1.9600000000E+00  7.3000000000E+00  6.4402315634E-01
  1.9600000000E+00  7.4000000000E+00  6.3807339937E-01
  1.9600000000E+00  7.5000000000E+00  6.3205709092E-01
  1.9600000000E+00  7.6000000000E+00  6.2600776465E-01
  1.9600000000E+00  7.7000000000E+00  6.1995921434E-01
  1.9600000000E+00  7.8000000000E+00  6.1394523978E-01
  1.9600000000E+00  7.9000000000E+00  6.0799937824E-01
  1.9600000000E+00  8.0000000000E+00  6.0215462456E-01
  1.9600000000E+00  8.1000000000E+00  5.9644314277E-01
  1.9600000000E+00  8.2000000000E+00  5.9089597286E-01
  1.9600000000E+00  8.3000000000E+00  5.8554273638E-01
  1.9600000000E+00  8.4000000000E+00  5.8041134456E-01
  1.9600000000E+00  8.5000000000E+00  5.7552771316E-01
  1.9600000000E+00  8.6000000000E+00  5.7091548788E-01
  1.9600000000E+00  8.7000000000E+00  5.6659578440E-01
  1.9600000000E+00  8.8000000000E+00  5.6258694697E-01
  1.9600000000E+00  8.9000000000E+00  5.5890432920E-01
  1.9600000000E+00  9.0000000000E+00  5.5556010076E-01
  1.9600000000E+00  9.1000000000E+00  5.5256308296E-01
  1.9600000000E+00  9.2000000000E+00  5.4991861638E-01
  1.9600000000E+00  9.3000000000E+00  5.4762846274E-01
  1.9600000000E+00  9.4000000000E+00  5.4569074326E-01
  1.9600000000E+00  9.5000000000E+00  5.4409991494E-01
  1.9600000000E+00  9.6000000000E+00  5.4284678579E-01
  1.9600000000E+00  9.7000000000E+00  5.4191856939E-01
  1.9600000000E+00  9.8000000000E+00  5.4129897884E-01
  1.9600000000E+00  9.9000000000E+00  5.4096835925E-01
  1.9600000000E+00  1.0000000000E+01  5.4090385766E-01

  2.0000000000E+00  0.0000000000E+00  2.5304123469E-01
  2.0000000000E+00  1.0000000000E-01  2.6619288462E-01
  2.0000000000E+00  2.0000000000E-01  2.7964630318E-01
  2.0000000000E+00  3.0000000000E-01  2.9338331215E-01
  2.0000000000E+00  4.0000000000E-01  3.0738426431E-01
  2.0000000000E+00  5.0000000000E-01  3.2162810821E-01
  2.0000000000E+00  6.0000000000E-01  3.3609246358E-01
  2.0000000000E+00  7.0000000000E-01  3.5075370699E-01
  2.0000000000E+00  8.0000000000E-01  3.6558706720E-01
  2.0000000000E+00  9.0000000000E-01  3.8056672984E-01
  2.0000000000E+00  1.0000000000E+00  3.9566595040E-01
  2.0000000000E+00  1.1000000000E+00  4.1085717514E-01
  2.0000000000E+00  1.2000000000E+00  4.2611216855E-01
  2.0000000000E+00  1.3000000000E+00  4.4140214686E-01
  2.0000000000E+00  1.4000000000E+00  4.5669791603E-01
  2.0000000000E+00  1.5000000000E+00  4.7197001341E-01
  2.0000000000E+00  1.6000000000E+00  4.8718885161E-01
  2.0000000000E+00  1.7000000000E+00  5.0232486330E-01
  2.0000000000E+00  1.8000000000E+00  5.1734864564E-01
  2.0000000000E+00  1.9000000000E+00  5.3223110281E-01
  2.0000000000E+00  2.0000000000E+00  5.4694358544E-01
  2.0000000000E+00  2.1000000000E+00  5.6145802527E-01
  2.0000000000E+00  2.2000000000E+00  5.7574706391E-01
  2.0000000000E+00  2.3000000000E+00  5.8978417419E-01
  2.0000000000E+00  2.4000000000E+00  6.0354377298E-01
  2.0000000000E+00  2.5000000000E+00  6.1700132422E-01
  2.0000000000E+00  2.6000000000E+00  6.3013343127E-01
  2.0000000000E+00  2.7000000000E+00  6.4291791750E-01
  2.0000000000E+00  2.8000000000E+00  6.5533389460E-01
  2.0000000000E+00  2.9000000000E+00  6.6736181798E-01
  2.0000000000E+00  3.0000000000E+00  6.7898352889E-01
  2.0000000000E+00  3.1000000000E+00  6.9018228326E-01
  2.0000000000E+00  3.2000000000E+00  7.0094276733E-01
  2.0000000000E+00  3.3000000000E+00  7.1125110033E-01
  2.0000000000E+00  3.4000000000E+00  7.2109482501E-01
  2.0000000000E+00  3.5000000000E+00  7.3046288659E-01
  2.0000000000E+00  3.6000000000E+00  7.3934560133E-01
  2.0000000000E+00  3.7000000000E+00  7.4773461597E-01
  2.0000000000E+00  3.8000000000E+00  7.5562285933E-01
  2.0000000000E+00  3.9000000000E+00  7.6300448779E-01
  2.0000000000E+00  4.0000000000E+00  7.6987482642E-01
  2.0000000000E+00  4.1000000000E+00  7.7623030738E-01
  2.0000000000E+00  4.2000000000E+00  7.8206840767E-01
  2.0000000000E+00  4.3000000000E+00  7.8738758803E-01
  2.0000000000E+00  4.4000000000E+00  7.9218723491E-01
  2.0000000000E+00  4.5000000000E+00  7.9646760725E-01
  2.0000000000E+00  4.6000000000E+00  8.0022978977E-01
  2.0000000000E+00  4.7000000000E+00  8.0347565439E-01
  2.0000000000E+00  4.8000000000E+00  8.0620783087E-01
  2.0000000000E+00  4.9000000000E+00  8.0842968804E-01
  2.0000000000E+00  5.0000000000E+00  8.1014532611E-01
  2.0000000000E+00  5.1000000000E+00  8.1135958078E-01
  2.0000000000E+00  5.2000000000E+00  8.1207803921E-01
  2.0000000000E+00  5.3000000000E+00  8.1230706758E-01
  2.0000000000E+00  5.4000000000E+00  8.1205384986E-01
  2.0000000000E+00  5.5000000000E+00  8.1132643671E-01
  2.0000000000E+00  5.6000000000E+00  8.1013380333E-01
  2.0000000000E+00  5.7000000000E+00  8.0848591466E-01
  2.0000000000E+00  5.8000000000E+00  8.0639379594E-01
  2.0000000000E+00  5.9000000000E+00  8.0386960656E-01
  2.0000000000E+00  6.0000000000E+00  8.0092671465E-01
  2.0000000000E+00  6.1000000000E+00  7.9757976991E-01
  2.0000000000E+00  6.2000000000E+00  7.9384477172E-01
  2.0000000000E+00  6.3000000000E+00  7.8973912999E-01
  2.0000000000E+00  6.4000000000E+00  7.8528171563E-01
  2.0000000000E+00  6.5000000000E+00  7.8049289788E-01
  2.0000000000E+00  6.6000000000E+00  7.7539456601E-01
  2.0000000000E+00  6.7000000000E+00  7.7001013253E-01
  2.0000000000E+00  6.8000000000E+00  7.6436451597E-01
  2.0000000000E+00  6.9000000000E+00  7.5848410101E-01
  2.0000000000E+00  7.0000000000E+00  7.5239667447E-01
  2.0000000000E+00  7.1000000000E+00  7.4613133590E-01
  2.0000000000E+00  7.2000000000E+00  7.3971838207E-01
  2.0000000000E+00  7.3000000000E+00  7.3318916501E-01
  2.0000000000E+00  7.4000000000E+00  7.2657592381E-01
  2.0000000000E+00  7.5000000000E+00  7.1991159113E-01
  2.0000000000E+00  7.6000000000E+00  7.1322957538E-01
  2.0000000000E+00  7.7000000000E+00  7.0656352069E-01
  2.0000000000E+00  7.8000000000E+00  6.9994704673E-01
  2.0000000000E+00  7.9000000000E+00  6.9341347133E-01
  2.0000000000E+00  8.0000000000E+00  6.8699551907E-01
  2.0000000000E+00  8.1000000000E+00  6.8072501933E-01
  2.0000000000E+00  8.2000000000E+00  6.7463259801E-01
  2.0000000000E+00  8.3000000000E+00  6.6874736685E-01
  2.0000000000E+00  8.4000000000E+00  6.6309661505E-01
  2.0000000000E+00  8.5000000000E+00  6.5770550745E-01
  2.0000000000E+00  8.6000000000E+00  6.5259679416E-01
  2.0000000000E+00  8.7000000000E+00  6.4779053602E-01
  2.0000000000E+00  8.8000000000E+00  6.4330385032E-01
  2.0000000000E+00  8.9000000000E+00  6.3915068125E-01
  2.0000000000E+00  9.0000000000E+00  6.3534159878E-01
  2.0000000000E+00  9.1000000000E+00  6.3188362980E-01
  2.0000000000E+00  9.2000000000E+00  6.2878012469E-01
  2.0000000000E+00  9.3000000000E+00  6.2603066197E-01
  2.0000000000E+00  9.4000000000E+00  6.2363099340E-01
  2.0000000000E+00  9.5000000000E+00  6.2157303093E-01
  2.0000000000E+00  9.6000000000E+00  6.1984487670E-01
  2.0000000000E+00  9.7000000000E+00  6.1843089644E-01
  2.0000000000E+00  9.8000000000E+00  6.1731183582E-01
  2.0000000000E+00  9.9000000000E+00  6.1646497908E-01
  2.0000000000E+00  1.0000000000E+01  6.1586434814E-01

  2.0400000000E+00  0.0000000000E+00  3.5659024916E-01
  2.0400000000E+00  1.0000000000E-01  3.7338685017E-01
  2.0400000000E+00  2.0000000000E-01  3.9042767694E-01
  2.0400000000E+00  3.0000000000E-01  4.0768226005E-01
  2.0400000000E+00  4.0000000000E-01  4.2511885699E-01
  2.0400000000E+00  5.0000000000E-01  4.4270460838E-01
  2.0400000000E+00  6.0000000000E-01  4.6040570345E-01
  2.0400000000E+00  7.0000000000E-01  4.7818755333E-01
  2.0400000000E+00  8.0000000000E-01  4.9601497081E-01
  2.0400000000E+00  9.0000000000E-01  5.1385235507E-01
  2.0400000000E+00  1.0000000000E+00  5.3166387964E-01
  2.0400000000E+00  1.1000000000E+00  5.4941368225E-01
  2.0400000000E+00  1.2000000000E+00  5.6706605460E-01
  2.0400000000E+00  1.3000000000E+00  5.8458563064E-01
  2.0400000000E+00  1.4000000000E+00  6.0193757146E-01
  2.0400000000E+00  1.5000000000E+00  6.1908774530E-01
  2.0400000000E+00  1.6000000000E+00  6.3600290092E-01
  2.0400000000E+00  1.7000000000E+00  6.5265083275E-01
  2.0400000000E+00  1.8000000000E+00  6.6900053626E-01
  2.0400000000E+00  1.9000000000E+00  6.8502235219E-01
  2.0400000000E+00  2.0000000000E+00  7.0068809805E-01
  2.0400000000E+00  2.1000000000E+00  7.1597118589E-01
  2.0400000000E+00  2.2000000000E+00  7.3084672498E-01
  2.0400000000E+00  2.3000000000E+00  7.4529160853E-01
  2.0400000000E+00  2.4000000000E+00  7.5928458371E-01
  2.0400000000E+00  2.5000000000E+00  7.7280630411E-01
  2.0400000000E+00  2.6000000000E+00  7.8583936449E-01
  2.0400000000E+00  2.7000000000E+00  7.9836831744E-01
  2.0400000000E+00  2.8000000000E+00  8.1037967198E-01
  2.0400000000E+00  2.9000000000E+00  8.2186187446E-01
  2.0400000000E+00  3.0000000000E+00  8.3280527220E-01
  2.0400000000E+00  3.1000000000E+00  8.4320206060E-01
  2.0400000000E+00  3.2000000000E+00  8.5304621486E-01
  2.0400000000E+00  3.3000000000E+00  8.6233340747E-01
  2.0400000000E+00  3.4000000000E+00  8.7106091301E-01
  2.0400000000E+00  3.5000000000E+00  8.7922750200E-01
  2.0400000000E+00  3.6000000000E+00  8.8683332574E-01
  2.0400000000E+00  3.7000000000E+00  8.9387979422E-01
  2.0400000000E+00  3.8000000000E+00  9.0036944943E-01
  2.0400000000E+00  3.9000000000E+00  9.0630583641E-01
  2.0400000000E+00  4.0000000000E+00  9.1169337453E-01
  2.0400000000E+00  4.1000000000E+00  9.1653723147E-01
  2.0400000000E+00  4.2000000000E+00  9.2084320239E-01
  2.0400000000E+00  4.3000000000E+00  9.2461759670E-01
  2.0400000000E+00  4.4000000000E+00  9.2786713486E-01
  2.0400000000E+00  4.5000000000E+00  9.3059885709E-01
  2.0400000000E+00  4.6000000000E+00  9.3282004621E-01
  2.0400000000E+00  4.7000000000E+00  9.3453816614E-01
  2.0400000000E+00  4.8000000000E+00  9.3576081740E-01
  2.0400000000E+00  4.9000000000E+00  9.3649571070E-01
  2.0400000000E+00  5.0000000000E+00  9.3675065934E-01
  2.0400000000E+00  5.1000000000E+00  9.3653359038E-01
  2.0400000000E+00  5.2000000000E+00  9.3585257478E-01
  2.0400000000E+00  5.3000000000E+00  9.3471587552E-01
  2.0400000000E+00  5.4000000000E+00  9.3313201289E-01
  2.0400000000E+00  5.5000000000E+00  9.3110984525E-01
  2.0400000000E+00  5.6000000000E+00  9.2865866355E-01
  2.0400000000E+00  5.7000000000E+00  9.2578829708E-01
  2.0400000000E+00  5.8000000000E+00  9.2250922788E-01
  2.0400000000E+00  5.9000000000E+00  9.1883271092E-01
  2.0400000000E+00  6.0000000000E+00  9.1477089664E-01
  2.0400000000E+00  6.1000000000E+00  9.1033695251E-01
  2.0400000000E+00  6.2000000000E+00  9.0554518009E-01
  2.0400000000E+00  6.3000000000E+00  9.0041112383E-01
  2.0400000000E+00  6.4000000000E+00  8.9495166818E-01
  2.0400000000E+00  6.5000000000E+00  8.8918511937E-01
  2.0400000000E+00  6.6000000000E+00  8.8313126855E-01
  2.0400000000E+00  6.7000000000E+00  8.7681143320E-01
  2.0400000000E+00  6.8000000000E+00  8.7024847412E-01
  2.0400000000E+00  6.9000000000E+00  8.6346678546E-01
  2.0400000000E+00  7.0000000000E+00  8.5649225596E-01
  2.0400000000E+00  7.1000000000E+00  8.4935219996E-01
  2.0400000000E+00  7.2000000000E+00  8.4207525727E-01
  2.0400000000E+00  7.3000000000E+00  8.3469126158E-01
  2.0400000000E+00  7.4000000000E+00  8.2723107779E-01
  2.0400000000E+00  7.5000000000E+00  8.1972640905E-01
  2.0400000000E+00  7.6000000000E+00  8.1220957522E-01
  2.0400000000E+00  7.7000000000E+00  8.0471326469E-01
  2.0400000000E+00  7.8000000000E+00  7.9727026248E-01
  2.0400000000E+00  7.9000000000E+00  7.8991315768E-01
  2.0400000000E+00  8.0000000000E+00  7.8267403423E-01
  2.0400000000E+00  8.1000000000E+00  7.7558414891E-01
  2.0400000000E+00  8.2000000000E+00  7.6867360147E-01
  2.0400000000E+00  8.3000000000E+00  7.6197100138E-01
  2.0400000000E+00  8.4000000000E+00  7.5550313655E-01
  2.0400000000E+00  8.5000000000E+00  7.4929464899E-01
  2.0400000000E+00  8.6000000000E+00  7.4336772279E-01
  2.0400000000E+00  8.7000000000E+00  7.3774178935E-01
  2.0400000000E+00  8.8000000000E+00  7.3243325503E-01
  2.0400000000E+00  8.9000000000E+00  7.2745525589E-01
  2.0400000000E+00  9.0000000000E+00  7.2281744382E-01
  2.0400000000E+00  9.1000000000E+00  7.1852580825E-01
  2.0400000000E+00  9.2000000000E+00  7.1458253667E-01
  2.0400000000E+00  9.3000000000E+00  7.1098591708E-01
  2.0400000000E+00  9.4000000000E+00  7.0773028465E-01
  2.0400000000E+00  9.5000000000E+00  7.0480601416E-01
  2.0400000000E+00  9.6000000000E+00  7.0219955922E-01
  2.0400000000E+00  9.7000000000E+00  6.9989353855E-01
  2.0400000000E+00  9.8000000000E+00  6.9786686878E-01
  2.0400000000E+00  9.9000000000E+00  6.9609494256E-01
  2.0400000000E+00  1.0000000000E+01  6.9454985013E-01

  2.0800000000E+00  0.0000000000E+00  5.5443920374E-01
  2.0800000000E+00  1.0000000000E-01  5.7586475418E-01
  2.0800000000E+00  2.0000000000E-01  5.9727886647E-01
  2.0800000000E+00  3.0000000000E-01  6.1863418389E-01
  2.0800000000E+00  4.0000000000E-01  6.3988363262E-01
  2.0800000000E+00  5.0000000000E-01  6.6098070929E-01
  2.0800000000E+00  6.0000000000E-01  6.8187976119E-01
  2.0800000000E+00  7.0000000000E-01  7.0253625613E-01
  2.0800000000E+00  8.0000000000E-01  7.2290703964E-01
  2.0800000000E+00  9.0000000000E-01  7.4295057683E-01
  2.0800000000E+00  1.0000000000E+00  7.6262717692E-01
  2.0800000000E+00  1.1000000000E+00  7.8189919843E-01
  2.0800000000E+00  1.2000000000E+00  8.0073123337E-01
  2.0800000000E+00  1.3000000000E+00  8.1909026908E-01
  2.0800000000E+00  1.4000000000E+00  8.3694582657E-01
  2.0800000000E+00  1.5000000000E+00  8.5427007446E-01
  2.0800000000E+00  1.6000000000E+00  8.7103791817E-01
  2.0800000000E+00  1.7000000000E+00  8.8722706380E-01
  2.0800000000E+00  1.8000000000E+00  9.0281805689E-01
  2.0800000000E+00  1.9000000000E+00  9.1779429613E-01
  2.0800000000E+00  2.0000000000E+00  9.3214202259E-01
  2.0800000000E+00  2.1000000000E+00  9.4585028502E-01
  2.0800000000E+00  2.2000000000E+00  9.5891088225E-01
  2.0800000000E+00  2.3000000000E+00  9.7131828360E-01
  2.0800000000E+00  2.4000000000E+00  9.8306952868E-01
  2.0800000000E+00  2.5000000000E+00  9.9416410787E-01
  2.0800000000E+00  2.6000000000E+00  1.0046038252E+00
  2.0800000000E+00  2.7000000000E+00  1.0143926451E+00
  2.0800000000E+00  2.8000000000E+00  1.0235365251E+00
  2.0800000000E+00  2.9000000000E+00  1.0320432364E+00
  2.0800000000E+00  3.0000000000E+00  1.0399221740E+00
  2.0800000000E+00  3.1000000000E+00  1.0471841592E+00
  2.0800000000E+00  3.2000000000E+00  1.0538412358E+00
  2.0800000000E+00  3.3000000000E+00  1.0599064637E+00
  2.0800000000E+00  3.4000000000E+00  1.0653937105E+00
  2.0800000000E+00  3.5000000000E+00  1.0703174454E+00
  2.0800000000E+00  3.6000000000E+00  1.0746925363E+00
  2.0800000000E+00  3.7000000000E+00  1.0785340532E+00
  2.0800000000E+00  3.8000000000E+00  1.0818570812E+00
  2.0800000000E+00  3.9000000000E+00  1.0846765433E+00
  2.0800000000E+00  4.0000000000E+00  1.0870070384E+00
  2.0800000000E+00  4.1000000000E+00  1.0888626936E+00
  2.0800000000E+00  4.2000000000E+00  1.0902570350E+00
  2.0800000000E+00  4.3000000000E+00  1.0912028785E+00
  2.0800000000E+00  4.4000000000E+00  1.0917122417E+00
  2.0800000000E+00  4.5000000000E+00  1.0917962788E+00
  2.0800000000E+00  4.6000000000E+00  1.0914652398E+00
  2.0800000000E+00  4.7000000000E+00  1.0907284542E+00
  2.0800000000E+00  4.8000000000E+00  1.0895943407E+00
  2.0800000000E+00  4.9000000000E+00  1.0880704419E+00
  2.0800000000E+00  5.0000000000E+00  1.0861634842E+00
  2.0800000000E+00  5.1000000000E+00  1.0838794620E+00
  2.0800000000E+00  5.2000000000E+00  1.0812237458E+00
  2.0800000000E+00  5.3000000000E+00  1.0782012105E+00
  2.0800000000E+00  5.4000000000E+00  1.0748163845E+00
  2.0800000000E+00  5.5000000000E+00  1.0710736148E+00
  2.0800000000E+00  5.6000000000E+00  1.0669772466E+00
  2.0800000000E+00  5.7000000000E+00  1.0625318135E+00
  2.0800000000E+00  5.8000000000E+00  1.0577422353E+00
  2.0800000000E+00  5.9000000000E+00  1.0526140186E+00
  2.0800000000E+00  6.0000000000E+00  1.0471534574E+00
  2.0800000000E+00  6.1000000000E+00  1.0413678284E+00
  2.0800000000E+00  6.2000000000E+00  1.0352655775E+00
  2.0800000000E+00  6.3000000000E+00  1.0288564933E+00
  2.0800000000E+00  6.4000000000E+00  1.0221518628E+00
  2.0800000000E+00  6.5000000000E+00  1.0151646060E+00
  2.0800000000E+00  6.6000000000E+00  1.0079093858E+00
  2.0800000000E+00  6.7000000000E+00  1.0004026892E+00
  2.0800000000E+00  6.8000000000E+00  9.9266287722E-01
  2.0800000000E+00  6.9000000000E+00  9.8471020174E-01
  2.0800000000E+00  7.0000000000E+00  9.7656678603E-01
  2.0800000000E+00  7.1000000000E+00  9.6825656877E-01
  2.0800000000E+00  7.2000000000E+00  9.5980521031E-01
  2.0800000000E+00  7.3000000000E+00  9.5123996133E-01
  2.0800000000E+00  7.4000000000E+00  9.4258949457E-01
  2.0800000000E+00  7.5000000000E+00  9.3388370086E-01
  2.0800000000E+00  7.6000000000E+00  9.2515345157E-01
  2.0800000000E+00  7.7000000000E+00  9.1643033017E-01
  2.0800000000E+00  7.8000000000E+00  9.0774633613E-01
  2.0800000000E+00  7.9000000000E+00  8.9913356508E-01
  2.0800000000E+00  8.0000000000E+00  8.9062386965E-01
  2.0800000000E+00  8.1000000000E+00  8.8224850572E-01
  2.0800000000E+00  8.2000000000E+00  8.7403776953E-01
  2.0800000000E+00  8.3000000000E+00  8.6602063083E-01
  2.0800000000E+00  8.4000000000E+00  8.5822436800E-01
  2.0800000000E+00  8.5000000000E+00  8.5067421085E-01
  2.0800000000E+00  8.6000000000E+00  8.4339299679E-01
  2.0800000000E+00  8.7000000000E+00  8.3640084612E-01
  2.0800000000E+00  8.8000000000E+00  8.2971486189E-01
  2.0800000000E+00  8.9000000000E+00  8.2334885935E-01
  2.0800000000E+00  9.0000000000E+00  8.1731312989E-01
  2.0800000000E+00  9.1000000000E+00  8.1161424366E-01
  2.0800000000E+00  9.2000000000E+00  8.0625489448E-01
  2.0800000000E+00  9.3000000000E+00  8.0123379028E-01
  2.0800000000E+00  9.4000000000E+00  7.9654559128E-01
  2.0800000000E+00  9.5000000000E+00  7.9218089763E-01
  2.0800000000E+00  9.6000000000E+00  7.8812628744E-01
  2.0800000000E+00  9.7000000000E+00  7.8436440519E-01
  2.0800000000E+00  9.8000000000E+00  7.8087409994E-01
  2.0800000000E+00  9.9000000000E+00  7.7763061181E-01
  2.0800000000E+00  1.0000000000E+01  7.7460580459E-01

  2.1200000000E+00  0.0000000000E+00  8.4055753286E-01
  2.1200000000E+00  1.0000000000E-01  8.6679755057E-01
  2.1200000000E+00  2.0000000000E-01  8.9257254426E-01
  2.1200000000E+00  3.0000000000E-01  9.1781911617E-01
  2.1200000000E+00  4.0000000000E-01  9.4247715774E-01
  2.1200000000E+00  5.0000000000E-01  9.6649025050E-01
  2.1200000000E+00  6.0000000000E-01  9.8980602607E-01
  2.1200000000E+00  7.0000000000E-01  1.0123764814E+00
  2.1200000000E+00  8.0000000000E-01  1.0341582461E+00
  2.1200000000E+00  9.0000000000E-01  1.0551127998E+00
  2.1200000000E+00  1.0000000000E+00  1.0752066374E+00
  2.1200000000E+00  1.1000000000E+00  1.0944113820E+00
  2.1200000000E+00  1.2000000000E+00  1.1127038447E+00
  2.1200000000E+00  1.3000000000E+00  1.1300660327E+00
  2.1200000000E+00  1.4000000000E+00  1.1464851057E+00
  2.1200000000E+00  1.5000000000E+00  1.1619532847E+00
  2.1200000000E+00  1.6000000000E+00  1.1764677127E+00
  2.1200000000E+00  1.7000000000E+00  1.1900302735E+00
  2.1200000000E+00  1.8000000000E+00  1.2026473698E+00
  2.1200000000E+00  1.9000000000E+00  1.2143296652E+00
  2.1200000000E+00  2.0000000000E+00  1.2250917949E+00
  2.1200000000E+00  2.1000000000E+00  1.2349520478E+00
  2.1200000000E+00  2.2000000000E+00  1.2439320265E+00
  2.1200000000E+00  2.3000000000E+00  1.2520562884E+00
  2.1200000000E+00  2.4000000000E+00  1.2593519723E+00
  2.1200000000E+00  2.5000000000E+00  1.2658484165E+00
  2.1200000000E+00  2.6000000000E+00  1.2715767711E+00
  2.1200000000E+00  2.7000000000E+00  1.2765696096E+00
  2.1200000000E+00  2.8000000000E+00  1.2808605433E+00
  2.1200000000E+00  2.9000000000E+00  1.2844838437E+00
  2.1200000000E+00  3.0000000000E+00  1.2874740740E+00
  2.1200000000E+00  3.1000000000E+00  1.2898657353E+00
  2.1200000000E+00  3.2000000000E+00  1.2916929296E+00
  2.1200000000E+00  3.3000000000E+00  1.2929890418E+00
  2.1200000000E+00  3.4000000000E+00  1.2937864442E+00
  2.1200000000E+00  3.5000000000E+00  1.2941162254E+00
  2.1200000000E+00  3.6000000000E+00  1.2940079449E+00
  2.1200000000E+00  3.7000000000E+00  1.2934894162E+00
  2.1200000000E+00  3.8000000000E+00  1.2925865189E+00
  2.1200000000E+00  3.9000000000E+00  1.2913230414E+00
  2.1200000000E+00  4.0000000000E+00  1.2897205561E+00
  2.1200000000E+00  4.1000000000E+00  1.2877983252E+00
  2.1200000000E+00  4.2000000000E+00  1.2855732413E+00
  2.1200000000E+00  4.3000000000E+00  1.2830597995E+00
  2.1200000000E+00  4.4000000000E+00  1.2802701040E+00
  2.1200000000E+00  4.5000000000E+00  1.2772139058E+00
  2.1200000000E+00  4.6000000000E+00  1.2738986744E+00
  2.1200000000E+00  4.7000000000E+00  1.2703297002E+00
  2.1200000000E+00  4.8000000000E+00  1.2665102262E+00
  2.1200000000E+00  4.9000000000E+00  1.2624416101E+00
  2.1200000000E+00  5.0000000000E+00  1.2581235123E+00
  2.1200000000E+00  5.1000000000E+00  1.2535541086E+00
  2.1200000000E+00  5.2000000000E+00  1.2487303254E+00
  2.1200000000E+00  5.3000000000E+00  1.2436480943E+00
  2.1200000000E+00  5.4000000000E+00  1.2383026229E+00
  2.1200000000E+00  5.5000000000E+00  1.2326886780E+00
  2.1200000000E+00  5.6000000000E+00  1.2268008780E+00
  2.1200000000E+00  5.7000000000E+00  1.2206339902E+00
  2.1200000000E+00  5.8000000000E+00  1.2141832288E+00
  2.1200000000E+00  5.9000000000E+00  1.2074445487E+00
  2.1200000000E+00  6.0000000000E+00  1.2004149320E+00
  2.1200000000E+00  6.1000000000E+00  1.1930926607E+00
  2.1200000000E+00  6.2000000000E+00  1.1854775733E+00
  2.1200000000E+00  6.3000000000E+00  1.1775712985E+00
  2.1200000000E+00  6.4000000000E+00  1.1693774643E+00
  2.1200000000E+00  6.5000000000E+00  1.1609018764E+00
  2.1200000000E+00  6.6000000000E+00  1.1521526638E+00
  2.1200000000E+00  6.7000000000E+00  1.1431403876E+00
  2.1200000000E+00  6.8000000000E+00  1.1338781102E+00
  2.1200000000E+00  6.9000000000E+00  1.1243814238E+00
  2.1200000000E+00  7.0000000000E+00  1.1146684351E+00
  2.1200000000E+00  7.1000000000E+00  1.1047597063E+00
  2.1200000000E+00  7.2000000000E+00  1.0946781524E+00
  2.1200000000E+00  7.3000000000E+00  1.0844488935E+00
  2.1200000000E+00  7.4000000000E+00  1.0740990662E+00
  2.1200000000E+00  7.5000000000E+00  1.0636575930E+00
  2.1200000000E+00  7.6000000000E+00  1.0531549144E+00
  2.1200000000E+00  7.7000000000E+00  1.0426226859E+00
  2.1200000000E+00  7.8000000000E+00  1.0320934444E+00
  2.1200000000E+00  7.9000000000E+00  1.0216002486E+00
  2.1200000000E+00  8.0000000000E+00  1.0111762968E+00
  2.1200000000E+00  8.1000000000E+00  1.0008545307E+00
  2.1200000000E+00  8.2000000000E+00  9.9066722792E-01
  2.1200000000E+00  8.3000000000E+00  9.8064559065E-01
  2.1200000000E+00  8.4000000000E+00  9.7081933714E-01
  2.1200000000E+00  8.5000000000E+00  9.6121630129E-01
  2.1200000000E+00  8.6000000000E+00  9.5186204722E-01
  2.1200000000E+00  8.7000000000E+00  9.4277950472E-01
  2.1200000000E+00  8.8000000000E+00  9.3398863136E-01
  2.1200000000E+00  8.9000000000E+00  9.2550610695E-01
  2.1200000000E+00  9.0000000000E+00  9.1734506506E-01
  2.1200000000E+00  9.1000000000E+00  9.0951486639E-01
  2.1200000000E+00  9.2000000000E+00  9.0202091762E-01
  2.1200000000E+00  9.3000000000E+00  8.9486453907E-01
  2.1200000000E+00  9.4000000000E+00  8.8804288353E-01
  2.1200000000E+00  9.5000000000E+00  8.8154890800E-01
  2.1200000000E+00  9.6000000000E+00  8.7537139908E-01
  2.1200000000E+00  9.7000000000E+00  8.6949505211E-01
  2.1200000000E+00  9.8000000000E+00  8.6390060325E-01
  2.1200000000E+00  9.9000000000E+00  8.5856501290E-01
  2.1200000000E+00  1.0000000000E+01  8.5346169795E-01

  2.1600000000E+00  0.0000000000E+00  1.0997156898E+00
  2.1600000000E+00  1.0000000000E-01  1.1295318350E+00
  2.1600000000E+00  2.0000000000E-01  1.1584785316E+00
  2.1600000000E+00  3.0000000000E-01  1.1864855078E+00
  2.1600000000E+00  4.0000000000E-01  1.2134886432E+00
  2.1600000000E+00  5.0000000000E-01  1.2394303895E+00
  2.1600000000E+00  6.0000000000E-01  1.2642601170E+00
  2.1600000000E+00  7.0000000000E-01  1.2879343841E+00
  2.1600000000E+00  8.0000000000E-01  1.3104171267E+00
  2.1600000000E+00  9.0000000000E-01  1.3316797675E+00
  2.1600000000E+00  1.0000000000E+00  1.3517012440E+00
  2.1600000000E+00  1.1000000000E+00  1.3704679574E+00
  2.1600000000E+00  1.2000000000E+00  1.3879736457E+00
  2.1600000000E+00  1.3000000000E+00  1.4042191818E+00
  2.1600000000E+00  1.4000000000E+00  1.4192123048E+00
  2.1600000000E+00  1.5000000000E+00  1.4329672861E+00
  2.1600000000E+00  1.6000000000E+00  1.4455045397E+00
  2.1600000000E+00  1.7000000000E+00  1.4568501802E+00
  2.1600000000E+00  1.8000000000E+00  1.4670355393E+00
  2.1600000000E+00  1.9000000000E+00  1.4760966437E+00
  2.1600000000E+00  2.0000000000E+00  1.4840736667E+00
  2.1600000000E+00  2.1000000000E+00  1.4910103577E+00
  2.1600000000E+00  2.2000000000E+00  1.4969534588E+00
  2.1600000000E+00  2.3000000000E+00  1.5019521154E+00
  2.1600000000E+00  2.4000000000E+00  1.5060572882E+00
  2.1600000000E+00  2.5000000000E+00  1.5093211725E+00
  2.1600000000E+00  2.6000000000E+00  1.5117966327E+00
  2.1600000000E+00  2.7000000000E+00  1.5135366549E+00
  2.1600000000E+00  2.8000000000E+00  1.5145938257E+00
  2.1600000000E+00  2.9000000000E+00  1.5150198394E+00
  2.1600000000E+00  3.0000000000E+00  1.5148650390E+00
  2.1600000000E+00  3.1000000000E+00  1.5141779932E+00
  2.1600000000E+00  3.2000000000E+00  1.5130051122E+00
  2.1600000000E+00  3.3000000000E+00  1.5113903059E+00
  2.1600000000E+00  3.4000000000E+00  1.5093746830E+00
  2.1600000000E+00  3.5000000000E+00  1.5069962958E+00
  2.1600000000E+00  3.6000000000E+00  1.5042899276E+00
  2.1600000000E+00  3.7000000000E+00  1.5012869263E+00
  2.1600000000E+00  3.8000000000E+00  1.4980150809E+00
  2.1600000000E+00  3.9000000000E+00  1.4944985428E+00
  2.1600000000E+00  4.0000000000E+00  1.4907577900E+00
  2.1600000000E+00  4.1000000000E+00  1.4868096330E+00
  2.1600000000E+00  4.2000000000E+00  1.4826672615E+00
  2.1600000000E+00  4.3000000000E+00  1.4783403310E+00
  2.1600000000E+00  4.4000000000E+00  1.4738350858E+00
  2.1600000000E+00  4.5000000000E+00  1.4691545186E+00
  2.1600000000E+00  4.6000000000E+00  1.4642985635E+00
  2.1600000000E+00  4.7000000000E+00  1.4592643206E+00
  2.1600000000E+00  4.8000000000E+00  1.4540463089E+00
  2.1600000000E+00  4.9000000000E+00  1.4486367469E+00
  2.1600000000E+00  5.0000000000E+00  1.4430258556E+00
  2.1600000000E+00  5.1000000000E+00  1.4372021824E+00
  2.1600000000E+00  5.2000000000E+00  1.4311529428E+00
  2.1600000000E+00  5.3000000000E+00  1.4248643754E+00
  2.1600000000E+00  5.4000000000E+00  1.4183221070E+00
  2.1600000000E+00  5.5000000000E+00  1.4115115245E+00
  2.1600000000E+00  5.6000000000E+00  1.4044181481E+00
  2.1600000000E+00  5.7000000000E+00  1.3970280030E+00
  2.1600000000E+00  5.8000000000E+00  1.3893279848E+00
  2.1600000000E+00  5.9000000000E+00  1.3813062130E+00
  2.1600000000E+00  6.0000000000E+00  1.3729523696E+00
  2.1600000000E+00  6.1000000000E+00  1.3642580178E+00
  2.1600000000E+00  6.2000000000E+00  1.3552168961E+00
  2.1600000000E+00  6.3000000000E+00  1.3458251831E+00
  2.1600000000E+00  6.4000000000E+00  1.3360817305E+00
  2.1600000000E+00  6.5000000000E+00  1.3259882589E+00
  2.1600000000E+00  6.6000000000E+00  1.3155495134E+00
  2.1600000000E+00  6.7000000000E+00  1.3047733773E+00
  2.1600000000E+00  6.8000000000E+00  1.2936709390E+00
  2.1600000000E+00  6.9000000000E+00  1.2822565133E+00
  2.1600000000E+00  7.0000000000E+00  1.2705476121E+00
  2.1600000000E+00  7.1000000000E+00  1.2585648681E+00
  2.1600000000E+00  7.2000000000E+00  1.2463319082E+00
  2.1600000000E+00  7.3000000000E+00  1.2338751788E+00
  2.1600000000E+00  7.4000000000E+00  1.2212237252E+00
  2.1600000000E+00  7.5000000000E+00  1.2084089261E+00
  2.1600000000E+00  7.6000000000E+00  1.1954641873E+00
  2.1600000000E+00  7.7000000000E+00  1.1824245973E+00
  2.1600000000E+00  7.8000000000E+00  1.1693265511E+00
  2.1600000000E+00  7.9000000000E+00  1.1562073440E+00
  2.1600000000E+00  8.0000000000E+00  1.1431047447E+00
  2.1600000000E+00  8.1000000000E+00  1.1300565499E+00
  2.1600000000E+00  8.2000000000E+00  1.1171001300E+00
  2.1600000000E+00  8.3000000000E+00  1.1042719697E+00
  2.1600000000E+00  8.4000000000E+00  1.0916072117E+00
  2.1600000000E+00  8.5000000000E+00  1.0791392105E+00
  2.1600000000E+00  8.6000000000E+00  1.0668991009E+00
  2.1600000000E+00  8.7000000000E+00  1.0549153902E+00
  2.1600000000E+00  8.8000000000E+00  1.0432135790E+00
  2.1600000000E+00  8.9000000000E+00  1.0318158157E+00
  2.1600000000E+00  9.0000000000E+00  1.0207405913E+00
  2.1600000000E+00  9.1000000000E+00  1.0100024792E+00
  2.1600000000E+00  9.2000000000E+00  9.9961192244E-01
  2.1600000000E+00  9.3000000000E+00  9.8957507353E-01
  2.1600000000E+00  9.4000000000E+00  9.7989368874E-01
  2.1600000000E+00  9.5000000000E+00  9.7056507823E-01
  2.1600000000E+00  9.6000000000E+00  9.6158211340E-01
  2.1600000000E+00  9.7000000000E+00  9.5293329133E-01
  2.1600000000E+00  9.8000000000E+00  9.4460285534E-01
  2.1600000000E+00  9.9000000000E+00  9.3657097017E-01
  2.1600000000E+00  1.0000000000E+01  9.2881394914E-01

  2.2000000000E+00  0.0000000000E+00  1.1003107653E+00
  2.2000000000E+00  1.0000000000E-01  1.1313081027E+00
  2.2000000000E+00  2.0000000000E-01  1.1615941394E+00
  2.2000000000E+00  3.0000000000E-01  1.1911055164E+00
  2.2000000000E+00  4.0000000000E-01  1.2197843292E+00
  2.2000000000E+00  5.0000000000E-01  1.2475784593E+00
  2.2000000000E+00  6.0000000000E-01  1.2744418364E+00
  2.2000000000E+00  7.0000000000E-01  1.3003346303E+00
  2.2000000000E+00  8.0000000000E-01  1.3252233702E+00
  2.2000000000E+00  9.0000000000E-01  1.3490809919E+00
  2.2000000000E+00  1.0000000000E+00  1.3718868145E+00
  2.2000000000E+00  1.1000000000E+00  1.3936264482E+00
  2.2000000000E+00  1.2000000000E+00  1.4142916371E+00
  2.2000000000E+00  1.3000000000E+00  1.4338800398E+00
  2.2000000000E+00  1.4000000000E+00  1.4523949543E+00
  2.2000000000E+00  1.5000000000E+00  1.4698449922E+00
  2.2000000000E+00  1.6000000000E+00  1.4862437067E+00
  2.2000000000E+00  1.7000000000E+00  1.5016091842E+00
  2.2000000000E+00  1.8000000000E+00  1.5159636026E+00
  2.2000000000E+00  1.9000000000E+00  1.5293327659E+00
  2.2000000000E+00  2.0000000000E+00  1.5417456208E+00
  2.2000000000E+00  2.1000000000E+00  1.5532337625E+00
  2.2000000000E+00  2.2000000000E+00  1.5638309351E+00
  2.2000000000E+00  2.3000000000E+00  1.5735725352E+00
  2.2000000000E+00  2.4000000000E+00  1.5824951222E+00
  2.2000000000E+00  2.5000000000E+00  1.5906359416E+00
  2.2000000000E+00  2.6000000000E+00  1.5980324664E+00
  2.2000000000E+00  2.7000000000E+00  1.6047219600E+00
  2.2000000000E+00  2.8000000000E+00  1.6107410655E+00
  2.2000000000E+00  2.9000000000E+00  1.6161254230E+00
  2.2000000000E+00  3.0000000000E+00  1.6209093189E+00
  2.2000000000E+00  3.1000000000E+00  1.6251253680E+00
  2.2000000000E+00  3.2000000000E+00  1.6288042309E+00
  2.2000000000E+00  3.3000000000E+00  1.6319743666E+00
  2.2000000000E+00  3.4000000000E+00  1.6346618224E+00
  2.2000000000E+00  3.5000000000E+00  1.6368900597E+00
  2.2000000000E+00  3.6000000000E+00  1.6386798174E+00
  2.2000000000E+00  3.7000000000E+00  1.6400490108E+00
  2.2000000000E+00  3.8000000000E+00  1.6410126670E+00
  2.2000000000E+00  3.9000000000E+00  1.6415828956E+00
  2.2000000000E+00  4.0000000000E+00  1.6417688936E+00
  2.2000000000E+00  4.1000000000E+00  1.6415769839E+00
  2.2000000000E+00  4.2000000000E+00  1.6410106863E+00
  2.2000000000E+00  4.3000000000E+00  1.6400708204E+00
  2.2000000000E+00  4.4000000000E+00  1.6387556380E+00
  2.2000000000E+00  4.5000000000E+00  1.6370609854E+00
  2.2000000000E+00  4.6000000000E+00  1.6349804928E+00
  2.2000000000E+00  4.7000000000E+00  1.6325057900E+00
  2.2000000000E+00  4.8000000000E+00  1.6296267461E+00
  2.2000000000E+00  4.9000000000E+00  1.6263317332E+00
  2.2000000000E+00  5.0000000000E+00  1.6226079083E+00
  2.2000000000E+00  5.1000000000E+00  1.6184415160E+00
  2.2000000000E+00  5.2000000000E+00  1.6138182045E+00
  2.2000000000E+00  5.3000000000E+00  1.6087233559E+00
  2.2000000000E+00  5.4000000000E+00  1.6031424254E+00
  2.2000000000E+00  5.5000000000E+00  1.5970612868E+00
  2.2000000000E+00  5.6000000000E+00  1.5904665804E+00
  2.2000000000E+00  5.7000000000E+00  1.5833460596E+00
  2.2000000000E+00  5.8000000000E+00  1.5756889318E+00
  2.2000000000E+00  5.9000000000E+00  1.5674861888E+00
  2.2000000000E+00  6.0000000000E+00  1.5587309234E+00
  2.2000000000E+00  6.1000000000E+00  1.5494186267E+00
  2.2000000000E+00  6.2000000000E+00  1.5395474616E+00
  2.2000000000E+00  6.3000000000E+00  1.5291185084E+00
  2.2000000000E+00  6.4000000000E+00  1.5181359783E+00
  2.2000000000E+00  6.5000000000E+00  1.5066073908E+00
  2.2000000000E+00  6.6000000000E+00  1.4945437103E+00
  2.2000000000E+00  6.7000000000E+00  1.4819594404E+00
  2.2000000000E+00  6.8000000000E+00  1.4688726719E+00
  2.2000000000E+00  6.9000000000E+00  1.4553050827E+00
  2.2000000000E+00  7.0000000000E+00  1.4412818879E+00
  2.2000000000E+00  7.1000000000E+00  1.4268317398E+00
  2.2000000000E+00  7.2000000000E+00  1.4119865770E+00
  2.2000000000E+00  7.3000000000E+00  1.3967814242E+00
  2.2000000000E+00  7.4000000000E+00  1.3812541434E+00
  2.2000000000E+00  7.5000000000E+00  1.3654451387E+00
  2.2000000000E+00  7.6000000000E+00  1.3493970185E+00
  2.2000000000E+00  7.7000000000E+00  1.3331542191E+00
  2.2000000000E+00  7.8000000000E+00  1.3167625920E+00
  2.2000000000E+00  7.9000000000E+00  1.3002689635E+00
  2.2000000000E+00  8.0000000000E+00  1.2837206694E+00
  2.2000000000E+00  8.1000000000E+00  1.2671650720E+00
  2.2000000000E+00  8.2000000000E+00  1.2506490667E+00
  2.2000000000E+00  8.3000000000E+00  1.2342185840E+00
  2.2000000000E+00  8.4000000000E+00  1.2179180940E+00
  2.2000000000E+00  8.5000000000E+00  1.2017901213E+00
  2.2000000000E+00  8.6000000000E+00  1.1858747767E+00
  2.2000000000E+00  8.7000000000E+00  1.1702093125E+00
  2.2000000000E+00  8.8000000000E+00  1.1548277077E+00
  2.2000000000E+00  8.9000000000E+00  1.1397602904E+00
  2.2000000000E+00  9.0000000000E+00  1.1250334015E+00
  2.2000000000E+00  9.1000000000E+00  1.1106691054E+00
  2.2000000000E+00  9.2000000000E+00  1.0966849525E+00
  2.2000000000E+00  9.3000000000E+00  1.0830937964E+00
  2.2000000000E+00  9.4000000000E+00  1.0699036679E+00
  2.2000000000E+00  9.5000000000E+00  1.0571177098E+00
  2.2000000000E+00  9.6000000000E+00  1.0447341712E+00
  2.2000000000E+00  9.7000000000E+00  1.0327464624E+00
  2.2000000000E+00  9.8000000000E+00  1.0211432699E+00
  2.2000000000E+00  9.9000000000E+00  1.0099087290E+00
  2.2000000000E+00  1.0000000000E+01  9.9902265159E-01

  2.2400000000E+00  0.0000000000E+00  8.2017449786E-01
  2.2400000000E+00  1.0000000000E-01  8.5039900473E-01
  2.2400000000E+00  2.0000000000E-01  8.8068551053E-01
  2.2400000000E+00  3.0000000000E-01  9.1098789576E-01
  2.2400000000E+00  4.0000000000E-01  9.4126087658E-01
  2.2400000000E+00  5.0000000000E-01  9.7146018032E-01
  2.2400000000E+00  6.0000000000E-01  1.0015426990E+00
  2.2400000000E+00  7.0000000000E-01  1.0314666203E+00
  2.2400000000E+00  8.0000000000E-01  1.0611915358E+00
  2.2400000000E+00  9.0000000000E-01  1.0906785265E+00
  2.2400000000E+00  1.0000000000E+00  1.1198902265E+00
  2.2400000000E+00  1.1000000000E+00  1.1487908655E+00
  2.2400000000E+00  1.2000000000E+00  1.1773462918E+00
  2.2400000000E+00  1.3000000000E+00  1.2055239766E+00
  2.2400000000E+00  1.4000000000E+00  1.2332930028E+00
  2.2400000000E+00  1.5000000000E+00  1.2606240382E+00
  2.2400000000E+00  1.6000000000E+00  1.2874892971E+00
  2.2400000000E+00  1.7000000000E+00  1.3138624905E+00
  2.2400000000E+00  1.8000000000E+00  1.3397187685E+00
  2.2400000000E+00  1.9000000000E+00  1.3650346552E+00
  2.2400000000E+00  2.0000000000E+00  1.3897879796E+00
  2.2400000000E+00  2.1000000000E+00  1.4139578021E+00
  2.2400000000E+00  2.2000000000E+00  1.4375243398E+00
  2.2400000000E+00  2.3000000000E+00  1.4604688904E+00
  2.2400000000E+00  2.4000000000E+00  1.4827737567E+00
  2.2400000000E+00  2.5000000000E+00  1.5044221713E+00
  2.2400000000E+00  2.6000000000E+00  1.5253982237E+00
  2.2400000000E+00  2.7000000000E+00  1.5456867879E+00
  2.2400000000E+00  2.8000000000E+00  1.5652734530E+00
  2.2400000000E+00  2.9000000000E+00  1.5841444557E+00
  2.2400000000E+00  3.0000000000E+00  1.6022866143E+00
  2.2400000000E+00  3.1000000000E+00  1.6196872658E+00
  2.2400000000E+00  3.2000000000E+00  1.6363342046E+00
  2.2400000000E+00  3.3000000000E+00  1.6522156239E+00
  2.2400000000E+00  3.4000000000E+00  1.6673200594E+00
  2.2400000000E+00  3.5000000000E+00  1.6816363365E+00
  2.2400000000E+00  3.6000000000E+00  1.6951535204E+00
  2.2400000000E+00  3.7000000000E+00  1.7078608709E+00
  2.2400000000E+00  3.8000000000E+00  1.7197478023E+00
  2.2400000000E+00  3.9000000000E+00  1.7308038491E+00
  2.2400000000E+00  4.0000000000E+00  1.7410186403E+00
  2.2400000000E+00  4.1000000000E+00  1.7503818812E+00
  2.2400000000E+00  4.2000000000E+00  1.7588833469E+00
  2.2400000000E+00  4.3000000000E+00  1.7665128873E+00
  2.2400000000E+00  4.4000000000E+00  1.7732604454E+00
  2.2400000000E+00  4.5000000000E+00  1.7791160917E+00
  2.2400000000E+00  4.6000000000E+00  1.7840700739E+00
  2.2400000000E+00  4.7000000000E+00  1.7881128855E+00
  2.2400000000E+00  4.8000000000E+00  1.7912353517E+00
  2.2400000000E+00  4.9000000000E+00  1.7934287362E+00
  2.2400000000E+00  5.0000000000E+00  1.7946848659E+00
  2.2400000000E+00  5.1000000000E+00  1.7949962761E+00
  2.2400000000E+00  5.2000000000E+00  1.7943563733E+00
  2.2400000000E+00  5.3000000000E+00  1.7927596160E+00
  2.2400000000E+00  5.4000000000E+00  1.7902017109E+00
  2.2400000000E+00  5.5000000000E+00  1.7866798221E+00
  2.2400000000E+00  5.6000000000E+00  1.7821927915E+00
  2.2400000000E+00  5.7000000000E+00  1.7767413651E+00
  2.2400000000E+00  5.8000000000E+00  1.7703284241E+00
  2.2400000000E+00  5.9000000000E+00  1.7629592146E+00
  2.2400000000E+00  6.0000000000E+00  1.7546415713E+00
  2.2400000000E+00  6.1000000000E+00  1.7453861324E+00
  2.2400000000E+00  6.2000000000E+00  1.7352065387E+00
  2.2400000000E+00  6.3000000000E+00  1.7241196130E+00
  2.2400000000E+00  6.4000000000E+00  1.7121455146E+00
  2.2400000000E+00  6.5000000000E+00  1.6993078644E+00
  2.2400000000E+00  6.6000000000E+00  1.6856338360E+00
  2.2400000000E+00  6.7000000000E+00  1.6711542086E+00
  2.2400000000E+00  6.8000000000E+00  1.6559033782E+00
  2.2400000000E+00  6.9000000000E+00  1.6399193245E+00
  2.2400000000E+00  7.0000000000E+00  1.6232435307E+00
  2.2400000000E+00  7.1000000000E+00  1.6059208547E+00
  2.2400000000E+00  7.2000000000E+00  1.5879993517E+00
  2.2400000000E+00  7.3000000000E+00  1.5695300469E+00
  2.2400000000E+00  7.4000000000E+00  1.5505666609E+00
  2.2400000000E+00  7.5000000000E+00  1.5311652881E+00
  2.2400000000E+00  7.6000000000E+00  1.5113840326E+00
  2.2400000000E+00  7.7000000000E+00  1.4912826033E+00
  2.2400000000E+00  7.8000000000E+00  1.4709218740E+00
  2.2400000000E+00  7.9000000000E+00  1.4503634134E+00
  2.2400000000E+00  8.0000000000E+00  1.4296689897E+00
  2.2400000000E+00  8.1000000000E+00  1.4089000579E+00
  2.2400000000E+00  8.2000000000E+00  1.3881172349E+00
  2.2400000000E+00  8.3000000000E+00  1.3673797710E+00
  2.2400000000E+00  8.4000000000E+00  1.3467450236E+00
  2.2400000000E+00  8.5000000000E+00  1.3262679422E+00
  2.2400000000E+00  8.6000000000E+00  1.3060005707E+00
  2.2400000000E+00  8.7000000000E+00  1.2859915749E+00
  2.2400000000E+00  8.8000000000E+00  1.2662858025E+00
  2.2400000000E+00  8.9000000000E+00  1.2469238809E+00
  2.2400000000E+00  9.0000000000E+00  1.2279418598E+00
  2.2400000000E+00  9.1000000000E+00  1.2093709040E+00
  2.2400000000E+00  9.2000000000E+00  1.1912370400E+00
  2.2400000000E+00  9.3000000000E+00  1.1735609613E+00
  2.2400000000E+00  9.4000000000E+00  1.1563578947E+00
  2.2400000000E+00  9.5000000000E+00  1.1396375297E+00
  2.2400000000E+00  9.6000000000E+00  1.1234040125E+00
  2.2400000000E+00  9.7000000000E+00  1.1076560037E+00
  2.2400000000E+00  9.8000000000E+00  1.0923868000E+00
  2.2400000000E+00  9.9000000000E+00  1.0775845172E+00
  2.2400000000E+00  1.0000000000E+01  1.0632323321E+00

  2.2800000000E+00  0.0000000000E+00  5.5590520485E-01
  2.2800000000E+00  1.0000000000E-01  5.8513673033E-01
  2.2800000000E+00  2.0000000000E-01  6.1516584324E-01
  2.2800000000E+00  3.0000000000E-01  6.4596637351E-01
  2.2800000000E+00  4.0000000000E-01  6.7750875547E-01
  2.2800000000E+00  5.0000000000E-01  7.0976001733E-01
  2.2800000000E+00  6.0000000000E-01  7.4268379015E-01
  2.2800000000E+00  7.0000000000E-01  7.7624033758E-01
  2.2800000000E+00  8.0000000000E-01  8.1038660761E-01
  2.2800000000E+00  9.0000000000E-01  8.4507630719E-01
  2.2800000000E+00  1.0000000000E+00  8.8026000052E-01
  2.2800000000E+00  1.1000000000E+00  9.1588523136E-01
  2.2800000000E+00  1.2000000000E+00  9.5189666969E-01
  2.2800000000E+00  1.3000000000E+00  9.8823628247E-01
  2.2800000000E+00  1.4000000000E+00  1.0248435280E+00
  2.2800000000E+00  1.5000000000E+00  1.0616555730E+00
  2.2800000000E+00  1.6000000000E+00  1.0986075309E+00
  2.2800000000E+00  1.7000000000E+00  1.1356327207E+00
  2.2800000000E+00  1.8000000000E+00  1.1726629422E+00
  2.2800000000E+00  1.9000000000E+00  1.2096287679E+00
  2.2800000000E+00  2.0000000000E+00  1.2464598465E+00
  2.2800000000E+00  2.1000000000E+00  1.2830852165E+00
  2.2800000000E+00  2.2000000000E+00  1.3194336256E+00
  2.2800000000E+00  2.3000000000E+00  1.3554338529E+00
  2.2800000000E+00  2.4000000000E+00  1.3910150305E+00
  2.2800000000E+00  2.5000000000E+00  1.4261069595E+00
  2.2800000000E+00  2.6000000000E+00  1.4606404189E+00
  2.2800000000E+00  2.7000000000E+00  1.4945474621E+00
  2.2800000000E+00  2.8000000000E+00  1.5277616977E+00
  2.2800000000E+00  2.9000000000E+00  1.5602185527E+00
  2.2800000000E+00  3.0000000000E+00  1.5918555144E+00
  2.2800000000E+00  3.1000000000E+00  1.6226123483E+00
  2.2800000000E+00  3.2000000000E+00  1.6524312912E+00
  2.2800000000E+00  3.3000000000E+00  1.6812572175E+00
  2.2800000000E+00  3.4000000000E+00  1.7090377778E+00
  2.2800000000E+00  3.5000000000E+00  1.7357235102E+00
  2.2800000000E+00  3.6000000000E+00  1.7612679239E+00
  2.2800000000E+00  3.7000000000E+00  1.7856275571E+00
  2.2800000000E+00  3.8000000000E+00  1.8087620101E+00
  2.2800000000E+00  3.9000000000E+00  1.8306339560E+00
  2.2800000000E+00  4.0000000000E+00  1.8512091319E+00
  2.2800000000E+00  4.1000000000E+00  1.8704563134E+00
  2.2800000000E+00  4.2000000000E+00  1.8883472756E+00
  2.2800000000E+00  4.3000000000E+00  1.9048567451E+00
  2.2800000000E+00  4.4000000000E+00  1.9199623459E+00
  2.2800000000E+00  4.5000000000E+00  1.9336445440E+00
  2.2800000000E+00  4.6000000000E+00  1.9458865935E+00
  2.2800000000E+00  4.7000000000E+00  1.9566744886E+00
  2.2800000000E+00  4.8000000000E+00  1.9659969243E+00
  2.2800000000E+00  4.9000000000E+00  1.9738452696E+00
  2.2800000000E+00  5.0000000000E+00  1.9802135539E+00
  2.2800000000E+00  5.1000000000E+00  1.9850984707E+00
  2.2800000000E+00  5.2000000000E+00  1.9884993977E+00
  2.2800000000E+00  5.3000000000E+00  1.9904184355E+00
  2.2800000000E+00  5.4000000000E+00  1.9908604633E+00
  2.2800000000E+00  5.5000000000E+00  1.9898332115E+00
  2.2800000000E+00  5.6000000000E+00  1.9873473494E+00
  2.2800000000E+00  5.7000000000E+00  1.9834165851E+00
  2.2800000000E+00  5.8000000000E+00  1.9780577748E+00
  2.2800000000E+00  5.9000000000E+00  1.9712910378E+00
  2.2800000000E+00  6.0000000000E+00  1.9631398733E+00
  2.2800000000E+00  6.1000000000E+00  1.9536312732E+00
  2.2800000000E+00  6.2000000000E+00  1.9427958275E+00
  2.2800000000E+00  6.3000000000E+00  1.9306678156E+00
  2.2800000000E+00  6.4000000000E+00  1.9172852798E+00
  2.2800000000E+00  6.5000000000E+00  1.9026900743E+00
  2.2800000000E+00  6.6000000000E+00  1.8869278859E+00
  2.2800000000E+00  6.7000000000E+00  1.8700482212E+00
  2.2800000000E+00  6.8000000000E+00  1.8521043569E+00
  2.2800000000E+00  6.9000000000E+00  1.8331532482E+00
  2.2800000000E+00  7.0000000000E+00  1.8132553940E+00
  2.2800000000E+00  7.1000000000E+00  1.7924746563E+00
  2.2800000000E+00  7.2000000000E+00  1.7708780312E+00
  2.2800000000E+00  7.3000000000E+00  1.7485353744E+00
  2.2800000000E+00  7.4000000000E+00  1.7255190776E+00
  2.2800000000E+00  7.5000000000E+00  1.7019037016E+00
  2.2800000000E+00  7.6000000000E+00  1.6777655651E+00
  2.2800000000E+00  7.7000000000E+00  1.6531822954E+00
  2.2800000000E+00  7.8000000000E+00  1.6282323433E+00
  2.2800000000E+00  7.9000000000E+00  1.6029944688E+00
  2.2800000000E+00  8.0000000000E+00  1.5775472030E+00
  2.2800000000E+00  8.1000000000E+00  1.5519682920E+00
  2.2800000000E+00  8.2000000000E+00  1.5263341317E+00
  2.2800000000E+00  8.3000000000E+00  1.5007191986E+00
  2.2800000000E+00  8.4000000000E+00  1.4751954862E+00
  2.2800000000E+00  8.5000000000E+00  1.4498319536E+00
  2.2800000000E+00  8.6000000000E+00  1.4246939953E+00
  2.2800000000E+00  8.7000000000E+00  1.3998429378E+00
  2.2800000000E+00  8.8000000000E+00  1.3753355728E+00
  2.2800000000E+00  8.9000000000E+00  1.3512237319E+00
  2.2800000000E+00  9.0000000000E+00  1.3275539095E+00
  2.2800000000E+00  9.1000000000E+00  1.3043669407E+00
  2.2800000000E+00  9.2000000000E+00  1.2816977375E+00
  2.2800000000E+00  9.3000000000E+00  1.2595750876E+00
  2.2800000000E+00  9.4000000000E+00  1.2380215196E+00
  2.2800000000E+00  9.5000000000E+00  1.2170532365E+00
  2.2800000000E+00  9.6000000000E+00  1.1966801166E+00
  2.2800000000E+00  9.7000000000E+00  1.1769057854E+00
  2.2800000000E+00  9.8000000000E+00  1.1577277538E+00
  2.2800000000E+00  9.9000000000E+00  1.1391376233E+00
  2.2800000000E+00  1.0000000000E+01  1.1211213530E+00

  2.3200000000E+00  0.0000000000E+00  4.4045946679E-01
  2.3200000000E+00  1.0000000000E-01  4.6955906956E-01
  2.3200000000E+00  2.0000000000E-01  4.9987011032E-01
  2.3200000000E+00  3.0000000000E-01  5.3138362201E-01
  2.3200000000E+00  4.0000000000E-01  5.6408520681E-01
  2.3200000000E+00  5.0000000000E-01  5.9795484630E-01
  2.3200000000E+00  6.0000000000E-01  6.3296674756E-01
  2.3200000000E+00  7.0000000000E-01  6.6908922886E-01
  2.3200000000E+00  8.0000000000E-01  7.0628464790E-01
  2.3200000000E+00  9.0000000000E-01  7.4450937533E-01
  2.3200000000E+00  1.0000000000E+00  7.8371381581E-01
  2.3200000000E+00  1.1000000000E+00  8.2384247805E-01
  2.3200000000E+00  1.2000000000E+00  8.6483409514E-01
  2.3200000000E+00  1.3000000000E+00  9.0662179525E-01
  2.3200000000E+00  1.4000000000E+00  9.4913332258E-01
  2.3200000000E+00  1.5000000000E+00  9.9229130736E-01
  2.3200000000E+00  1.6000000000E+00  1.0360135832E+00
  2.3200000000E+00  1.7000000000E+00  1.0802135491E+00
  2.3200000000E+00  1.8000000000E+00  1.1248005737E+00
  2.3200000000E+00  1.9000000000E+00  1.1696804361E+00
  2.3200000000E+00  2.0000000000E+00  1.2147558012E+00
  2.3200000000E+00  2.1000000000E+00  1.2599267220E+00
  2.3200000000E+00  2.2000000000E+00  1.3050911658E+00
  2.3200000000E+00  2.3000000000E+00  1.3501455557E+00
  2.3200000000E+00  2.4000000000E+00  1.3949853243E+00
  2.3200000000E+00  2.5000000000E+00  1.4395054699E+00
  2.3200000000E+00  2.6000000000E+00  1.4836011121E+00
  2.3200000000E+00  2.7000000000E+00  1.5271680378E+00
  2.3200000000E+00  2.8000000000E+00  1.5701032334E+00
  2.3200000000E+00  2.9000000000E+00  1.6123053959E+00
  2.3200000000E+00  3.0000000000E+00  1.6536754193E+00
  2.3200000000E+00  3.1000000000E+00  1.6941168497E+00
  2.3200000000E+00  3.2000000000E+00  1.7335363063E+00
  2.3200000000E+00  3.3000000000E+00  1.7718438644E+00
  2.3200000000E+00  3.4000000000E+00  1.8089533976E+00
  2.3200000000E+00  3.5000000000E+00  1.8447828775E+00
  2.3200000000E+00  3.6000000000E+00  1.8792546310E+00
  2.3200000000E+00  3.7000000000E+00  1.9122955530E+00
  2.3200000000E+00  3.8000000000E+00  1.9438372780E+00
  2.3200000000E+00  3.9000000000E+00  1.9738163094E+00
  2.3200000000E+00  4.0000000000E+00  2.0021741120E+00
  2.3200000000E+00  4.1000000000E+00  2.0288571676E+00
  2.3200000000E+00  4.2000000000E+00  2.0538170000E+00
  2.3200000000E+00  4.3000000000E+00  2.0770101722E+00
  2.3200000000E+00  4.4000000000E+00  2.0983982600E+00
  2.3200000000E+00  4.5000000000E+00  2.1179478085E+00
  2.3200000000E+00  4.6000000000E+00  2.1356302738E+00
  2.3200000000E+00  4.7000000000E+00  2.1514219569E+00
  2.3200000000E+00  4.8000000000E+00  2.1653039327E+00
  2.3200000000E+00  4.9000000000E+00  2.1772619796E+00
  2.3200000000E+00  5.0000000000E+00  2.1872865125E+00
  2.3200000000E+00  5.1000000000E+00  2.1953725225E+00
  2.3200000000E+00  5.2000000000E+00  2.2015195270E+00
  2.3200000000E+00  5.3000000000E+00  2.2057315301E+00
  2.3200000000E+00  5.4000000000E+00  2.2080169960E+00
  2.3200000000E+00  5.5000000000E+00  2.2083888346E+00
  2.3200000000E+00  5.6000000000E+00  2.2068643991E+00
  2.3200000000E+00  5.7000000000E+00  2.2034654938E+00
  2.3200000000E+00  5.8000000000E+00  2.1982183909E+00
  2.3200000000E+00  5.9000000000E+00  2.1911538512E+00
  2.3200000000E+00  6.0000000000E+00  2.1823071476E+00
  2.3200000000E+00  6.1000000000E+00  2.1717180857E+00
  2.3200000000E+00  6.2000000000E+00  2.1594310172E+00
  2.3200000000E+00  6.3000000000E+00  2.1454948415E+00
  2.3200000000E+00  6.4000000000E+00  2.1299629909E+00
  2.3200000000E+00  6.5000000000E+00  2.1128933925E+00
  2.3200000000E+00  6.6000000000E+00  2.0943484052E+00
  2.3200000000E+00  6.7000000000E+00  2.0743947234E+00
  2.3200000000E+00  6.8000000000E+00  2.0531032466E+00
  2.3200000000E+00  6.9000000000E+00  2.0305489089E+00
  2.3200000000E+00  7.0000000000E+00  2.0068104664E+00
  2.3200000000E+00  7.1000000000E+00  1.9819702408E+00
  2.3200000000E+00  7.2000000000E+00  1.9561138167E+00
  2.3200000000E+00  7.3000000000E+00  1.9293296935E+00
  2.3200000000E+00  7.4000000000E+00  1.9017088911E+00
  2.3200000000E+00  7.5000000000E+00  1.8733445126E+00
  2.3200000000E+00  7.6000000000E+00  1.8443312654E+00
  2.3200000000E+00  7.7000000000E+00  1.8147649447E+00
  2.3200000000E+00  7.8000000000E+00  1.7847418834E+00
  2.3200000000E+00  7.9000000000E+00  1.7543583753E+00
  2.3200000000E+00  8.0000000000E+00  1.7237100759E+00
  2.3200000000E+00  8.1000000000E+00  1.6928913878E+00
  2.3200000000E+00  8.2000000000E+00  1.6619948404E+00
  2.3200000000E+00  8.3000000000E+00  1.6311104677E+00
  2.3200000000E+00  8.4000000000E+00  1.6003251961E+00
  2.3200000000E+00  8.5000000000E+00  1.5697222476E+00
  2.3200000000E+00  8.6000000000E+00  1.5393805681E+00
  2.3200000000E+00  8.7000000000E+00  1.5093742881E+00
  2.3200000000E+00  8.8000000000E+00  1.4797722232E+00
  2.3200000000E+00  8.9000000000E+00  1.4506374222E+00
  2.3200000000E+00  9.0000000000E+00  1.4220267688E+00
  2.3200000000E+00  9.1000000000E+00  1.3939906431E+00
  2.3200000000E+00  9.2000000000E+00  1.3665726470E+00
  2.3200000000E+00  9.3000000000E+00  1.3398093990E+00
  2.3200000000E+00  9.4000000000E+00  1.3137303996E+00
  2.3200000000E+00  9.5000000000E+00  1.2883579715E+00
  2.3200000000E+00  9.6000000000E+00  1.2637072730E+00
  2.3200000000E+00  9.7000000000E+00  1.2397863867E+00
  2.3200000000E+00  9.8000000000E+00  1.2165964805E+00
  2.3200000000E+00  9.9000000000E+00  1.1941320398E+00
  2.3200000000E+00  1.0000000000E+01  1.1723811660E+00

  2.3600000000E+00  0.0000000000E+00  4.0730509834E-01
  2.3600000000E+00  1.0000000000E-01  4.3726867982E-01
  2.3600000000E+00  2.0000000000E-01  4.6869682584E-01
  2.3600000000E+00  3.0000000000E-01  5.0159334414E-01
  2.3600000000E+00  4.0000000000E-01  5.3595560880E-01
  2.3600000000E+00  5.0000000000E-01  5.7177422259E-01
  2.3600000000E+00  6.0000000000E-01  6.0903272024E-01
  2.3600000000E+00  7.0000000000E-01  6.4770731814E-01
  2.3600000000E+00  8.0000000000E-01  6.8776671520E-01
  2.3600000000E+00  9.0000000000E-01  7.2917194954E-01
  2.3600000000E+00  1.0000000000E+00  7.7187631486E-01
  2.3600000000E+00  1.1000000000E+00  8.1582533969E-01
  2.3600000000E+00  1.2000000000E+00  8.6095683206E-01
  2.3600000000E+00  1.3000000000E+00  9.0720099119E-01
  2.3600000000E+00  1.4000000000E+00  9.5448058701E-01
  2.3600000000E+00  1.5000000000E+00  1.0027112072E+00
  2.3600000000E+00  1.6000000000E+00  1.0518015709E+00
  2.3600000000E+00  1.7000000000E+00  1.1016539063E+00
  2.3600000000E+00  1.8000000000E+00  1.1521643900E+00
  2.3600000000E+00  1.9000000000E+00  1.2032236433E+00
  2.3600000000E+00  2.0000000000E+00  1.2547172810E+00
  2.3600000000E+00  2.1000000000E+00  1.3065265063E+00
  2.3600000000E+00  2.2000000000E+00  1.3585287466E+00
  2.3600000000E+00  2.3000000000E+00  1.4105983218E+00
  2.3600000000E+00  2.4000000000E+00  1.4626071384E+00
  2.3600000000E+00  2.5000000000E+00  1.5144254012E+00
  2.3600000000E+00  2.6000000000E+00  1.5659223347E+00
  2.3600000000E+00  2.7000000000E+00  1.6169669054E+00
  2.3600000000E+00  2.8000000000E+00  1.6674285378E+00
  2.3600000000E+00  2.9000000000E+00  1.7171778155E+00
  2.3600000000E+00  3.0000000000E+00  1.7660871607E+00
  2.3600000000E+00  3.1000000000E+00  1.8140314838E+00
  2.3600000000E+00  3.2000000000E+00  1.8608887989E+00
  2.3600000000E+00  3.3000000000E+00  1.9065407982E+00
  2.3600000000E+00  3.4000000000E+00  1.9508733809E+00
  2.3600000000E+00  3.5000000000E+00  1.9937771334E+00
  2.3600000000E+00  3.6000000000E+00  2.0351477586E+00
  2.3600000000E+00  3.7000000000E+00  2.0748864511E+00
  2.3600000000E+00  3.8000000000E+00  2.1129002200E+00
  2.3600000000E+00  3.9000000000E+00  2.1491021575E+00
  2.3600000000E+00  4.0000000000E+00  2.1834116564E+00
  2.3600000000E+00  4.1000000000E+00  2.2157545786E+00
  2.3600000000E+00  4.2000000000E+00  2.2460633765E+00
  2.3600000000E+00  4.3000000000E+00  2.2742771728E+00
  2.3600000000E+00  4.4000000000E+00  2.3003418020E+00
  2.3600000000E+00  4.5000000000E+00  2.3242098189E+00
  2.3600000000E+00  4.6000000000E+00  2.3458404788E+00
  2.3600000000E+00  4.7000000000E+00  2.3651996948E+00
  2.3600000000E+00  4.8000000000E+00  2.3822599775E+00
  2.3600000000E+00  4.9000000000E+00  2.3970003616E+00
  2.3600000000E+00  5.0000000000E+00  2.4094063240E+00
  2.3600000000E+00  5.1000000000E+00  2.4194696983E+00
  2.3600000000E+00  5.2000000000E+00  2.4271885879E+00
  2.3600000000E+00  5.3000000000E+00  2.4325672817E+00
  2.3600000000E+00  5.4000000000E+00  2.4356161733E+00
  2.3600000000E+00  5.5000000000E+00  2.4363516862E+00
  2.3600000000E+00  5.6000000000E+00  2.4347962043E+00
  2.3600000000E+00  5.7000000000E+00  2.4309780072E+00
  2.3600000000E+00  5.8000000000E+00  2.4249312103E+00
  2.3600000000E+00  5.9000000000E+00  2.4166957054E+00
  2.3600000000E+00  6.0000000000E+00  2.4063171011E+00
  2.3600000000E+00  6.1000000000E+00  2.3938466582E+00
  2.3600000000E+00  6.2000000000E+00  2.3793412168E+00
  2.3600000000E+00  6.3000000000E+00  2.3628631105E+00
  2.3600000000E+00  6.4000000000E+00  2.3444800632E+00
  2.3600000000E+00  6.5000000000E+00  2.3242650642E+00
  2.3600000000E+00  6.6000000000E+00  2.3022962162E+00
  2.3600000000E+00  6.7000000000E+00  2.2786565533E+00
  2.3600000000E+00  6.8000000000E+00  2.2534338235E+00
  2.3600000000E+00  6.9000000000E+00  2.2267202332E+00
  2.3600000000E+00  7.0000000000E+00  2.1986121506E+00
  2.3600000000E+00  7.1000000000E+00  2.1692097662E+00
  2.3600000000E+00  7.2000000000E+00  2.1386167090E+00
  2.3600000000E+00  7.3000000000E+00  2.1069396178E+00
  2.3600000000E+00  7.4000000000E+00  2.0742876695E+00
  2.3600000000E+00  7.5000000000E+00  2.0407720643E+00
  2.3600000000E+00  7.6000000000E+00  2.0065054727E+00
  2.3600000000E+00  7.7000000000E+00  1.9716014461E+00
  2.3600000000E+00  7.8000000000E+00  1.9361737971E+00
  2.3600000000E+00  7.9000000000E+00  1.9003359543E+00
  2.3600000000E+00  8.0000000000E+00  1.8642002982E+00
  2.3600000000E+00  8.1000000000E+00  1.8278774853E+00
  2.3600000000E+00  8.2000000000E+00  1.7914757684E+00
  2.3600000000E+00  8.3000000000E+00  1.7551003200E+00
  2.3600000000E+00  8.4000000000E+00  1.7188525689E+00
  2.3600000000E+00  8.5000000000E+00  1.6828295565E+00
  2.3600000000E+00  8.6000000000E+00  1.6471233230E+00
  2.3600000000E+00  8.7000000000E+00  1.6118203305E+00
  2.3600000000E+00  8.8000000000E+00  1.5770009314E+00
  2.3600000000E+00  8.9000000000E+00  1.5427388895E+00
  2.3600000000E+00  9.0000000000E+00  1.5091009599E+00
  2.3600000000E+00  9.1000000000E+00  1.4761465347E+00
  2.3600000000E+00  9.2000000000E+00  1.4439273588E+00
  2.3600000000E+00  9.3000000000E+00  1.4124873198E+00
  2.3600000000E+00  9.4000000000E+00  1.3818623158E+00
  2.3600000000E+00  9.5000000000E+00  1.3520802020E+00
  2.3600000000E+00  9.6000000000E+00  1.3231608177E+00
  2.3600000000E+00  9.7000000000E+00  1.2951160929E+00
  2.3600000000E+00  9.8000000000E+00  1.2679502327E+00
  2.3600000000E+00  9.9000000000E+00  1.2416599780E+00
  2.3600000000E+00  1.0000000000E+01  1.2162349369E+00

  2.4000000000E+00  0.0000000000E+00  4.0949779383E-01
  2.4000000000E+00  1.0000000000E-01  4.4128634161E-01
  2.4000000000E+00  2.0000000000E-01  4.7474807714E-01
  2.4000000000E+00  3.0000000000E-01  5.0989522120E-01
  2.4000000000E+00  4.0000000000E-01  5.4673275270E-01
  2.4000000000E+00  5.0000000000E-01  5.8525795603E-01
  2.4000000000E+00  6.0000000000E-01  6.2546001237E-01
  2.4000000000E+00  7.0000000000E-01  6.6731964152E-01
  2.4000000000E+00  8.0000000000E-01  7.1080880099E-01
  2.4000000000E+00  9.0000000000E-01  7.5589044821E-01
  2.4000000000E+00  1.0000000000E+00  8.0251837121E-01
  2.4000000000E+00  1.1000000000E+00  8.5063709250E-01
  2.4000000000E+00  1.2000000000E+00  9.0018184989E-01
  2.4000000000E+00  1.3000000000E+00  9.5107865705E-01
  2.4000000000E+00  1.4000000000E+00  1.0032444456E+00
  2.4000000000E+00  1.5000000000E+00  1.0565872897E+00
  2.4000000000E+00  1.6000000000E+00  1.1110067120E+00
  2.4000000000E+00  1.7000000000E+00  1.1663940707E+00
  2.4000000000E+00  1.8000000000E+00  1.2226330230E+00
  2.4000000000E+00  1.9000000000E+00  1.2796000630E+00
  2.4000000000E+00  2.0000000000E+00  1.3371651277E+00
  2.4000000000E+00  2.1000000000E+00  1.3951922657E+00
  2.4000000000E+00  2.2000000000E+00  1.4535403607E+00
  2.4000000000E+00  2.3000000000E+00  1.5120639039E+00
  2.4000000000E+00  2.4000000000E+00  1.5706138037E+00
  2.4000000000E+00  2.5000000000E+00  1.6290382274E+00
  2.4000000000E+00  2.6000000000E+00  1.6871834615E+00
  2.4000000000E+00  2.7000000000E+00  1.7448947843E+00
  2.4000000000E+00  2.8000000000E+00  1.8020173385E+00
  2.4000000000E+00  2.9000000000E+00  1.8583969963E+00
  2.4000000000E+00  3.0000000000E+00  1.9138812061E+00
  2.4000000000E+00  3.1000000000E+00  1.9683198128E+00
  2.4000000000E+00  3.2000000000E+00  2.0215658438E+00
  2.4000000000E+00  3.3000000000E+00  2.0734762532E+00
  2.4000000000E+00  3.4000000000E+00  2.1239126170E+00
  2.4000000000E+00  3.5000000000E+00  2.1727417756E+00
  2.4000000000E+00  3.6000000000E+00  2.2198364177E+00
  2.4000000000E+00  3.7000000000E+00  2.2650756041E+00
  2.4000000000E+00  3.8000000000E+00  2.3083452277E+00
  2.4000000000E+00  3.9000000000E+00  2.3495384103E+00
  2.4000000000E+00  4.0000000000E+00  2.3885558368E+00
  2.4000000000E+00  4.1000000000E+00  2.4253060264E+00
  2.4000000000E+00  4.2000000000E+00  2.4597055461E+00
  2.4000000000E+00  4.3000000000E+00  2.4916791673E+00
  2.4000000000E+00  4.4000000000E+00  2.5211599708E+00
  2.4000000000E+00  4.5000000000E+00  2.5480894053E+00
  2.4000000000E+00  4.6000000000E+00  2.5724173035E+00
  2.4000000000E+00  4.7000000000E+00  2.5941018618E+00
  2.4000000000E+00  4.8000000000E+00  2.6131095897E+00
  2.4000000000E+00  4.9000000000E+00  2.6294152327E+00
  2.4000000000E+00  5.0000000000E+00  2.6430016762E+00
  2.4000000000E+00  5.1000000000E+00  2.6538598331E+00
  2.4000000000E+00  5.2000000000E+00  2.6619885210E+00
  2.4000000000E+00  5.3000000000E+00  2.6673943319E+00
  2.4000000000E+00  5.4000000000E+00  2.6700914976E+00
  2.4000000000E+00  5.5000000000E+00  2.6701017528E+00
  2.4000000000E+00  5.6000000000E+00  2.6674541983E+00
  2.4000000000E+00  5.7000000000E+00  2.6621851623E+00
  2.4000000000E+00  5.8000000000E+00  2.6543380622E+00
  2.4000000000E+00  5.9000000000E+00  2.6439632642E+00
  2.4000000000E+00  6.0000000000E+00  2.6311179382E+00
  2.4000000000E+00  6.1000000000E+00  2.6158659069E+00
  2.4000000000E+00  6.2000000000E+00  2.5982774846E+00
  2.4000000000E+00  6.3000000000E+00  2.5784293024E+00
  2.4000000000E+00  6.4000000000E+00  2.5564041159E+00
  2.4000000000E+00  6.5000000000E+00  2.5322905915E+00
  2.4000000000E+00  6.6000000000E+00  2.5061830662E+00
  2.4000000000E+00  6.7000000000E+00  2.4781812785E+00
  2.4000000000E+00  6.8000000000E+00  2.4483900650E+00
  2.4000000000E+00  6.9000000000E+00  2.4169190207E+00
  2.4000000000E+00  7.0000000000E+00  2.3838821202E+00
  2.4000000000E+00  7.1000000000E+00  2.3493972979E+00
  2.4000000000E+00  7.2000000000E+00  2.3135859852E+00
  2.4000000000E+00  7.3000000000E+00  2.2765726065E+00
  2.4000000000E+00  7.4000000000E+00  2.2384840333E+00
  2.4000000000E+00  7.5000000000E+00  2.1994489981E+00
  2.4000000000E+00  7.6000000000E+00  2.1595974728E+00
  2.4000000000E+00  7.7000000000E+00  2.1190600132E+00
  2.4000000000E+00  7.8000000000E+00  2.0779670758E+00
  2.4000000000E+00  7.9000000000E+00  2.0364483123E+00
  2.4000000000E+00  8.0000000000E+00  1.9946318487E+00
  2.4000000000E+00  8.1000000000E+00  1.9526435548E+00
  2.4000000000E+00  8.2000000000E+00  1.9106063144E+00
  2.4000000000E+00  8.3000000000E+00  1.8686393016E+00
  2.4000000000E+00  8.4000000000E+00  1.8268572747E+00
  2.4000000000E+00  8.5000000000E+00  1.7853698933E+00
  2.4000000000E+00  8.6000000000E+00  1.7442810698E+00
  2.4000000000E+00  8.7000000000E+00  1.7036883628E+00
  2.4000000000E+00  8.8000000000E+00  1.6636824192E+00
  2.4000000000E+00  8.9000000000E+00  1.6243464752E+00
  2.4000000000E+00  9.0000000000E+00  1.5857559200E+00
  2.4000000000E+00  9.1000000000E+00  1.5479779313E+00
  2.4000000000E+00  9.2000000000E+00  1.5110711849E+00
  2.4000000000E+00  9.3000000000E+00  1.4750856447E+00
  2.4000000000E+00  9.4000000000E+00  1.4400624349E+00
  2.4000000000E+00  9.5000000000E+00  1.4060337963E+00
  2.4000000000E+00  9.6000000000E+00  1.3730231285E+00
  2.4000000000E+00  9.7000000000E+00  1.3410451155E+00
  2.4000000000E+00  9.8000000000E+00  1.3101059350E+00
  2.4000000000E+00  9.9000000000E+00  1.2802035464E+00
  2.4000000000E+00  1.0000000000E+01  1.2513280556E+00

  2.4400000000E+00  0.0000000000E+00  4.3878596774E-01
  2.4400000000E+00  1.0000000000E-01  4.7347700592E-01
  2.4400000000E+00  2.0000000000E-01  5.1003783782E-01
  2.4400000000E+00  3.0000000000E-01  5.4848463903E-01
  2.4400000000E+00  4.0000000000E-01  5.8882546254E-01
  2.4400000000E+00  5.0000000000E-01  6.3105970000E-01
  2.4400000000E+00  6.0000000000E-01  6.7517759053E-01
  2.4400000000E+00  7.0000000000E-01  7.2115978523E-01
  2.4400000000E+00  8.0000000000E-01  7.6897697503E-01
  2.4400000000E+00  9.0000000000E-01  8.1858958911E-01
  2.4400000000E+00  1.0000000000E+00  8.6994757028E-01
  2.4400000000E+00  1.1000000000E+00  9.2299023324E-01
  2.4400000000E+00  1.2000000000E+00  9.7764621029E-01
  2.4400000000E+00  1.3000000000E+00  1.0338334884E+00
  2.4400000000E+00  1.4000000000E+00  1.0914595399E+00
  2.4400000000E+00  1.5000000000E+00  1.1504215492E+00
  2.4400000000E+00  1.6000000000E+00  1.2106067335E+00
  2.4400000000E+00  1.7000000000E+00  1.2718927589E+00
  2.4400000000E+00  1.8000000000E+00  1.3341482472E+00
  2.4400000000E+00  1.9000000000E+00  1.3972333701E+00
  2.4400000000E+00  2.0000000000E+00  1.4610005264E+00
  2.4400000000E+00  2.1000000000E+00  1.5252950941E+00
  2.4400000000E+00  2.2000000000E+00  1.5899562513E+00
  2.4400000000E+00  2.3000000000E+00  1.6548178567E+00
  2.4400000000E+00  2.4000000000E+00  1.7197093798E+00
  2.4400000000E+00  2.5000000000E+00  1.7844568713E+00
  2.4400000000E+00  2.6000000000E+00  1.8488839631E+00
  2.4400000000E+00  2.7000000000E+00  1.9128128856E+00
  2.4400000000E+00  2.8000000000E+00  1.9760654924E+00
  2.4400000000E+00  2.9000000000E+00  2.0384642812E+00
  2.4400000000E+00  3.0000000000E+00  2.0998333983E+00
  2.4400000000E+00  3.1000000000E+00  2.1599996189E+00
  2.4400000000E+00  3.2000000000E+00  2.2187932910E+00
  2.4400000000E+00  3.3000000000E+00  2.2760492353E+00
  2.4400000000E+00  3.4000000000E+00  2.3316075928E+00
  2.4400000000E+00  3.5000000000E+00  2.3853146125E+00
  2.4400000000E+00  3.6000000000E+00  2.4370233747E+00
  2.4400000000E+00  3.7000000000E+00  2.4865944438E+00
  2.4400000000E+00  3.8000000000E+00  2.5338964492E+00
  2.4400000000E+00  3.9000000000E+00  2.5788065907E+00
  2.4400000000E+00  4.0000000000E+00  2.6212110698E+00
  2.4400000000E+00  4.1000000000E+00  2.6610054450E+00
  2.4400000000E+00  4.2000000000E+00  2.6980949158E+00
  2.4400000000E+00  4.3000000000E+00  2.7323945368E+00
  2.4400000000E+00  4.4000000000E+00  2.7638293652E+00
  2.4400000000E+00  4.5000000000E+00  2.7923345480E+00
  2.4400000000E+00  4.6000000000E+00  2.8178553531E+00
  2.4400000000E+00  4.7000000000E+00  2.8403471504E+00
  2.4400000000E+00  4.8000000000E+00  2.8597753480E+00
  2.4400000000E+00  4.9000000000E+00  2.8761152920E+00
  2.4400000000E+00  5.0000000000E+00  2.8893521321E+00
  2.4400000000E+00  5.1000000000E+00  2.8994806629E+00
  2.4400000000E+00  5.2000000000E+00  2.9065051422E+00
  2.4400000000E+00  5.3000000000E+00  2.9104390944E+00
  2.4400000000E+00  5.4000000000E+00  2.9113051007E+00
  2.4400000000E+00  5.5000000000E+00  2.9091345802E+00
  2.4400000000E+00  5.6000000000E+00  2.9039675648E+00
  2.4400000000E+00  5.7000000000E+00  2.8958524684E+00
  2.4400000000E+00  5.8000000000E+00  2.8848458518E+00
  2.4400000000E+00  5.9000000000E+00  2.8710121829E+00
  2.4400000000E+00  6.0000000000E+00  2.8544235912E+00
  2.4400000000E+00  6.1000000000E+00  2.8351596150E+00
  2.4400000000E+00  6.2000000000E+00  2.8133069384E+00
  2.4400000000E+00  6.3000000000E+00  2.7889591158E+00
  2.4400000000E+00  6.4000000000E+00  2.7622162803E+00
  2.4400000000E+00  6.5000000000E+00  2.7331848326E+00
  2.4400000000E+00  6.6000000000E+00  2.7019771066E+00
  2.4400000000E+00  6.7000000000E+00  2.6687110083E+00
  2.4400000000E+00  6.8000000000E+00  2.6335096247E+00
  2.4400000000E+00  6.9000000000E+00  2.5965008002E+00
  2.4400000000E+00  7.0000000000E+00  2.5578166768E+00
  2.4400000000E+00  7.1000000000E+00  2.5175931981E+00
  2.4400000000E+00  7.2000000000E+00  2.4759695754E+00
  2.4400000000E+00  7.3000000000E+00  2.4330877149E+00
  2.4400000000E+00  7.4000000000E+00  2.3890916087E+00
  2.4400000000E+00  7.5000000000E+00  2.3441266902E+00
  2.4400000000E+00  7.6000000000E+00  2.2983391568E+00
  2.4400000000E+00  7.7000000000E+00  2.2518752641E+00
  2.4400000000E+00  7.8000000000E+00  2.2048805962E+00
  2.4400000000E+00  7.9000000000E+00  2.1574993181E+00
  2.4400000000E+00  8.0000000000E+00  2.1098734155E+00
  2.4400000000E+00  8.1000000000E+00  2.0621419313E+00
  2.4400000000E+00  8.2000000000E+00  2.0144402042E+00
  2.4400000000E+00  8.3000000000E+00  1.9668991193E+00
  2.4400000000E+00  8.4000000000E+00  1.9196443789E+00
  2.4400000000E+00  8.5000000000E+00  1.8727958012E+00
  2.4400000000E+00  8.6000000000E+00  1.8264666570E+00
  2.4400000000E+00  8.7000000000E+00  1.7807630513E+00
  2.4400000000E+00  8.8000000000E+00  1.7357833592E+00
  2.4400000000E+00  8.9000000000E+00  1.6916177227E+00
  2.4400000000E+00  9.0000000000E+00  1.6483476153E+00
  2.4400000000E+00  9.1000000000E+00  1.6060454815E+00
  2.4400000000E+00  9.2000000000E+00  1.5647744540E+00
  2.4400000000E+00  9.3000000000E+00  1.5245881558E+00
  2.4400000000E+00  9.4000000000E+00  1.4855305873E+00
  2.4400000000E+00  9.5000000000E+00  1.4476361016E+00
  2.4400000000E+00  9.6000000000E+00  1.4109294684E+00
  2.4400000000E+00  9.7000000000E+00  1.3754260254E+00
  2.4400000000E+00  9.8000000000E+00  1.3411319154E+00
  2.4400000000E+00  9.9000000000E+00  1.3080444070E+00
  2.4400000000E+00  1.0000000000E+01  1.2761522917E+00

  2.4800000000E+00  0.0000000000E+00  4.9773609457E-01
  2.4800000000E+00  1.0000000000E-01  5.3676429639E-01
  2.4800000000E+00  2.0000000000E-01  5.7786295715E-01
  2.4800000000E+00  3.0000000000E-01  6.2104648832E-01
  2.4800000000E+00  4.0000000000E-01  6.6632003337E-01
  2.4800000000E+00  5.0000000000E-01  7.1367887544E-01
  2.4800000000E+00  6.0000000000E-01  7.6310789962E-01
  2.4800000000E+00  7.0000000000E-01  8.1458111881E-01
  2.4800000000E+00  8.0000000000E-01  8.6806127185E-01
  2.4800000000E+00  9.0000000000E-01  9.2349950168E-01
  2.4800000000E+00  1.0000000000E+00  9.8083512099E-01
  2.4800000000E+00  1.1000000000E+00  1.0399954716E+00
  2.4800000000E+00  1.2000000000E+00  1.1008958828E+00
  2.4800000000E+00  1.3000000000E+00  1.1634397334E+00
  2.4800000000E+00  1.4000000000E+00  1.2275186194E+00
  2.4800000000E+00  1.5000000000E+00  1.2930126297E+00
  2.4800000000E+00  1.6000000000E+00  1.3597907298E+00
  2.4800000000E+00  1.7000000000E+00  1.4277112514E+00
  2.4800000000E+00  1.8000000000E+00  1.4966224859E+00
  2.4800000000E+00  1.9000000000E+00  1.5663633776E+00
  2.4800000000E+00  2.0000000000E+00  1.6367643090E+00
  2.4800000000E+00  2.1000000000E+00  1.7076479737E+00
  2.4800000000E+00  2.2000000000E+00  1.7788303257E+00
  2.4800000000E+00  2.3000000000E+00  1.8501215979E+00
  2.4800000000E+00  2.4000000000E+00  1.9213273770E+00
  2.4800000000E+00  2.5000000000E+00  1.9922497251E+00
  2.4800000000E+00  2.6000000000E+00  2.0626883345E+00
  2.4800000000E+00  2.7000000000E+00  2.1324417039E+00
  2.4800000000E+00  2.8000000000E+00  2.2013083236E+00
  2.4800000000E+00  2.9000000000E+00  2.2690878554E+00
  2.4800000000E+00  3.0000000000E+00  2.3355822966E+00
  2.4800000000E+00  3.1000000000E+00  2.4005971144E+00
  2.4800000000E+00  3.2000000000E+00  2.4639423407E+00
  2.4800000000E+00  3.3000000000E+00  2.5254336149E+00
  2.4800000000E+00  3.4000000000E+00  2.5848931673E+00
  2.4800000000E+00  3.5000000000E+00  2.6421507334E+00
  2.4800000000E+00  3.6000000000E+00  2.6970443915E+00
  2.4800000000E+00  3.7000000000E+00  2.7494213199E+00
  2.4800000000E+00  3.8000000000E+00  2.7991384677E+00
  2.4800000000E+00  3.9000000000E+00  2.8460631365E+00
  2.4800000000E+00  4.0000000000E+00  2.8900734737E+00
  2.4800000000E+00  4.1000000000E+00  2.9310588747E+00
  2.4800000000E+00  4.2000000000E+00  2.9689202978E+00
  2.4800000000E+00  4.3000000000E+00  3.0035704934E+00
  2.4800000000E+00  4.4000000000E+00  3.0349341519E+00
  2.4800000000E+00  4.5000000000E+00  3.0629479752E+00
  2.4800000000E+00  4.6000000000E+00  3.0875606769E+00
  2.4800000000E+00  4.7000000000E+00  3.1087329181E+00
  2.4800000000E+00  4.8000000000E+00  3.1264371859E+00
  2.4800000000E+00  4.9000000000E+00  3.1406576201E+00
  2.4800000000E+00  5.0000000000E+00  3.1513897967E+00
  2.4800000000E+00  5.1000000000E+00  3.1586404743E+00
  2.4800000000E+00  5.2000000000E+00  3.1624273093E+00
  2.4800000000E+00  5.3000000000E+00  3.1627785477E+00
  2.4800000000E+00  5.4000000000E+00  3.1597326966E+00
  2.4800000000E+00  5.5000000000E+00  3.1533381820E+00
  2.4800000000E+00  5.6000000000E+00  3.1436529955E+00
  2.4800000000E+00  5.7000000000E+00  3.1307443330E+00
  2.4800000000E+00  5.8000000000E+00  3.1146882285E+00
  2.4800000000E+00  5.9000000000E+00  3.0955691822E+00
  2.4800000000E+00  6.0000000000E+00  3.0734797849E+00
  2.4800000000E+00  6.1000000000E+00  3.0485203368E+00
  2.4800000000E+00  6.2000000000E+00  3.0207984607E+00
  2.4800000000E+00  6.3000000000E+00  2.9904287059E+00
  2.4800000000E+00  6.4000000000E+00  2.9575321424E+00
  2.4800000000E+00  6.5000000000E+00  2.9222359405E+00
  2.4800000000E+00  6.6000000000E+00  2.8846729348E+00
  2.4800000000E+00  6.7000000000E+00  2.8449811682E+00
  2.4800000000E+00  6.8000000000E+00  2.8033034130E+00
  2.4800000000E+00  6.9000000000E+00  2.7597866676E+00
  2.4800000000E+00  7.0000000000E+00  2.7145816252E+00
  2.4800000000E+00  7.1000000000E+00  2.6678421138E+00
  2.4800000000E+00  7.2000000000E+00  2.6197245060E+00
  2.4800000000E+00  7.3000000000E+00  2.5703870984E+00
  2.4800000000E+00  7.4000000000E+00  2.5199894619E+00
  2.4800000000E+00  7.5000000000E+00  2.4686917631E+00
  2.4800000000E+00  7.6000000000E+00  2.4166540608E+00
  2.4800000000E+00  7.7000000000E+00  2.3640355805E+00
  2.4800000000E+00  7.8000000000E+00  2.3109939704E+00
  2.4800000000E+00  7.9000000000E+00  2.2576845460E+00
  2.4800000000E+00  8.0000000000E+00  2.2042595269E+00
  2.4800000000E+00  8.1000000000E+00  2.1508672753E+00
  2.4800000000E+00  8.2000000000E+00  2.0976515410E+00
  2.4800000000E+00  8.3000000000E+00  2.0447507226E+00
  2.4800000000E+00  8.4000000000E+00  1.9922971516E+00
  2.4800000000E+00  8.5000000000E+00  1.9404164089E+00
  2.4800000000E+00  8.6000000000E+00  1.8892266807E+00
  2.4800000000E+00  8.7000000000E+00  1.8388381631E+00
  2.4800000000E+00  8.8000000000E+00  1.7893525217E+00
  2.4800000000E+00  8.9000000000E+00  1.7408624154E+00
  2.4800000000E+00  9.0000000000E+00  1.6934510887E+00
  2.4800000000E+00  9.1000000000E+00  1.6471920404E+00
  2.4800000000E+00  9.2000000000E+00  1.6021487720E+00
  2.4800000000E+00  9.3000000000E+00  1.5583746205E+00
  2.4800000000E+00  9.4000000000E+00  1.5159126788E+00
  2.4800000000E+00  9.5000000000E+00  1.4747958038E+00
  2.4800000000E+00  9.6000000000E+00  1.4350467144E+00
  2.4800000000E+00  9.7000000000E+00  1.3966781774E+00
  2.4800000000E+00  9.8000000000E+00  1.3596932795E+00
  2.4800000000E+00  9.9000000000E+00  1.3240857828E+00
  2.4800000000E+00  1.0000000000E+01  1.2898405583E+00

  2.5200000000E+00  0.0000000000E+00  6.0015217845E-01
  2.5200000000E+00  1.0000000000E-01  6.4567085529E-01
  2.5200000000E+00  2.0000000000E-01  6.9346494041E-01
  2.5200000000E+00  3.0000000000E-01  7.4353782950E-01
  2.5200000000E+00  4.0000000000E-01  7.9588206880E-01
  2.5200000000E+00  5.0000000000E-01  8.5047876454E-01
  2.5200000000E+00  6.0000000000E-01  9.0729706005E-01
  2.5200000000E+00  7.0000000000E-01  9.6629368986E-01
  2.5200000000E+00  8.0000000000E-01  1.0274126198E+00
  2.5200000000E+00  9.0000000000E-01  1.0905847809E+00
  2.5200000000E+00  1.0000000000E+00  1.1557279052E+00
  2.5200000000E+00  1.1000000000E+00  1.2227464685E+00
  2.5200000000E+00  1.2000000000E+00  1.2915317465E+00
  2.5200000000E+00  1.3000000000E+00  1.3619619865E+00
  2.5200000000E+00  1.4000000000E+00  1.4339026988E+00
  2.5200000000E+00  1.5000000000E+00  1.5072070672E+00
  2.5200000000E+00  1.6000000000E+00  1.5817164781E+00
  2.5200000000E+00  1.7000000000E+00  1.6572611668E+00
  2.5200000000E+00  1.8000000000E+00  1.7336609747E+00
  2.5200000000E+00  1.9000000000E+00  1.8107262152E+00
  2.5200000000E+00  2.0000000000E+00  1.8882586370E+00
  2.5200000000E+00  2.1000000000E+00  1.9660524795E+00
  2.5200000000E+00  2.2000000000E+00  2.0438956085E+00
  2.5200000000E+00  2.3000000000E+00  2.1215707209E+00
  2.5200000000E+00  2.4000000000E+00  2.1988566071E+00
  2.5200000000E+00  2.5000000000E+00  2.2755294562E+00
  2.5200000000E+00  2.6000000000E+00  2.3513641920E+00
  2.5200000000E+00  2.7000000000E+00  2.4261358241E+00
  2.5200000000E+00  2.8000000000E+00  2.4996208000E+00
  2.5200000000E+00  2.9000000000E+00  2.5715983439E+00
  2.5200000000E+00  3.0000000000E+00  2.6418517683E+00
  2.5200000000E+00  3.1000000000E+00  2.7101697439E+00
  2.5200000000E+00  3.2000000000E+00  2.7763475161E+00
  2.5200000000E+00  3.3000000000E+00  2.8401880554E+00
  2.5200000000E+00  3.4000000000E+00  2.9015031319E+00
  2.5200000000E+00  3.5000000000E+00  2.9601143030E+00
  2.5200000000E+00  3.6000000000E+00  3.0158538089E+00
  2.5200000000E+00  3.7000000000E+00  3.0685653669E+00
  2.5200000000E+00  3.8000000000E+00  3.1181048624E+00
  2.5200000000E+00  3.9000000000E+00  3.1643409317E+00
  2.5200000000E+00  4.0000000000E+00  3.2071554369E+00
  2.5200000000E+00  4.1000000000E+00  3.2464438317E+00
  2.5200000000E+00  4.2000000000E+00  3.2821154217E+00
  2.5200000000E+00  4.3000000000E+00  3.3140935219E+00
  2.5200000000E+00  4.4000000000E+00  3.3423155154E+00
  2.5200000000E+00  4.5000000000E+00  3.3667328207E+00
  2.5200000000E+00  4.6000000000E+00  3.3873107737E+00
  2.5200000000E+00  4.7000000000E+00  3.4040284310E+00
  2.5200000000E+00  4.8000000000E+00  3.4168783053E+00
  2.5200000000E+00  4.9000000000E+00  3.4258660383E+00
  2.5200000000E+00  5.0000000000E+00  3.4310100229E+00
  2.5200000000E+00  5.1000000000E+00  3.4323409799E+00
  2.5200000000E+00  5.2000000000E+00  3.4299015010E+00
  2.5200000000E+00  5.3000000000E+00  3.4237455627E+00
  2.5200000000E+00  5.4000000000E+00  3.4139380207E+00
  2.5200000000E+00  5.5000000000E+00  3.4005540895E+00
  2.5200000000E+00  5.6000000000E+00  3.3836788139E+00
  2.5200000000E+00  5.7000000000E+00  3.3634065361E+00
  2.5200000000E+00  5.8000000000E+00  3.3398403620E+00
  2.5200000000E+00  5.9000000000E+00  3.3130916307E+00
  2.5200000000E+00  6.0000000000E+00  3.2832793858E+00
  2.5200000000E+00  6.1000000000E+00  3.2505298520E+00
  2.5200000000E+00  6.2000000000E+00  3.2149759150E+00
  2.5200000000E+00  6.3000000000E+00  3.1767566040E+00
  2.5200000000E+00  6.4000000000E+00  3.1360165751E+00
  2.5200000000E+00  6.5000000000E+00  3.0929055931E+00
  2.5200000000E+00  6.6000000000E+00  3.0475780094E+00
  2.5200000000E+00  6.7000000000E+00  3.0001922329E+00
  2.5200000000E+00  6.8000000000E+00  2.9509101907E+00
  2.5200000000E+00  6.9000000000E+00  2.8998967764E+00
  2.5200000000E+00  7.0000000000E+00  2.8473192833E+00
  2.5200000000E+00  7.1000000000E+00  2.7933468201E+00
  2.5200000000E+00  7.2000000000E+00  2.7381497082E+00
  2.5200000000E+00  7.3000000000E+00  2.6818988588E+00
  2.5200000000E+00  7.4000000000E+00  2.6247651311E+00
  2.5200000000E+00  7.5000000000E+00  2.5669186710E+00
  2.5200000000E+00  7.6000000000E+00  2.5085282334E+00
  2.5200000000E+00  7.7000000000E+00  2.4497604886E+00
  2.5200000000E+00  7.8000000000E+00  2.3907793191E+00
  2.5200000000E+00  7.9000000000E+00  2.3317451084E+00
  2.5200000000E+00  8.0000000000E+00  2.2728140287E+00
  2.5200000000E+00  8.1000000000E+00  2.2141373325E+00
  2.5200000000E+00  8.2000000000E+00  2.1558606554E+00
  2.5200000000E+00  8.3000000000E+00  2.0981233355E+00
  2.5200000000E+00  8.4000000000E+00  2.0410577593E+00
  2.5200000000E+00  8.5000000000E+00  1.9847887382E+00
  2.5200000000E+00  8.6000000000E+00  1.9294329271E+00
  2.5200000000E+00  8.7000000000E+00  1.8750982887E+00
  2.5200000000E+00  8.8000000000E+00  1.8218836142E+00
  2.5200000000E+00  8.9000000000E+00  1.7698781046E+00
  2.5200000000E+00  9.0000000000E+00  1.7191610200E+00
  2.5200000000E+00  9.1000000000E+00  1.6698014022E+00
  2.5200000000E+00  9.2000000000E+00  1.6218578756E+00
  2.5200000000E+00  9.3000000000E+00  1.5753785294E+00
  2.5200000000E+00  9.4000000000E+00  1.5304008840E+00
  2.5200000000E+00  9.5000000000E+00  1.4869519439E+00
  2.5200000000E+00  9.6000000000E+00  1.4450483362E+00
  2.5200000000E+00  9.7000000000E+00  1.4046965352E+00
  2.5200000000E+00  9.8000000000E+00  1.3658931705E+00
  2.5200000000E+00  9.9000000000E+00  1.3286254148E+00
  2.5200000000E+00  1.0000000000E+01  1.2928714493E+00

  2.5600000000E+00  0.0000000000E+00  7.9364540755E-01
  2.5600000000E+00  1.0000000000E-01  8.4905227720E-01
  2.5600000000E+00  2.0000000000E-01  9.0686924004E-01
  2.5600000000E+00  3.0000000000E-01  9.6707186310E-01
  2.5600000000E+00  4.0000000000E-01  1.0296230830E+00
  2.5600000000E+00  5.0000000000E-01  1.0944727366E+00
  2.5600000000E+00  6.0000000000E-01  1.1615571778E+00
  2.5600000000E+00  7.0000000000E-01  1.2307989885E+00
  2.5600000000E+00  8.0000000000E-01  1.3021067931E+00
  2.5600000000E+00  9.0000000000E-01  1.3753751816E+00
  2.5600000000E+00  1.0000000000E+00  1.4504847496E+00
  2.5600000000E+00  1.1000000000E+00  1.5273022577E+00
  2.5600000000E+00  1.2000000000E+00  1.6056809150E+00
  2.5600000000E+00  1.3000000000E+00  1.6854607889E+00
  2.5600000000E+00  1.4000000000E+00  1.7664693400E+00
  2.5600000000E+00  1.5000000000E+00  1.8485220827E+00
  2.5600000000E+00  1.6000000000E+00  1.9314233663E+00
  2.5600000000E+00  1.7000000000E+00  2.0149672745E+00
  2.5600000000E+00  1.8000000000E+00  2.0989386343E+00
  2.5600000000E+00  1.9000000000E+00  2.1831141280E+00
  2.5600000000E+00  2.0000000000E+00  2.2672634978E+00
  2.5600000000E+00  2.1000000000E+00  2.3511508327E+00
  2.5600000000E+00  2.2000000000E+00  2.4345359243E+00
  2.5600000000E+00  2.3000000000E+00  2.5171756787E+00
  2.5600000000E+00  2.4000000000E+00  2.5988255701E+00
  2.5600000000E+00  2.5000000000E+00  2.6792411205E+00
  2.5600000000E+00  2.6000000000E+00  2.7581793898E+00
  2.5600000000E+00  2.7000000000E+00  2.8354004611E+00
  2.5600000000E+00  2.8000000000E+00  2.9106689046E+00
  2.5600000000E+00  2.9000000000E+00  2.9837552046E+00
  2.5600000000E+00  3.0000000000E+00  3.0544371349E+00
  2.5600000000E+00  3.1000000000E+00  3.1225010682E+00
  2.5600000000E+00  3.2000000000E+00  3.1877432061E+00
  2.5600000000E+00  3.3000000000E+00  3.2499707182E+00
  2.5600000000E+00  3.4000000000E+00  3.3090027793E+00
  2.5600000000E+00  3.5000000000E+00  3.3646714961E+00
  2.5600000000E+00  3.6000000000E+00  3.4168227161E+00
  2.5600000000E+00  3.7000000000E+00  3.4653167140E+00
  2.5600000000E+00  3.8000000000E+00  3.5100287508E+00
  2.5600000000E+00  3.9000000000E+00  3.5508495060E+00
  2.5600000000E+00  4.0000000000E+00  3.5876853814E+00
  2.5600000000E+00  4.1000000000E+00  3.6204586804E+00
  2.5600000000E+00  4.2000000000E+00  3.6491076653E+00
  2.5600000000E+00  4.3000000000E+00  3.6735864993E+00
  2.5600000000E+00  4.4000000000E+00  3.6938650797E+00
  2.5600000000E+00  4.5000000000E+00  3.7099287698E+00
  2.5600000000E+00  4.6000000000E+00  3.7217780403E+00
  2.5600000000E+00  4.7000000000E+00  3.7294280289E+00
  2.5600000000E+00  4.8000000000E+00  3.7329080291E+00
  2.5600000000E+00  4.9000000000E+00  3.7322609189E+00
  2.5600000000E+00  5.0000000000E+00  3.7275425405E+00
  2.5600000000E+00  5.1000000000E+00  3.7188210423E+00
  2.5600000000E+00  5.2000000000E+00  3.7061761915E+00
  2.5600000000E+00  5.3000000000E+00  3.6896986692E+00
  2.5600000000E+00  5.4000000000E+00  3.6694893564E+00
  2.5600000000E+00  5.5000000000E+00  3.6456586173E+00
  2.5600000000E+00  5.6000000000E+00  3.6183255889E+00
  2.5600000000E+00  5.7000000000E+00  3.5876174811E+00
  2.5600000000E+00  5.8000000000E+00  3.5536688929E+00
  2.5600000000E+00  5.9000000000E+00  3.5166211464E+00
  2.5600000000E+00  6.0000000000E+00  3.4766216427E+00
  2.5600000000E+00  6.1000000000E+00  3.4338232388E+00
  2.5600000000E+00  6.2000000000E+00  3.3883836461E+00
  2.5600000000E+00  6.3000000000E+00  3.3404648495E+00
  2.5600000000E+00  6.4000000000E+00  3.2902325438E+00
  2.5600000000E+00  6.5000000000E+00  3.2378555869E+00
  2.5600000000E+00  6.6000000000E+00  3.1835054641E+00
  2.5600000000E+00  6.7000000000E+00  3.1273557613E+00
  2.5600000000E+00  6.8000000000E+00  3.0695816431E+00
  2.5600000000E+00  6.9000000000E+00  3.0103593319E+00
  2.5600000000E+00  7.0000000000E+00  2.9498655842E+00
  2.5600000000E+00  7.1000000000E+00  2.8882771610E+00
  2.5600000000E+00  7.2000000000E+00  2.8257702902E+00
  2.5600000000E+00  7.3000000000E+00  2.7625201178E+00
  2.5600000000E+00  7.4000000000E+00  2.6987001476E+00
  2.5600000000E+00  7.5000000000E+00  2.6344816677E+00
  2.5600000000E+00  7.6000000000E+00  2.5700331661E+00
  2.5600000000E+00  7.7000000000E+00  2.5055197348E+00
  2.5600000000E+00  7.8000000000E+00  2.4411024655E+00
  2.5600000000E+00  7.9000000000E+00  2.3769378409E+00
  2.5600000000E+00  8.0000000000E+00  2.3131771240E+00
  2.5600000000E+00  8.1000000000E+00  2.2499657514E+00
  2.5600000000E+00  8.2000000000E+00  2.1874427363E+00
  2.5600000000E+00  8.3000000000E+00  2.1257400866E+00
  2.5600000000E+00  8.4000000000E+00  2.0649822449E+00
  2.5600000000E+00  8.5000000000E+00  2.0052855578E+00
  2.5600000000E+00  8.6000000000E+00  1.9467577809E+00
  2.5600000000E+00  8.7000000000E+00  1.8894976268E+00
  2.5600000000E+00  8.8000000000E+00  1.8335943628E+00
  2.5600000000E+00  8.9000000000E+00  1.7791274652E+00
  2.5600000000E+00  9.0000000000E+00  1.7261663354E+00
  2.5600000000E+00  9.1000000000E+00  1.6747700846E+00
  2.5600000000E+00  9.2000000000E+00  1.6249873893E+00
  2.5600000000E+00  9.3000000000E+00  1.5768564247E+00
  2.5600000000E+00  9.4000000000E+00  1.5304048750E+00
  2.5600000000E+00  9.5000000000E+00  1.4856500258E+00
  2.5600000000E+00  9.6000000000E+00  1.4425989370E+00
  2.5600000000E+00  9.7000000000E+00  1.4012486958E+00
  2.5600000000E+00  9.8000000000E+00  1.3615867495E+00
  2.5600000000E+00  9.9000000000E+00  1.3235913140E+00
  2.5600000000E+00  1.0000000000E+01  1.2872318548E+00

  2.6000000000E+00  0.0000000000E+00  1.2061221716E+00
  2.6000000000E+00  1.0000000000E-01  1.2767049863E+00
  2.6000000000E+00  2.0000000000E-01  1.3494838459E+00
  2.6000000000E+00  3.0000000000E-01  1.4243765829E+00
  2.6000000000E+00  4.0000000000E-01  1.5012880691E+00
  2.6000000000E+00  5.0000000000E-01  1.5801101173E+00
  2.6000000000E+00  6.0000000000E-01  1.6607214769E+00
  2.6000000000E+00  7.0000000000E-01  1.7429879282E+00
  2.6000000000E+00  8.0000000000E-01  1.8267624803E+00
  2.6000000000E+00  9.0000000000E-01  1.9118856758E+00
  2.6000000000E+00  1.0000000000E+00  1.9981860056E+00
  2.6000000000E+00  1.1000000000E+00  2.0854804336E+00
  2.6000000000E+00  1.2000000000E+00  2.1735750325E+00
  2.6000000000E+00  1.3000000000E+00  2.2622657285E+00
  2.6000000000E+00  1.4000000000E+00  2.3513391526E+00
  2.6000000000E+00  1.5000000000E+00  2.4405735932E+00
  2.6000000000E+00  1.6000000000E+00  2.5297400462E+00
  2.6000000000E+00  1.7000000000E+00  2.6186033524E+00
  2.6000000000E+00  1.8000000000E+00  2.7069234163E+00
  2.6000000000E+00  1.9000000000E+00  2.7944564953E+00
  2.6000000000E+00  2.0000000000E+00  2.8809565468E+00
  2.6000000000E+00  2.1000000000E+00  2.9661766233E+00
  2.6000000000E+00  2.2000000000E+00  3.0498702999E+00
  2.6000000000E+00  2.3000000000E+00  3.1317931219E+00
  2.6000000000E+00  2.4000000000E+00  3.2117040560E+00
  2.6000000000E+00  2.5000000000E+00  3.2893669319E+00
  2.6000000000E+00  2.6000000000E+00  3.3645518582E+00
  2.6000000000E+00  2.7000000000E+00  3.4370365971E+00
  2.6000000000E+00  2.8000000000E+00  3.5066078847E+00
  2.6000000000E+00  2.9000000000E+00  3.5730626814E+00
  2.6000000000E+00  3.0000000000E+00  3.6362093402E+00
  2.6000000000E+00  3.1000000000E+00  3.6958686801E+00
  2.6000000000E+00  3.2000000000E+00  3.7518749547E+00
  2.6000000000E+00  3.3000000000E+00  3.8040767055E+00
  2.6000000000E+00  3.4000000000E+00  3.8523374937E+00
  2.6000000000E+00  3.5000000000E+00  3.8965365035E+00
  2.6000000000E+00  3.6000000000E+00  3.9365690138E+00
  2.6000000000E+00  3.7000000000E+00  3.9723467349E+00
  2.6000000000E+00  3.8000000000E+00  4.0037980123E+00
  2.6000000000E+00  3.9000000000E+00  4.0308678973E+00
  2.6000000000E+00  4.0000000000E+00  4.0535180900E+00
  2.6000000000E+00  4.1000000000E+00  4.0717267582E+00
  2.6000000000E+00  4.2000000000E+00  4.0854882411E+00
  2.6000000000E+00  4.3000000000E+00  4.0948126462E+00
  2.6000000000E+00  4.4000000000E+00  4.0997253476E+00
  2.6000000000E+00  4.5000000000E+00  4.1002663988E+00
  2.6000000000E+00  4.6000000000E+00  4.0964898705E+00
  2.6000000000E+00  4.7000000000E+00  4.0884631252E+00
  2.6000000000E+00  4.8000000000E+00  4.0762660427E+00
  2.6000000000E+00  4.9000000000E+00  4.0599902071E+00
  2.6000000000E+00  5.0000000000E+00  4.0397380690E+00
  2.6000000000E+00  5.1000000000E+00  4.0156220941E+00
  2.6000000000E+00  5.2000000000E+00  3.9877639086E+00
  2.6000000000E+00  5.3000000000E+00  3.9562934531E+00
  2.6000000000E+00  5.4000000000E+00  3.9213481523E+00
  2.6000000000E+00  5.5000000000E+00  3.8830721092E+00
  2.6000000000E+00  5.6000000000E+00  3.8416153301E+00
  2.6000000000E+00  5.7000000000E+00  3.7971329857E+00
  2.6000000000E+00  5.8000000000E+00  3.7497847105E+00
  2.6000000000E+00  5.9000000000E+00  3.6997339444E+00
  2.6000000000E+00  6.0000000000E+00  3.6471473160E+00
  2.6000000000E+00  6.1000000000E+00  3.5921940673E+00
  2.6000000000E+00  6.2000000000E+00  3.5350455184E+00
  2.6000000000E+00  6.3000000000E+00  3.4758745681E+00
  2.6000000000E+00  6.4000000000E+00  3.4148552280E+00
  2.6000000000E+00  6.5000000000E+00  3.3521621842E+00
  2.6000000000E+00  6.6000000000E+00  3.2879703829E+00
  2.6000000000E+00  6.7000000000E+00  3.2224546329E+00
  2.6000000000E+00  6.8000000000E+00  3.1557892204E+00
  2.6000000000E+00  6.9000000000E+00  3.0881475307E+00
  2.6000000000E+00  7.0000000000E+00  3.0197016709E+00
  2.6000000000E+00  7.1000000000E+00  2.9506220886E+00
  2.6000000000E+00  7.2000000000E+00  2.8810771843E+00
  2.6000000000E+00  7.3000000000E+00  2.8112329109E+00
  2.6000000000E+00  7.4000000000E+00  2.7412523614E+00
  2.6000000000E+00  7.5000000000E+00  2.6712953394E+00
  2.6000000000E+00  7.6000000000E+00  2.6015179153E+00
  2.6000000000E+00  7.7000000000E+00  2.5320719666E+00
  2.6000000000E+00  7.8000000000E+00  2.4631047040E+00
  2.6000000000E+00  7.9000000000E+00  2.3947581870E+00
  2.6000000000E+00  8.0000000000E+00  2.3271688314E+00
  2.6000000000E+00  8.1000000000E+00  2.2604669138E+00
  2.6000000000E+00  8.2000000000E+00  2.1947760783E+00
  2.6000000000E+00  8.3000000000E+00  2.1302128509E+00
  2.6000000000E+00  8.4000000000E+00  2.0668861691E+00
  2.6000000000E+00  8.5000000000E+00  2.0048969319E+00
  2.6000000000E+00  8.6000000000E+00  1.9443375794E+00
  2.6000000000E+00  8.7000000000E+00  1.8852917068E+00
  2.6000000000E+00  8.8000000000E+00  1.8278337219E+00
  2.6000000000E+00  8.9000000000E+00  1.7720285510E+00
  2.6000000000E+00  9.0000000000E+00  1.7179314009E+00
  2.6000000000E+00  9.1000000000E+00  1.6655875817E+00
  2.6000000000E+00  9.2000000000E+00  1.6150323958E+00
  2.6000000000E+00  9.3000000000E+00  1.5662910965E+00
  2.6000000000E+00  9.4000000000E+00  1.5193789205E+00
  2.6000000000E+00  9.5000000000E+00  1.4743011953E+00
  2.6000000000E+00  9.6000000000E+00  1.4310535226E+00
  2.6000000000E+00  9.7000000000E+00  1.3896220384E+00
  2.6000000000E+00  9.8000000000E+00  1.3499837474E+00
  2.6000000000E+00  9.9000000000E+00  1.3121069301E+00
  2.6000000000E+00  1.0000000000E+01  1.2759516192E+00

  2.6400000000E+00  0.0000000000E+00  2.1016967479E+00
  2.6400000000E+00  1.0000000000E-01  2.1946237493E+00
  2.6400000000E+00  2.0000000000E-01  2.2885413063E+00
  2.6400000000E+00  3.0000000000E-01  2.3832659853E+00
  2.6400000000E+00  4.0000000000E-01  2.4786069444E+00
  2.6400000000E+00  5.0000000000E-01  2.5743665975E+00
  2.6400000000E+00  6.0000000000E-01  2.6703413206E+00
  2.6400000000E+00  7.0000000000E-01  2.7663221963E+00
  2.6400000000E+00  8.0000000000E-01  2.8620957958E+00
  2.6400000000E+00  9.0000000000E-01  2.9574449945E+00
  2.6400000000E+00  1.0000000000E+00  3.0521498178E+00
  2.6400000000E+00  1.1000000000E+00  3.1459883158E+00
  2.6400000000E+00  1.2000000000E+00  3.2387374620E+00
  2.6400000000E+00  1.3000000000E+00  3.3301740736E+00
  2.6400000000E+00  1.4000000000E+00  3.4200757492E+00
  2.6400000000E+00  1.5000000000E+00  3.5082218198E+00
  2.6400000000E+00  1.6000000000E+00  3.5943943090E+00
  2.6400000000E+00  1.7000000000E+00  3.6783788969E+00
  2.6400000000E+00  1.8000000000E+00  3.7599658826E+00
  2.6400000000E+00  1.9000000000E+00  3.8389511398E+00
  2.6400000000E+00  2.0000000000E+00  3.9151370592E+00
  2.6400000000E+00  2.1000000000E+00  3.9883334702E+00
  2.6400000000E+00  2.2000000000E+00  4.0583585368E+00
  2.6400000000E+00  2.3000000000E+00  4.1250396184E+00
  2.6400000000E+00  2.4000000000E+00  4.1882140895E+00
  2.6400000000E+00  2.5000000000E+00  4.2477301107E+00
  2.6400000000E+00  2.6000000000E+00  4.3034473430E+00
  2.6400000000E+00  2.7000000000E+00  4.3552375987E+00
  2.6400000000E+00  2.8000000000E+00  4.4029854217E+00
  2.6400000000E+00  2.9000000000E+00  4.4465885911E+00
  2.6400000000E+00  3.0000000000E+00  4.4859585425E+00
  2.6400000000E+00  3.1000000000E+00  4.5210207011E+00
  2.6400000000E+00  3.2000000000E+00  4.5517147243E+00
  2.6400000000E+00  3.3000000000E+00  4.5779946490E+00
  2.6400000000E+00  3.4000000000E+00  4.5998289428E+00
  2.6400000000E+00  3.5000000000E+00  4.6172004589E+00
  2.6400000000E+00  3.6000000000E+00  4.6301062942E+00
  2.6400000000E+00  3.7000000000E+00  4.6385575543E+00
  2.6400000000E+00  3.8000000000E+00  4.6425790270E+00
  2.6400000000E+00  3.9000000000E+00  4.6422087715E+00
  2.6400000000E+00  4.0000000000E+00  4.6374976263E+00
  2.6400000000E+00  4.1000000000E+00  4.6285086459E+00
  2.6400000000E+00  4.2000000000E+00  4.6153164724E+00
  2.6400000000E+00  4.3000000000E+00  4.5980066522E+00
  2.6400000000E+00  4.4000000000E+00  4.5766749071E+00
  2.6400000000E+00  4.5000000000E+00  4.5514263697E+00
  2.6400000000E+00  4.6000000000E+00  4.5223747955E+00
  2.6400000000E+00  4.7000000000E+00  4.4896417593E+00
  2.6400000000E+00  4.8000000000E+00  4.4533558494E+00
  2.6400000000E+00  4.9000000000E+00  4.4136518676E+00
  2.6400000000E+00  5.0000000000E+00  4.3706700458E+00
  2.6400000000E+00  5.1000000000E+00  4.3245552878E+00
  2.6400000000E+00  5.2000000000E+00  4.2754564429E+00
  2.6400000000E+00  5.3000000000E+00  4.2235256201E+00
  2.6400000000E+00  5.4000000000E+00  4.1689175465E+00
  2.6400000000E+00  5.5000000000E+00  4.1117889752E+00
  2.6400000000E+00  5.6000000000E+00  4.0522981446E+00
  2.6400000000E+00  5.7000000000E+00  3.9906042917E+00
  2.6400000000E+00  5.8000000000E+00  3.9268672174E+00
  2.6400000000E+00  5.9000000000E+00  3.8612469048E+00
  2.6400000000E+00  6.0000000000E+00  3.7939031856E+00
  2.6400000000E+00  6.1000000000E+00  3.7249954520E+00
  2.6400000000E+00  6.2000000000E+00  3.6546824090E+00
  2.6400000000E+00  6.3000000000E+00  3.5831218612E+00
  2.6400000000E+00  6.4000000000E+00  3.5104705279E+00
  2.6400000000E+00  6.5000000000E+00  3.4368838791E+00
  2.6400000000E+00  6.6000000000E+00  3.3625159864E+00
  2.6400000000E+00  6.7000000000E+00  3.2875193798E+00
  2.6400000000E+00  6.8000000000E+00  3.2120449055E+00
  2.6400000000E+00  6.9000000000E+00  3.1362415758E+00
  2.6400000000E+00  7.0000000000E+00  3.0602564066E+00
  2.6400000000E+00  7.1000000000E+00  2.9842342363E+00
  2.6400000000E+00  7.2000000000E+00  2.9083175214E+00
  2.6400000000E+00  7.3000000000E+00  2.8326461056E+00
  2.6400000000E+00  7.4000000000E+00  2.7573569594E+00
  2.6400000000E+00  7.5000000000E+00  2.6825838891E+00
  2.6400000000E+00  7.6000000000E+00  2.6084572155E+00
  2.6400000000E+00  7.7000000000E+00  2.5351034219E+00
  2.6400000000E+00  7.8000000000E+00  2.4626447750E+00
  2.6400000000E+00  7.9000000000E+00  2.3911989217E+00
  2.6400000000E+00  8.0000000000E+00  2.3208784657E+00
  2.6400000000E+00  8.1000000000E+00  2.2517905295E+00
  2.6400000000E+00  8.2000000000E+00  2.1840363084E+00
  2.6400000000E+00  8.3000000000E+00  2.1177106227E+00
  2.6400000000E+00  8.4000000000E+00  2.0529014754E+00
  2.6400000000E+00  8.5000000000E+00  1.9896896241E+00
  2.6400000000E+00  8.6000000000E+00  1.9281481741E+00
  2.6400000000E+00  8.7000000000E+00  1.8683422005E+00
  2.6400000000E+00  8.8000000000E+00  1.8103284075E+00
  2.6400000000E+00  8.9000000000E+00  1.7541548329E+00
  2.6400000000E+00  9.0000000000E+00  1.6998606025E+00
  2.6400000000E+00  9.1000000000E+00  1.6474757434E+00
  2.6400000000E+00  9.2000000000E+00  1.5970210595E+00
  2.6400000000E+00  9.3000000000E+00  1.5485080746E+00
  2.6400000000E+00  9.4000000000E+00  1.5019390468E+00
  2.6400000000E+00  9.5000000000E+00  1.4573070559E+00
  2.6400000000E+00  9.6000000000E+00  1.4145961658E+00
  2.6400000000E+00  9.7000000000E+00  1.3737816618E+00
  2.6400000000E+00  9.8000000000E+00  1.3348303615E+00
  2.6400000000E+00  9.9000000000E+00  1.2977009979E+00
  2.6400000000E+00  1.0000000000E+01  1.2623446700E+00

  2.6800000000E+00  0.0000000000E+00  3.7048357065E+00
  2.6800000000E+00  1.0000000000E-01  3.8258203934E+00
  2.6800000000E+00  2.0000000000E-01  3.9449738934E+00
  2.6800000000E+00  3.0000000000E-01  4.0619760082E+00
  2.6800000000E+00  4.0000000000E-01  4.1765153198E+00
  2.6800000000E+00  5.0000000000E-01  4.2882909266E+00
  2.6800000000E+00  6.0000000000E-01  4.3970140526E+00
  2.6800000000E+00  7.0000000000E-01  4.5024095184E+00
  2.6800000000E+00  8.0000000000E-01  4.6042170604E+00
  2.6800000000E+00  9.0000000000E-01  4.7021924917E+00
  2.6800000000E+00  1.0000000000E+00  4.7961086971E+00
  2.6800000000E+00  1.1000000000E+00  4.8857564602E+00
  2.6800000000E+00  1.2000000000E+00  4.9709451213E+00
  2.6800000000E+00  1.3000000000E+00  5.0515030676E+00
  2.6800000000E+00  1.4000000000E+00  5.1272780603E+00
  2.6800000000E+00  1.5000000000E+00  5.1981374034E+00
  2.6800000000E+00  1.6000000000E+00  5.2639679637E+00
  2.6800000000E+00  1.7000000000E+00  5.3246760487E+00
  2.6800000000E+00  1.8000000000E+00  5.3801871552E+00
  2.6800000000E+00  1.9000000000E+00  5.4304455992E+00
  2.6800000000E+00  2.0000000000E+00  5.4754140375E+00
  2.6800000000E+00  2.1000000000E+00  5.5150728957E+00
  2.6800000000E+00  2.2000000000E+00  5.5494197134E+00
  2.6800000000E+00  2.3000000000E+00  5.5784684190E+00
  2.6800000000E+00  2.4000000000E+00  5.6022485462E+00
  2.6800000000E+00  2.5000000000E+00  5.6208044029E+00
  2.6800000000E+00  2.6000000000E+00  5.6341942040E+00
  2.6800000000E+00  2.7000000000E+00  5.6424891759E+00
  2.6800000000E+00  2.8000000000E+00  5.6457726438E+00
  2.6800000000E+00  2.9000000000E+00  5.6441391083E+00
  2.6800000000E+00  3.0000000000E+00  5.6376933182E+00
  2.6800000000E+00  3.1000000000E+00  5.6265493471E+00
  2.6800000000E+00  3.2000000000E+00  5.6108296771E+00
  2.6800000000E+00  3.3000000000E+00  5.5906642964E+00
  2.6800000000E+00  3.4000000000E+00  5.5661898137E+00
  2.6800000000E+00  3.5000000000E+00  5.5375485926E+00
  2.6800000000E+00  3.6000000000E+00  5.5048879109E+00
  2.6800000000E+00  3.7000000000E+00  5.4683591456E+00
  2.6800000000E+00  3.8000000000E+00  5.4281169882E+00
  2.6800000000E+00  3.9000000000E+00  5.3843186911E+00
  2.6800000000E+00  4.0000000000E+00  5.3371233494E+00
  2.6800000000E+00  4.1000000000E+00  5.2866912189E+00
  2.6800000000E+00  4.2000000000E+00  5.2331830748E+00
  2.6800000000E+00  4.3000000000E+00  5.1767596112E+00
  2.6800000000E+00  4.4000000000E+00  5.1175808862E+00
  2.6800000000E+00  4.5000000000E+00  5.0558058136E+00
  2.6800000000E+00  4.6000000000E+00  4.9915917041E+00
  2.6800000000E+00  4.7000000000E+00  4.9250938576E+00
  2.6800000000E+00  4.8000000000E+00  4.8564652095E+00
  2.6800000000E+00  4.9000000000E+00  4.7858560307E+00
  2.6800000000E+00  5.0000000000E+00  4.7134136839E+00
  2.6800000000E+00  5.1000000000E+00  4.6392824357E+00
  2.6800000000E+00  5.2000000000E+00  4.5636033236E+00
  2.6800000000E+00  5.3000000000E+00  4.4865140784E+00
  2.6800000000E+00  5.4000000000E+00  4.4081490988E+00
  2.6800000000E+00  5.5000000000E+00  4.3286394755E+00
  2.6800000000E+00  5.6000000000E+00  4.2481130622E+00
  2.6800000000E+00  5.7000000000E+00  4.1666945881E+00
  2.6800000000E+00  5.8000000000E+00  4.0845058075E+00
  2.6800000000E+00  5.9000000000E+00  4.0016656796E+00
  2.6800000000E+00  6.0000000000E+00  3.9182905729E+00
  2.6800000000E+00  6.1000000000E+00  3.8344944866E+00
  2.6800000000E+00  6.2000000000E+00  3.7503892809E+00
  2.6800000000E+00  6.3000000000E+00  3.6660849094E+00
  2.6800000000E+00  6.4000000000E+00  3.5816896454E+00
  2.6800000000E+00  6.5000000000E+00  3.4973102934E+00
  2.6800000000E+00  6.6000000000E+00  3.4130523792E+00
  2.6800000000E+00  6.7000000000E+00  3.3290203110E+00
  2.6800000000E+00  6.8000000000E+00  3.2453175044E+00
  2.6800000000E+00  6.9000000000E+00  3.1620464666E+00
  2.6800000000E+00  7.0000000000E+00  3.0793088330E+00
  2.6800000000E+00  7.1000000000E+00  2.9972053545E+00
  2.6800000000E+00  7.2000000000E+00  2.9158358300E+00
  2.6800000000E+00  7.3000000000E+00  2.8352989846E+00
  2.6800000000E+00  7.4000000000E+00  2.7556922915E+00
  2.6800000000E+00  7.5000000000E+00  2.6771117398E+00
  2.6800000000E+00  7.6000000000E+00  2.5996515487E+00
  2.6800000000E+00  7.7000000000E+00  2.5234038329E+00
  2.6800000000E+00  7.8000000000E+00  2.4484582224E+00
  2.6800000000E+00  7.9000000000E+00  2.3749014433E+00
  2.6800000000E+00  8.0000000000E+00  2.3028168659E+00
  2.6800000000E+00  8.1000000000E+00  2.2322840270E+00
  2.6800000000E+00  8.2000000000E+00  2.1633781350E+00
  2.6800000000E+00  8.3000000000E+00  2.0961695668E+00
  2.6800000000E+00  8.4000000000E+00  2.0307233650E+00
  2.6800000000E+00  8.5000000000E+00  1.9670987444E+00
  2.6800000000E+00  8.6000000000E+00  1.9053486184E+00
  2.6800000000E+00  8.7000000000E+00  1.8455191530E+00
  2.6800000000E+00  8.8000000000E+00  1.7876493575E+00
  2.6800000000E+00  8.9000000000E+00  1.7317707213E+00
  2.6800000000E+00  9.0000000000E+00  1.6779069026E+00
  2.6800000000E+00  9.1000000000E+00  1.6260734769E+00
  2.6800000000E+00  9.2000000000E+00  1.5762777516E+00
  2.6800000000E+00  9.3000000000E+00  1.5285186504E+00
  2.6800000000E+00  9.4000000000E+00  1.4827866717E+00
  2.6800000000E+00  9.5000000000E+00  1.4390639240E+00
  2.6800000000E+00  9.6000000000E+00  1.3973242392E+00
  2.6800000000E+00  9.7000000000E+00  1.3575333639E+00
  2.6800000000E+00  9.8000000000E+00  1.3196492276E+00
  2.6800000000E+00  9.9000000000E+00  1.2836222864E+00
  2.6800000000E+00  1.0000000000E+01  1.2493959368E+00

  2.7200000000E+00  0.0000000000E+00  5.5886126095E+00
  2.7200000000E+00  1.0000000000E-01  5.7342425359E+00
  2.7200000000E+00  2.0000000000E-01  5.8744030368E+00
  2.7200000000E+00  3.0000000000E-01  6.0086544524E+00
  2.7200000000E+00  4.0000000000E-01  6.1365880407E+00
  2.7200000000E+00  5.0000000000E-01  6.2578285992E+00
  2.7200000000E+00  6.0000000000E-01  6.3720367274E+00
  2.7200000000E+00  7.0000000000E-01  6.4789107068E+00
  2.7200000000E+00  8.0000000000E-01  6.5781879849E+00
  2.7200000000E+00  9.0000000000E-01  6.6696462535E+00
  2.7200000000E+00  1.0000000000E+00  6.7531041168E+00
  2.7200000000E+00  1.1000000000E+00  6.8284213547E+00
  2.7200000000E+00  1.2000000000E+00  6.8954987885E+00
  2.7200000000E+00  1.3000000000E+00  6.9542777641E+00
  2.7200000000E+00  1.4000000000E+00  7.0047392722E+00
  2.7200000000E+00  1.5000000000E+00  7.0469027300E+00
  2.7200000000E+00  1.6000000000E+00  7.0808244511E+00
  2.7200000000E+00  1.7000000000E+00  7.1065958369E+00
  2.7200000000E+00  1.8000000000E+00  7.1243413216E+00
  2.7200000000E+00  1.9000000000E+00  7.1342161085E+00
  2.7200000000E+00  2.0000000000E+00  7.1364037324E+00
  2.7200000000E+00  2.1000000000E+00  7.1311134873E+00
  2.7200000000E+00  2.2000000000E+00  7.1185777563E+00
  2.7200000000E+00  2.3000000000E+00  7.0990492792E+00
  2.7200000000E+00  2.4000000000E+00  7.0727983937E+00
  2.7200000000E+00  2.5000000000E+00  7.0401102824E+00
  2.7200000000E+00  2.6000000000E+00  7.0012822574E+00
  2.7200000000E+00  2.7000000000E+00  6.9566211096E+00
  2.7200000000E+00  2.8000000000E+00  6.9064405469E+00
  2.7200000000E+00  2.9000000000E+00  6.8510587459E+00
  2.7200000000E+00  3.0000000000E+00  6.7907960329E+00
  2.7200000000E+00  3.1000000000E+00  6.7259727109E+00
  2.7200000000E+00  3.2000000000E+00  6.6569070451E+00
  2.7200000000E+00  3.3000000000E+00  6.5839134157E+00
  2.7200000000E+00  3.4000000000E+00  6.5073006439E+00
  2.7200000000E+00  3.5000000000E+00  6.4273704953E+00
  2.7200000000E+00  3.6000000000E+00  6.3444163621E+00
  2.7200000000E+00  3.7000000000E+00  6.2587221217E+00
  2.7200000000E+00  3.8000000000E+00  6.1705611704E+00
  2.7200000000E+00  3.9000000000E+00  6.0801956267E+00
  2.7200000000E+00  4.0000000000E+00  5.9878756989E+00
  2.7200000000E+00  4.1000000000E+00  5.8938392095E+00
  2.7200000000E+00  4.2000000000E+00  5.7983112688E+00
  2.7200000000E+00  4.3000000000E+00  5.7015040896E+00
  2.7200000000E+00  4.4000000000E+00  5.6036169338E+00
  2.7200000000E+00  4.5000000000E+00  5.5048361813E+00
  2.7200000000E+00  4.6000000000E+00  5.4053355134E+00
  2.7200000000E+00  4.7000000000E+00  5.3052761982E+00
  2.7200000000E+00  4.8000000000E+00  5.2048074723E+00
  2.7200000000E+00  4.9000000000E+00  5.1040670059E+00
  2.7200000000E+00  5.0000000000E+00  5.0031814440E+00
  2.7200000000E+00  5.1000000000E+00  4.9022670127E+00
  2.7200000000E+00  5.2000000000E+00  4.8014301830E+00
  2.7200000000E+00  5.3000000000E+00  4.7007683798E+00
  2.7200000000E+00  5.4000000000E+00  4.6003707299E+00
  2.7200000000E+00  5.5000000000E+00  4.5003188369E+00
  2.7200000000E+00  5.6000000000E+00  4.4006875750E+00
  2.7200000000E+00  5.7000000000E+00  4.3015458913E+00
  2.7200000000E+00  5.8000000000E+00  4.2029576080E+00
  2.7200000000E+00  5.9000000000E+00  4.1049822138E+00
  2.7200000000E+00  6.0000000000E+00  4.0076756372E+00
  2.7200000000E+00  6.1000000000E+00  3.9110909900E+00
  2.7200000000E+00  6.2000000000E+00  3.8152792747E+00
  2.7200000000E+00  6.3000000000E+00  3.7202900460E+00
  2.7200000000E+00  6.4000000000E+00  3.6261720182E+00
  2.7200000000E+00  6.5000000000E+00  3.5329736125E+00
  2.7200000000E+00  6.6000000000E+00  3.4407434368E+00
  2.7200000000E+00  6.7000000000E+00  3.3495306913E+00
  2.7200000000E+00  6.8000000000E+00  3.2593854977E+00
  2.7200000000E+00  6.9000000000E+00  3.1703591456E+00
  2.7200000000E+00  7.0000000000E+00  3.0825042549E+00
  2.7200000000E+00  7.1000000000E+00  2.9958748528E+00
  2.7200000000E+00  7.2000000000E+00  2.9105263647E+00
  2.7200000000E+00  7.3000000000E+00  2.8265155211E+00
  2.7200000000E+00  7.4000000000E+00  2.7439001817E+00
  2.7200000000E+00  7.5000000000E+00  2.6627390822E+00
  2.7200000000E+00  7.6000000000E+00  2.5830915075E+00
  2.7200000000E+00  7.7000000000E+00  2.5050168974E+00
  2.7200000000E+00  7.8000000000E+00  2.4285743941E+00
  2.7200000000E+00  7.9000000000E+00  2.3538223365E+00
  2.7200000000E+00  8.0000000000E+00  2.2808177142E+00
  2.7200000000E+00  8.1000000000E+00  2.2096155871E+00
  2.7200000000E+00  8.2000000000E+00  2.1402684849E+00
  2.7200000000E+00  8.3000000000E+00  2.0728257936E+00
  2.7200000000E+00  8.4000000000E+00  2.0073331422E+00
  2.7200000000E+00  8.5000000000E+00  1.9438317999E+00
  2.7200000000E+00  8.6000000000E+00  1.8823580939E+00
  2.7200000000E+00  8.7000000000E+00  1.8229428587E+00
  2.7200000000E+00  8.8000000000E+00  1.7656109261E+00
  2.7200000000E+00  8.9000000000E+00  1.7103806663E+00
  2.7200000000E+00  9.0000000000E+00  1.6572635858E+00
  2.7200000000E+00  9.1000000000E+00  1.6062639922E+00
  2.7200000000E+00  9.2000000000E+00  1.5573787304E+00
  2.7200000000E+00  9.3000000000E+00  1.5105969947E+00
  2.7200000000E+00  9.4000000000E+00  1.4659002222E+00
  2.7200000000E+00  9.5000000000E+00  1.4232620693E+00
  2.7200000000E+00  9.6000000000E+00  1.3826484714E+00
  2.7200000000E+00  9.7000000000E+00  1.3440177871E+00
  2.7200000000E+00  9.8000000000E+00  1.3073210250E+00
  2.7200000000E+00  9.9000000000E+00  1.2725021503E+00
  2.7200000000E+00  1.0000000000E+01  1.2394984670E+00

  2.7600000000E+00  0.0000000000E+00  6.2256278409E+00
  2.7600000000E+00  1.0000000000E-01  6.3790178702E+00
  2.7600000000E+00  2.0000000000E-01  6.5257640897E+00
  2.7600000000E+00  3.0000000000E-01  6.6653922093E+00
  2.7600000000E+00  4.0000000000E-01  6.7974655052E+00
  2.7600000000E+00  5.0000000000E-01  6.9215876489E+00
  2.7600000000E+00  6.0000000000E-01  7.0374051128E+00
  2.7600000000E+00  7.0000000000E-01  7.1446091275E+00
  2.7600000000E+00  8.0000000000E-01  7.2429371766E+00
  2.7600000000E+00  9.0000000000E-01  7.3321740215E+00
  2.7600000000E+00  1.0000000000E+00  7.4121522526E+00
  2.7600000000E+00  1.1000000000E+00  7.4827523751E+00
  2.7600000000E+00  1.2000000000E+00  7.5439024396E+00
  2.7600000000E+00  1.3000000000E+00  7.5955772366E+00
  2.7600000000E+00  1.4000000000E+00  7.6377970792E+00
  2.7600000000E+00  1.5000000000E+00  7.6706262024E+00
  2.7600000000E+00  1.6000000000E+00  7.6941708124E+00
  2.7600000000E+00  1.7000000000E+00  7.7085768235E+00
  2.7600000000E+00  1.8000000000E+00  7.7140273218E+00
  2.7600000000E+00  1.9000000000E+00  7.7107397969E+00
  2.7600000000E+00  2.0000000000E+00  7.6989631859E+00
  2.7600000000E+00  2.1000000000E+00  7.6789747713E+00
  2.7600000000E+00  2.2000000000E+00  7.6510769767E+00
  2.7600000000E+00  2.3000000000E+00  7.6155941018E+00
  2.7600000000E+00  2.4000000000E+00  7.5728690369E+00
  2.7600000000E+00  2.5000000000E+00  7.5232599941E+00
  2.7600000000E+00  2.6000000000E+00  7.4671372914E+00
  2.7600000000E+00  2.7000000000E+00  7.4048802202E+00
  2.7600000000E+00  2.8000000000E+00  7.3368740269E+00
  2.7600000000E+00  2.9000000000E+00  7.2635070312E+00
  2.7600000000E+00  3.0000000000E+00  7.1851679043E+00
  2.7600000000E+00  3.1000000000E+00  7.1022431240E+00
  2.7600000000E+00  3.2000000000E+00  7.0151146210E+00
  2.7600000000E+00  3.3000000000E+00  6.9241576260E+00
  2.7600000000E+00  3.4000000000E+00  6.8297387272E+00
  2.7600000000E+00  3.5000000000E+00  6.7322141391E+00
  2.7600000000E+00  3.6000000000E+00  6.6319281874E+00
  2.7600000000E+00  3.7000000000E+00  6.5292120061E+00
  2.7600000000E+00  3.8000000000E+00  6.4243824455E+00
  2.7600000000E+00  3.9000000000E+00  6.3177411846E+00
  2.7600000000E+00  4.0000000000E+00  6.2095740415E+00
  2.7600000000E+00  4.1000000000E+00  6.1001504742E+00
  2.7600000000E+00  4.2000000000E+00  5.9897232619E+00
  2.7600000000E+00  4.3000000000E+00  5.8785283564E+00
  2.7600000000E+00  4.4000000000E+00  5.7667848947E+00
  2.7600000000E+00  4.5000000000E+00  5.6546953592E+00
  2.7600000000E+00  4.6000000000E+00  5.5424458767E+00
  2.7600000000E+00  4.7000000000E+00  5.4302066419E+00
  2.7600000000E+00  4.8000000000E+00  5.3181324562E+00
  2.7600000000E+00  4.9000000000E+00  5.2063633677E+00
  2.7600000000E+00  5.0000000000E+00  5.0950254019E+00
  2.7600000000E+00  5.1000000000E+00  4.9842313710E+00
  2.7600000000E+00  5.2000000000E+00  4.8740817494E+00
  2.7600000000E+00  5.3000000000E+00  4.7646656036E+00
  2.7600000000E+00  5.4000000000E+00  4.6560615654E+00
  2.7600000000E+00  5.5000000000E+00  4.5483388353E+00
  2.7600000000E+00  5.6000000000E+00  4.4415582052E+00
  2.7600000000E+00  5.7000000000E+00  4.3357730886E+00
  2.7600000000E+00  5.8000000000E+00  4.2310305460E+00
  2.7600000000E+00  5.9000000000E+00  4.1273722950E+00
  2.7600000000E+00  6.0000000000E+00  4.0248356934E+00
  2.7600000000E+00  6.1000000000E+00  3.9234546849E+00
  2.7600000000E+00  6.2000000000E+00  3.8232606966E+00
  2.7600000000E+00  6.3000000000E+00  3.7242834791E+00
  2.7600000000E+00  6.4000000000E+00  3.6265518801E+00
  2.7600000000E+00  6.5000000000E+00  3.5300945426E+00
  2.7600000000E+00  6.6000000000E+00  3.4349405217E+00
  2.7600000000E+00  6.7000000000E+00  3.3411198126E+00
  2.7600000000E+00  6.8000000000E+00  3.2486637854E+00
  2.7600000000E+00  6.9000000000E+00  3.1576055230E+00
  2.7600000000E+00  7.0000000000E+00  3.0679800594E+00
  2.7600000000E+00  7.1000000000E+00  2.9798245173E+00
  2.7600000000E+00  7.2000000000E+00  2.8931781458E+00
  2.7600000000E+00  7.3000000000E+00  2.8080822605E+00
  2.7600000000E+00  7.4000000000E+00  2.7245800877E+00
  2.7600000000E+00  7.5000000000E+00  2.6427165195E+00
  2.7600000000E+00  7.6000000000E+00  2.5625377847E+00
  2.7600000000E+00  7.7000000000E+00  2.4840910429E+00
  2.7600000000E+00  7.8000000000E+00  2.4074239111E+00
  2.7600000000E+00  7.9000000000E+00  2.3325839310E+00
  2.7600000000E+00  8.0000000000E+00  2.2596179886E+00
  2.7600000000E+00  8.1000000000E+00  2.1885716962E+00
  2.7600000000E+00  8.2000000000E+00  2.1194887496E+00
  2.7600000000E+00  8.3000000000E+00  2.0524102698E+00
  2.7600000000E+00  8.4000000000E+00  1.9873741448E+00
  2.7600000000E+00  8.5000000000E+00  1.9244143792E+00
  2.7600000000E+00  8.6000000000E+00  1.8635604673E+00
  2.7600000000E+00  8.7000000000E+00  1.8048367971E+00
  2.7600000000E+00  8.8000000000E+00  1.7482620979E+00
  2.7600000000E+00  8.9000000000E+00  1.6938489411E+00
  2.7600000000E+00  9.0000000000E+00  1.6416033014E+00
  2.7600000000E+00  9.1000000000E+00  1.5915241871E+00
  2.7600000000E+00  9.2000000000E+00  1.5436033463E+00
  2.7600000000E+00  9.3000000000E+00  1.4978250529E+00
  2.7600000000E+00  9.4000000000E+00  1.4541659774E+00
  2.7600000000E+00  9.5000000000E+00  1.4125951440E+00
  2.7600000000E+00  9.6000000000E+00  1.3730739758E+00
  2.7600000000E+00  9.7000000000E+00  1.3355564278E+00
  2.7600000000E+00  9.8000000000E+00  1.2999892049E+00
  2.7600000000E+00  9.9000000000E+00  1.2663120643E+00
  2.7600000000E+00  1.0000000000E+01  1.2344581954E+00

  2.8000000000E+00  0.0000000000E+00  4.9310502762E+00
  2.8000000000E+00  1.0000000000E-01  5.0720708084E+00
  2.8000000000E+00  2.0000000000E-01  5.2091884590E+00
  2.8000000000E+00  3.0000000000E-01  5.3419887977E+00
  2.8000000000E+00  4.0000000000E-01  5.4700768905E+00
  2.8000000000E+00  5.0000000000E-01  5.5930796851E+00
  2.8000000000E+00  6.0000000000E-01  5.7106481727E+00
  2.8000000000E+00  7.0000000000E-01  5.8224593072E+00
  2.8000000000E+00  8.0000000000E-01  5.9282176673E+00
  2.8000000000E+00  9.0000000000E-01  6.0276568500E+00
  2.8000000000E+00  1.0000000000E+00  6.1205405889E+00
  2.8000000000E+00  1.1000000000E+00  6.2066635946E+00
  2.8000000000E+00  1.2000000000E+00  6.2858521166E+00
  2.8000000000E+00  1.3000000000E+00  6.3579642320E+00
  2.8000000000E+00  1.4000000000E+00  6.4228898696E+00
  2.8000000000E+00  1.5000000000E+00  6.4805505767E+00
  2.8000000000E+00  1.6000000000E+00  6.5308990465E+00
  2.8000000000E+00  1.7000000000E+00  6.5739184177E+00
  2.8000000000E+00  1.8000000000E+00  6.6096213667E+00
  2.8000000000E+00  1.9000000000E+00  6.6380490096E+00
  2.8000000000E+00  2.0000000000E+00  6.6592696357E+00
  2.8000000000E+00  2.1000000000E+00  6.6733772916E+00
  2.8000000000E+00  2.2000000000E+00  6.6804902392E+00
  2.8000000000E+00  2.3000000000E+00  6.6807493060E+00
  2.8000000000E+00  2.4000000000E+00  6.6743161517E+00
  2.8000000000E+00  2.5000000000E+00  6.6613714677E+00
  2.8000000000E+00  2.6000000000E+00  6.6421131324E+00
  2.8000000000E+00  2.7000000000E+00  6.6167543373E+00
  2.8000000000E+00  2.8000000000E+00  6.5855217043E+00
  2.8000000000E+00  2.9000000000E+00  6.5486534066E+00
  2.8000000000E+00  3.0000000000E+00  6.5063973118E+00
  2.8000000000E+00  3.1000000000E+00  6.4590091570E+00
  2.8000000000E+00  3.2000000000E+00  6.4067507705E+00
  2.8000000000E+00  3.3000000000E+00  6.3498883502E+00
  2.8000000000E+00  3.4000000000E+00  6.2886908080E+00
  2.8000000000E+00  3.5000000000E+00  6.2234281896E+00
  2.8000000000E+00  3.6000000000E+00  6.1543701775E+00
  2.8000000000E+00  3.7000000000E+00  6.0817846828E+00
  2.8000000000E+00  3.8000000000E+00  6.0059365337E+00
  2.8000000000E+00  3.9000000000E+00  5.9270862640E+00
  2.8000000000E+00  4.0000000000E+00  5.8454890071E+00
  2.8000000000E+00  4.1000000000E+00  5.7613934987E+00
  2.8000000000E+00  4.2000000000E+00  5.6750411921E+00
  2.8000000000E+00  4.3000000000E+00  5.5866654872E+00
  2.8000000000E+00  4.4000000000E+00  5.4964910760E+00
  2.8000000000E+00  4.5000000000E+00  5.4047334044E+00
  2.8000000000E+00  4.6000000000E+00  5.3115982521E+00
  2.8000000000E+00  4.7000000000E+00  5.2172814279E+00
  2.8000000000E+00  4.8000000000E+00  5.1219685797E+00
  2.8000000000E+00  4.9000000000E+00  5.0258351176E+00
  2.8000000000E+00  5.0000000000E+00  4.9290462441E+00
  2.8000000000E+00  5.1000000000E+00  4.8317570896E+00
  2.8000000000E+00  5.2000000000E+00  4.7341129451E+00
  2.8000000000E+00  5.3000000000E+00  4.6362495870E+00
  2.8000000000E+00  5.4000000000E+00  4.5382936850E+00
  2.8000000000E+00  5.5000000000E+00  4.4403632857E+00
  2.8000000000E+00  5.6000000000E+00  4.3425683604E+00
  2.8000000000E+00  5.7000000000E+00  4.2450114079E+00
  2.8000000000E+00  5.8000000000E+00  4.1477881006E+00
  2.8000000000E+00  5.9000000000E+00  4.0509879618E+00
  2.8000000000E+00  6.0000000000E+00  3.9546950619E+00
  2.8000000000E+00  6.1000000000E+00  3.8589887219E+00
  2.8000000000E+00  6.2000000000E+00  3.7639442094E+00
  2.8000000000E+00  6.3000000000E+00  3.6696334183E+00
  2.8000000000E+00  6.4000000000E+00  3.5761255165E+00
  2.8000000000E+00  6.5000000000E+00  3.4834875532E+00
  2.8000000000E+00  6.6000000000E+00  3.3917850133E+00
  2.8000000000E+00  6.7000000000E+00  3.3010823106E+00
  2.8000000000E+00  6.8000000000E+00  3.2114432113E+00
  2.8000000000E+00  6.9000000000E+00  3.1229311798E+00
  2.8000000000E+00  7.0000000000E+00  3.0356096433E+00
  2.8000000000E+00  7.1000000000E+00  2.9495421692E+00
  2.8000000000E+00  7.2000000000E+00  2.8647925541E+00
  2.8000000000E+00  7.3000000000E+00  2.7814248245E+00
  2.8000000000E+00  7.4000000000E+00  2.6995031482E+00
  2.8000000000E+00  7.5000000000E+00  2.6190916620E+00
  2.8000000000E+00  7.6000000000E+00  2.5402542174E+00
  2.8000000000E+00  7.7000000000E+00  2.4630540521E+00
  2.8000000000E+00  7.8000000000E+00  2.3875533933E+00
  2.8000000000E+00  7.9000000000E+00  2.3138130031E+00
  2.8000000000E+00  8.0000000000E+00  2.2418916728E+00
  2.8000000000E+00  8.1000000000E+00  2.1718456790E+00
  2.8000000000E+00  8.2000000000E+00  2.1037282121E+00
  2.8000000000E+00  8.3000000000E+00  2.0375887870E+00
  2.8000000000E+00  8.4000000000E+00  1.9734726510E+00
  2.8000000000E+00  8.5000000000E+00  1.9114201973E+00
  2.8000000000E+00  8.6000000000E+00  1.8514663980E+00
  2.8000000000E+00  8.7000000000E+00  1.7936402674E+00
  2.8000000000E+00  8.8000000000E+00  1.7379643653E+00
  2.8000000000E+00  8.9000000000E+00  1.6844543508E+00
  2.8000000000E+00  9.0000000000E+00  1.6331185960E+00
  2.8000000000E+00  9.1000000000E+00  1.5839578659E+00
  2.8000000000E+00  9.2000000000E+00  1.5369650730E+00
  2.8000000000E+00  9.3000000000E+00  1.4921251100E+00
  2.8000000000E+00  9.4000000000E+00  1.4494147661E+00
  2.8000000000E+00  9.5000000000E+00  1.4088027288E+00
  2.8000000000E+00  9.6000000000E+00  1.3702496721E+00
  2.8000000000E+00  9.7000000000E+00  1.3337084315E+00
  2.8000000000E+00  9.8000000000E+00  1.2991242642E+00
  2.8000000000E+00  9.9000000000E+00  1.2664351901E+00
  2.8000000000E+00  1.0000000000E+01  1.2355724121E+00

  2.8400000000E+00  0.0000000000E+00  3.3013282430E+00
  2.8400000000E+00  1.0000000000E-01  3.4204457912E+00
  2.8400000000E+00  2.0000000000E-01  3.5387656920E+00
  2.8400000000E+00  3.0000000000E-01  3.6559775294E+00
  2.8400000000E+00  4.0000000000E-01  3.7717714585E+00
  2.8400000000E+00  5.0000000000E-01  3.8858398168E+00
  2.8400000000E+00  6.0000000000E-01  3.9978787118E+00
  2.8400000000E+00  7.0000000000E-01  4.1075895747E+00
  2.8400000000E+00  8.0000000000E-01  4.2146806674E+00
  2.8400000000E+00  9.0000000000E-01  4.3188685339E+00
  2.8400000000E+00  1.0000000000E+00  4.4198793865E+00
  2.8400000000E+00  1.1000000000E+00  4.5174504182E+00
  2.8400000000E+00  1.2000000000E+00  4.6113310345E+00
  2.8400000000E+00  1.3000000000E+00  4.7012839978E+00
  2.8400000000E+00  1.4000000000E+00  4.7870864785E+00
  2.8400000000E+00  1.5000000000E+00  4.8685310084E+00
  2.8400000000E+00  1.6000000000E+00  4.9454263323E+00
  2.8400000000E+00  1.7000000000E+00  5.0175981536E+00
  2.8400000000E+00  1.8000000000E+00  5.0848897729E+00
  2.8400000000E+00  1.9000000000E+00  5.1471626155E+00
  2.8400000000E+00  2.0000000000E+00  5.2042966479E+00
  2.8400000000E+00  2.1000000000E+00  5.2561906818E+00
  2.8400000000E+00  2.2000000000E+00  5.3027625647E+00
  2.8400000000E+00  2.3000000000E+00  5.3439492575E+00
  2.8400000000E+00  2.4000000000E+00  5.3797068004E+00
  2.8400000000E+00  2.5000000000E+00  5.4100101671E+00
  2.8400000000E+00  2.6000000000E+00  5.4348530099E+00
  2.8400000000E+00  2.7000000000E+00  5.4542472973E+00
  2.8400000000E+00  2.8000000000E+00  5.4682228485E+00
  2.8400000000E+00  2.9000000000E+00  5.4768267667E+00
  2.8400000000E+00  3.0000000000E+00  5.4801227776E+00
  2.8400000000E+00  3.1000000000E+00  5.4781904772E+00
  2.8400000000E+00  3.2000000000E+00  5.4711244953E+00
  2.8400000000E+00  3.3000000000E+00  5.4590335827E+00
  2.8400000000E+00  3.4000000000E+00  5.4420396289E+00
  2.8400000000E+00  3.5000000000E+00  5.4202766193E+00
  2.8400000000E+00  3.6000000000E+00  5.3938895430E+00
  2.8400000000E+00  3.7000000000E+00  5.3630332586E+00
  2.8400000000E+00  3.8000000000E+00  5.3278713327E+00
  2.8400000000E+00  3.9000000000E+00  5.2885748590E+00
  2.8400000000E+00  4.0000000000E+00  5.2453212734E+00
  2.8400000000E+00  4.1000000000E+00  5.1982931742E+00
  2.8400000000E+00  4.2000000000E+00  5.1476771618E+00
  2.8400000000E+00  4.3000000000E+00  5.0936627091E+00
  2.8400000000E+00  4.4000000000E+00  5.0364410748E+00
  2.8400000000E+00  4.5000000000E+00  4.9762042696E+00
  2.8400000000E+00  4.6000000000E+00  4.9131440871E+00
  2.8400000000E+00  4.7000000000E+00  4.8474512084E+00
  2.8400000000E+00  4.8000000000E+00  4.7793143879E+00
  2.8400000000E+00  4.9000000000E+00  4.7089197275E+00
  2.8400000000E+00  5.0000000000E+00  4.6364500452E+00
  2.8400000000E+00  5.1000000000E+00  4.5620843404E+00
  2.8400000000E+00  5.2000000000E+00  4.4859973597E+00
  2.8400000000E+00  5.3000000000E+00  4.4083592611E+00
  2.8400000000E+00  5.4000000000E+00  4.3293353769E+00
  2.8400000000E+00  5.5000000000E+00  4.2490860708E+00
  2.8400000000E+00  5.6000000000E+00  4.1677666850E+00
  2.8400000000E+00  5.7000000000E+00  4.0855275694E+00
  2.8400000000E+00  5.8000000000E+00  4.0025141860E+00
  2.8400000000E+00  5.9000000000E+00  3.9188672779E+00
  2.8400000000E+00  6.0000000000E+00  3.8347230934E+00
  2.8400000000E+00  6.1000000000E+00  3.7502136536E+00
  2.8400000000E+00  6.2000000000E+00  3.6654670508E+00
  2.8400000000E+00  6.3000000000E+00  3.5806077666E+00
  2.8400000000E+00  6.4000000000E+00  3.4957569967E+00
  2.8400000000E+00  6.5000000000E+00  3.4110329703E+00
  2.8400000000E+00  6.6000000000E+00  3.3265512528E+00
  2.8400000000E+00  6.7000000000E+00  3.2424250204E+00
  2.8400000000E+00  6.8000000000E+00  3.1587652972E+00
  2.8400000000E+00  6.9000000000E+00  3.0756811463E+00
  2.8400000000E+00  7.0000000000E+00  2.9932798055E+00
  2.8400000000E+00  7.1000000000E+00  2.9116667648E+00
  2.8400000000E+00  7.2000000000E+00  2.8309457788E+00
  2.8400000000E+00  7.3000000000E+00  2.7512188120E+00
  2.8400000000E+00  7.4000000000E+00  2.6725859173E+00
  2.8400000000E+00  7.5000000000E+00  2.5951450460E+00
  2.8400000000E+00  7.6000000000E+00  2.5189917950E+00
  2.8400000000E+00  7.7000000000E+00  2.4442190913E+00
  2.8400000000E+00  7.8000000000E+00  2.3709168235E+00
  2.8400000000E+00  7.9000000000E+00  2.2991714231E+00
  2.8400000000E+00  8.0000000000E+00  2.2290654073E+00
  2.8400000000E+00  8.1000000000E+00  2.1606768892E+00
  2.8400000000E+00  8.2000000000E+00  2.0940790672E+00
  2.8400000000E+00  8.3000000000E+00  2.0293397037E+00
  2.8400000000E+00  8.4000000000E+00  1.9665206027E+00
  2.8400000000E+00  8.5000000000E+00  1.9056770981E+00
  2.8400000000E+00  8.6000000000E+00  1.8468575641E+00
  2.8400000000E+00  8.7000000000E+00  1.7901029561E+00
  2.8400000000E+00  8.8000000000E+00  1.7354463943E+00
  2.8400000000E+00  8.9000000000E+00  1.6829127975E+00
  2.8400000000E+00  9.0000000000E+00  1.6325185766E+00
  2.8400000000E+00  9.1000000000E+00  1.5842713945E+00
  2.8400000000E+00  9.2000000000E+00  1.5381699994E+00
  2.8400000000E+00  9.3000000000E+00  1.4942041351E+00
  2.8400000000E+00  9.4000000000E+00  1.4523545334E+00
  2.8400000000E+00  9.5000000000E+00  1.4125929907E+00
  2.8400000000E+00  9.6000000000E+00  1.3748825285E+00
  2.8400000000E+00  9.7000000000E+00  1.3391776392E+00
  2.8400000000E+00  9.8000000000E+00  1.3054246138E+00
  2.8400000000E+00  9.9000000000E+00  1.2735619498E+00
  2.8400000000E+00  1.0000000000E+01  1.2435208339E+00

  2.8800000000E+00  0.0000000000E+00  2.2276415231E+00
  2.8800000000E+00  1.0000000000E-01  2.3237488129E+00
  2.8800000000E+00  2.0000000000E-01  2.4206611500E+00
  2.8800000000E+00  3.0000000000E-01  2.5181732050E+00
  2.8800000000E+00  4.0000000000E-01  2.6160722311E+00
  2.8800000000E+00  5.0000000000E-01  2.7141388953E+00
  2.8800000000E+00  6.0000000000E-01  2.8121481606E+00
  2.8800000000E+00  7.0000000000E-01  2.9098702171E+00
  2.8800000000E+00  8.0000000000E-01  3.0070714559E+00
  2.8800000000E+00  9.0000000000E-01  3.1035154821E+00
  2.8800000000E+00  1.0000000000E+00  3.1989641620E+00
  2.8800000000E+00  1.1000000000E+00  3.2931786977E+00
  2.8800000000E+00  1.2000000000E+00  3.3859207253E+00
  2.8800000000E+00  1.3000000000E+00  3.4769534288E+00
  2.8800000000E+00  1.4000000000E+00  3.5660426633E+00
  2.8800000000E+00  1.5000000000E+00  3.6529580819E+00
  2.8800000000E+00  1.6000000000E+00  3.7374742565E+00
  2.8800000000E+00  1.7000000000E+00  3.8193717868E+00
  2.8800000000E+00  1.8000000000E+00  3.8984383883E+00
  2.8800000000E+00  1.9000000000E+00  3.9744699509E+00
  2.8800000000E+00  2.0000000000E+00  4.0472715597E+00
  2.8800000000E+00  2.1000000000E+00  4.1166584697E+00
  2.8800000000E+00  2.2000000000E+00  4.1824570246E+00
  2.8800000000E+00  2.3000000000E+00  4.2445055128E+00
  2.8800000000E+00  2.4000000000E+00  4.3026549503E+00
  2.8800000000E+00  2.5000000000E+00  4.3567697842E+00
  2.8800000000E+00  2.6000000000E+00  4.4067285094E+00
  2.8800000000E+00  2.7000000000E+00  4.4524241902E+00
  2.8800000000E+00  2.8000000000E+00  4.4937648836E+00
  2.8800000000E+00  2.9000000000E+00  4.5306739573E+00
  2.8800000000E+00  3.0000000000E+00  4.5630903006E+00
  2.8800000000E+00  3.1000000000E+00  4.5909684250E+00
  2.8800000000E+00  3.2000000000E+00  4.6142784530E+00
  2.8800000000E+00  3.3000000000E+00  4.6330059978E+00
  2.8800000000E+00  3.4000000000E+00  4.6471519329E+00
  2.8800000000E+00  3.5000000000E+00  4.6567320585E+00
  2.8800000000E+00  3.6000000000E+00  4.6617766664E+00
  2.8800000000E+00  3.7000000000E+00  4.6623300128E+00
  2.8800000000E+00  3.8000000000E+00  4.6584497047E+00
  2.8800000000E+00  3.9000000000E+00  4.6502060101E+00
  2.8800000000E+00  4.0000000000E+00  4.6376811021E+00
  2.8800000000E+00  4.1000000000E+00  4.6209682473E+00
  2.8800000000E+00  4.2000000000E+00  4.6001709513E+00
  2.8800000000E+00  4.3000000000E+00  4.5754020722E+00
  2.8800000000E+00  4.4000000000E+00  4.5467829162E+00
  2.8800000000E+00  4.5000000000E+00  4.5144423263E+00
  2.8800000000E+00  4.6000000000E+00  4.4785157769E+00
  2.8800000000E+00  4.7000000000E+00  4.4391444867E+00
  2.8800000000E+00  4.8000000000E+00  4.3964745590E+00
  2.8800000000E+00  4.9000000000E+00  4.3506561611E+00
  2.8800000000E+00  5.0000000000E+00  4.3018427511E+00
  2.8800000000E+00  5.1000000000E+00  4.2501903581E+00
  2.8800000000E+00  5.2000000000E+00  4.1958569242E+00
  2.8800000000E+00  5.3000000000E+00  4.1390017102E+00
  2.8800000000E+00  5.4000000000E+00  4.0797847691E+00
  2.8800000000E+00  5.5000000000E+00  4.0183664875E+00
  2.8800000000E+00  5.6000000000E+00  3.9549071948E+00
  2.8800000000E+00  5.7000000000E+00  3.8895668376E+00
  2.8800000000E+00  5.8000000000E+00  3.8225047144E+00
  2.8800000000E+00  5.9000000000E+00  3.7538792675E+00
  2.8800000000E+00  6.0000000000E+00  3.6838479234E+00
  2.8800000000E+00  6.1000000000E+00  3.6125669750E+00
  2.8800000000E+00  6.2000000000E+00  3.5401914980E+00
  2.8800000000E+00  6.3000000000E+00  3.4668752916E+00
  2.8800000000E+00  6.4000000000E+00  3.3927708340E+00
  2.8800000000E+00  6.5000000000E+00  3.3180292445E+00
  2.8800000000E+00  6.6000000000E+00  3.2428002424E+00
  2.8800000000E+00  6.7000000000E+00  3.1672320938E+00
  2.8800000000E+00  6.8000000000E+00  3.0914715384E+00
  2.8800000000E+00  6.9000000000E+00  3.0156636892E+00
  2.8800000000E+00  7.0000000000E+00  2.9399518984E+00
  2.8800000000E+00  7.1000000000E+00  2.8644775849E+00
  2.8800000000E+00  7.2000000000E+00  2.7893800197E+00
  2.8800000000E+00  7.3000000000E+00  2.7147960661E+00
  2.8800000000E+00  7.4000000000E+00  2.6408598749E+00
  2.8800000000E+00  7.5000000000E+00  2.5677025339E+00
  2.8800000000E+00  7.6000000000E+00  2.4954516754E+00
  2.8800000000E+00  7.7000000000E+00  2.4242310428E+00
  2.8800000000E+00  7.8000000000E+00  2.3541600239E+00
  2.8800000000E+00  7.9000000000E+00  2.2853531534E+00
  2.8800000000E+00  8.0000000000E+00  2.2179195952E+00
  2.8800000000E+00  8.1000000000E+00  2.1519626093E+00
  2.8800000000E+00  8.2000000000E+00  2.0875790140E+00
  2.8800000000E+00  8.3000000000E+00  2.0248586509E+00
  2.8800000000E+00  8.4000000000E+00  1.9638838638E+00
  2.8800000000E+00  8.5000000000E+00  1.9047289997E+00
  2.8800000000E+00  8.6000000000E+00  1.8474599417E+00
  2.8800000000E+00  8.7000000000E+00  1.7921336835E+00
  2.8800000000E+00  8.8000000000E+00  1.7387979540E+00
  2.8800000000E+00  8.9000000000E+00  1.6874908991E+00
  2.8800000000E+00  9.0000000000E+00  1.6382408302E+00
  2.8800000000E+00  9.1000000000E+00  1.5910660426E+00
  2.8800000000E+00  9.2000000000E+00  1.5459747121E+00
  2.8800000000E+00  9.3000000000E+00  1.5029648720E+00
  2.8800000000E+00  9.4000000000E+00  1.4620244737E+00
  2.8800000000E+00  9.5000000000E+00  1.4231315328E+00
  2.8800000000E+00  9.6000000000E+00  1.3862543608E+00
  2.8800000000E+00  9.7000000000E+00  1.3513518810E+00
  2.8800000000E+00  9.8000000000E+00  1.3183740266E+00
  2.8800000000E+00  9.9000000000E+00  1.2872622179E+00
  2.8800000000E+00  1.0000000000E+01  1.2579499125E+00

  2.9200000000E+00  0.0000000000E+00  1.5054980521E+00
  2.9200000000E+00  1.0000000000E-01  1.5804357320E+00
  2.9200000000E+00  2.0000000000E-01  1.6568999964E+00
  2.9200000000E+00  3.0000000000E-01  1.7347734480E+00
  2.9200000000E+00  4.0000000000E-01  1.8139291314E+00
  2.9200000000E+00  5.0000000000E-01  1.8942307643E+00
  2.9200000000E+00  6.0000000000E-01  1.9755330344E+00
  2.9200000000E+00  7.0000000000E-01  2.0576819626E+00
  2.9200000000E+00  8.0000000000E-01  2.1405153345E+00
  2.9200000000E+00  9.0000000000E-01  2.2238632001E+00
  2.9200000000E+00  1.0000000000E+00  2.3075484406E+00
  2.9200000000E+00  1.1000000000E+00  2.3913874023E+00
  2.9200000000E+00  1.2000000000E+00  2.4751905956E+00
  2.9200000000E+00  1.3000000000E+00  2.5587634553E+00
  2.9200000000E+00  1.4000000000E+00  2.6419071604E+00
  2.9200000000E+00  1.5000000000E+00  2.7244195074E+00
  2.9200000000E+00  1.6000000000E+00  2.8060958329E+00
  2.9200000000E+00  1.7000000000E+00  2.8867299782E+00
  2.9200000000E+00  1.8000000000E+00  2.9661152902E+00
  2.9200000000E+00  1.9000000000E+00  3.0440456489E+00
  2.9200000000E+00  2.0000000000E+00  3.1203165154E+00
  2.9200000000E+00  2.1000000000E+00  3.1947259883E+00
  2.9200000000E+00  2.2000000000E+00  3.2670758620E+00
  2.9200000000E+00  2.3000000000E+00  3.3371726736E+00
  2.9200000000E+00  2.4000000000E+00  3.4048287315E+00
  2.9200000000E+00  2.5000000000E+00  3.4698631126E+00
  2.9200000000E+00  2.6000000000E+00  3.5321026196E+00
  2.9200000000E+00  2.7000000000E+00  3.5913826887E+00
  2.9200000000E+00  2.8000000000E+00  3.6475482370E+00
  2.9200000000E+00  2.9000000000E+00  3.7004544432E+00
  2.9200000000E+00  3.0000000000E+00  3.7499674512E+00
  2.9200000000E+00  3.1000000000E+00  3.7959649924E+00
  2.9200000000E+00  3.2000000000E+00  3.8383369198E+00
  2.9200000000E+00  3.3000000000E+00  3.8769856489E+00
  2.9200000000E+00  3.4000000000E+00  3.9118265045E+00
  2.9200000000E+00  3.5000000000E+00  3.9427879699E+00
  2.9200000000E+00  3.6000000000E+00  3.9698118392E+00
  2.9200000000E+00  3.7000000000E+00  3.9928532741E+00
  2.9200000000E+00  3.8000000000E+00  4.0118807680E+00
  2.9200000000E+00  3.9000000000E+00  4.0268760208E+00
  2.9200000000E+00  4.0000000000E+00  4.0378337310E+00
  2.9200000000E+00  4.1000000000E+00  4.0447613105E+00
  2.9200000000E+00  4.2000000000E+00  4.0476785300E+00
  2.9200000000E+00  4.3000000000E+00  4.0466171031E+00
  2.9200000000E+00  4.4000000000E+00  4.0416202187E+00
  2.9200000000E+00  4.5000000000E+00  4.0327420293E+00
  2.9200000000E+00  4.6000000000E+00  4.0200471062E+00
  2.9200000000E+00  4.7000000000E+00  4.0036098708E+00
  2.9200000000E+00  4.8000000000E+00  3.9835140093E+00
  2.9200000000E+00  4.9000000000E+00  3.9598518826E+00
  2.9200000000E+00  5.0000000000E+00  3.9327239356E+00
  2.9200000000E+00  5.1000000000E+00  3.9022381167E+00
  2.9200000000E+00  5.2000000000E+00  3.8685093109E+00
  2.9200000000E+00  5.3000000000E+00  3.8316587927E+00
  2.9200000000E+00  5.4000000000E+00  3.7918137033E+00
  2.9200000000E+00  5.5000000000E+00  3.7491065530E+00
  2.9200000000E+00  5.6000000000E+00  3.7036747522E+00
  2.9200000000E+00  5.7000000000E+00  3.6556601694E+00
  2.9200000000E+00  5.8000000000E+00  3.6052087163E+00
  2.9200000000E+00  5.9000000000E+00  3.5524699576E+00
  2.9200000000E+00  6.0000000000E+00  3.4975967423E+00
  2.9200000000E+00  6.1000000000E+00  3.4407448522E+00
  2.9200000000E+00  6.2000000000E+00  3.3820726636E+00
  2.9200000000E+00  6.3000000000E+00  3.3217408164E+00
  2.9200000000E+00  6.4000000000E+00  3.2599118859E+00
  2.9200000000E+00  6.5000000000E+00  3.1967500502E+00
  2.9200000000E+00  6.6000000000E+00  3.1324207497E+00
  2.9200000000E+00  6.7000000000E+00  3.0670903311E+00
  2.9200000000E+00  6.8000000000E+00  3.0009256735E+00
  2.9200000000E+00  6.9000000000E+00  2.9340937899E+00
  2.9200000000E+00  7.0000000000E+00  2.8667614031E+00
  2.9200000000E+00  7.1000000000E+00  2.7990944908E+00
  2.9200000000E+00  7.2000000000E+00  2.7312578014E+00
  2.9200000000E+00  7.3000000000E+00  2.6634143370E+00
  2.9200000000E+00  7.4000000000E+00  2.5957248071E+00
  2.9200000000E+00  7.5000000000E+00  2.5283470525E+00
  2.9200000000E+00  7.6000000000E+00  2.4614354440E+00
  2.9200000000E+00  7.7000000000E+00  2.3951402593E+00
  2.9200000000E+00  7.8000000000E+00  2.3296070435E+00
  2.9200000000E+00  7.9000000000E+00  2.2649759589E+00
  2.9200000000E+00  8.0000000000E+00  2.2013811312E+00
  2.9200000000E+00  8.1000000000E+00  2.1389500004E+00
  2.9200000000E+00  8.2000000000E+00  2.0778026830E+00
  2.9200000000E+00  8.3000000000E+00  2.0180513550E+00
  2.9200000000E+00  8.4000000000E+00  1.9597996644E+00
  2.9200000000E+00  8.5000000000E+00  1.9031421815E+00
  2.9200000000E+00  8.6000000000E+00  1.8481638951E+00
  2.9200000000E+00  8.7000000000E+00  1.7949397639E+00
  2.9200000000E+00  8.8000000000E+00  1.7435343293E+00
  2.9200000000E+00  8.9000000000E+00  1.6940013977E+00
  2.9200000000E+00  9.0000000000E+00  1.6463837981E+00
  2.9200000000E+00  9.1000000000E+00  1.6007132195E+00
  2.9200000000E+00  9.2000000000E+00  1.5570101331E+00
  2.9200000000E+00  9.3000000000E+00  1.5152838026E+00
  2.9200000000E+00  9.4000000000E+00  1.4755323828E+00
  2.9200000000E+00  9.5000000000E+00  1.4377431091E+00
  2.9200000000E+00  9.6000000000E+00  1.4018925761E+00
  2.9200000000E+00  9.7000000000E+00  1.3679471034E+00
  2.9200000000E+00  9.8000000000E+00  1.3358631860E+00
  2.9200000000E+00  9.9000000000E+00  1.3055880246E+00
  2.9200000000E+00  1.0000000000E+01  1.2770601309E+00

  2.9600000000E+00  0.0000000000E+00  9.9719050402E-01
  2.9600000000E+00  1.0000000000E-01  1.0543918285E+00
  2.9600000000E+00  2.0000000000E-01  1.1134013815E+00
  2.9600000000E+00  3.0000000000E-01  1.1741661626E+00
  2.9600000000E+00  4.0000000000E-01  1.2366237936E+00
  2.9600000000E+00  5.0000000000E-01  1.3007023706E+00
  2.9600000000E+00  6.0000000000E-01  1.3663203747E+00
  2.9600000000E+00  7.0000000000E-01  1.4333866466E+00
  2.9600000000E+00  8.0000000000E-01  1.5018004278E+00
  2.9600000000E+00  9.0000000000E-01  1.5714514732E+00
  2.9600000000E+00  1.0000000000E+00  1.6422202360E+00
  2.9600000000E+00  1.1000000000E+00  1.7139781282E+00
  2.9600000000E+00  1.2000000000E+00  1.7865878571E+00
  2.9600000000E+00  1.3000000000E+00  1.8599038380E+00
  2.9600000000E+00  1.4000000000E+00  1.9337726831E+00
  2.9600000000E+00  1.5000000000E+00  2.0080337631E+00
  2.9600000000E+00  1.6000000000E+00  2.0825198416E+00
  2.9600000000E+00  1.7000000000E+00  2.1570577749E+00
  2.9600000000E+00  1.8000000000E+00  2.2314692766E+00
  2.9600000000E+00  1.9000000000E+00  2.3055717371E+00
  2.9600000000E+00  2.0000000000E+00  2.3791790950E+00
  2.9600000000E+00  2.1000000000E+00  2.4521027508E+00
  2.9600000000E+00  2.2000000000E+00  2.5241525156E+00
  2.9600000000E+00  2.3000000000E+00  2.5951375859E+00
  2.9600000000E+00  2.4000000000E+00  2.6648675355E+00
  2.9600000000E+00  2.5000000000E+00  2.7331533150E+00
  2.9600000000E+00  2.6000000000E+00  2.7998082488E+00
  2.9600000000E+00  2.7000000000E+00  2.8646490202E+00
  2.9600000000E+00  2.8000000000E+00  2.9274966361E+00
  2.9600000000E+00  2.9000000000E+00  2.9881773596E+00
  2.9600000000E+00  3.0000000000E+00  3.0465236051E+00
  2.9600000000E+00  3.1000000000E+00  3.1023747846E+00
  2.9600000000E+00  3.2000000000E+00  3.1555781012E+00
  2.9600000000E+00  3.3000000000E+00  3.2059892800E+00
  2.9600000000E+00  3.4000000000E+00  3.2534732342E+00
  2.9600000000E+00  3.5000000000E+00  3.2979046600E+00
  2.9600000000E+00  3.6000000000E+00  3.3391685585E+00
  2.9600000000E+00  3.7000000000E+00  3.3771606813E+00
  2.9600000000E+00  3.8000000000E+00  3.4117879004E+00
  2.9600000000E+00  3.9000000000E+00  3.4429685018E+00
  2.9600000000E+00  4.0000000000E+00  3.4706324046E+00
  2.9600000000E+00  4.1000000000E+00  3.4947213082E+00
  2.9600000000E+00  4.2000000000E+00  3.5151887699E+00
  2.9600000000E+00  4.3000000000E+00  3.5320002188E+00
  2.9600000000E+00  4.4000000000E+00  3.5451329091E+00
  2.9600000000E+00  4.5000000000E+00  3.5545758192E+00
  2.9600000000E+00  4.6000000000E+00  3.5603295009E+00
  2.9600000000E+00  4.7000000000E+00  3.5624058866E+00
  2.9600000000E+00  4.8000000000E+00  3.5608280574E+00
  2.9600000000E+00  4.9000000000E+00  3.5556299804E+00
  2.9600000000E+00  5.0000000000E+00  3.5468562189E+00
  2.9600000000E+00  5.1000000000E+00  3.5345616205E+00
  2.9600000000E+00  5.2000000000E+00  3.5188109882E+00
  2.9600000000E+00  5.3000000000E+00  3.4996787370E+00
  2.9600000000E+00  5.4000000000E+00  3.4772485403E+00
  2.9600000000E+00  5.5000000000E+00  3.4516129667E+00
  2.9600000000E+00  5.6000000000E+00  3.4228731093E+00
  2.9600000000E+00  5.7000000000E+00  3.3911382091E+00
  2.9600000000E+00  5.8000000000E+00  3.3565252696E+00
  2.9600000000E+00  5.9000000000E+00  3.3191586641E+00
  2.9600000000E+00  6.0000000000E+00  3.2791697337E+00
  2.9600000000E+00  6.1000000000E+00  3.2366963725E+00
  2.9600000000E+00  6.2000000000E+00  3.1918825990E+00
  2.9600000000E+00  6.3000000000E+00  3.1448781108E+00
  2.9600000000E+00  6.4000000000E+00  3.0958378184E+00
  2.9600000000E+00  6.5000000000E+00  3.0449213568E+00
  2.9600000000E+00  6.6000000000E+00  2.9922925713E+00
  2.9600000000E+00  6.7000000000E+00  2.9381189751E+00
  2.9600000000E+00  6.8000000000E+00  2.8825711767E+00
  2.9600000000E+00  6.9000000000E+00  2.8258222764E+00
  2.9600000000E+00  7.0000000000E+00  2.7680472301E+00
  2.9600000000E+00  7.1000000000E+00  2.7094221808E+00
  2.9600000000E+00  7.2000000000E+00  2.6501237598E+00
  2.9600000000E+00  7.3000000000E+00  2.5903283570E+00
  2.9600000000E+00  7.4000000000E+00  2.5302113660E+00
  2.9600000000E+00  7.5000000000E+00  2.4699464056E+00
  2.9600000000E+00  7.6000000000E+00  2.4097045226E+00
  2.9600000000E+00  7.7000000000E+00  2.3496533824E+00
  2.9600000000E+00  7.8000000000E+00  2.2899564525E+00
  2.9600000000E+00  7.9000000000E+00  2.2307721868E+00
  2.9600000000E+00  8.0000000000E+00  2.1722532174E+00
  2.9600000000E+00  8.1000000000E+00  2.1145455628E+00
  2.9600000000E+00  8.2000000000E+00  2.0577878607E+00
  2.9600000000E+00  8.3000000000E+00  2.0021106329E+00
  2.9600000000E+00  8.4000000000E+00  1.9476355932E+00
  2.9600000000E+00  8.5000000000E+00  1.8944750040E+00
  2.9600000000E+00  8.6000000000E+00  1.8427310920E+00
  2.9600000000E+00  8.7000000000E+00  1.7924955295E+00
  2.9600000000E+00  8.8000000000E+00  1.7438489891E+00
  2.9600000000E+00  8.9000000000E+00  1.6968607775E+00
  2.9600000000E+00  9.0000000000E+00  1.6515885542E+00
  2.9600000000E+00  9.1000000000E+00  1.6080781403E+00
  2.9600000000E+00  9.2000000000E+00  1.5663634197E+00
  2.9600000000E+00  9.3000000000E+00  1.5264663359E+00
  2.9600000000E+00  9.4000000000E+00  1.4883969854E+00
  2.9600000000E+00  9.5000000000E+00  1.4521538071E+00
  2.9600000000E+00  9.6000000000E+00  1.4177238673E+00
  2.9600000000E+00  9.7000000000E+00  1.3850832368E+00
  2.9600000000E+00  9.8000000000E+00  1.3541974575E+00
  2.9600000000E+00  9.9000000000E+00  1.3250220921E+00
  2.9600000000E+00  1.0000000000E+01  1.2975033525E+00

  3.0000000000E+00  0.0000000000E+00  6.6365303069E-01
  3.0000000000E+00  1.0000000000E-01  7.0729584790E-01
  3.0000000000E+00  2.0000000000E-01  7.5275507953E-01
  3.0000000000E+00  3.0000000000E-01  8.0001840895E-01
  3.0000000000E+00  4.0000000000E-01  8.4906536401E-01
  3.0000000000E+00  5.0000000000E-01  8.9986698315E-01
  3.0000000000E+00  6.0000000000E-01  9.5238552790E-01
  3.0000000000E+00  7.0000000000E-01  1.0065742469E+00
  3.0000000000E+00  8.0000000000E-01  1.0623771966E+00
  3.0000000000E+00  9.0000000000E-01  1.1197291224E+00
  3.0000000000E+00  1.0000000000E+00  1.1785554048E+00
  3.0000000000E+00  1.1000000000E+00  1.2387720736E+00
  3.0000000000E+00  1.2000000000E+00  1.3002858925E+00
  3.0000000000E+00  1.3000000000E+00  1.3629945159E+00
  3.0000000000E+00  1.4000000000E+00  1.4267867190E+00
  3.0000000000E+00  1.5000000000E+00  1.4915427014E+00
  3.0000000000E+00  1.6000000000E+00  1.5571344630E+00
  3.0000000000E+00  1.7000000000E+00  1.6234262505E+00
  3.0000000000E+00  1.8000000000E+00  1.6902750726E+00
  3.0000000000E+00  1.9000000000E+00  1.7575312785E+00
  3.0000000000E+00  2.0000000000E+00  1.8250391983E+00
  3.0000000000E+00  2.1000000000E+00  1.8926378368E+00
  3.0000000000E+00  2.2000000000E+00  1.9601616174E+00
  3.0000000000E+00  2.3000000000E+00  2.0274411678E+00
  3.0000000000E+00  2.4000000000E+00  2.0943041422E+00
  3.0000000000E+00  2.5000000000E+00  2.1605760705E+00
  3.0000000000E+00  2.6000000000E+00  2.2260812284E+00
  3.0000000000E+00  2.7000000000E+00  2.2906435200E+00
  3.0000000000E+00  2.8000000000E+00  2.3540873639E+00
  3.0000000000E+00  2.9000000000E+00  2.4162385772E+00
  3.0000000000E+00  3.0000000000E+00  2.4769252475E+00
  3.0000000000E+00  3.1000000000E+00  2.5359785868E+00
  3.0000000000E+00  3.2000000000E+00  2.5932337606E+00
  3.0000000000E+00  3.3000000000E+00  2.6485306853E+00
  3.0000000000E+00  3.4000000000E+00  2.7017147891E+00
  3.0000000000E+00  3.5000000000E+00  2.7526377310E+00
  3.0000000000E+00  3.6000000000E+00  2.8011580743E+00
  3.0000000000E+00  3.7000000000E+00  2.8471419108E+00
  3.0000000000E+00  3.8000000000E+00  2.8904634338E+00
  3.0000000000E+00  3.9000000000E+00  2.9310054585E+00
  3.0000000000E+00  4.0000000000E+00  2.9686598879E+00
  3.0000000000E+00  4.1000000000E+00  3.0033281257E+00
  3.0000000000E+00  4.2000000000E+00  3.0349214352E+00
  3.0000000000E+00  4.3000000000E+00  3.0633612469E+00
  3.0000000000E+00  4.4000000000E+00  3.0885794153E+00
  3.0000000000E+00  4.5000000000E+00  3.1105184272E+00
  3.0000000000E+00  4.6000000000E+00  3.1291315650E+00
  3.0000000000E+00  4.7000000000E+00  3.1443830253E+00
  3.0000000000E+00  4.8000000000E+00  3.1562479981E+00
  3.0000000000E+00  4.9000000000E+00  3.1647127060E+00
  3.0000000000E+00  5.0000000000E+00  3.1697744093E+00
  3.0000000000E+00  5.1000000000E+00  3.1714413753E+00
  3.0000000000E+00  5.2000000000E+00  3.1697328169E+00
  3.0000000000E+00  5.3000000000E+00  3.1646787993E+00
  3.0000000000E+00  5.4000000000E+00  3.1563201180E+00
  3.0000000000E+00  5.5000000000E+00  3.1447081460E+00
  3.0000000000E+00  5.6000000000E+00  3.1299046524E+00
  3.0000000000E+00  5.7000000000E+00  3.1119815908E+00
  3.0000000000E+00  5.8000000000E+00  3.0910208570E+00
  3.0000000000E+00  5.9000000000E+00  3.0671140138E+00
  3.0000000000E+00  6.0000000000E+00  3.0403619830E+00
  3.0000000000E+00  6.1000000000E+00  3.0108747010E+00
  3.0000000000E+00  6.2000000000E+00  2.9787707374E+00
  3.0000000000E+00  6.3000000000E+00  2.9441768735E+00
  3.0000000000E+00  6.4000000000E+00  2.9072276401E+00
  3.0000000000E+00  6.5000000000E+00  2.8680648118E+00
  3.0000000000E+00  6.6000000000E+00  2.8268368570E+00
  3.0000000000E+00  6.7000000000E+00  2.7836983433E+00
  3.0000000000E+00  6.8000000000E+00  2.7388092963E+00
  3.0000000000E+00  6.9000000000E+00  2.6923345142E+00
  3.0000000000E+00  7.0000000000E+00  2.6444428378E+00
  3.0000000000E+00  7.1000000000E+00  2.5953063778E+00
  3.0000000000E+00  7.2000000000E+00  2.5450997032E+00
  3.0000000000E+00  7.3000000000E+00  2.4939989929E+00
  3.0000000000E+00  7.4000000000E+00  2.4421811555E+00
  3.0000000000E+00  7.5000000000E+00  2.3898229231E+00
  3.0000000000E+00  7.6000000000E+00  2.3370999239E+00
  3.0000000000E+00  7.7000000000E+00  2.2841857417E+00
  3.0000000000E+00  7.8000000000E+00  2.2312509685E+00
  3.0000000000E+00  7.9000000000E+00  2.1784622599E+00
  3.0000000000E+00  8.0000000000E+00  2.1259813997E+00
  3.0000000000E+00  8.1000000000E+00  2.0739643851E+00
  3.0000000000E+00  8.2000000000E+00  2.0225605394E+00
  3.0000000000E+00  8.3000000000E+00  1.9719116628E+00
  3.0000000000E+00  8.4000000000E+00  1.9221512294E+00
  3.0000000000E+00  8.5000000000E+00  1.8734036402E+00
  3.0000000000E+00  8.6000000000E+00  1.8257835403E+00
  3.0000000000E+00  8.7000000000E+00  1.7793952075E+00
  3.0000000000E+00  8.8000000000E+00  1.7343320206E+00
  3.0000000000E+00  8.9000000000E+00  1.6906760131E+00
  3.0000000000E+00  9.0000000000E+00  1.6484975187E+00
  3.0000000000E+00  9.1000000000E+00  1.6078549122E+00
  3.0000000000E+00  9.2000000000E+00  1.5687944498E+00
  3.0000000000E+00  9.3000000000E+00  1.5313502107E+00
  3.0000000000E+00  9.4000000000E+00  1.4955441415E+00
  3.0000000000E+00  9.5000000000E+00  1.4613862029E+00
  3.0000000000E+00  9.6000000000E+00  1.4288746167E+00
  3.0000000000E+00  9.7000000000E+00  1.3979962118E+00
  3.0000000000E+00  9.8000000000E+00  1.3687268634E+00
  3.0000000000E+00  9.9000000000E+00  1.3410320219E+00
  3.0000000000E+00  1.0000000000E+01  1.3148673247E+00

  3.0400000000E+00  0.0000000000E+00  4.7529489433E-01
  3.0400000000E+00  1.0000000000E-01  5.0947522872E-01
  3.0400000000E+00  2.0000000000E-01  5.4530365764E-01
  3.0400000000E+00  3.0000000000E-01  5.8278837818E-01
  3.0400000000E+00  4.0000000000E-01  6.2193112608E-01
  3.0400000000E+00  5.0000000000E-01  6.6272680205E-01
  3.0400000000E+00  6.0000000000E-01  7.0516312995E-01
  3.0400000000E+00  7.0000000000E-01  7.4922035158E-01
  3.0400000000E+00  8.0000000000E-01  7.9487096275E-01
  3.0400000000E+00  9.0000000000E-01  8.4207949480E-01
  3.0400000000E+00  1.0000000000E+00  8.9080234528E-01
  3.0400000000E+00  1.1000000000E+00  9.4098766149E-01
  3.0400000000E+00  1.2000000000E+00  9.9257527952E-01
  3.0400000000E+00  1.3000000000E+00  1.0454967212E+00
  3.0400000000E+00  1.4000000000E+00  1.0996752506E+00
  3.0400000000E+00  1.5000000000E+00  1.1550259916E+00
  3.0400000000E+00  1.6000000000E+00  1.2114561055E+00
  3.0400000000E+00  1.7000000000E+00  1.2688650308E+00
  3.0400000000E+00  1.8000000000E+00  1.3271447809E+00
  3.0400000000E+00  1.9000000000E+00  1.3861803010E+00
  3.0400000000E+00  2.0000000000E+00  1.4458498798E+00
  3.0400000000E+00  2.1000000000E+00  1.5060256133E+00
  3.0400000000E+00  2.2000000000E+00  1.5665739179E+00
  3.0400000000E+00  2.3000000000E+00  1.6273560875E+00
  3.0400000000E+00  2.4000000000E+00  1.6882288905E+00
  3.0400000000E+00  2.5000000000E+00  1.7490452015E+00
  3.0400000000E+00  2.6000000000E+00  1.8096546627E+00
  3.0400000000E+00  2.7000000000E+00  1.8699043688E+00
  3.0400000000E+00  2.8000000000E+00  1.9296395704E+00
  3.0400000000E+00  2.9000000000E+00  1.9887043897E+00
  3.0400000000E+00  3.0000000000E+00  2.0469425437E+00
  3.0400000000E+00  3.1000000000E+00  2.1041980681E+00
  3.0400000000E+00  3.2000000000E+00  2.1603160385E+00
  3.0400000000E+00  3.3000000000E+00  2.2151432826E+00
  3.0400000000E+00  3.4000000000E+00  2.2685290797E+00
  3.0400000000E+00  3.5000000000E+00  2.3203258432E+00
  3.0400000000E+00  3.6000000000E+00  2.3703897828E+00
  3.0400000000E+00  3.7000000000E+00  2.4185815426E+00
  3.0400000000E+00  3.8000000000E+00  2.4647668142E+00
  3.0400000000E+00  3.9000000000E+00  2.5088169205E+00
  3.0400000000E+00  4.0000000000E+00  2.5506093703E+00
  3.0400000000E+00  4.1000000000E+00  2.5900283824E+00
  3.0400000000E+00  4.2000000000E+00  2.6269653774E+00
  3.0400000000E+00  4.3000000000E+00  2.6613194377E+00
  3.0400000000E+00  4.4000000000E+00  2.6929977356E+00
  3.0400000000E+00  4.5000000000E+00  2.7219159288E+00
  3.0400000000E+00  4.6000000000E+00  2.7479985246E+00
  3.0400000000E+00  4.7000000000E+00  2.7711792112E+00
  3.0400000000E+00  4.8000000000E+00  2.7914011586E+00
  3.0400000000E+00  4.9000000000E+00  2.8086172872E+00
  3.0400000000E+00  5.0000000000E+00  2.8227905047E+00
  3.0400000000E+00  5.1000000000E+00  2.8338939119E+00
  3.0400000000E+00  5.2000000000E+00  2.8419109745E+00
  3.0400000000E+00  5.3000000000E+00  2.8468356625E+00
  3.0400000000E+00  5.4000000000E+00  2.8486725546E+00
  3.0400000000E+00  5.5000000000E+00  2.8474369059E+00
  3.0400000000E+00  5.6000000000E+00  2.8431546781E+00
  3.0400000000E+00  5.7000000000E+00  2.8358625292E+00
  3.0400000000E+00  5.8000000000E+00  2.8256077605E+00
  3.0400000000E+00  5.9000000000E+00  2.8124482190E+00
  3.0400000000E+00  6.0000000000E+00  2.7964521515E+00
  3.0400000000E+00  6.1000000000E+00  2.7776980091E+00
  3.0400000000E+00  6.2000000000E+00  2.7562741988E+00
  3.0400000000E+00  6.3000000000E+00  2.7322787796E+00
  3.0400000000E+00  6.4000000000E+00  2.7058191023E+00
  3.0400000000E+00  6.5000000000E+00  2.6770113897E+00
  3.0400000000E+00  6.6000000000E+00  2.6459802576E+00
  3.0400000000E+00  6.7000000000E+00  2.6128581751E+00
  3.0400000000E+00  6.8000000000E+00  2.5777848647E+00
  3.0400000000E+00  6.9000000000E+00  2.5409066425E+00
  3.0400000000E+00  7.0000000000E+00  2.5023757016E+00
  3.0400000000E+00  7.1000000000E+00  2.4623493393E+00
  3.0400000000E+00  7.2000000000E+00  2.4209891331E+00
  3.0400000000E+00  7.3000000000E+00  2.3784600694E+00
  3.0400000000E+00  7.4000000000E+00  2.3349296297E+00
  3.0400000000E+00  7.5000000000E+00  2.2905668406E+00
  3.0400000000E+00  7.6000000000E+00  2.2455412955E+00
  3.0400000000E+00  7.7000000000E+00  2.2000221540E+00
  3.0400000000E+00  7.8000000000E+00  2.1541771287E+00
  3.0400000000E+00  7.9000000000E+00  2.1081714676E+00
  3.0400000000E+00  8.0000000000E+00  2.0621669423E+00
  3.0400000000E+00  8.1000000000E+00  2.0163208504E+00
  3.0400000000E+00  8.2000000000E+00  1.9707850435E+00
  3.0400000000E+00  8.3000000000E+00  1.9257049891E+00
  3.0400000000E+00  8.4000000000E+00  1.8812188783E+00
  3.0400000000E+00  8.5000000000E+00  1.8374567865E+00
  3.0400000000E+00  8.6000000000E+00  1.7945398983E+00
  3.0400000000E+00  8.7000000000E+00  1.7525798037E+00
  3.0400000000E+00  8.8000000000E+00  1.7116778744E+00
  3.0400000000E+00  8.9000000000E+00  1.6719247269E+00
  3.0400000000E+00  9.0000000000E+00  1.6333997784E+00
  3.0400000000E+00  9.1000000000E+00  1.5961709008E+00
  3.0400000000E+00  9.2000000000E+00  1.5602941765E+00
  3.0400000000E+00  9.3000000000E+00  1.5258137585E+00
  3.0400000000E+00  9.4000000000E+00  1.4927618371E+00
  3.0400000000E+00  9.5000000000E+00  1.4611587122E+00
  3.0400000000E+00  9.6000000000E+00  1.4310129707E+00
  3.0400000000E+00  9.7000000000E+00  1.4023217663E+00
  3.0400000000E+00  9.8000000000E+00  1.3750711988E+00
  3.0400000000E+00  9.9000000000E+00  1.3492367861E+00
  3.0400000000E+00  1.0000000000E+01  1.3247840257E+00

  3.0800000000E+00  0.0000000000E+00  3.9520378614E-01
  3.0800000000E+00  1.0000000000E-01  4.2335498157E-01
  3.0800000000E+00  2.0000000000E-01  4.5288975857E-01
  3.0800000000E+00  3.0000000000E-01  4.8382211863E-01
  3.0800000000E+00  4.0000000000E-01  5.1616141045E-01
  3.0800000000E+00  5.0000000000E-01  5.4991200941E-01
  3.0800000000E+00  6.0000000000E-01  5.8507301507E-01
  3.0800000000E+00  7.0000000000E-01  6.2163797006E-01
  3.0800000000E+00  8.0000000000E-01  6.5959460396E-01
  3.0800000000E+00  9.0000000000E-01  6.9892460546E-01
  3.0800000000E+00  1.0000000000E+00  7.3960342590E-01
  3.0800000000E+00  1.1000000000E+00  7.8160011711E-01
  3.0800000000E+00  1.2000000000E+00  8.2487720615E-01
  3.0800000000E+00  1.3000000000E+00  8.6939060908E-01
  3.0800000000E+00  1.4000000000E+00  9.1508958570E-01
  3.0800000000E+00  1.5000000000E+00  9.6191673674E-01
  3.0800000000E+00  1.6000000000E+00  1.0098080443E+00
  3.0800000000E+00  1.7000000000E+00  1.0586929562E+00
  3.0800000000E+00  1.8000000000E+00  1.1084945144E+00
  3.0800000000E+00  1.9000000000E+00  1.1591295270E+00
  3.0800000000E+00  2.0000000000E+00  1.2105087822E+00
  3.0800000000E+00  2.1000000000E+00  1.2625373052E+00
  3.0800000000E+00  2.2000000000E+00  1.3151146524E+00
  3.0800000000E+00  2.3000000000E+00  1.3681352456E+00
  3.0800000000E+00  2.4000000000E+00  1.4214887393E+00
  3.0800000000E+00  2.5000000000E+00  1.4750604212E+00
  3.0800000000E+00  2.6000000000E+00  1.5287316419E+00
  3.0800000000E+00  2.7000000000E+00  1.5823802709E+00
  3.0800000000E+00  2.8000000000E+00  1.6358811754E+00
  3.0800000000E+00  2.9000000000E+00  1.6891067186E+00
  3.0800000000E+00  3.0000000000E+00  1.7419272746E+00
  3.0800000000E+00  3.1000000000E+00  1.7942117566E+00
  3.0800000000E+00  3.2000000000E+00  1.8458281543E+00
  3.0800000000E+00  3.3000000000E+00  1.8966440792E+00
  3.0800000000E+00  3.4000000000E+00  1.9465273135E+00
  3.0800000000E+00  3.5000000000E+00  1.9953463609E+00
  3.0800000000E+00  3.6000000000E+00  2.0429709970E+00
  3.0800000000E+00  3.7000000000E+00  2.0892728167E+00
  3.0800000000E+00  3.8000000000E+00  2.1341257771E+00
  3.0800000000E+00  3.9000000000E+00  2.1774067346E+00
  3.0800000000E+00  4.0000000000E+00  2.2189959747E+00
  3.0800000000E+00  4.1000000000E+00  2.2587777324E+00
  3.0800000000E+00  4.2000000000E+00  2.2966407042E+00
  3.0800000000E+00  4.3000000000E+00  2.3324785482E+00
  3.0800000000E+00  4.4000000000E+00  2.3661903735E+00
  3.0800000000E+00  4.5000000000E+00  2.3976812173E+00
  3.0800000000E+00  4.6000000000E+00  2.4268625074E+00
  3.0800000000E+00  4.7000000000E+00  2.4536525117E+00
  3.0800000000E+00  4.8000000000E+00  2.4779767705E+00
  3.0800000000E+00  4.9000000000E+00  2.4997685120E+00
  3.0800000000E+00  5.0000000000E+00  2.5189690480E+00
  3.0800000000E+00  5.1000000000E+00  2.5355281493E+00
  3.0800000000E+00  5.2000000000E+00  2.5494043958E+00
  3.0800000000E+00  5.3000000000E+00  2.5605655017E+00
  3.0800000000E+00  5.4000000000E+00  2.5689886095E+00
  3.0800000000E+00  5.5000000000E+00  2.5746605525E+00
  3.0800000000E+00  5.6000000000E+00  2.5775780800E+00
  3.0800000000E+00  5.7000000000E+00  2.5777480422E+00
  3.0800000000E+00  5.8000000000E+00  2.5751875313E+00
  3.0800000000E+00  5.9000000000E+00  2.5699239737E+00
  3.0800000000E+00  6.0000000000E+00  2.5619951702E+00
  3.0800000000E+00  6.1000000000E+00  2.5514492803E+00
  3.0800000000E+00  6.2000000000E+00  2.5383447455E+00
  3.0800000000E+00  6.3000000000E+00  2.5227501507E+00
  3.0800000000E+00  6.4000000000E+00  2.5047440181E+00
  3.0800000000E+00  6.5000000000E+00  2.4844145331E+00
  3.0800000000E+00  6.6000000000E+00  2.4618591990E+00
  3.0800000000E+00  6.7000000000E+00  2.4371844203E+00
  3.0800000000E+00  6.8000000000E+00  2.4105050141E+00
  3.0800000000E+00  6.9000000000E+00  2.3819436493E+00
  3.0800000000E+00  7.0000000000E+00  2.3516302164E+00
  3.0800000000E+00  7.1000000000E+00  2.3197011288E+00
  3.0800000000E+00  7.2000000000E+00  2.2862985609E+00
  3.0800000000E+00  7.3000000000E+00  2.2515696251E+00
  3.0800000000E+00  7.4000000000E+00  2.2156654956E+00
  3.0800000000E+00  7.5000000000E+00  2.1787404827E+00
  3.0800000000E+00  7.6000000000E+00  2.1409510677E+00
  3.0800000000E+00  7.7000000000E+00  2.1024549036E+00
  3.0800000000E+00  7.8000000000E+00  2.0634097929E+00
  3.0800000000E+00  7.9000000000E+00  2.0239726503E+00
  3.0800000000E+00  8.0000000000E+00  1.9842984608E+00
  3.0800000000E+00  8.1000000000E+00  1.9445392437E+00
  3.0800000000E+00  8.2000000000E+00  1.9048430332E+00
  3.0800000000E+00  8.3000000000E+00  1.8653528850E+00
  3.0800000000E+00  8.4000000000E+00  1.8262059214E+00
  3.0800000000E+00  8.5000000000E+00  1.7875324236E+00
  3.0800000000E+00  8.6000000000E+00  1.7494549822E+00
  3.0800000000E+00  8.7000000000E+00  1.7120877144E+00
  3.0800000000E+00  8.8000000000E+00  1.6755355571E+00
  3.0800000000E+00  8.9000000000E+00  1.6398936445E+00
  3.0800000000E+00  9.0000000000E+00  1.6052467750E+00
  3.0800000000E+00  9.1000000000E+00  1.5716689755E+00
  3.0800000000E+00  9.2000000000E+00  1.5392231670E+00
  3.0800000000E+00  9.3000000000E+00  1.5079609337E+00
  3.0800000000E+00  9.4000000000E+00  1.4779224004E+00
  3.0800000000E+00  9.5000000000E+00  1.4491362160E+00
  3.0800000000E+00  9.6000000000E+00  1.4216196456E+00
  3.0800000000E+00  9.7000000000E+00  1.3953787666E+00
  3.0800000000E+00  9.8000000000E+00  1.3704087674E+00
  3.0800000000E+00  9.9000000000E+00  1.3466943446E+00
  3.0800000000E+00  1.0000000000E+01  1.3242101909E+00

  3.1200000000E+00  0.0000000000E+00  4.0114723302E-01
  3.1200000000E+00  1.0000000000E-01  4.2585507626E-01
  3.1200000000E+00  2.0000000000E-01  4.5161466600E-01
  3.1200000000E+00  3.0000000000E-01  4.7843666310E-01
  3.1200000000E+00  4.0000000000E-01  5.0632900851E-01
  3.1200000000E+00  5.0000000000E-01  5.3529670053E-01
  3.1200000000E+00  6.0000000000E-01  5.6534157507E-01
  3.1200000000E+00  7.0000000000E-01  5.9646209091E-01
  3.1200000000E+00  8.0000000000E-01  6.2865312234E-01
  3.1200000000E+00  9.0000000000E-01  6.6190576149E-01
  3.1200000000E+00  1.0000000000E+00  6.9620713256E-01
  3.1200000000E+00  1.1000000000E+00  7.3154022039E-01
  3.1200000000E+00  1.2000000000E+00  7.6788371546E-01
  3.1200000000E+00  1.3000000000E+00  8.0521187746E-01
  3.1200000000E+00  1.4000000000E+00  8.4349441940E-01
  3.1200000000E+00  1.5000000000E+00  8.8269641397E-01
  3.1200000000E+00  1.6000000000E+00  9.2277822386E-01
  3.1200000000E+00  1.7000000000E+00  9.6369545715E-01
  3.1200000000E+00  1.8000000000E+00  1.0053989491E+00
  3.1200000000E+00  1.9000000000E+00  1.0478347712E+00
  3.1200000000E+00  2.0000000000E+00  1.0909442675E+00
  3.1200000000E+00  2.1000000000E+00  1.1346641192E+00
  3.1200000000E+00  2.2000000000E+00  1.1789264376E+00
  3.1200000000E+00  2.3000000000E+00  1.2236588838E+00
  3.1200000000E+00  2.4000000000E+00  1.2687848170E+00
  3.1200000000E+00  2.5000000000E+00  1.3142234687E+00
  3.1200000000E+00  2.6000000000E+00  1.3598901427E+00
  3.1200000000E+00  2.7000000000E+00  1.4056964405E+00
  3.1200000000E+00  2.8000000000E+00  1.4515505102E+00
  3.1200000000E+00  2.9000000000E+00  1.4973573176E+00
  3.1200000000E+00  3.0000000000E+00  1.5430189396E+00
  3.1200000000E+00  3.1000000000E+00  1.5884348773E+00
  3.1200000000E+00  3.2000000000E+00  1.6335023874E+00
  3.1200000000E+00  3.3000000000E+00  1.6781168332E+00
  3.1200000000E+00  3.4000000000E+00  1.7221720501E+00
  3.1200000000E+00  3.5000000000E+00  1.7655607288E+00
  3.1200000000E+00  3.6000000000E+00  1.8081748120E+00
  3.1200000000E+00  3.7000000000E+00  1.8499059054E+00
  3.1200000000E+00  3.8000000000E+00  1.8906457018E+00
  3.1200000000E+00  3.9000000000E+00  1.9302864174E+00
  3.1200000000E+00  4.0000000000E+00  1.9687212397E+00
  3.1200000000E+00  4.1000000000E+00  2.0058447864E+00
  3.1200000000E+00  4.2000000000E+00  2.0415535737E+00
  3.1200000000E+00  4.3000000000E+00  2.0757464944E+00
  3.1200000000E+00  4.4000000000E+00  2.1083253034E+00
  3.1200000000E+00  4.5000000000E+00  2.1391951100E+00
  3.1200000000E+00  4.6000000000E+00  2.1682648760E+00
  3.1200000000E+00  4.7000000000E+00  2.1954479160E+00
  3.1200000000E+00  4.8000000000E+00  2.2206624004E+00
  3.1200000000E+00  4.9000000000E+00  2.2438318565E+00
  3.1200000000E+00  5.0000000000E+00  2.2648856652E+00
  3.1200000000E+00  5.1000000000E+00  2.2837595512E+00
  3.1200000000E+00  5.2000000000E+00  2.3003960613E+00
  3.1200000000E+00  5.3000000000E+00  2.3147450290E+00
  3.1200000000E+00  5.4000000000E+00  2.3267640177E+00
  3.1200000000E+00  5.5000000000E+00  2.3364187414E+00
  3.1200000000E+00  5.6000000000E+00  2.3436834549E+00
  3.1200000000E+00  5.7000000000E+00  2.3485413097E+00
  3.1200000000E+00  5.8000000000E+00  2.3509846700E+00
  3.1200000000E+00  5.9000000000E+00  2.3510153826E+00
  3.1200000000E+00  6.0000000000E+00  2.3486449962E+00
  3.1200000000E+00  6.1000000000E+00  2.3438949238E+00
  3.1200000000E+00  6.2000000000E+00  2.3367965440E+00
  3.1200000000E+00  6.3000000000E+00  2.3273912355E+00
  3.1200000000E+00  6.4000000000E+00  2.3157303418E+00
  3.1200000000E+00  6.5000000000E+00  2.3018750611E+00
  3.1200000000E+00  6.6000000000E+00  2.2858962592E+00
  3.1200000000E+00  6.7000000000E+00  2.2678742036E+00
  3.1200000000E+00  6.8000000000E+00  2.2478982161E+00
  3.1200000000E+00  6.9000000000E+00  2.2260662454E+00
  3.1200000000E+00  7.0000000000E+00  2.2024843592E+00
  3.1200000000E+00  7.1000000000E+00  2.1772661574E+00
  3.1200000000E+00  7.2000000000E+00  2.1505321108E+00
  3.1200000000E+00  7.3000000000E+00  2.1224088276E+00
  3.1200000000E+00  7.4000000000E+00  2.0930282535E+00
  3.1200000000E+00  7.5000000000E+00  2.0625268119E+00
  3.1200000000E+00  7.6000000000E+00  2.0310444908E+00
  3.1200000000E+00  7.7000000000E+00  1.9987238843E+00
  3.1200000000E+00  7.8000000000E+00  1.9657091989E+00
  3.1200000000E+00  7.9000000000E+00  1.9321452327E+00
  3.1200000000E+00  8.0000000000E+00  1.8981763385E+00
  3.1200000000E+00  8.1000000000E+00  1.8639453815E+00
  3.1200000000E+00  8.2000000000E+00  1.8295927032E+00
  3.1200000000E+00  8.3000000000E+00  1.7952551014E+00
  3.1200000000E+00  8.4000000000E+00  1.7610648382E+00
  3.1200000000E+00  8.5000000000E+00  1.7271486880E+00
  3.1200000000E+00  8.6000000000E+00  1.6936270338E+00
  3.1200000000E+00  8.7000000000E+00  1.6606130250E+00
  3.1200000000E+00  8.8000000000E+00  1.6282118032E+00
  3.1200000000E+00  8.9000000000E+00  1.5965198068E+00
  3.1200000000E+00  9.0000000000E+00  1.5656241621E+00
  3.1200000000E+00  9.1000000000E+00  1.5356021655E+00
  3.1200000000E+00  9.2000000000E+00  1.5065208657E+00
  3.1200000000E+00  9.3000000000E+00  1.4784367470E+00
  3.1200000000E+00  9.4000000000E+00  1.4513955187E+00
  3.1200000000E+00  9.5000000000E+00  1.4254320121E+00
  3.1200000000E+00  9.6000000000E+00  1.4005701838E+00
  3.1200000000E+00  9.7000000000E+00  1.3768232264E+00
  3.1200000000E+00  9.8000000000E+00  1.3541937827E+00
  3.1200000000E+00  9.9000000000E+00  1.3326742597E+00
  3.1200000000E+00  1.0000000000E+01  1.3122472382E+00

  3.1600000000E+00  0.0000000000E+00  4.5997054079E-01
  3.1600000000E+00  1.0000000000E-01  4.8286555149E-01
  3.1600000000E+00  2.0000000000E-01  5.0645995652E-01
  3.1600000000E+00  3.0000000000E-01  5.3075729179E-01
  3.1600000000E+00  4.0000000000E-01  5.5576028997E-01
  3.1600000000E+00  5.0000000000E-01  5.8147075780E-01
  3.1600000000E+00  6.0000000000E-01  6.0788944075E-01
  3.1600000000E+00  7.0000000000E-01  6.3501587651E-01
  3.1600000000E+00  8.0000000000E-01  6.6284823830E-01
  3.1600000000E+00  9.0000000000E-01  6.9138316991E-01
  3.1600000000E+00  1.0000000000E+00  7.2061561402E-01
  3.1600000000E+00  1.1000000000E+00  7.5053863588E-01
  3.1600000000E+00  1.2000000000E+00  7.8114324452E-01
  3.1600000000E+00  1.3000000000E+00  8.1241821357E-01
  3.1600000000E+00  1.4000000000E+00  8.4434990403E-01
  3.1600000000E+00  1.5000000000E+00  8.7692209130E-01
  3.1600000000E+00  1.6000000000E+00  9.1011579872E-01
  3.1600000000E+00  1.7000000000E+00  9.4390913977E-01
  3.1600000000E+00  1.8000000000E+00  9.7827717120E-01
  3.1600000000E+00  1.9000000000E+00  1.0131917590E+00
  3.1600000000E+00  2.0000000000E+00  1.0486214590E+00
  3.1600000000E+00  2.1000000000E+00  1.0845314143E+00
  3.1600000000E+00  2.2000000000E+00  1.1208832701E+00
  3.1600000000E+00  2.3000000000E+00  1.1576351081E+00
  3.1600000000E+00  2.4000000000E+00  1.1947414021E+00
  3.1600000000E+00  2.5000000000E+00  1.2321529943E+00
  3.1600000000E+00  2.6000000000E+00  1.2698170940E+00
  3.1600000000E+00  2.7000000000E+00  1.3076773005E+00
  3.1600000000E+00  2.8000000000E+00  1.3456736486E+00
  3.1600000000E+00  2.9000000000E+00  1.3837426785E+00
  3.1600000000E+00  3.0000000000E+00  1.4218175312E+00
  3.1600000000E+00  3.1000000000E+00  1.4598280676E+00
  3.1600000000E+00  3.2000000000E+00  1.4977010132E+00
  3.1600000000E+00  3.3000000000E+00  1.5353601290E+00
  3.1600000000E+00  3.4000000000E+00  1.5727264064E+00
  3.1600000000E+00  3.5000000000E+00  1.6097182897E+00
  3.1600000000E+00  3.6000000000E+00  1.6462519230E+00
  3.1600000000E+00  3.7000000000E+00  1.6822414242E+00
  3.1600000000E+00  3.8000000000E+00  1.7175991847E+00
  3.1600000000E+00  3.9000000000E+00  1.7522361952E+00
  3.1600000000E+00  4.0000000000E+00  1.7860623979E+00
  3.1600000000E+00  4.1000000000E+00  1.8189870638E+00
  3.1600000000E+00  4.2000000000E+00  1.8509191965E+00
  3.1600000000E+00  4.3000000000E+00  1.8817679591E+00
  3.1600000000E+00  4.4000000000E+00  1.9114431269E+00
  3.1600000000E+00  4.5000000000E+00  1.9398555606E+00
  3.1600000000E+00  4.6000000000E+00  1.9669177023E+00
  3.1600000000E+00  4.7000000000E+00  1.9925440895E+00
  3.1600000000E+00  4.8000000000E+00  2.0166518853E+00
  3.1600000000E+00  4.9000000000E+00  2.0391614237E+00
  3.1600000000E+00  5.0000000000E+00  2.0599967634E+00
  3.1600000000E+00  5.1000000000E+00  2.0790862491E+00
  3.1600000000E+00  5.2000000000E+00  2.0963630739E+00
  3.1600000000E+00  5.3000000000E+00  2.1117658395E+00
  3.1600000000E+00  5.4000000000E+00  2.1252391072E+00
  3.1600000000E+00  5.5000000000E+00  2.1367339351E+00
  3.1600000000E+00  5.6000000000E+00  2.1462083949E+00
  3.1600000000E+00  5.7000000000E+00  2.1536280622E+00
  3.1600000000E+00  5.8000000000E+00  2.1589664732E+00
  3.1600000000E+00  5.9000000000E+00  2.1622055410E+00
  3.1600000000E+00  6.0000000000E+00  2.1633359261E+00
  3.1600000000E+00  6.1000000000E+00  2.1623573522E+00
  3.1600000000E+00  6.2000000000E+00  2.1592788635E+00
  3.1600000000E+00  6.3000000000E+00  2.1541190151E+00
  3.1600000000E+00  6.4000000000E+00  2.1469059933E+00
  3.1600000000E+00  6.5000000000E+00  2.1376776589E+00
  3.1600000000E+00  6.6000000000E+00  2.1264815107E+00
  3.1600000000E+00  6.7000000000E+00  2.1133745655E+00
  3.1600000000E+00  6.8000000000E+00  2.0984231520E+00
  3.1600000000E+00  6.9000000000E+00  2.0817026180E+00
  3.1600000000E+00  7.0000000000E+00  2.0632969497E+00
  3.1600000000E+00  7.1000000000E+00  2.0432983051E+00
  3.1600000000E+00  7.2000000000E+00  2.0218064629E+00
  3.1600000000E+00  7.3000000000E+00  1.9989281906E+00
  3.1600000000E+00  7.4000000000E+00  1.9747765363E+00
  3.1600000000E+00  7.5000000000E+00  1.9494700503E+00
  3.1600000000E+00  7.6000000000E+00  1.9231319420E+00
  3.1600000000E+00  7.7000000000E+00  1.8958891819E+00
  3.1600000000E+00  7.8000000000E+00  1.8678715562E+00
  3.1600000000E+00  7.9000000000E+00  1.8392106838E+00
  3.1600000000E+00  8.0000000000E+00  1.8100390066E+00
  3.1600000000E+00  8.1000000000E+00  1.7804887636E+00
  3.1600000000E+00  8.2000000000E+00  1.7506909600E+00
  3.1600000000E+00  8.3000000000E+00  1.7207743434E+00
  3.1600000000E+00  8.4000000000E+00  1.6908643983E+00
  3.1600000000E+00  8.5000000000E+00  1.6610823706E+00
  3.1600000000E+00  8.6000000000E+00  1.6315443331E+00
  3.1600000000E+00  8.7000000000E+00  1.6023603032E+00
  3.1600000000E+00  8.8000000000E+00  1.5736334232E+00
  3.1600000000E+00  8.9000000000E+00  1.5454592114E+00
  3.1600000000E+00  9.0000000000E+00  1.5179248940E+00
  3.1600000000E+00  9.1000000000E+00  1.4911088244E+00
  3.1600000000E+00  9.2000000000E+00  1.4650799965E+00
  3.1600000000E+00  9.3000000000E+00  1.4398976572E+00
  3.1600000000E+00  9.4000000000E+00  1.4156110209E+00
  3.1600000000E+00  9.5000000000E+00  1.3922590904E+00
  3.1600000000E+00  9.6000000000E+00  1.3698705831E+00
  3.1600000000E+00  9.7000000000E+00  1.3484639628E+00
  3.1600000000E+00  9.8000000000E+00  1.3280475768E+00
  3.1600000000E+00  9.9000000000E+00  1.3086198921E+00
  3.1600000000E+00  1.0000000000E+01  1.2901698294E+00

  3.2000000000E+00  0.0000000000E+00  4.8548882451E-01
  3.2000000000E+00  1.0000000000E-01  5.0720781185E-01
  3.2000000000E+00  2.0000000000E-01  5.2942013822E-01
  3.2000000000E+00  3.0000000000E-01  5.5212288524E-01
  3.2000000000E+00  4.0000000000E-01  5.7531323326E-01
  3.2000000000E+00  5.0000000000E-01  5.9898841632E-01
  3.2000000000E+00  6.0000000000E-01  6.2314565956E-01
  3.2000000000E+00  7.0000000000E-01  6.4778209957E-01
  3.2000000000E+00  8.0000000000E-01  6.7289468819E-01
  3.2000000000E+00  9.0000000000E-01  6.9848008070E-01
  3.2000000000E+00  1.0000000000E+00  7.2453450946E-01
  3.2000000000E+00  1.1000000000E+00  7.5105364438E-01
  3.2000000000E+00  1.2000000000E+00  7.7803244190E-01
  3.2000000000E+00  1.3000000000E+00  8.0546498411E-01
  3.2000000000E+00  1.4000000000E+00  8.3334430988E-01
  3.2000000000E+00  1.5000000000E+00  8.6166224013E-01
  3.2000000000E+00  1.6000000000E+00  8.9040919913E-01
  3.2000000000E+00  1.7000000000E+00  9.1957403398E-01
  3.2000000000E+00  1.8000000000E+00  9.4914383436E-01
  3.2000000000E+00  1.9000000000E+00  9.7910375467E-01
  3.2000000000E+00  2.0000000000E+00  1.0094368404E+00
  3.2000000000E+00  2.1000000000E+00  1.0401238608E+00
  3.2000000000E+00  2.2000000000E+00  1.0711431499E+00
  3.2000000000E+00  2.3000000000E+00  1.1024704573E+00
  3.2000000000E+00  2.4000000000E+00  1.1340788106E+00
  3.2000000000E+00  2.5000000000E+00  1.1659383911E+00
  3.2000000000E+00  2.6000000000E+00  1.1980164248E+00
  3.2000000000E+00  2.7000000000E+00  1.2302770887E+00
  3.2000000000E+00  2.8000000000E+00  1.2626814360E+00
  3.2000000000E+00  2.9000000000E+00  1.2951873395E+00
  3.2000000000E+00  3.0000000000E+00  1.3277494559E+00
  3.2000000000E+00  3.1000000000E+00  1.3603192118E+00
  3.2000000000E+00  3.2000000000E+00  1.3928448130E+00
  3.2000000000E+00  3.3000000000E+00  1.4252712778E+00
  3.2000000000E+00  3.4000000000E+00  1.4575404968E+00
  3.2000000000E+00  3.5000000000E+00  1.4895913192E+00
  3.2000000000E+00  3.6000000000E+00  1.5213596679E+00
  3.2000000000E+00  3.7000000000E+00  1.5527786842E+00
  3.2000000000E+00  3.8000000000E+00  1.5837789033E+00
  3.2000000000E+00  3.9000000000E+00  1.6142884619E+00
  3.2000000000E+00  4.0000000000E+00  1.6442333387E+00
  3.2000000000E+00  4.1000000000E+00  1.6735376282E+00
  3.2000000000E+00  4.2000000000E+00  1.7021238495E+00
  3.2000000000E+00  4.3000000000E+00  1.7299132884E+00
  3.2000000000E+00  4.4000000000E+00  1.7568263746E+00
  3.2000000000E+00  4.5000000000E+00  1.7827830918E+00
  3.2000000000E+00  4.6000000000E+00  1.8077034213E+00
  3.2000000000E+00  4.7000000000E+00  1.8315078158E+00
  3.2000000000E+00  4.8000000000E+00  1.8541177028E+00
  3.2000000000E+00  4.9000000000E+00  1.8754560135E+00
  3.2000000000E+00  5.0000000000E+00  1.8954477354E+00
  3.2000000000E+00  5.1000000000E+00  1.9140204838E+00
  3.2000000000E+00  5.2000000000E+00  1.9311050867E+00
  3.2000000000E+00  5.3000000000E+00  1.9466361801E+00
  3.2000000000E+00  5.4000000000E+00  1.9605528060E+00
  3.2000000000E+00  5.5000000000E+00  1.9727990080E+00
  3.2000000000E+00  5.6000000000E+00  1.9833244162E+00
  3.2000000000E+00  5.7000000000E+00  1.9920848170E+00
  3.2000000000E+00  5.8000000000E+00  1.9990426964E+00
  3.2000000000E+00  5.9000000000E+00  2.0041677538E+00
  3.2000000000E+00  6.0000000000E+00  2.0074373741E+00
  3.2000000000E+00  6.1000000000E+00  2.0088370538E+00
  3.2000000000E+00  6.2000000000E+00  2.0083607723E+00
  3.2000000000E+00  6.3000000000E+00  2.0060113008E+00
  3.2000000000E+00  6.4000000000E+00  2.0018004436E+00
  3.2000000000E+00  6.5000000000E+00  1.9957492045E+00
  3.2000000000E+00  6.6000000000E+00  1.9878878740E+00
  3.2000000000E+00  6.7000000000E+00  1.9782560319E+00
  3.2000000000E+00  6.8000000000E+00  1.9669024633E+00
  3.2000000000E+00  6.9000000000E+00  1.9538849841E+00
  3.2000000000E+00  7.0000000000E+00  1.9392701756E+00
  3.2000000000E+00  7.1000000000E+00  1.9231330293E+00
  3.2000000000E+00  7.2000000000E+00  1.9055565006E+00
  3.2000000000E+00  7.3000000000E+00  1.8866309770E+00
  3.2000000000E+00  7.4000000000E+00  1.8664536623E+00
  3.2000000000E+00  7.5000000000E+00  1.8451278832E+00
  3.2000000000E+00  7.6000000000E+00  1.8227623247E+00
  3.2000000000E+00  7.7000000000E+00  1.7994702010E+00
  3.2000000000E+00  7.8000000000E+00  1.7753683707E+00
  3.2000000000E+00  7.9000000000E+00  1.7505764067E+00
  3.2000000000E+00  8.0000000000E+00  1.7252156293E+00
  3.2000000000E+00  8.1000000000E+00  1.6994081149E+00
  3.2000000000E+00  8.2000000000E+00  1.6732756910E+00
  3.2000000000E+00  8.3000000000E+00  1.6469389291E+00
  3.2000000000E+00  8.4000000000E+00  1.6205161478E+00
  3.2000000000E+00  8.5000000000E+00  1.5941224373E+00
  3.2000000000E+00  8.6000000000E+00  1.5678687177E+00
  3.2000000000E+00  8.7000000000E+00  1.5418608415E+00
  3.2000000000E+00  8.8000000000E+00  1.5161987512E+00
  3.2000000000E+00  8.9000000000E+00  1.4909757020E+00
  3.2000000000E+00  9.0000000000E+00  1.4662775588E+00
  3.2000000000E+00  9.1000000000E+00  1.4421821748E+00
  3.2000000000E+00  9.2000000000E+00  1.4187588591E+00
  3.2000000000E+00  9.3000000000E+00  1.3960679396E+00
  3.2000000000E+00  9.4000000000E+00  1.3741604236E+00
  3.2000000000E+00  9.5000000000E+00  1.3530777613E+00
  3.2000000000E+00  9.6000000000E+00  1.3328517123E+00
  3.2000000000E+00  9.7000000000E+00  1.3135043161E+00
  3.2000000000E+00  9.8000000000E+00  1.2950479642E+00
  3.2000000000E+00  9.9000000000E+00  1.2774855736E+00
  3.2000000000E+00  1.0000000000E+01  1.2608108546E+00

  3.2400000000E+00  0.0000000000E+00  4.3480700394E-01
  3.2400000000E+00  1.0000000000E-01  4.5550893600E-01
  3.2400000000E+00  2.0000000000E-01  4.7671874704E-01
  3.2400000000E+00  3.0000000000E-01  4.9842918242E-01
  3.2400000000E+00  4.0000000000E-01  5.2063255654E-01
  3.2400000000E+00  5.0000000000E-01  5.4332076373E-01
  3.2400000000E+00  6.0000000000E-01  5.6648528138E-01
  3.2400000000E+00  7.0000000000E-01  5.9011716510E-01
  3.2400000000E+00  8.0000000000E-01  6.1420703544E-01
  3.2400000000E+00  9.0000000000E-01  6.3874505612E-01
  3.2400000000E+00  1.0000000000E+00  6.6372090370E-01
  3.2400000000E+00  1.1000000000E+00  6.8912372878E-01
  3.2400000000E+00  1.2000000000E+00  7.1494210881E-01
  3.2400000000E+00  1.3000000000E+00  7.4116399277E-01
  3.2400000000E+00  1.4000000000E+00  7.6777663809E-01
  3.2400000000E+00  1.5000000000E+00  7.9476654012E-01
  3.2400000000E+00  1.6000000000E+00  8.2211935460E-01
  3.2400000000E+00  1.7000000000E+00  8.4981981366E-01
  3.2400000000E+00  1.8000000000E+00  8.7785163584E-01
  3.2400000000E+00  1.9000000000E+00  9.0619743085E-01
  3.2400000000E+00  2.0000000000E+00  9.3483859955E-01
  3.2400000000E+00  2.1000000000E+00  9.6375523005E-01
  3.2400000000E+00  2.2000000000E+00  9.9292599060E-01
  3.2400000000E+00  2.3000000000E+00  1.0223280202E+00
  3.2400000000E+00  2.4000000000E+00  1.0519368181E+00
  3.2400000000E+00  2.5000000000E+00  1.0817261325E+00
  3.2400000000E+00  2.6000000000E+00  1.1116678511E+00
  3.2400000000E+00  2.7000000000E+00  1.1417318931E+00
  3.2400000000E+00  2.8000000000E+00  1.1718861060E+00
  3.2400000000E+00  2.9000000000E+00  1.2020961670E+00
  3.2400000000E+00  3.0000000000E+00  1.2323254921E+00
  3.2400000000E+00  3.1000000000E+00  1.2625351553E+00
  3.2400000000E+00  3.2000000000E+00  1.2926838181E+00
  3.2400000000E+00  3.3000000000E+00  1.3227276743E+00
  3.2400000000E+00  3.4000000000E+00  1.3526204099E+00
  3.2400000000E+00  3.5000000000E+00  1.3823131830E+00
  3.2400000000E+00  3.6000000000E+00  1.4117546254E+00
  3.2400000000E+00  3.7000000000E+00  1.4408908678E+00
  3.2400000000E+00  3.8000000000E+00  1.4696655930E+00
  3.2400000000E+00  3.9000000000E+00  1.4980201186E+00
  3.2400000000E+00  4.0000000000E+00  1.5258935121E+00
  3.2400000000E+00  4.1000000000E+00  1.5532227399E+00
  3.2400000000E+00  4.2000000000E+00  1.5799428538E+00
  3.2400000000E+00  4.3000000000E+00  1.6059872152E+00
  3.2400000000E+00  4.4000000000E+00  1.6312877587E+00
  3.2400000000E+00  4.5000000000E+00  1.6557752960E+00
  3.2400000000E+00  4.6000000000E+00  1.6793798598E+00
  3.2400000000E+00  4.7000000000E+00  1.7020310874E+00
  3.2400000000E+00  4.8000000000E+00  1.7236586434E+00
  3.2400000000E+00  4.9000000000E+00  1.7441926781E+00
  3.2400000000E+00  5.0000000000E+00  1.7635643202E+00
  3.2400000000E+00  5.1000000000E+00  1.7817061997E+00
  3.2400000000E+00  5.2000000000E+00  1.7985529972E+00
  3.2400000000E+00  5.3000000000E+00  1.8140420136E+00
  3.2400000000E+00  5.4000000000E+00  1.8281137556E+00
  3.2400000000E+00  5.5000000000E+00  1.8407125298E+00
  3.2400000000E+00  5.6000000000E+00  1.8517870386E+00
  3.2400000000E+00  5.7000000000E+00  1.8612909701E+00
  3.2400000000E+00  5.8000000000E+00  1.8691835750E+00
  3.2400000000E+00  5.9000000000E+00  1.8754302204E+00
  3.2400000000E+00  6.0000000000E+00  1.8800029142E+00
  3.2400000000E+00  6.1000000000E+00  1.8828807905E+00
  3.2400000000E+00  6.2000000000E+00  1.8840505473E+00
  3.2400000000E+00  6.3000000000E+00  1.8835068301E+00
  3.2400000000E+00  6.4000000000E+00  1.8812525522E+00
  3.2400000000E+00  6.5000000000E+00  1.8772991454E+00
  3.2400000000E+00  6.6000000000E+00  1.8716667352E+00
  3.2400000000E+00  6.7000000000E+00  1.8643842346E+00
  3.2400000000E+00  6.8000000000E+00  1.8554893525E+00
  3.2400000000E+00  6.9000000000E+00  1.8450285123E+00
  3.2400000000E+00  7.0000000000E+00  1.8330566814E+00
  3.2400000000E+00  7.1000000000E+00  1.8196371067E+00
  3.2400000000E+00  7.2000000000E+00  1.8048409607E+00
  3.2400000000E+00  7.3000000000E+00  1.7887468966E+00
  3.2400000000E+00  7.4000000000E+00  1.7714405186E+00
  3.2400000000E+00  7.5000000000E+00  1.7530137689E+00
  3.2400000000E+00  7.6000000000E+00  1.7335642398E+00
  3.2400000000E+00  7.7000000000E+00  1.7131944160E+00
  3.2400000000E+00  7.8000000000E+00  1.6920108565E+00
  3.2400000000E+00  7.9000000000E+00  1.6701233236E+00
  3.2400000000E+00  8.0000000000E+00  1.6476438713E+00
  3.2400000000E+00  8.1000000000E+00  1.6246859007E+00
  3.2400000000E+00  8.2000000000E+00  1.6013631969E+00
  3.2400000000E+00  8.3000000000E+00  1.5777889560E+00
  3.2400000000E+00  8.4000000000E+00  1.5540748160E+00
  3.2400000000E+00  8.5000000000E+00  1.5303299029E+00
  3.2400000000E+00  8.6000000000E+00  1.5066599031E+00
  3.2400000000E+00  8.7000000000E+00  1.4831661737E+00
  3.2400000000E+00  8.8000000000E+00  1.4599449023E+00
  3.2400000000E+00  8.9000000000E+00  1.4370863251E+00
  3.2400000000E+00  9.0000000000E+00  1.4146740130E+00
  3.2400000000E+00  9.1000000000E+00  1.3927842350E+00
  3.2400000000E+00  9.2000000000E+00  1.3714854042E+00
  3.2400000000E+00  9.3000000000E+00  1.3508376137E+00
  3.2400000000E+00  9.4000000000E+00  1.3308922677E+00
  3.2400000000E+00  9.5000000000E+00  1.3116918084E+00
  3.2400000000E+00  9.6000000000E+00  1.2932695446E+00
  3.2400000000E+00  9.7000000000E+00  1.2756495789E+00
  3.2400000000E+00  9.8000000000E+00  1.2588468353E+00
  3.2400000000E+00  9.9000000000E+00  1.2428671839E+00
  3.2400000000E+00  1.0000000000E+01  1.2277076591E+00

  3.2800000000E+00  0.0000000000E+00  3.8338554641E-01
  3.2800000000E+00  1.0000000000E-01  4.0338987915E-01
  3.2800000000E+00  2.0000000000E-01  4.2395230430E-01
  3.2800000000E+00  3.0000000000E-01  4.4506233478E-01
  3.2800000000E+00  4.0000000000E-01  4.6670837971E-01
  3.2800000000E+00  5.0000000000E-01  4.8887779522E-01
  3.2800000000E+00  6.0000000000E-01  5.1155693752E-01
  3.2800000000E+00  7.0000000000E-01  5.3473121731E-01
  3.2800000000E+00  8.0000000000E-01  5.5838515458E-01
  3.2800000000E+00  9.0000000000E-01  5.8250243282E-01
  3.2800000000E+00  1.0000000000E+00  6.0706595146E-01
  3.2800000000E+00  1.1000000000E+00  6.3205787572E-01
  3.2800000000E+00  1.2000000000E+00  6.5745968242E-01
  3.2800000000E+00  1.3000000000E+00  6.8325220110E-01
  3.2800000000E+00  1.4000000000E+00  7.0941564897E-01
  3.2800000000E+00  1.5000000000E+00  7.3592965896E-01
  3.2800000000E+00  1.6000000000E+00  7.6277329971E-01
  3.2800000000E+00  1.7000000000E+00  7.8992508663E-01
  3.2800000000E+00  1.8000000000E+00  8.1736298320E-01
  3.2800000000E+00  1.9000000000E+00  8.4506439173E-01
  3.2800000000E+00  2.0000000000E+00  8.7300613318E-01
  3.2800000000E+00  2.1000000000E+00  9.0116441532E-01
  3.2800000000E+00  2.2000000000E+00  9.2951478936E-01
  3.2800000000E+00  2.3000000000E+00  9.5803209470E-01
  3.2800000000E+00  2.4000000000E+00  9.8669039238E-01
  3.2800000000E+00  2.5000000000E+00  1.0154628874E+00
  3.2800000000E+00  2.6000000000E+00  1.0443218412E+00
  3.2800000000E+00  2.7000000000E+00  1.0732384745E+00
  3.2800000000E+00  2.8000000000E+00  1.1021828634E+00
  3.2800000000E+00  2.9000000000E+00  1.1311238289E+00
  3.2800000000E+00  3.0000000000E+00  1.1600288229E+00
  3.2800000000E+00  3.1000000000E+00  1.1888638134E+00
  3.2800000000E+00  3.2000000000E+00  1.2175931703E+00
  3.2800000000E+00  3.3000000000E+00  1.2461795564E+00
  3.2800000000E+00  3.4000000000E+00  1.2745838256E+00
  3.2800000000E+00  3.5000000000E+00  1.3027649329E+00
  3.2800000000E+00  3.6000000000E+00  1.3306798588E+00
  3.2800000000E+00  3.7000000000E+00  1.3582835526E+00
  3.2800000000E+00  3.8000000000E+00  1.3855288983E+00
  3.2800000000E+00  3.9000000000E+00  1.4123667066E+00
  3.2800000000E+00  4.0000000000E+00  1.4387457366E+00
  3.2800000000E+00  4.1000000000E+00  1.4646127509E+00
  3.2800000000E+00  4.2000000000E+00  1.4899126072E+00
  3.2800000000E+00  4.3000000000E+00  1.5145883889E+00
  3.2800000000E+00  4.4000000000E+00  1.5385815770E+00
  3.2800000000E+00  4.5000000000E+00  1.5618322651E+00
  3.2800000000E+00  4.6000000000E+00  1.5842794185E+00
  3.2800000000E+00  4.7000000000E+00  1.6058611774E+00
  3.2800000000E+00  4.8000000000E+00  1.6265152049E+00
  3.2800000000E+00  4.9000000000E+00  1.6461790764E+00
  3.2800000000E+00  5.0000000000E+00  1.6647907106E+00
  3.2800000000E+00  5.1000000000E+00  1.6822888374E+00
  3.2800000000E+00  5.2000000000E+00  1.6986134997E+00
  3.2800000000E+00  5.3000000000E+00  1.7137065835E+00
  3.2800000000E+00  5.4000000000E+00  1.7275123726E+00
  3.2800000000E+00  5.5000000000E+00  1.7399781181E+00
  3.2800000000E+00  5.6000000000E+00  1.7510546204E+00
  3.2800000000E+00  5.7000000000E+00  1.7606968110E+00
  3.2800000000E+00  5.8000000000E+00  1.7688643305E+00
  3.2800000000E+00  5.9000000000E+00  1.7755220906E+00
  3.2800000000E+00  6.0000000000E+00  1.7806408148E+00
  3.2800000000E+00  6.1000000000E+00  1.7841975458E+00
  3.2800000000E+00  6.2000000000E+00  1.7861761135E+00
  3.2800000000E+00  6.3000000000E+00  1.7865675534E+00
  3.2800000000E+00  6.4000000000E+00  1.7853704683E+00
  3.2800000000E+00  6.5000000000E+00  1.7825913258E+00
  3.2800000000E+00  6.6000000000E+00  1.7782446836E+00
  3.2800000000E+00  6.7000000000E+00  1.7723533386E+00
  3.2800000000E+00  6.8000000000E+00  1.7649483928E+00
  3.2800000000E+00  6.9000000000E+00  1.7560692335E+00
  3.2800000000E+00  7.0000000000E+00  1.7457634251E+00
  3.2800000000E+00  7.1000000000E+00  1.7340865095E+00
  3.2800000000E+00  7.2000000000E+00  1.7211017171E+00
  3.2800000000E+00  7.3000000000E+00  1.7068795883E+00
  3.2800000000E+00  7.4000000000E+00  1.6914975084E+00
  3.2800000000E+00  7.5000000000E+00  1.6750391597E+00
  3.2800000000E+00  7.6000000000E+00  1.6575938971E+00
  3.2800000000E+00  7.7000000000E+00  1.6392560515E+00
  3.2800000000E+00  7.8000000000E+00  1.6201241711E+00
  3.2800000000E+00  7.9000000000E+00  1.6003002071E+00
  3.2800000000E+00  8.0000000000E+00  1.5798886551E+00
  3.2800000000E+00  8.1000000000E+00  1.5589956609E+00
  3.2800000000E+00  8.2000000000E+00  1.5377281031E+00
  3.2800000000E+00  8.3000000000E+00  1.5161926623E+00
  3.2800000000E+00  8.4000000000E+00  1.4944948898E+00
  3.2800000000E+00  8.5000000000E+00  1.4727382866E+00
  3.2800000000E+00  8.6000000000E+00  1.4510234041E+00
  3.2800000000E+00  8.7000000000E+00  1.4294469783E+00
  3.2800000000E+00  8.8000000000E+00  1.4081011076E+00
  3.2800000000E+00  8.9000000000E+00  1.3870724847E+00
  3.2800000000E+00  9.0000000000E+00  1.3664416911E+00
  3.2800000000E+00  9.1000000000E+00  1.3462825634E+00
  3.2800000000E+00  9.2000000000E+00  1.3266616383E+00
  3.2800000000E+00  9.3000000000E+00  1.3076376819E+00
  3.2800000000E+00  9.4000000000E+00  1.2892613088E+00
  3.2800000000E+00  9.5000000000E+00  1.2715746943E+00
  3.2800000000E+00  9.6000000000E+00  1.2546113815E+00
  3.2800000000E+00  9.7000000000E+00  1.2383961850E+00
  3.2800000000E+00  9.8000000000E+00  1.2229451897E+00
  3.2800000000E+00  9.9000000000E+00  1.2082658438E+00
  3.2800000000E+00  1.0000000000E+01  1.1943571421E+00

  3.3200000000E+00  0.0000000000E+00  3.9071573962E-01
  3.3200000000E+00  1.0000000000E-01  4.1040829655E-01
  3.3200000000E+00  2.0000000000E-01  4.3060184598E-01
  3.3200000000E+00  3.0000000000E-01  4.5128349559E-01
  3.3200000000E+00  4.0000000000E-01  4.7243939861E-01
  3.3200000000E+00  5.0000000000E-01  4.9405482410E-01
  3.3200000000E+00  6.0000000000E-01  5.1611422903E-01
  3.3200000000E+00  7.0000000000E-01  5.3860133148E-01
  3.3200000000E+00  8.0000000000E-01  5.6149918338E-01
  3.3200000000E+00  9.0000000000E-01  5.8479024206E-01
  3.3200000000E+00  1.0000000000E+00  6.0845643907E-01
  3.3200000000E+00  1.1000000000E+00  6.3247924531E-01
  3.3200000000E+00  1.2000000000E+00  6.5683973110E-01
  3.3200000000E+00  1.3000000000E+00  6.8151862007E-01
  3.3200000000E+00  1.4000000000E+00  7.0649633564E-01
  3.3200000000E+00  1.5000000000E+00  7.3175303892E-01
  3.3200000000E+00  1.6000000000E+00  7.5726865704E-01
  3.3200000000E+00  1.7000000000E+00  7.8302290081E-01
  3.3200000000E+00  1.8000000000E+00  8.0899527079E-01
  3.3200000000E+00  1.9000000000E+00  8.3516505107E-01
  3.3200000000E+00  2.0000000000E+00  8.6151129012E-01
  3.3200000000E+00  2.1000000000E+00  8.8801276808E-01
  3.3200000000E+00  2.2000000000E+00  9.1464795055E-01
  3.3200000000E+00  2.3000000000E+00  9.4139492857E-01
  3.3200000000E+00  2.4000000000E+00  9.6823134518E-01
  3.3200000000E+00  2.5000000000E+00  9.9513430907E-01
  3.3200000000E+00  2.6000000000E+00  1.0220802961E+00
  3.3200000000E+00  2.7000000000E+00  1.0490450397E+00
  3.3200000000E+00  2.8000000000E+00  1.0760034122E+00
  3.3200000000E+00  2.9000000000E+00  1.1029292977E+00
  3.3200000000E+00  3.0000000000E+00  1.1297954603E+00
  3.3200000000E+00  3.1000000000E+00  1.1565734086E+00
  3.3200000000E+00  3.2000000000E+00  1.1832332601E+00
  3.3200000000E+00  3.3000000000E+00  1.2097436085E+00
  3.3200000000E+00  3.4000000000E+00  1.2360713976E+00
  3.3200000000E+00  3.5000000000E+00  1.2621818040E+00
  3.3200000000E+00  3.6000000000E+00  1.2880381347E+00
  3.3200000000E+00  3.7000000000E+00  1.3136017405E+00
  3.3200000000E+00  3.8000000000E+00  1.3388319527E+00
  3.3200000000E+00  3.9000000000E+00  1.3636860432E+00
  3.3200000000E+00  4.0000000000E+00  1.3881192147E+00
  3.3200000000E+00  4.1000000000E+00  1.4120846230E+00
  3.3200000000E+00  4.2000000000E+00  1.4355334357E+00
  3.3200000000E+00  4.3000000000E+00  1.4584149286E+00
  3.3200000000E+00  4.4000000000E+00  1.4806766247E+00
  3.3200000000E+00  4.5000000000E+00  1.5022644749E+00
  3.3200000000E+00  4.6000000000E+00  1.5231230841E+00
  3.3200000000E+00  4.7000000000E+00  1.5431959817E+00
  3.3200000000E+00  4.8000000000E+00  1.5624259363E+00
  3.3200000000E+00  4.9000000000E+00  1.5807553154E+00
  3.3200000000E+00  5.0000000000E+00  1.5981264852E+00
  3.3200000000E+00  5.1000000000E+00  1.6144822508E+00
  3.3200000000E+00  5.2000000000E+00  1.6297663302E+00
  3.3200000000E+00  5.3000000000E+00  1.6439238611E+00
  3.3200000000E+00  5.4000000000E+00  1.6569019313E+00
  3.3200000000E+00  5.5000000000E+00  1.6686501298E+00
  3.3200000000E+00  5.6000000000E+00  1.6791211099E+00
  3.3200000000E+00  5.7000000000E+00  1.6882711579E+00
  3.3200000000E+00  5.8000000000E+00  1.6960607587E+00
  3.3200000000E+00  5.9000000000E+00  1.7024551513E+00
  3.3200000000E+00  6.0000000000E+00  1.7074248633E+00
  3.3200000000E+00  6.1000000000E+00  1.7109462189E+00
  3.3200000000E+00  6.2000000000E+00  1.7130018087E+00
  3.3200000000E+00  6.3000000000E+00  1.7135809158E+00
  3.3200000000E+00  6.4000000000E+00  1.7126798871E+00
  3.3200000000E+00  6.5000000000E+00  1.7103024452E+00
  3.3200000000E+00  6.6000000000E+00  1.7064599318E+00
  3.3200000000E+00  6.7000000000E+00  1.7011714786E+00
  3.3200000000E+00  6.8000000000E+00  1.6944640980E+00
  3.3200000000E+00  6.9000000000E+00  1.6863726924E+00
  3.3200000000E+00  7.0000000000E+00  1.6769399768E+00
  3.3200000000E+00  7.1000000000E+00  1.6662163149E+00
  3.3200000000E+00  7.2000000000E+00  1.6542594670E+00
  3.3200000000E+00  7.3000000000E+00  1.6411342509E+00
  3.3200000000E+00  7.4000000000E+00  1.6269121191E+00
  3.3200000000E+00  7.5000000000E+00  1.6116706539E+00
  3.3200000000E+00  7.6000000000E+00  1.5954929877E+00
  3.3200000000E+00  7.7000000000E+00  1.5784671523E+00
  3.3200000000E+00  7.8000000000E+00  1.5606853658E+00
  3.3200000000E+00  7.9000000000E+00  1.5422432648E+00
  3.3200000000E+00  8.0000000000E+00  1.5232390910E+00
  3.3200000000E+00  8.1000000000E+00  1.5037728425E+00
  3.3200000000E+00  8.2000000000E+00  1.4839453995E+00
  3.3200000000E+00  8.3000000000E+00  1.4638576359E+00
  3.3200000000E+00  8.4000000000E+00  1.4436095278E+00
  3.3200000000E+00  8.5000000000E+00  1.4232992698E+00
  3.3200000000E+00  8.6000000000E+00  1.4030224105E+00
  3.3200000000E+00  8.7000000000E+00  1.3828710184E+00
  3.3200000000E+00  8.8000000000E+00  1.3629328875E+00
  3.3200000000E+00  8.9000000000E+00  1.3432907935E+00
  3.3200000000E+00  9.0000000000E+00  1.3240218089E+00
  3.3200000000E+00  9.1000000000E+00  1.3051966855E+00
  3.3200000000E+00  9.2000000000E+00  1.2868793114E+00
  3.3200000000E+00  9.3000000000E+00  1.2691262472E+00
  3.3200000000E+00  9.4000000000E+00  1.2519863492E+00
  3.3200000000E+00  9.5000000000E+00  1.2355004794E+00
  3.3200000000E+00  9.6000000000E+00  1.2197013069E+00
  3.3200000000E+00  9.7000000000E+00  1.2046132019E+00
  3.3200000000E+00  9.8000000000E+00  1.1902522198E+00
  3.3200000000E+00  9.9000000000E+00  1.1766261756E+00
  3.3200000000E+00  1.0000000000E+01  1.1637348056E+00

  3.3600000000E+00  0.0000000000E+00  4.8050214613E-01
  3.3600000000E+00  1.0000000000E-01  5.0014232261E-01
  3.3600000000E+00  2.0000000000E-01  5.2006137605E-01
  3.3600000000E+00  3.0000000000E-01  5.4024565715E-01
  3.3600000000E+00  4.0000000000E-01  5.6068189632E-01
  3.3600000000E+00  5.0000000000E-01  5.8135725919E-01
  3.3600000000E+00  6.0000000000E-01  6.0225938980E-01
  3.3600000000E+00  7.0000000000E-01  6.2337644106E-01
  3.3600000000E+00  8.0000000000E-01  6.4469709216E-01
  3.3600000000E+00  9.0000000000E-01  6.6621055264E-01
  3.3600000000E+00  1.0000000000E+00  6.8790655309E-01
  3.3600000000E+00  1.1000000000E+00  7.0977532261E-01
  3.3600000000E+00  1.2000000000E+00  7.3180755327E-01
  3.3600000000E+00  1.3000000000E+00  7.5399435171E-01
  3.3600000000E+00  1.4000000000E+00  7.7632717858E-01
  3.3600000000E+00  1.5000000000E+00  7.9879777602E-01
  3.3600000000E+00  1.6000000000E+00  8.2139808395E-01
  3.3600000000E+00  1.7000000000E+00  8.4412014574E-01
  3.3600000000E+00  1.8000000000E+00  8.6695600381E-01
  3.3600000000E+00  1.9000000000E+00  8.8989758608E-01
  3.3600000000E+00  2.0000000000E+00  9.1293658385E-01
  3.3600000000E+00  2.1000000000E+00  9.3606432202E-01
  3.3600000000E+00  2.2000000000E+00  9.5927162248E-01
  3.3600000000E+00  2.3000000000E+00  9.8254866157E-01
  3.3600000000E+00  2.4000000000E+00  1.0058848228E+00
  3.3600000000E+00  2.5000000000E+00  1.0292685455E+00
  3.3600000000E+00  2.6000000000E+00  1.0526871714E+00
  3.3600000000E+00  2.7000000000E+00  1.0761267897E+00
  3.3600000000E+00  2.8000000000E+00  1.0995720824E+00
  3.3600000000E+00  2.9000000000E+00  1.1230061716E+00
  3.3600000000E+00  3.0000000000E+00  1.1464104712E+00
  3.3600000000E+00  3.1000000000E+00  1.1697645437E+00
  3.3600000000E+00  3.2000000000E+00  1.1930459655E+00
  3.3600000000E+00  3.3000000000E+00  1.2162302022E+00
  3.3600000000E+00  3.4000000000E+00  1.2392904977E+00
  3.3600000000E+00  3.5000000000E+00  1.2621977781E+00
  3.3600000000E+00  3.6000000000E+00  1.2849205745E+00
  3.3600000000E+00  3.7000000000E+00  1.3074249672E+00
  3.3600000000E+00  3.8000000000E+00  1.3296745542E+00
  3.3600000000E+00  3.9000000000E+00  1.3516304468E+00
  3.3600000000E+00  4.0000000000E+00  1.3732512952E+00
  3.3600000000E+00  4.1000000000E+00  1.3944933465E+00
  3.3600000000E+00  4.2000000000E+00  1.4153105387E+00
  3.3600000000E+00  4.3000000000E+00  1.4356546306E+00
  3.3600000000E+00  4.4000000000E+00  1.4554753720E+00
  3.3600000000E+00  4.5000000000E+00  1.4747207127E+00
  3.3600000000E+00  4.6000000000E+00  1.4933370539E+00
  3.3600000000E+00  4.7000000000E+00  1.5112695399E+00
  3.3600000000E+00  4.8000000000E+00  1.5284623905E+00
  3.3600000000E+00  4.9000000000E+00  1.5448592737E+00
  3.3600000000E+00  5.0000000000E+00  1.5604037146E+00
  3.3600000000E+00  5.1000000000E+00  1.5750395404E+00
  3.3600000000E+00  5.2000000000E+00  1.5887113563E+00
  3.3600000000E+00  5.3000000000E+00  1.6013650479E+00
  3.3600000000E+00  5.4000000000E+00  1.6129483067E+00
  3.3600000000E+00  5.5000000000E+00  1.6234111715E+00
  3.3600000000E+00  5.6000000000E+00  1.6327065796E+00
  3.3600000000E+00  5.7000000000E+00  1.6407909219E+00
  3.3600000000E+00  5.8000000000E+00  1.6476245933E+00
  3.3600000000E+00  5.9000000000E+00  1.6531725310E+00
  3.3600000000E+00  6.0000000000E+00  1.6574047336E+00
  3.3600000000E+00  6.1000000000E+00  1.6602967514E+00
  3.3600000000E+00  6.2000000000E+00  1.6618301416E+00
  3.3600000000E+00  6.3000000000E+00  1.6619928790E+00
  3.3600000000E+00  6.4000000000E+00  1.6607797152E+00
  3.3600000000E+00  6.5000000000E+00  1.6581924801E+00
  3.3600000000E+00  6.6000000000E+00  1.6542403180E+00
  3.3600000000E+00  6.7000000000E+00  1.6489398530E+00
  3.3600000000E+00  6.8000000000E+00  1.6423152792E+00
  3.3600000000E+00  6.9000000000E+00  1.6343983721E+00
  3.3600000000E+00  7.0000000000E+00  1.6252284171E+00
  3.3600000000E+00  7.1000000000E+00  1.6148520553E+00
  3.3600000000E+00  7.2000000000E+00  1.6033230451E+00
  3.3600000000E+00  7.3000000000E+00  1.5907019407E+00
  3.3600000000E+00  7.4000000000E+00  1.5770556896E+00
  3.3600000000E+00  7.5000000000E+00  1.5624571525E+00
  3.3600000000E+00  7.6000000000E+00  1.5469845510E+00
  3.3600000000E+00  7.7000000000E+00  1.5307208471E+00
  3.3600000000E+00  7.8000000000E+00  1.5137530630E+00
  3.3600000000E+00  7.9000000000E+00  1.4961715482E+00
  3.3600000000E+00  8.0000000000E+00  1.4780692027E+00
  3.3600000000E+00  8.1000000000E+00  1.4595406656E+00
  3.3600000000E+00  8.2000000000E+00  1.4406814794E+00
  3.3600000000E+00  8.3000000000E+00  1.4215872404E+00
  3.3600000000E+00  8.4000000000E+00  1.4023527445E+00
  3.3600000000E+00  8.5000000000E+00  1.3830711419E+00
  3.3600000000E+00  8.6000000000E+00  1.3638331080E+00
  3.3600000000E+00  8.7000000000E+00  1.3447260436E+00
  3.3600000000E+00  8.8000000000E+00  1.3258333129E+00
  3.3600000000E+00  8.9000000000E+00  1.3072335287E+00
  3.3600000000E+00  9.0000000000E+00  1.2889998944E+00
  3.3600000000E+00  9.1000000000E+00  1.2711996093E+00
  3.3600000000E+00  9.2000000000E+00  1.2538933452E+00
  3.3600000000E+00  9.3000000000E+00  1.2371347989E+00
  3.3600000000E+00  9.4000000000E+00  1.2209703265E+00
  3.3600000000E+00  9.5000000000E+00  1.2054386614E+00
  3.3600000000E+00  9.6000000000E+00  1.1905707201E+00
  3.3600000000E+00  9.7000000000E+00  1.1763894944E+00
  3.3600000000E+00  9.8000000000E+00  1.1629100317E+00
  3.3600000000E+00  9.9000000000E+00  1.1501395014E+00
  3.3600000000E+00  1.0000000000E+01  1.1380773432E+00

  3.4000000000E+00  0.0000000000E+00  5.7333912537E-01
  3.4000000000E+00  1.0000000000E-01  5.9303055442E-01
  3.4000000000E+00  2.0000000000E-01  6.1278881426E-01
  3.4000000000E+00  3.0000000000E-01  6.3260072829E-01
  3.4000000000E+00  4.0000000000E-01  6.5245483254E-01
  3.4000000000E+00  5.0000000000E-01  6.7234139948E-01
  3.4000000000E+00  6.0000000000E-01  6.9225243459E-01
  3.4000000000E+00  7.0000000000E-01  7.1218164622E-01
  3.4000000000E+00  8.0000000000E-01  7.3212438914E-01
  3.4000000000E+00  9.0000000000E-01  7.5207758300E-01
  3.4000000000E+00  1.0000000000E+00  7.7203960708E-01
  3.4000000000E+00  1.1000000000E+00  7.9201017291E-01
  3.4000000000E+00  1.2000000000E+00  8.1199017672E-01
  3.4000000000E+00  1.3000000000E+00  8.3198153393E-01
  3.4000000000E+00  1.4000000000E+00  8.5198699783E-01
  3.4000000000E+00  1.5000000000E+00  8.7200996493E-01
  3.4000000000E+00  1.6000000000E+00  8.9205426935E-01
  3.4000000000E+00  1.7000000000E+00  9.1212396877E-01
  3.4000000000E+00  1.8000000000E+00  9.3222312422E-01
  3.4000000000E+00  1.9000000000E+00  9.5235557614E-01
  3.4000000000E+00  2.0000000000E+00  9.7252471903E-01
  3.4000000000E+00  2.1000000000E+00  9.9273327655E-01
  3.4000000000E+00  2.2000000000E+00  1.0129830794E+00
  3.4000000000E+00  2.3000000000E+00  1.0332748474E+00
  3.4000000000E+00  2.4000000000E+00  1.0536079783E+00
  3.4000000000E+00  2.5000000000E+00  1.0739803436E+00
  3.4000000000E+00  2.6000000000E+00  1.0943880943E+00
  3.4000000000E+00  2.7000000000E+00  1.1148254769E+00
  3.4000000000E+00  2.8000000000E+00  1.1352846618E+00
  3.4000000000E+00  2.9000000000E+00  1.1557555845E+00
  3.4000000000E+00  3.0000000000E+00  1.1762258016E+00
  3.4000000000E+00  3.1000000000E+00  1.1966803627E+00
  3.4000000000E+00  3.2000000000E+00  1.2171016994E+00
  3.4000000000E+00  3.3000000000E+00  1.2374695327E+00
  3.4000000000E+00  3.4000000000E+00  1.2577608008E+00
  3.4000000000E+00  3.5000000000E+00  1.2779496074E+00
  3.4000000000E+00  3.6000000000E+00  1.2980071946E+00
  3.4000000000E+00  3.7000000000E+00  1.3179019388E+00
  3.4000000000E+00  3.8000000000E+00  1.3375993738E+00
  3.4000000000E+00  3.9000000000E+00  1.3570622421E+00
  3.4000000000E+00  4.0000000000E+00  1.3762505752E+00
  3.4000000000E+00  4.1000000000E+00  1.3951218049E+00
  3.4000000000E+00  4.2000000000E+00  1.4136309082E+00
  3.4000000000E+00  4.3000000000E+00  1.4317305843E+00
  3.4000000000E+00  4.4000000000E+00  1.4493714677E+00
  3.4000000000E+00  4.5000000000E+00  1.4665023756E+00
  3.4000000000E+00  4.6000000000E+00  1.4830705913E+00
  3.4000000000E+00  4.7000000000E+00  1.4990221822E+00
  3.4000000000E+00  4.8000000000E+00  1.5143023526E+00
  3.4000000000E+00  4.9000000000E+00  1.5288558298E+00
  3.4000000000E+00  5.0000000000E+00  1.5426272807E+00
  3.4000000000E+00  5.1000000000E+00  1.5555617575E+00
  3.4000000000E+00  5.2000000000E+00  1.5676051688E+00
  3.4000000000E+00  5.3000000000E+00  1.5787047712E+00
  3.4000000000E+00  5.4000000000E+00  1.5888096793E+00
  3.4000000000E+00  5.5000000000E+00  1.5978713862E+00
  3.4000000000E+00  5.6000000000E+00  1.6058442909E+00
  3.4000000000E+00  5.7000000000E+00  1.6126862252E+00
  3.4000000000E+00  5.8000000000E+00  1.6183589735E+00
  3.4000000000E+00  5.9000000000E+00  1.6228287798E+00
  3.4000000000E+00  6.0000000000E+00  1.6260668332E+00
  3.4000000000E+00  6.1000000000E+00  1.6280497250E+00
  3.4000000000E+00  6.2000000000E+00  1.6287598707E+00
  3.4000000000E+00  6.3000000000E+00  1.6281858895E+00
  3.4000000000E+00  6.4000000000E+00  1.6263229337E+00
  3.4000000000E+00  6.5000000000E+00  1.6231729634E+00
  3.4000000000E+00  6.6000000000E+00  1.6187449580E+00
  3.4000000000E+00  6.7000000000E+00  1.6130550622E+00
  3.4000000000E+00  6.8000000000E+00  1.6061266597E+00
  3.4000000000E+00  6.9000000000E+00  1.5979903724E+00
  3.4000000000E+00  7.0000000000E+00  1.5886839829E+00
  3.4000000000E+00  7.1000000000E+00  1.5782522769E+00
  3.4000000000E+00  7.2000000000E+00  1.5667468082E+00
  3.4000000000E+00  7.3000000000E+00  1.5542255842E+00
  3.4000000000E+00  7.4000000000E+00  1.5407526760E+00
  3.4000000000E+00  7.5000000000E+00  1.5263977555E+00
  3.4000000000E+00  7.6000000000E+00  1.5112355630E+00
  3.4000000000E+00  7.7000000000E+00  1.4953453131E+00
  3.4000000000E+00  7.8000000000E+00  1.4788100422E+00
  3.4000000000E+00  7.9000000000E+00  1.4617159079E+00
  3.4000000000E+00  8.0000000000E+00  1.4441514461E+00
  3.4000000000E+00  8.1000000000E+00  1.4262067964E+00
  3.4000000000E+00  8.2000000000E+00  1.4079729042E+00
  3.4000000000E+00  8.3000000000E+00  1.3895407093E+00
  3.4000000000E+00  8.4000000000E+00  1.3710003322E+00
  3.4000000000E+00  8.5000000000E+00  1.3524402666E+00
  3.4000000000E+00  8.6000000000E+00  1.3339465897E+00
  3.4000000000E+00  8.7000000000E+00  1.3156021986E+00
  3.4000000000E+00  8.8000000000E+00  1.2974860841E+00
  3.4000000000E+00  8.9000000000E+00  1.2796726491E+00
  3.4000000000E+00  9.0000000000E+00  1.2622310809E+00
  3.4000000000E+00  9.1000000000E+00  1.2452247844E+00
  3.4000000000E+00  9.2000000000E+00  1.2287108828E+00
  3.4000000000E+00  9.3000000000E+00  1.2127397914E+00
  3.4000000000E+00  9.4000000000E+00  1.1973548688E+00
  3.4000000000E+00  9.5000000000E+00  1.1825921489E+00
  3.4000000000E+00  9.6000000000E+00  1.1684801558E+00
  3.4000000000E+00  9.7000000000E+00  1.1550398025E+00
  3.4000000000E+00  9.8000000000E+00  1.1422843731E+00
  3.4000000000E+00  9.9000000000E+00  1.1302195873E+00
  3.4000000000E+00  1.0000000000E+01  1.1188437442E+00

  3.4400000000E+00  0.0000000000E+00  5.4189043419E-01
  3.4400000000E+00  1.0000000000E-01  5.6161154612E-01
  3.4400000000E+00  2.0000000000E-01  5.8148159606E-01
  3.4400000000E+00  3.0000000000E-01  6.0148785176E-01
  3.4400000000E+00  4.0000000000E-01  6.2161871974E-01
  3.4400000000E+00  5.0000000000E-01  6.4186375577E-01
  3.4400000000E+00  6.0000000000E-01  6.6221365338E-01
  3.4400000000E+00  7.0000000000E-01  6.8266021087E-01
  3.4400000000E+00  8.0000000000E-01  7.0319627769E-01
  3.4400000000E+00  9.0000000000E-01  7.2381568117E-01
  3.4400000000E+00  1.0000000000E+00  7.4451313509E-01
  3.4400000000E+00  1.1000000000E+00  7.6528413167E-01
  3.4400000000E+00  1.2000000000E+00  7.8612481878E-01
  3.4400000000E+00  1.3000000000E+00  8.0703186444E-01
  3.4400000000E+00  1.4000000000E+00  8.2800231050E-01
  3.4400000000E+00  1.5000000000E+00  8.4903341771E-01
  3.4400000000E+00  1.6000000000E+00  8.7012250428E-01
  3.4400000000E+00  1.7000000000E+00  8.9126678004E-01
  3.4400000000E+00  1.8000000000E+00  9.1246317803E-01
  3.4400000000E+00  1.9000000000E+00  9.3370818562E-01
  3.4400000000E+00  2.0000000000E+00  9.5499767676E-01
  3.4400000000E+00  2.1000000000E+00  9.7632674707E-01
  3.4400000000E+00  2.2000000000E+00  9.9768955309E-01
  3.4400000000E+00  2.3000000000E+00  1.0190791572E+00
  3.4400000000E+00  2.4000000000E+00  1.0404873791E+00
  3.4400000000E+00  2.5000000000E+00  1.0619046550E+00
  3.4400000000E+00  2.6000000000E+00  1.0833199056E+00
  3.4400000000E+00  2.7000000000E+00  1.1047204131E+00
  3.4400000000E+00  2.8000000000E+00  1.1260917089E+00
  3.4400000000E+00  2.9000000000E+00  1.1474174715E+00
  3.4400000000E+00  3.0000000000E+00  1.1686794364E+00
  3.4400000000E+00  3.1000000000E+00  1.1898573185E+00
  3.4400000000E+00  3.2000000000E+00  1.2109287476E+00
  3.4400000000E+00  3.3000000000E+00  1.2318692172E+00
  3.4400000000E+00  3.4000000000E+00  1.2526520494E+00
  3.4400000000E+00  3.5000000000E+00  1.2732483758E+00
  3.4400000000E+00  3.6000000000E+00  1.2936271349E+00
  3.4400000000E+00  3.7000000000E+00  1.3137550897E+00
  3.4400000000E+00  3.8000000000E+00  1.3335968637E+00
  3.4400000000E+00  3.9000000000E+00  1.3531150002E+00
  3.4400000000E+00  4.0000000000E+00  1.3722700437E+00
  3.4400000000E+00  4.1000000000E+00  1.3910206456E+00
  3.4400000000E+00  4.2000000000E+00  1.4093236974E+00
  3.4400000000E+00  4.3000000000E+00  1.4271344889E+00
  3.4400000000E+00  4.4000000000E+00  1.4444068970E+00
  3.4400000000E+00  4.5000000000E+00  1.4610936017E+00
  3.4400000000E+00  4.6000000000E+00  1.4771463333E+00
  3.4400000000E+00  4.7000000000E+00  1.4925161478E+00
  3.4400000000E+00  4.8000000000E+00  1.5071537330E+00
  3.4400000000E+00  4.9000000000E+00  1.5210097419E+00
  3.4400000000E+00  5.0000000000E+00  1.5340351544E+00
  3.4400000000E+00  5.1000000000E+00  1.5461816629E+00
  3.4400000000E+00  5.2000000000E+00  1.5574020807E+00
  3.4400000000E+00  5.3000000000E+00  1.5676507704E+00
  3.4400000000E+00  5.4000000000E+00  1.5768840867E+00
  3.4400000000E+00  5.5000000000E+00  1.5850608305E+00
  3.4400000000E+00  5.6000000000E+00  1.5921427091E+00
  3.4400000000E+00  5.7000000000E+00  1.5980947973E+00
  3.4400000000E+00  5.8000000000E+00  1.6028859923E+00
  3.4400000000E+00  5.9000000000E+00  1.6064894575E+00
  3.4400000000E+00  6.0000000000E+00  1.6088830481E+00
  3.4400000000E+00  6.1000000000E+00  1.6100497124E+00
  3.4400000000E+00  6.2000000000E+00  1.6099778607E+00
  3.4400000000E+00  6.3000000000E+00  1.6086616969E+00
  3.4400000000E+00  6.4000000000E+00  1.6061015059E+00
  3.4400000000E+00  6.5000000000E+00  1.6023038902E+00
  3.4400000000E+00  6.6000000000E+00  1.5972819512E+00
  3.4400000000E+00  6.7000000000E+00  1.5910554090E+00
  3.4400000000E+00  6.8000000000E+00  1.5836506581E+00
  3.4400000000E+00  6.9000000000E+00  1.5751007545E+00
  3.4400000000E+00  7.0000000000E+00  1.5654453313E+00
  3.4400000000E+00  7.1000000000E+00  1.5547304430E+00
  3.4400000000E+00  7.2000000000E+00  1.5430083365E+00
  3.4400000000E+00  7.3000000000E+00  1.5303371498E+00
  3.4400000000E+00  7.4000000000E+00  1.5167805404E+00
  3.4400000000E+00  7.5000000000E+00  1.5024072462E+00
  3.4400000000E+00  7.6000000000E+00  1.4872905821E+00
  3.4400000000E+00  7.7000000000E+00  1.4715078785E+00
  3.4400000000E+00  7.8000000000E+00  1.4551398656E+00
  3.4400000000E+00  7.9000000000E+00  1.4382700130E+00
  3.4400000000E+00  8.0000000000E+00  1.4209838290E+00
  3.4400000000E+00  8.1000000000E+00  1.4033681305E+00
  3.4400000000E+00  8.2000000000E+00  1.3855102909E+00
  3.4400000000E+00  8.3000000000E+00  1.3674974753E+00
  3.4400000000E+00  8.4000000000E+00  1.3494158728E+00
  3.4400000000E+00  8.5000000000E+00  1.3313499352E+00
  3.4400000000E+00  8.6000000000E+00  1.3133816320E+00
  3.4400000000E+00  8.7000000000E+00  1.2955897298E+00
  3.4400000000E+00  8.8000000000E+00  1.2780491077E+00
  3.4400000000E+00  8.9000000000E+00  1.2608301134E+00
  3.4400000000E+00  9.0000000000E+00  1.2439979721E+00
  3.4400000000E+00  9.1000000000E+00  1.2276122514E+00
  3.4400000000E+00  9.2000000000E+00  1.2117263918E+00
  3.4400000000E+00  9.3000000000E+00  1.1963873056E+00
  3.4400000000E+00  9.4000000000E+00  1.1816350504E+00
  3.4400000000E+00  9.5000000000E+00  1.1675025788E+00
  3.4400000000E+00  9.6000000000E+00  1.1540155682E+00
  3.4400000000E+00  9.7000000000E+00  1.1411923300E+00
  3.4400000000E+00  9.8000000000E+00  1.1290437995E+00
  3.4400000000E+00  9.9000000000E+00  1.1175736039E+00
  3.4400000000E+00  1.0000000000E+01  1.1067782074E+00

  3.4800000000E+00  0.0000000000E+00  4.4755529172E-01
  3.4800000000E+00  1.0000000000E-01  4.6733077239E-01
  3.4800000000E+00  2.0000000000E-01  4.8749776802E-01
  3.4800000000E+00  3.0000000000E-01  5.0804463058E-01
  3.4800000000E+00  4.0000000000E-01  5.2895923088E-01
  3.4800000000E+00  5.0000000000E-01  5.5022895544E-01
  3.4800000000E+00  6.0000000000E-01  5.7184069753E-01
  3.4800000000E+00  7.0000000000E-01  5.9378084305E-01
  3.4800000000E+00  8.0000000000E-01  6.1603525158E-01
  3.4800000000E+00  9.0000000000E-01  6.3858923359E-01
  3.4800000000E+00  1.0000000000E+00  6.6142752434E-01
  3.4800000000E+00  1.1000000000E+00  6.8453425548E-01
  3.4800000000E+00  1.2000000000E+00  7.0789292507E-01
  3.4800000000E+00  1.3000000000E+00  7.3148636695E-01
  3.4800000000E+00  1.4000000000E+00  7.5529672015E-01
  3.4800000000E+00  1.5000000000E+00  7.7930539919E-01
  3.4800000000E+00  1.6000000000E+00  8.0349306581E-01
  3.4800000000E+00  1.7000000000E+00  8.2783960274E-01
  3.4800000000E+00  1.8000000000E+00  8.5232408986E-01
  3.4800000000E+00  1.9000000000E+00  8.7692478310E-01
  3.4800000000E+00  2.0000000000E+00  9.0161909620E-01
  3.4800000000E+00  2.1000000000E+00  9.2638358533E-01
  3.4800000000E+00  2.2000000000E+00  9.5119393654E-01
  3.4800000000E+00  2.3000000000E+00  9.7602495590E-01
  3.4800000000E+00  2.4000000000E+00  1.0008505619E+00
  3.4800000000E+00  2.5000000000E+00  1.0256437801E+00
  3.4800000000E+00  2.6000000000E+00  1.0503767393E+00
  3.4800000000E+00  2.7000000000E+00  1.0750206696E+00
  3.4800000000E+00  2.8000000000E+00  1.0995459013E+00
  3.4800000000E+00  2.9000000000E+00  1.1239218652E+00
  3.4800000000E+00  3.0000000000E+00  1.1481170940E+00
  3.4800000000E+00  3.1000000000E+00  1.1720992248E+00
  3.4800000000E+00  3.2000000000E+00  1.1958350036E+00
  3.4800000000E+00  3.3000000000E+00  1.2192902920E+00
  3.4800000000E+00  3.4000000000E+00  1.2424300764E+00
  3.4800000000E+00  3.5000000000E+00  1.2652184819E+00
  3.4800000000E+00  3.6000000000E+00  1.2876187911E+00
  3.4800000000E+00  3.7000000000E+00  1.3095934697E+00
  3.4800000000E+00  3.8000000000E+00  1.3311042008E+00
  3.4800000000E+00  3.9000000000E+00  1.3521119290E+00
  3.4800000000E+00  4.0000000000E+00  1.3725769168E+00
  3.4800000000E+00  4.1000000000E+00  1.3924588152E+00
  3.4800000000E+00  4.2000000000E+00  1.4117167504E+00
  3.4800000000E+00  4.3000000000E+00  1.4303094285E+00
  3.4800000000E+00  4.4000000000E+00  1.4481952598E+00
  3.4800000000E+00  4.5000000000E+00  1.4653325051E+00
  3.4800000000E+00  4.6000000000E+00  1.4816794437E+00
  3.4800000000E+00  4.7000000000E+00  1.4971945663E+00
  3.4800000000E+00  4.8000000000E+00  1.5118367911E+00
  3.4800000000E+00  4.9000000000E+00  1.5255657046E+00
  3.4800000000E+00  5.0000000000E+00  1.5383418259E+00
  3.4800000000E+00  5.1000000000E+00  1.5501268943E+00
  3.4800000000E+00  5.2000000000E+00  1.5608841770E+00
  3.4800000000E+00  5.3000000000E+00  1.5705787966E+00
  3.4800000000E+00  5.4000000000E+00  1.5791780741E+00
  3.4800000000E+00  5.5000000000E+00  1.5866518836E+00
  3.4800000000E+00  5.6000000000E+00  1.5929730169E+00
  3.4800000000E+00  5.7000000000E+00  1.5981175497E+00
  3.4800000000E+00  5.8000000000E+00  1.6020652086E+00
  3.4800000000E+00  5.9000000000E+00  1.6047997292E+00
  3.4800000000E+00  6.0000000000E+00  1.6063092028E+00
  3.4800000000E+00  6.1000000000E+00  1.6065864037E+00
  3.4800000000E+00  6.2000000000E+00  1.6056290921E+00
  3.4800000000E+00  6.3000000000E+00  1.6034402855E+00
  3.4800000000E+00  6.4000000000E+00  1.6000284939E+00
  3.4800000000E+00  6.5000000000E+00  1.5954079117E+00
  3.4800000000E+00  6.6000000000E+00  1.5895985619E+00
  3.4800000000E+00  6.7000000000E+00  1.5826263882E+00
  3.4800000000E+00  6.8000000000E+00  1.5745232890E+00
  3.4800000000E+00  6.9000000000E+00  1.5653270922E+00
  3.4800000000E+00  7.0000000000E+00  1.5550814661E+00
  3.4800000000E+00  7.1000000000E+00  1.5438357662E+00
  3.4800000000E+00  7.2000000000E+00  1.5316448155E+00
  3.4800000000E+00  7.3000000000E+00  1.5185686206E+00
  3.4800000000E+00  7.4000000000E+00  1.5046720223E+00
  3.4800000000E+00  7.5000000000E+00  1.4900242853E+00
  3.4800000000E+00  7.6000000000E+00  1.4746986287E+00
  3.4800000000E+00  7.7000000000E+00  1.4587717022E+00
  3.4800000000E+00  7.8000000000E+00  1.4423230130E+00
  3.4800000000E+00  7.9000000000E+00  1.4254343100E+00
  3.4800000000E+00  8.0000000000E+00  1.4081889310E+00
  3.4800000000E+00  8.1000000000E+00  1.3906711216E+00
  3.4800000000E+00  8.2000000000E+00  1.3729653333E+00
  3.4800000000E+00  8.3000000000E+00  1.3551555096E+00
  3.4800000000E+00  8.4000000000E+00  1.3373243683E+00
  3.4800000000E+00  8.5000000000E+00  1.3195526898E+00
  3.4800000000E+00  8.6000000000E+00  1.3019186198E+00
  3.4800000000E+00  8.7000000000E+00  1.2844969954E+00
  3.4800000000E+00  8.8000000000E+00  1.2673587033E+00
  3.4800000000E+00  8.9000000000E+00  1.2505700778E+00
  3.4800000000E+00  9.0000000000E+00  1.2341923470E+00
  3.4800000000E+00  9.1000000000E+00  1.2182811331E+00
  3.4800000000E+00  9.2000000000E+00  1.2028860133E+00
  3.4800000000E+00  9.3000000000E+00  1.1880501473E+00
  3.4800000000E+00  9.4000000000E+00  1.1738099747E+00
  3.4800000000E+00  9.5000000000E+00  1.1601949854E+00
  3.4800000000E+00  9.6000000000E+00  1.1472275670E+00
  3.4800000000E+00  9.7000000000E+00  1.1349229273E+00
  3.4800000000E+00  9.8000000000E+00  1.1232890957E+00
  3.4800000000E+00  9.9000000000E+00  1.1123269986E+00
  3.4800000000E+00  1.0000000000E+01  1.1020306097E+00

  3.5200000000E+00  0.0000000000E+00  3.6794102372E-01
  3.5200000000E+00  1.0000000000E-01  3.8789536892E-01
  3.5200000000E+00  2.0000000000E-01  4.0847600209E-01
  3.5200000000E+00  3.0000000000E-01  4.2967375566E-01
  3.5200000000E+00  4.0000000000E-01  4.5147740609E-01
  3.5200000000E+00  5.0000000000E-01  4.7387363274E-01
  3.5200000000E+00  6.0000000000E-01  4.9684698666E-01
  3.5200000000E+00  7.0000000000E-01  5.2037987014E-01
  3.5200000000E+00  8.0000000000E-01  5.4445252793E-01
  3.5200000000E+00  9.0000000000E-01  5.6904305080E-01
  3.5200000000E+00  1.0000000000E+00  5.9412739213E-01
  3.5200000000E+00  1.1000000000E+00  6.1967939787E-01
  3.5200000000E+00  1.2000000000E+00  6.4567085014E-01
  3.5200000000E+00  1.3000000000E+00  6.7207152464E-01
  3.5200000000E+00  1.4000000000E+00  6.9884926154E-01
  3.5200000000E+00  1.5000000000E+00  7.2597004957E-01
  3.5200000000E+00  1.6000000000E+00  7.5339812263E-01
  3.5200000000E+00  1.7000000000E+00  7.8109606812E-01
  3.5200000000E+00  1.8000000000E+00  8.0902494579E-01
  3.5200000000E+00  1.9000000000E+00  8.3714441592E-01
  3.5200000000E+00  2.0000000000E+00  8.6541287527E-01
  3.5200000000E+00  2.1000000000E+00  8.9378759916E-01
  3.5200000000E+00  2.2000000000E+00  9.2222488793E-01
  3.5200000000E+00  2.3000000000E+00  9.5068021577E-01
  3.5200000000E+00  2.4000000000E+00  9.7910838018E-01
  3.5200000000E+00  2.5000000000E+00  1.0074636500E+00
  3.5200000000E+00  2.6000000000E+00  1.0356999104E+00
  3.5200000000E+00  2.7000000000E+00  1.0637708023E+00
  3.5200000000E+00  2.8000000000E+00  1.0916298559E+00
  3.5200000000E+00  2.9000000000E+00  1.1192306160E+00
  3.5200000000E+00  3.0000000000E+00  1.1465267579E+00
  3.5200000000E+00  3.1000000000E+00  1.1734721937E+00
  3.5200000000E+00  3.2000000000E+00  1.2000211683E+00
  3.5200000000E+00  3.3000000000E+00  1.2261283443E+00
  3.5200000000E+00  3.4000000000E+00  1.2517488775E+00
  3.5200000000E+00  3.5000000000E+00  1.2768384816E+00
  3.5200000000E+00  3.6000000000E+00  1.3013534854E+00
  3.5200000000E+00  3.7000000000E+00  1.3252508820E+00
  3.5200000000E+00  3.8000000000E+00  1.3484883728E+00
  3.5200000000E+00  3.9000000000E+00  1.3710244078E+00
  3.5200000000E+00  4.0000000000E+00  1.3928182248E+00
  3.5200000000E+00  4.1000000000E+00  1.4138298900E+00
  3.5200000000E+00  4.2000000000E+00  1.4340203421E+00
  3.5200000000E+00  4.3000000000E+00  1.4533514433E+00
  3.5200000000E+00  4.4000000000E+00  1.4717860391E+00
  3.5200000000E+00  4.5000000000E+00  1.4892880298E+00
  3.5200000000E+00  4.6000000000E+00  1.5058224557E+00
  3.5200000000E+00  4.7000000000E+00  1.5213555990E+00
  3.5200000000E+00  4.8000000000E+00  1.5358551021E+00
  3.5200000000E+00  4.9000000000E+00  1.5492901054E+00
  3.5200000000E+00  5.0000000000E+00  1.5616314045E+00
  3.5200000000E+00  5.1000000000E+00  1.5728516268E+00
  3.5200000000E+00  5.2000000000E+00  1.5829254273E+00
  3.5200000000E+00  5.3000000000E+00  1.5918297027E+00
  3.5200000000E+00  5.4000000000E+00  1.5995438213E+00
  3.5200000000E+00  5.5000000000E+00  1.6060498671E+00
  3.5200000000E+00  5.6000000000E+00  1.6113328950E+00
  3.5200000000E+00  5.7000000000E+00  1.6153811929E+00
  3.5200000000E+00  5.8000000000E+00  1.6181865469E+00
  3.5200000000E+00  5.9000000000E+00  1.6197445055E+00
  3.5200000000E+00  6.0000000000E+00  1.6200546366E+00
  3.5200000000E+00  6.1000000000E+00  1.6191207730E+00
  3.5200000000E+00  6.2000000000E+00  1.6169512404E+00
  3.5200000000E+00  6.3000000000E+00  1.6135590624E+00
  3.5200000000E+00  6.4000000000E+00  1.6089621370E+00
  3.5200000000E+00  6.5000000000E+00  1.6031833789E+00
  3.5200000000E+00  6.6000000000E+00  1.5962508226E+00
  3.5200000000E+00  6.7000000000E+00  1.5881976818E+00
  3.5200000000E+00  6.8000000000E+00  1.5790623603E+00
  3.5200000000E+00  6.9000000000E+00  1.5688884114E+00
  3.5200000000E+00  7.0000000000E+00  1.5577244426E+00
  3.5200000000E+00  7.1000000000E+00  1.5456239628E+00
  3.5200000000E+00  7.2000000000E+00  1.5326451727E+00
  3.5200000000E+00  7.3000000000E+00  1.5188506960E+00
  3.5200000000E+00  7.4000000000E+00  1.5043072527E+00
  3.5200000000E+00  7.5000000000E+00  1.4890852771E+00
  3.5200000000E+00  7.6000000000E+00  1.4732584821E+00
  3.5200000000E+00  7.7000000000E+00  1.4569033733E+00
  3.5200000000E+00  7.8000000000E+00  1.4400987181E+00
  3.5200000000E+00  7.9000000000E+00  1.4229249744E+00
  3.5200000000E+00  8.0000000000E+00  1.4054636860E+00
  3.5200000000E+00  8.1000000000E+00  1.3877968501E+00
  3.5200000000E+00  8.2000000000E+00  1.3700062655E+00
  3.5200000000E+00  8.3000000000E+00  1.3521728693E+00
  3.5200000000E+00  8.4000000000E+00  1.3343760687E+00
  3.5200000000E+00  8.5000000000E+00  1.3166930791E+00
  3.5200000000E+00  8.6000000000E+00  1.2991982741E+00
  3.5200000000E+00  8.7000000000E+00  1.2819625576E+00
  3.5200000000E+00  8.8000000000E+00  1.2650527658E+00
  3.5200000000E+00  8.9000000000E+00  1.2485311058E+00
  3.5200000000E+00  9.0000000000E+00  1.2324546402E+00
  3.5200000000E+00  9.1000000000E+00  1.2168748224E+00
  3.5200000000E+00  9.2000000000E+00  1.2018370898E+00
  3.5200000000E+00  9.3000000000E+00  1.1873805194E+00
  3.5200000000E+00  9.4000000000E+00  1.1735375509E+00
  3.5200000000E+00  9.5000000000E+00  1.1603337798E+00
  3.5200000000E+00  9.6000000000E+00  1.1477878230E+00
  3.5200000000E+00  9.7000000000E+00  1.1359112586E+00
  3.5200000000E+00  9.8000000000E+00  1.1247086399E+00
  3.5200000000E+00  9.9000000000E+00  1.1141775826E+00
  3.5200000000E+00  1.0000000000E+01  1.1043089230E+00

  3.5600000000E+00  0.0000000000E+00  3.2557159350E-01
  3.5600000000E+00  1.0000000000E-01  3.4612542625E-01
  3.5600000000E+00  2.0000000000E-01  3.6748736856E-01
  3.5600000000E+00  3.0000000000E-01  3.8965067276E-01
  3.5600000000E+00  4.0000000000E-01  4.1260528987E-01
  3.5600000000E+00  5.0000000000E-01  4.3633777698E-01
  3.5600000000E+00  6.0000000000E-01  4.6083122643E-01
  3.5600000000E+00  7.0000000000E-01  4.8606521866E-01
  3.5600000000E+00  8.0000000000E-01  5.1201580002E-01
  3.5600000000E+00  9.0000000000E-01  5.3865548697E-01
  3.5600000000E+00  1.0000000000E+00  5.6595329749E-01
  3.5600000000E+00  1.1000000000E+00  5.9387481014E-01
  3.5600000000E+00  1.2000000000E+00  6.2238225124E-01
  3.5600000000E+00  1.3000000000E+00  6.5143460969E-01
  3.5600000000E+00  1.4000000000E+00  6.8098777905E-01
  3.5600000000E+00  1.5000000000E+00  7.1099472565E-01
  3.5600000000E+00  1.6000000000E+00  7.4140568154E-01
  3.5600000000E+00  1.7000000000E+00  7.7216836016E-01
  3.5600000000E+00  1.8000000000E+00  8.0322819283E-01
  3.5600000000E+00  1.9000000000E+00  8.3452858319E-01
  3.5600000000E+00  2.0000000000E+00  8.6601117695E-01
  3.5600000000E+00  2.1000000000E+00  8.9761614365E-01
  3.5600000000E+00  2.2000000000E+00  9.2928246714E-01
  3.5600000000E+00  2.3000000000E+00  9.6094824127E-01
  3.5600000000E+00  2.4000000000E+00  9.9255096721E-01
  3.5600000000E+00  2.5000000000E+00  1.0240278488E+00
  3.5600000000E+00  2.6000000000E+00  1.0553160822E+00
  3.5600000000E+00  2.7000000000E+00  1.0863531373E+00
  3.5600000000E+00  2.8000000000E+00  1.1170770261E+00
  3.5600000000E+00  2.9000000000E+00  1.1474265569E+00
  3.5600000000E+00  3.0000000000E+00  1.1773415712E+00
  3.5600000000E+00  3.1000000000E+00  1.2067631600E+00
  3.5600000000E+00  3.2000000000E+00  1.2356338602E+00
  3.5600000000E+00  3.3000000000E+00  1.2638978280E+00
  3.5600000000E+00  3.4000000000E+00  1.2915009894E+00
  3.5600000000E+00  3.5000000000E+00  1.3183911681E+00
  3.5600000000E+00  3.6000000000E+00  1.3445181904E+00
  3.5600000000E+00  3.7000000000E+00  1.3698339697E+00
  3.5600000000E+00  3.8000000000E+00  1.3942925700E+00
  3.5600000000E+00  3.9000000000E+00  1.4178502528E+00
  3.5600000000E+00  4.0000000000E+00  1.4404655081E+00
  3.5600000000E+00  4.1000000000E+00  1.4620990730E+00
  3.5600000000E+00  4.2000000000E+00  1.4827139414E+00
  3.5600000000E+00  4.3000000000E+00  1.5022753671E+00
  3.5600000000E+00  4.4000000000E+00  1.5207508651E+00
  3.5600000000E+00  4.5000000000E+00  1.5381102129E+00
  3.5600000000E+00  4.6000000000E+00  1.5543254567E+00
  3.5600000000E+00  4.7000000000E+00  1.5693709239E+00
  3.5600000000E+00  4.8000000000E+00  1.5832232472E+00
  3.5600000000E+00  4.9000000000E+00  1.5958613994E+00
  3.5600000000E+00  5.0000000000E+00  1.6072667441E+00
  3.5600000000E+00  5.1000000000E+00  1.6174231018E+00
  3.5600000000E+00  5.2000000000E+00  1.6263168325E+00
  3.5600000000E+00  5.3000000000E+00  1.6339369361E+00
  3.5600000000E+00  5.4000000000E+00  1.6402751679E+00
  3.5600000000E+00  5.5000000000E+00  1.6453261708E+00
  3.5600000000E+00  5.6000000000E+00  1.6490876196E+00
  3.5600000000E+00  5.7000000000E+00  1.6515603770E+00
  3.5600000000E+00  5.8000000000E+00  1.6527486569E+00
  3.5600000000E+00  5.9000000000E+00  1.6526601919E+00
  3.5600000000E+00  6.0000000000E+00  1.6513063996E+00
  3.5600000000E+00  6.1000000000E+00  1.6487025456E+00
  3.5600000000E+00  6.2000000000E+00  1.6448678950E+00
  3.5600000000E+00  6.3000000000E+00  1.6398258500E+00
  3.5600000000E+00  6.4000000000E+00  1.6336040666E+00
  3.5600000000E+00  6.5000000000E+00  1.6262345464E+00
  3.5600000000E+00  6.6000000000E+00  1.6177536976E+00
  3.5600000000E+00  6.7000000000E+00  1.6082023611E+00
  3.5600000000E+00  6.8000000000E+00  1.5976257969E+00
  3.5600000000E+00  6.9000000000E+00  1.5860736274E+00
  3.5600000000E+00  7.0000000000E+00  1.5735997343E+00
  3.5600000000E+00  7.1000000000E+00  1.5602621063E+00
  3.5600000000E+00  7.2000000000E+00  1.5461226363E+00
  3.5600000000E+00  7.3000000000E+00  1.5312468676E+00
  3.5600000000E+00  7.4000000000E+00  1.5157036881E+00
  3.5600000000E+00  7.5000000000E+00  1.4995649749E+00
  3.5600000000E+00  7.6000000000E+00  1.4829051900E+00
  3.5600000000E+00  7.7000000000E+00  1.4658009309E+00
  3.5600000000E+00  7.8000000000E+00  1.4483304397E+00
  3.5600000000E+00  7.9000000000E+00  1.4305730745E+00
  3.5600000000E+00  8.0000000000E+00  1.4126087500E+00
  3.5600000000E+00  8.1000000000E+00  1.3945173526E+00
  3.5600000000E+00  8.2000000000E+00  1.3763781356E+00
  3.5600000000E+00  8.3000000000E+00  1.3582691049E+00
  3.5600000000E+00  8.4000000000E+00  1.3402663990E+00
  3.5600000000E+00  8.5000000000E+00  1.3224436736E+00
  3.5600000000E+00  8.6000000000E+00  1.3048714988E+00
  3.5600000000E+00  8.7000000000E+00  1.2876167751E+00
  3.5600000000E+00  8.8000000000E+00  1.2707421774E+00
  3.5600000000E+00  8.9000000000E+00  1.2543056350E+00
  3.5600000000E+00  9.0000000000E+00  1.2383598523E+00
  3.5600000000E+00  9.1000000000E+00  1.2229518797E+00
  3.5600000000E+00  9.2000000000E+00  1.2081227385E+00
  3.5600000000E+00  9.3000000000E+00  1.1939071053E+00
  3.5600000000E+00  9.4000000000E+00  1.1803330616E+00
  3.5600000000E+00  9.5000000000E+00  1.1674219095E+00
  3.5600000000E+00  9.6000000000E+00  1.1551880583E+00
  3.5600000000E+00  9.7000000000E+00  1.1436389819E+00
  3.5600000000E+00  9.8000000000E+00  1.1327752484E+00
  3.5600000000E+00  9.9000000000E+00  1.1225906201E+00
  3.5600000000E+00  1.0000000000E+01  1.1130722237E+00

  3.6000000000E+00  0.0000000000E+00  3.2503101967E-01
  3.6000000000E+00  1.0000000000E-01  3.4696680455E-01
  3.6000000000E+00  2.0000000000E-01  3.6983555796E-01
  3.6000000000E+00  3.0000000000E-01  3.9363055116E-01
  3.6000000000E+00  4.0000000000E-01  4.1834083733E-01
  3.6000000000E+00  5.0000000000E-01  4.4395111922E-01
  3.6000000000E+00  6.0000000000E-01  4.7044164715E-01
  3.6000000000E+00  7.0000000000E-01  4.9778814991E-01
  3.6000000000E+00  8.0000000000E-01  5.2596180053E-01
  3.6000000000E+00  9.0000000000E-01  5.5492921905E-01
  3.6000000000E+00  1.0000000000E+00  5.8465251324E-01
  3.6000000000E+00  1.1000000000E+00  6.1508935837E-01
  3.6000000000E+00  1.2000000000E+00  6.4619311634E-01
  3.6000000000E+00  1.3000000000E+00  6.7791299382E-01
  3.6000000000E+00  1.4000000000E+00  7.1019423878E-01
  3.6000000000E+00  1.5000000000E+00  7.4297837397E-01
  3.6000000000E+00  1.6000000000E+00  7.7620346540E-01
  3.6000000000E+00  1.7000000000E+00  8.0980442337E-01
  3.6000000000E+00  1.8000000000E+00  8.4371333308E-01
  3.6000000000E+00  1.9000000000E+00  8.7785981119E-01
  3.6000000000E+00  2.0000000000E+00  9.1217138445E-01
  3.6000000000E+00  2.1000000000E+00  9.4657388613E-01
  3.6000000000E+00  2.2000000000E+00  9.8099186546E-01
  3.6000000000E+00  2.3000000000E+00  1.0153490054E+00
  3.6000000000E+00  2.4000000000E+00  1.0495685436E+00
  3.6000000000E+00  2.5000000000E+00  1.0835736914E+00
  3.6000000000E+00  2.6000000000E+00  1.1172880468E+00
  3.6000000000E+00  2.7000000000E+00  1.1506359942E+00
  3.6000000000E+00  2.8000000000E+00  1.1835430901E+00
  3.6000000000E+00  2.9000000000E+00  1.2159364262E+00
  3.6000000000E+00  3.0000000000E+00  1.2477449698E+00
  3.6000000000E+00  3.1000000000E+00  1.2788998758E+00
  3.6000000000E+00  3.2000000000E+00  1.3093347684E+00
  3.6000000000E+00  3.3000000000E+00  1.3389859906E+00
  3.6000000000E+00  3.4000000000E+00  1.3677928198E+00
  3.6000000000E+00  3.5000000000E+00  1.3956976485E+00
  3.6000000000E+00  3.6000000000E+00  1.4226461306E+00
  3.6000000000E+00  3.7000000000E+00  1.4485872940E+00
  3.6000000000E+00  3.8000000000E+00  1.4734736199E+00
  3.6000000000E+00  3.9000000000E+00  1.4972610923E+00
  3.6000000000E+00  4.0000000000E+00  1.5199092192E+00
  3.6000000000E+00  4.1000000000E+00  1.5413810290E+00
  3.6000000000E+00  4.2000000000E+00  1.5616430458E+00
  3.6000000000E+00  4.3000000000E+00  1.5806652471E+00
  3.6000000000E+00  4.4000000000E+00  1.5984210082E+00
  3.6000000000E+00  4.5000000000E+00  1.6148870379E+00
  3.6000000000E+00  4.6000000000E+00  1.6300433094E+00
  3.6000000000E+00  4.7000000000E+00  1.6438729899E+00
  3.6000000000E+00  4.8000000000E+00  1.6563623749E+00
  3.6000000000E+00  4.9000000000E+00  1.6675008276E+00
  3.6000000000E+00  5.0000000000E+00  1.6772807299E+00
  3.6000000000E+00  5.1000000000E+00  1.6856974454E+00
  3.6000000000E+00  5.2000000000E+00  1.6927492968E+00
  3.6000000000E+00  5.3000000000E+00  1.6984375599E+00
  3.6000000000E+00  5.4000000000E+00  1.7027664745E+00
  3.6000000000E+00  5.5000000000E+00  1.7057432710E+00
  3.6000000000E+00  5.6000000000E+00  1.7073782139E+00
  3.6000000000E+00  5.7000000000E+00  1.7076846591E+00
  3.6000000000E+00  5.8000000000E+00  1.7066791235E+00
  3.6000000000E+00  5.9000000000E+00  1.7043813632E+00
  3.6000000000E+00  6.0000000000E+00  1.7008144582E+00
  3.6000000000E+00  6.1000000000E+00  1.6960048979E+00
  3.6000000000E+00  6.2000000000E+00  1.6899826649E+00
  3.6000000000E+00  6.3000000000E+00  1.6827813099E+00
  3.6000000000E+00  6.4000000000E+00  1.6744380156E+00
  3.6000000000E+00  6.5000000000E+00  1.6649936425E+00
  3.6000000000E+00  6.6000000000E+00  1.6544927526E+00
  3.6000000000E+00  6.7000000000E+00  1.6429836059E+00
  3.6000000000E+00  6.8000000000E+00  1.6305181259E+00
  3.6000000000E+00  6.9000000000E+00  1.6171518293E+00
  3.6000000000E+00  7.0000000000E+00  1.6029437173E+00
  3.6000000000E+00  7.1000000000E+00  1.5879561245E+00
  3.6000000000E+00  7.2000000000E+00  1.5722545243E+00
  3.6000000000E+00  7.3000000000E+00  1.5559072901E+00
  3.6000000000E+00  7.4000000000E+00  1.5389854094E+00
  3.6000000000E+00  7.5000000000E+00  1.5215621544E+00
  3.6000000000E+00  7.6000000000E+00  1.5037127075E+00
  3.6000000000E+00  7.7000000000E+00  1.4855137466E+00
  3.6000000000E+00  7.8000000000E+00  1.4670429913E+00
  3.6000000000E+00  7.9000000000E+00  1.4483787149E+00
  3.6000000000E+00  8.0000000000E+00  1.4295992272E+00
  3.6000000000E+00  8.1000000000E+00  1.4107823330E+00
  3.6000000000E+00  8.2000000000E+00  1.3920047728E+00
  3.6000000000E+00  8.3000000000E+00  1.3733416521E+00
  3.6000000000E+00  8.4000000000E+00  1.3548658671E+00
  3.6000000000E+00  8.5000000000E+00  1.3366475327E+00
  3.6000000000E+00  8.6000000000E+00  1.3187534223E+00
  3.6000000000E+00  8.7000000000E+00  1.3012464250E+00
  3.6000000000E+00  8.8000000000E+00  1.2841850292E+00
  3.6000000000E+00  8.9000000000E+00  1.2676228388E+00
  3.6000000000E+00  9.0000000000E+00  1.2516081299E+00
  3.6000000000E+00  9.1000000000E+00  1.2361834529E+00
  3.6000000000E+00  9.2000000000E+00  1.2213852875E+00
  3.6000000000E+00  9.3000000000E+00  1.2072437545E+00
  3.6000000000E+00  9.4000000000E+00  1.1937823892E+00
  3.6000000000E+00  9.5000000000E+00  1.1810179797E+00
  3.6000000000E+00  9.6000000000E+00  1.1689604728E+00
  3.6000000000E+00  9.7000000000E+00  1.1576129491E+00
  3.6000000000E+00  9.8000000000E+00  1.1469716675E+00
  3.6000000000E+00  9.9000000000E+00  1.1370261791E+00
  3.6000000000E+00  1.0000000000E+01  1.1277595089E+00

  3.6400000000E+00  0.0000000000E+00  3.6010660987E-01
  3.6400000000E+00  1.0000000000E-01  3.8449082806E-01
  3.6400000000E+00  2.0000000000E-01  4.0989553779E-01
  3.6400000000E+00  3.0000000000E-01  4.3630953870E-01
  3.6400000000E+00  4.0000000000E-01  4.6371665728E-01
  3.6400000000E+00  5.0000000000E-01  4.9209561173E-01
  3.6400000000E+00  6.0000000000E-01  5.2141991413E-01
  3.6400000000E+00  7.0000000000E-01  5.5165781313E-01
  3.6400000000E+00  8.0000000000E-01  5.8277227911E-01
  3.6400000000E+00  9.0000000000E-01  6.1472103419E-01
  3.6400000000E+00  1.0000000000E+00  6.4745662813E-01
  3.6400000000E+00  1.1000000000E+00  6.8092656112E-01
  3.6400000000E+00  1.2000000000E+00  7.1507345356E-01
  3.6400000000E+00  1.3000000000E+00  7.4983526249E-01
  3.6400000000E+00  1.4000000000E+00  7.8514554328E-01
  3.6400000000E+00  1.5000000000E+00  8.2093375504E-01
  3.6400000000E+00  1.6000000000E+00  8.5712560704E-01
  3.6400000000E+00  1.7000000000E+00  8.9364344308E-01
  3.6400000000E+00  1.8000000000E+00  9.3040666006E-01
  3.6400000000E+00  1.9000000000E+00  9.6733215627E-01
  3.6400000000E+00  2.0000000000E+00  1.0043348048E+00
  3.6400000000E+00  2.1000000000E+00  1.0413279464E+00
  3.6400000000E+00  2.2000000000E+00  1.0782238965E+00
  3.6400000000E+00  2.3000000000E+00  1.1149344604E+00
  3.6400000000E+00  2.4000000000E+00  1.1513714504E+00
  3.6400000000E+00  2.5000000000E+00  1.1874471986E+00
  3.6400000000E+00  2.6000000000E+00  1.2230750604E+00
  3.6400000000E+00  2.7000000000E+00  1.2581699009E+00
  3.6400000000E+00  2.8000000000E+00  1.2926485609E+00
  3.6400000000E+00  2.9000000000E+00  1.3264302949E+00
  3.6400000000E+00  3.0000000000E+00  1.3594371791E+00
  3.6400000000E+00  3.1000000000E+00  1.3915944825E+00
  3.6400000000E+00  3.2000000000E+00  1.4228310002E+00
  3.6400000000E+00  3.3000000000E+00  1.4530793439E+00
  3.6400000000E+00  3.4000000000E+00  1.4822761901E+00
  3.6400000000E+00  3.5000000000E+00  1.5103624826E+00
  3.6400000000E+00  3.6000000000E+00  1.5372835908E+00
  3.6400000000E+00  3.7000000000E+00  1.5629894232E+00
  3.6400000000E+00  3.8000000000E+00  1.5874344985E+00
  3.6400000000E+00  3.9000000000E+00  1.6105779757E+00
  3.6400000000E+00  4.0000000000E+00  1.6323836460E+00
  3.6400000000E+00  4.1000000000E+00  1.6528198911E+00
  3.6400000000E+00  4.2000000000E+00  1.6718596104E+00
  3.6400000000E+00  4.3000000000E+00  1.6894801229E+00
  3.6400000000E+00  4.4000000000E+00  1.7056630476E+00
  3.6400000000E+00  4.5000000000E+00  1.7203941686E+00
  3.6400000000E+00  4.6000000000E+00  1.7336632886E+00
  3.6400000000E+00  4.7000000000E+00  1.7454640767E+00
  3.6400000000E+00  4.8000000000E+00  1.7557939155E+00
  3.6400000000E+00  4.9000000000E+00  1.7646537513E+00
  3.6400000000E+00  5.0000000000E+00  1.7720479523E+00
  3.6400000000E+00  5.1000000000E+00  1.7779841781E+00
  3.6400000000E+00  5.2000000000E+00  1.7824732630E+00
  3.6400000000E+00  5.3000000000E+00  1.7855291172E+00
  3.6400000000E+00  5.4000000000E+00  1.7871686446E+00
  3.6400000000E+00  5.5000000000E+00  1.7874116811E+00
  3.6400000000E+00  5.6000000000E+00  1.7862809514E+00
  3.6400000000E+00  5.7000000000E+00  1.7838020437E+00
  3.6400000000E+00  5.8000000000E+00  1.7800034021E+00
  3.6400000000E+00  5.9000000000E+00  1.7749163326E+00
  3.6400000000E+00  6.0000000000E+00  1.7685750211E+00
  3.6400000000E+00  6.1000000000E+00  1.7610165590E+00
  3.6400000000E+00  6.2000000000E+00  1.7522809731E+00
  3.6400000000E+00  6.3000000000E+00  1.7424112546E+00
  3.6400000000E+00  6.4000000000E+00  1.7314533829E+00
  3.6400000000E+00  6.5000000000E+00  1.7194563391E+00
  3.6400000000E+00  6.6000000000E+00  1.7064721047E+00
  3.6400000000E+00  6.7000000000E+00  1.6925556396E+00
  3.6400000000E+00  6.8000000000E+00  1.6777648368E+00
  3.6400000000E+00  6.9000000000E+00  1.6621604473E+00
  3.6400000000E+00  7.0000000000E+00  1.6458059727E+00
  3.6400000000E+00  7.1000000000E+00  1.6287675221E+00
  3.6400000000E+00  7.2000000000E+00  1.6111136315E+00
  3.6400000000E+00  7.3000000000E+00  1.5929150419E+00
  3.6400000000E+00  7.4000000000E+00  1.5742444372E+00
  3.6400000000E+00  7.5000000000E+00  1.5551761416E+00
  3.6400000000E+00  7.6000000000E+00  1.5357857754E+00
  3.6400000000E+00  7.7000000000E+00  1.5161498736E+00
  3.6400000000E+00  7.8000000000E+00  1.4963454679E+00
  3.6400000000E+00  7.9000000000E+00  1.4764496361E+00
  3.6400000000E+00  8.0000000000E+00  1.4565390235E+00
  3.6400000000E+00  8.1000000000E+00  1.4366893411E+00
  3.6400000000E+00  8.2000000000E+00  1.4169748456E+00
  3.6400000000E+00  8.3000000000E+00  1.3974678084E+00
  3.6400000000E+00  8.4000000000E+00  1.3782379797E+00
  3.6400000000E+00  8.5000000000E+00  1.3593520549E+00
  3.6400000000E+00  8.6000000000E+00  1.3408731497E+00
  3.6400000000E+00  8.7000000000E+00  1.3228602927E+00
  3.6400000000E+00  8.8000000000E+00  1.3053679417E+00
  3.6400000000E+00  8.9000000000E+00  1.2884455305E+00
  3.6400000000E+00  9.0000000000E+00  1.2721370544E+00
  3.6400000000E+00  9.1000000000E+00  1.2564806984E+00
  3.6400000000E+00  9.2000000000E+00  1.2415085169E+00
  3.6400000000E+00  9.3000000000E+00  1.2272461668E+00
  3.6400000000E+00  9.4000000000E+00  1.2137127015E+00
  3.6400000000E+00  9.5000000000E+00  1.2009204267E+00
  3.6400000000E+00  9.6000000000E+00  1.1888748227E+00
  3.6400000000E+00  9.7000000000E+00  1.1775745335E+00
  3.6400000000E+00  9.8000000000E+00  1.1670114248E+00
  3.6400000000E+00  9.9000000000E+00  1.1571707094E+00
  3.6400000000E+00  1.0000000000E+01  1.1480311401E+00

  3.6800000000E+00  0.0000000000E+00  4.3992377468E-01
  3.6800000000E+00  1.0000000000E-01  4.6808181500E-01
  3.6800000000E+00  2.0000000000E-01  4.9729201352E-01
  3.6800000000E+00  3.0000000000E-01  5.2753242810E-01
  3.6800000000E+00  4.0000000000E-01  5.5877565720E-01
  3.6800000000E+00  5.0000000000E-01  5.9098875757E-01
  3.6800000000E+00  6.0000000000E-01  6.2413320412E-01
  3.6800000000E+00  7.0000000000E-01  6.5816489432E-01
  3.6800000000E+00  8.0000000000E-01  6.9303419918E-01
  3.6800000000E+00  9.0000000000E-01  7.2868606216E-01
  3.6800000000E+00  1.0000000000E+00  7.6506014700E-01
  3.6800000000E+00  1.1000000000E+00  8.0209103460E-01
  3.6800000000E+00  1.2000000000E+00  8.3970846872E-01
  3.6800000000E+00  1.3000000000E+00  8.7783764932E-01
  3.6800000000E+00  1.4000000000E+00  9.1639957178E-01
  3.6800000000E+00  1.5000000000E+00  9.5531140971E-01
  3.6800000000E+00  1.6000000000E+00  9.9448693804E-01
  3.6800000000E+00  1.7000000000E+00  1.0338369927E+00
  3.6800000000E+00  1.8000000000E+00  1.0732699627E+00
  3.6800000000E+00  1.9000000000E+00  1.1126923090E+00
  3.6800000000E+00  2.0000000000E+00  1.1520091059E+00
  3.6800000000E+00  2.1000000000E+00  1.1911245977E+00
  3.6800000000E+00  2.2000000000E+00  1.2299427659E+00
  3.6800000000E+00  2.3000000000E+00  1.2683678989E+00
  3.6800000000E+00  2.4000000000E+00  1.3063051595E+00
  3.6800000000E+00  2.5000000000E+00  1.3436611417E+00
  3.6800000000E+00  2.6000000000E+00  1.3803444126E+00
  3.6800000000E+00  2.7000000000E+00  1.4162660309E+00
  3.6800000000E+00  2.8000000000E+00  1.4513400379E+00
  3.6800000000E+00  2.9000000000E+00  1.4854839144E+00
  3.6800000000E+00  3.0000000000E+00  1.5186189999E+00
  3.6800000000E+00  3.1000000000E+00  1.5506708686E+00
  3.6800000000E+00  3.2000000000E+00  1.5815696590E+00
  3.6800000000E+00  3.3000000000E+00  1.6112503557E+00
  3.6800000000E+00  3.4000000000E+00  1.6396530196E+00
  3.6800000000E+00  3.5000000000E+00  1.6667229668E+00
  3.6800000000E+00  3.6000000000E+00  1.6924108962E+00
  3.6800000000E+00  3.7000000000E+00  1.7166729660E+00
  3.6800000000E+00  3.8000000000E+00  1.7394708212E+00
  3.6800000000E+00  3.9000000000E+00  1.7607715742E+00
  3.6800000000E+00  4.0000000000E+00  1.7805477432E+00
  3.6800000000E+00  4.1000000000E+00  1.7987771499E+00
  3.6800000000E+00  4.2000000000E+00  1.8154427840E+00
  3.6800000000E+00  4.3000000000E+00  1.8305326368E+00
  3.6800000000E+00  4.4000000000E+00  1.8440395116E+00
  3.6800000000E+00  4.5000000000E+00  1.8559608148E+00
  3.6800000000E+00  4.6000000000E+00  1.8662983348E+00
  3.6800000000E+00  4.7000000000E+00  1.8750580130E+00
  3.6800000000E+00  4.8000000000E+00  1.8822497143E+00
  3.6800000000E+00  4.9000000000E+00  1.8878869999E+00
  3.6800000000E+00  5.0000000000E+00  1.8919869097E+00
  3.6800000000E+00  5.1000000000E+00  1.8945697568E+00
  3.6800000000E+00  5.2000000000E+00  1.8956589385E+00
  3.6800000000E+00  5.3000000000E+00  1.8952807663E+00
  3.6800000000E+00  5.4000000000E+00  1.8934643175E+00
  3.6800000000E+00  5.5000000000E+00  1.8902413098E+00
  3.6800000000E+00  5.6000000000E+00  1.8856459985E+00
  3.6800000000E+00  5.7000000000E+00  1.8797150966E+00
  3.6800000000E+00  5.8000000000E+00  1.8724877171E+00
  3.6800000000E+00  5.9000000000E+00  1.8640053337E+00
  3.6800000000E+00  6.0000000000E+00  1.8543117596E+00
  3.6800000000E+00  6.1000000000E+00  1.8434531389E+00
  3.6800000000E+00  6.2000000000E+00  1.8314779477E+00
  3.6800000000E+00  6.3000000000E+00  1.8184369998E+00
  3.6800000000E+00  6.4000000000E+00  1.8043834540E+00
  3.6800000000E+00  6.5000000000E+00  1.7893728147E+00
  3.6800000000E+00  6.6000000000E+00  1.7734629243E+00
  3.6800000000E+00  6.7000000000E+00  1.7567139400E+00
  3.6800000000E+00  6.8000000000E+00  1.7391882913E+00
  3.6800000000E+00  6.9000000000E+00  1.7209506127E+00
  3.6800000000E+00  7.0000000000E+00  1.7020676488E+00
  3.6800000000E+00  7.1000000000E+00  1.6826081275E+00
  3.6800000000E+00  7.2000000000E+00  1.6626425973E+00
  3.6800000000E+00  7.3000000000E+00  1.6422432297E+00
  3.6800000000E+00  7.4000000000E+00  1.6214835813E+00
  3.6800000000E+00  7.5000000000E+00  1.6004383180E+00
  3.6800000000E+00  7.6000000000E+00  1.5791829012E+00
  3.6800000000E+00  7.7000000000E+00  1.5577932355E+00
  3.6800000000E+00  7.8000000000E+00  1.5363452826E+00
  3.6800000000E+00  7.9000000000E+00  1.5149146425E+00
  3.6800000000E+00  8.0000000000E+00  1.4935761067E+00
  3.6800000000E+00  8.1000000000E+00  1.4724031883E+00
  3.6800000000E+00  8.2000000000E+00  1.4514676327E+00
  3.6800000000E+00  8.3000000000E+00  1.4308389179E+00
  3.6800000000E+00  8.4000000000E+00  1.4105837470E+00
  3.6800000000E+00  8.5000000000E+00  1.3907655428E+00
  3.6800000000E+00  8.6000000000E+00  1.3714439499E+00
  3.6800000000E+00  8.7000000000E+00  1.3526743521E+00
  3.6800000000E+00  8.8000000000E+00  1.3345074116E+00
  3.6800000000E+00  8.9000000000E+00  1.3169886386E+00
  3.6800000000E+00  9.0000000000E+00  1.3001579953E+00
  3.6800000000E+00  9.1000000000E+00  1.2840495439E+00
  3.6800000000E+00  9.2000000000E+00  1.2686911420E+00
  3.6800000000E+00  9.3000000000E+00  1.2541041919E+00
  3.6800000000E+00  9.4000000000E+00  1.2403034480E+00
  3.6800000000E+00  9.5000000000E+00  1.2272968856E+00
  3.6800000000E+00  9.6000000000E+00  1.2150856351E+00
  3.6800000000E+00  9.7000000000E+00  1.2036639826E+00
  3.6800000000E+00  9.8000000000E+00  1.1930194377E+00
  3.6800000000E+00  9.9000000000E+00  1.1831328693E+00
  3.6800000000E+00  1.0000000000E+01  1.1739787085E+00

  3.7200000000E+00  0.0000000000E+00  5.7013801748E-01
  3.7200000000E+00  1.0000000000E-01  6.0340674822E-01
  3.7200000000E+00  2.0000000000E-01  6.3768743369E-01
  3.7200000000E+00  3.0000000000E-01  6.7294088314E-01
  3.7200000000E+00  4.0000000000E-01  7.0912233769E-01
  3.7200000000E+00  5.0000000000E-01  7.4618149890E-01
  3.7200000000E+00  6.0000000000E-01  7.8406260061E-01
  3.7200000000E+00  7.0000000000E-01  8.2270452519E-01
  3.7200000000E+00  8.0000000000E-01  8.6204096513E-01
  3.7200000000E+00  9.0000000000E-01  9.0200063040E-01
  3.7200000000E+00  1.0000000000E+00  9.4250750132E-01
  3.7200000000E+00  1.1000000000E+00  9.8348112626E-01
  3.7200000000E+00  1.2000000000E+00  1.0248369629E+00
  3.7200000000E+00  1.3000000000E+00  1.0664867608E+00
  3.7200000000E+00  1.4000000000E+00  1.1083389838E+00
  3.7200000000E+00  1.5000000000E+00  1.1502992675E+00
  3.7200000000E+00  1.6000000000E+00  1.1922709094E+00
  3.7200000000E+00  1.7000000000E+00  1.2341553875E+00
  3.7200000000E+00  1.8000000000E+00  1.2758529013E+00
  3.7200000000E+00  1.9000000000E+00  1.3172629319E+00
  3.7200000000E+00  2.0000000000E+00  1.3582848139E+00
  3.7200000000E+00  2.1000000000E+00  1.3988183141E+00
  3.7200000000E+00  2.2000000000E+00  1.4387642109E+00
  3.7200000000E+00  2.3000000000E+00  1.4780248674E+00
  3.7200000000E+00  2.4000000000E+00  1.5165047927E+00
  3.7200000000E+00  2.5000000000E+00  1.5541111850E+00
  3.7200000000E+00  2.6000000000E+00  1.5907544499E+00
  3.7200000000E+00  2.7000000000E+00  1.6263486887E+00
  3.7200000000E+00  2.8000000000E+00  1.6608121511E+00
  3.7200000000E+00  2.9000000000E+00  1.6940676474E+00
  3.7200000000E+00  3.0000000000E+00  1.7260429163E+00
  3.7200000000E+00  3.1000000000E+00  1.7566709437E+00
  3.7200000000E+00  3.2000000000E+00  1.7858902308E+00
  3.7200000000E+00  3.3000000000E+00  1.8136450089E+00
  3.7200000000E+00  3.4000000000E+00  1.8398853996E+00
  3.7200000000E+00  3.5000000000E+00  1.8645675208E+00
  3.7200000000E+00  3.6000000000E+00  1.8876535374E+00
  3.7200000000E+00  3.7000000000E+00  1.9091116610E+00
  3.7200000000E+00  3.8000000000E+00  1.9289160979E+00
  3.7200000000E+00  3.9000000000E+00  1.9470469512E+00
  3.7200000000E+00  4.0000000000E+00  1.9634900783E+00
  3.7200000000E+00  4.1000000000E+00  1.9782369112E+00
  3.7200000000E+00  4.2000000000E+00  1.9912842423E+00
  3.7200000000E+00  4.3000000000E+00  2.0026339822E+00
  3.7200000000E+00  4.4000000000E+00  2.0122928964E+00
  3.7200000000E+00  4.5000000000E+00  2.0202723247E+00
  3.7200000000E+00  4.6000000000E+00  2.0265878918E+00
  3.7200000000E+00  4.7000000000E+00  2.0312592132E+00
  3.7200000000E+00  4.8000000000E+00  2.0343096044E+00
  3.7200000000E+00  4.9000000000E+00  2.0357657963E+00
  3.7200000000E+00  5.0000000000E+00  2.0356576641E+00
  3.7200000000E+00  5.1000000000E+00  2.0340179731E+00
  3.7200000000E+00  5.2000000000E+00  2.0308821454E+00
  3.7200000000E+00  5.3000000000E+00  2.0262880500E+00
  3.7200000000E+00  5.4000000000E+00  2.0202758199E+00
  3.7200000000E+00  5.5000000000E+00  2.0128876956E+00
  3.7200000000E+00  5.6000000000E+00  2.0041678974E+00
  3.7200000000E+00  5.7000000000E+00  1.9941625243E+00
  3.7200000000E+00  5.8000000000E+00  1.9829194796E+00
  3.7200000000E+00  5.9000000000E+00  1.9704884200E+00
  3.7200000000E+00  6.0000000000E+00  1.9569207265E+00
  3.7200000000E+00  6.1000000000E+00  1.9422694916E+00
  3.7200000000E+00  6.2000000000E+00  1.9265895206E+00
  3.7200000000E+00  6.3000000000E+00  1.9099373416E+00
  3.7200000000E+00  6.4000000000E+00  1.8923712183E+00
  3.7200000000E+00  6.5000000000E+00  1.8739511620E+00
  3.7200000000E+00  6.6000000000E+00  1.8547389355E+00
  3.7200000000E+00  6.7000000000E+00  1.8347980456E+00
  3.7200000000E+00  6.8000000000E+00  1.8141937177E+00
  3.7200000000E+00  6.9000000000E+00  1.7929928474E+00
  3.7200000000E+00  7.0000000000E+00  1.7712639269E+00
  3.7200000000E+00  7.1000000000E+00  1.7490769389E+00
  3.7200000000E+00  7.2000000000E+00  1.7265032183E+00
  3.7200000000E+00  7.3000000000E+00  1.7036152768E+00
  3.7200000000E+00  7.4000000000E+00  1.6804865899E+00
  3.7200000000E+00  7.5000000000E+00  1.6571913451E+00
  3.7200000000E+00  7.6000000000E+00  1.6338041522E+00
  3.7200000000E+00  7.7000000000E+00  1.6103997154E+00
  3.7200000000E+00  7.8000000000E+00  1.5870524703E+00
  3.7200000000E+00  7.9000000000E+00  1.5638361886E+00
  3.7200000000E+00  8.0000000000E+00  1.5408235536E+00
  3.7200000000E+00  8.1000000000E+00  1.5180857115E+00
  3.7200000000E+00  8.2000000000E+00  1.4956918033E+00
  3.7200000000E+00  8.3000000000E+00  1.4737084842E+00
  3.7200000000E+00  8.4000000000E+00  1.4521994351E+00
  3.7200000000E+00  8.5000000000E+00  1.4312248747E+00
  3.7200000000E+00  8.6000000000E+00  1.4108410780E+00
  3.7200000000E+00  8.7000000000E+00  1.3910999092E+00
  3.7200000000E+00  8.8000000000E+00  1.3720483760E+00
  3.7200000000E+00  8.9000000000E+00  1.3537282115E+00
  3.7200000000E+00  9.0000000000E+00  1.3361754926E+00
  3.7200000000E+00  9.1000000000E+00  1.3194202988E+00
  3.7200000000E+00  9.2000000000E+00  1.3034864194E+00
  3.7200000000E+00  9.3000000000E+00  1.2883911139E+00
  3.7200000000E+00  9.4000000000E+00  1.2741449292E+00
  3.7200000000E+00  9.5000000000E+00  1.2607515797E+00
  3.7200000000E+00  9.6000000000E+00  1.2482078906E+00
  3.7200000000E+00  9.7000000000E+00  1.2365038092E+00
  3.7200000000E+00  9.8000000000E+00  1.2256224828E+00
  3.7200000000E+00  9.9000000000E+00  1.2155404055E+00
  3.7200000000E+00  1.0000000000E+01  1.2062276314E+00

  3.7600000000E+00  0.0000000000E+00  7.2033785054E-01
  3.7600000000E+00  1.0000000000E-01  7.5954107078E-01
  3.7600000000E+00  2.0000000000E-01  7.9970430583E-01
  3.7600000000E+00  3.0000000000E-01  8.4076729854E-01
  3.7600000000E+00  4.0000000000E-01  8.8266409333E-01
  3.7600000000E+00  5.0000000000E-01  9.2532320969E-01
  3.7600000000E+00  6.0000000000E-01  9.6866786089E-01
  3.7600000000E+00  7.0000000000E-01  1.0126162178E+00
  3.7600000000E+00  8.0000000000E-01  1.0570817170E+00
  3.7600000000E+00  9.0000000000E-01  1.1019734125E+00
  3.7600000000E+00  1.0000000000E+00  1.1471963682E+00
  3.7600000000E+00  1.1000000000E+00  1.1926520906E+00
  3.7600000000E+00  1.2000000000E+00  1.2382389972E+00
  3.7600000000E+00  1.3000000000E+00  1.2838529189E+00
  3.7600000000E+00  1.4000000000E+00  1.3293876317E+00
  3.7600000000E+00  1.5000000000E+00  1.3747354141E+00
  3.7600000000E+00  1.6000000000E+00  1.4197876247E+00
  3.7600000000E+00  1.7000000000E+00  1.4644352963E+00
  3.7600000000E+00  1.8000000000E+00  1.5085697394E+00
  3.7600000000E+00  1.9000000000E+00  1.5520831516E+00
  3.7600000000E+00  2.0000000000E+00  1.5948692238E+00
  3.7600000000E+00  2.1000000000E+00  1.6368237412E+00
  3.7600000000E+00  2.2000000000E+00  1.6778451689E+00
  3.7600000000E+00  2.3000000000E+00  1.7178352190E+00
  3.7600000000E+00  2.4000000000E+00  1.7566993918E+00
  3.7600000000E+00  2.5000000000E+00  1.7943474852E+00
  3.7600000000E+00  2.6000000000E+00  1.8306940680E+00
  3.7600000000E+00  2.7000000000E+00  1.8656589111E+00
  3.7600000000E+00  2.8000000000E+00  1.8991673715E+00
  3.7600000000E+00  2.9000000000E+00  1.9311507275E+00
  3.7600000000E+00  3.0000000000E+00  1.9615464591E+00
  3.7600000000E+00  3.1000000000E+00  1.9902984729E+00
  3.7600000000E+00  3.2000000000E+00  2.0173572690E+00
  3.7600000000E+00  3.3000000000E+00  2.0426800500E+00
  3.7600000000E+00  3.4000000000E+00  2.0662307705E+00
  3.7600000000E+00  3.5000000000E+00  2.0879801297E+00
  3.7600000000E+00  3.6000000000E+00  2.1079055081E+00
  3.7600000000E+00  3.7000000000E+00  2.1259908510E+00
  3.7600000000E+00  3.8000000000E+00  2.1422265025E+00
  3.7600000000E+00  3.9000000000E+00  2.1566089942E+00
  3.7600000000E+00  4.0000000000E+00  2.1691407931E+00
  3.7600000000E+00  4.1000000000E+00  2.1798300156E+00
  3.7600000000E+00  4.2000000000E+00  2.1886901110E+00
  3.7600000000E+00  4.3000000000E+00  2.1957395241E+00
  3.7600000000E+00  4.4000000000E+00  2.2010013404E+00
  3.7600000000E+00  4.5000000000E+00  2.2045029229E+00
  3.7600000000E+00  4.6000000000E+00  2.2062755452E+00
  3.7600000000E+00  4.7000000000E+00  2.2063540291E+00
  3.7600000000E+00  4.8000000000E+00  2.2047763912E+00
  3.7600000000E+00  4.9000000000E+00  2.2015835051E+00
  3.7600000000E+00  5.0000000000E+00  2.1968187843E+00
  3.7600000000E+00  5.1000000000E+00  2.1905278890E+00
  3.7600000000E+00  5.2000000000E+00  2.1827584625E+00
  3.7600000000E+00  5.3000000000E+00  2.1735598974E+00
  3.7600000000E+00  5.4000000000E+00  2.1629831361E+00
  3.7600000000E+00  5.5000000000E+00  2.1510805044E+00
  3.7600000000E+00  5.6000000000E+00  2.1379055795E+00
  3.7600000000E+00  5.7000000000E+00  2.1235130908E+00
  3.7600000000E+00  5.8000000000E+00  2.1079588522E+00
  3.7600000000E+00  5.9000000000E+00  2.0912997223E+00
  3.7600000000E+00  6.0000000000E+00  2.0735935908E+00
  3.7600000000E+00  6.1000000000E+00  2.0548993844E+00
  3.7600000000E+00  6.2000000000E+00  2.0352770895E+00
  3.7600000000E+00  6.3000000000E+00  2.0147877863E+00
  3.7600000000E+00  6.4000000000E+00  1.9934936870E+00
  3.7600000000E+00  6.5000000000E+00  1.9714581749E+00
  3.7600000000E+00  6.6000000000E+00  1.9487458364E+00
  3.7600000000E+00  6.7000000000E+00  1.9254224812E+00
  3.7600000000E+00  6.8000000000E+00  1.9015551455E+00
  3.7600000000E+00  6.9000000000E+00  1.8772120716E+00
  3.7600000000E+00  7.0000000000E+00  1.8524626614E+00
  3.7600000000E+00  7.1000000000E+00  1.8273773974E+00
  3.7600000000E+00  7.2000000000E+00  1.8020277292E+00
  3.7600000000E+00  7.3000000000E+00  1.7764859231E+00
  3.7600000000E+00  7.4000000000E+00  1.7508248718E+00
  3.7600000000E+00  7.5000000000E+00  1.7251178647E+00
  3.7600000000E+00  7.6000000000E+00  1.6994383180E+00
  3.7600000000E+00  7.7000000000E+00  1.6738594662E+00
  3.7600000000E+00  7.8000000000E+00  1.6484540166E+00
  3.7600000000E+00  7.9000000000E+00  1.6232937704E+00
  3.7600000000E+00  8.0000000000E+00  1.5984492127E+00
  3.7600000000E+00  8.1000000000E+00  1.5739890786E+00
  3.7600000000E+00  8.2000000000E+00  1.5499798975E+00
  3.7600000000E+00  8.3000000000E+00  1.5264855245E+00
  3.7600000000E+00  8.4000000000E+00  1.5035666633E+00
  3.7600000000E+00  8.5000000000E+00  1.4812803889E+00
  3.7600000000E+00  8.6000000000E+00  1.4596796763E+00
  3.7600000000E+00  8.7000000000E+00  1.4388129428E+00
  3.7600000000E+00  8.8000000000E+00  1.4187236120E+00
  3.7600000000E+00  8.9000000000E+00  1.3994497054E+00
  3.7600000000E+00  9.0000000000E+00  1.3810234695E+00
  3.7600000000E+00  9.1000000000E+00  1.3634710448E+00
  3.7600000000E+00  9.2000000000E+00  1.3468121823E+00
  3.7600000000E+00  9.3000000000E+00  1.3310600142E+00
  3.7600000000E+00  9.4000000000E+00  1.3162208819E+00
  3.7600000000E+00  9.5000000000E+00  1.3022942266E+00
  3.7600000000E+00  9.6000000000E+00  1.2892725446E+00
  3.7600000000E+00  9.7000000000E+00  1.2771414106E+00
  3.7600000000E+00  9.8000000000E+00  1.2658795684E+00
  3.7600000000E+00  9.9000000000E+00  1.2554590916E+00
  3.7600000000E+00  1.0000000000E+01  1.2458456103E+00

  3.8000000000E+00  0.0000000000E+00  8.5849868866E-01
  3.8000000000E+00  1.0000000000E-01  9.0387094080E-01
  3.8000000000E+00  2.0000000000E-01  9.5019829929E-01
  3.8000000000E+00  3.0000000000E-01  9.9739855673E-01
  3.8000000000E+00  4.0000000000E-01  1.0453832898E+00
  3.8000000000E+00  5.0000000000E-01  1.0940581869E+00
  3.8000000000E+00  6.0000000000E-01  1.1433234290E+00
  3.8000000000E+00  7.0000000000E-01  1.1930741206E+00
  3.8000000000E+00  8.0000000000E-01  1.2432007691E+00
  3.8000000000E+00  9.0000000000E-01  1.2935898100E+00
  3.8000000000E+00  1.0000000000E+00  1.3441241722E+00
  3.8000000000E+00  1.1000000000E+00  1.3946838823E+00
  3.8000000000E+00  1.2000000000E+00  1.4451467003E+00
  3.8000000000E+00  1.3000000000E+00  1.4953887833E+00
  3.8000000000E+00  1.4000000000E+00  1.5452853707E+00
  3.8000000000E+00  1.5000000000E+00  1.5947114859E+00
  3.8000000000E+00  1.6000000000E+00  1.6435426465E+00
  3.8000000000E+00  1.7000000000E+00  1.6916555781E+00
  3.8000000000E+00  1.8000000000E+00  1.7389289240E+00
  3.8000000000E+00  1.9000000000E+00  1.7852439443E+00
  3.8000000000E+00  2.0000000000E+00  1.8304851967E+00
  3.8000000000E+00  2.1000000000E+00  1.8745411938E+00
  3.8000000000E+00  2.2000000000E+00  1.9173050284E+00
  3.8000000000E+00  2.3000000000E+00  1.9586749614E+00
  3.8000000000E+00  2.4000000000E+00  1.9985549665E+00
  3.8000000000E+00  2.5000000000E+00  2.0368552252E+00
  3.8000000000E+00  2.6000000000E+00  2.0734925681E+00
  3.8000000000E+00  2.7000000000E+00  2.1083908570E+00
  3.8000000000E+00  2.8000000000E+00  2.1414813055E+00
  3.8000000000E+00  2.9000000000E+00  2.1727027336E+00
  3.8000000000E+00  3.0000000000E+00  2.2020017561E+00
  3.8000000000E+00  3.1000000000E+00  2.2293329017E+00
  3.8000000000E+00  3.2000000000E+00  2.2546586649E+00
  3.8000000000E+00  3.3000000000E+00  2.2779494890E+00
  3.8000000000E+00  3.4000000000E+00  2.2991836841E+00
  3.8000000000E+00  3.5000000000E+00  2.3183472813E+00
  3.8000000000E+00  3.6000000000E+00  2.3354338278E+00
  3.8000000000E+00  3.7000000000E+00  2.3504441261E+00
  3.8000000000E+00  3.8000000000E+00  2.3633859237E+00
  3.8000000000E+00  3.9000000000E+00  2.3742735585E+00
  3.8000000000E+00  4.0000000000E+00  2.3831275670E+00
  3.8000000000E+00  4.1000000000E+00  2.3899742611E+00
  3.8000000000E+00  4.2000000000E+00  2.3948452825E+00
  3.8000000000E+00  4.3000000000E+00  2.3977771410E+00
  3.8000000000E+00  4.4000000000E+00  2.3988107445E+00
  3.8000000000E+00  4.5000000000E+00  2.3979909293E+00
  3.8000000000E+00  4.6000000000E+00  2.3953659961E+00
  3.8000000000E+00  4.7000000000E+00  2.3909872605E+00
  3.8000000000E+00  4.8000000000E+00  2.3849086239E+00
  3.8000000000E+00  4.9000000000E+00  2.3771861695E+00
  3.8000000000E+00  5.0000000000E+00  2.3678777909E+00
  3.8000000000E+00  5.1000000000E+00  2.3570428548E+00
  3.8000000000E+00  5.2000000000E+00  2.3447419038E+00
  3.8000000000E+00  5.3000000000E+00  2.3310363992E+00
  3.8000000000E+00  5.4000000000E+00  2.3159885073E+00
  3.8000000000E+00  5.5000000000E+00  2.2996609285E+00
  3.8000000000E+00  5.6000000000E+00  2.2821167678E+00
  3.8000000000E+00  5.7000000000E+00  2.2634194468E+00
  3.8000000000E+00  5.8000000000E+00  2.2436326532E+00
  3.8000000000E+00  5.9000000000E+00  2.2228203240E+00
  3.8000000000E+00  6.0000000000E+00  2.2010466592E+00
  3.8000000000E+00  6.1000000000E+00  2.1783761607E+00
  3.8000000000E+00  6.2000000000E+00  2.1548736892E+00
  3.8000000000E+00  6.3000000000E+00  2.1306045357E+00
  3.8000000000E+00  6.4000000000E+00  2.1056344986E+00
  3.8000000000E+00  6.5000000000E+00  2.0800299623E+00
  3.8000000000E+00  6.6000000000E+00  2.0538579687E+00
  3.8000000000E+00  6.7000000000E+00  2.0271862763E+00
  3.8000000000E+00  6.8000000000E+00  2.0000834013E+00
  3.8000000000E+00  6.9000000000E+00  1.9726186338E+00
  3.8000000000E+00  7.0000000000E+00  1.9448620252E+00
  3.8000000000E+00  7.1000000000E+00  1.9168843412E+00
  3.8000000000E+00  7.2000000000E+00  1.8887569787E+00
  3.8000000000E+00  7.3000000000E+00  1.8605518416E+00
  3.8000000000E+00  7.4000000000E+00  1.8323411751E+00
  3.8000000000E+00  7.5000000000E+00  1.8041973578E+00
  3.8000000000E+00  7.6000000000E+00  1.7761926505E+00
  3.8000000000E+00  7.7000000000E+00  1.7483989044E+00
  3.8000000000E+00  7.8000000000E+00  1.7208872296E+00
  3.8000000000E+00  7.9000000000E+00  1.6937276280E+00
  3.8000000000E+00  8.0000000000E+00  1.6669885941E+00
  3.8000000000E+00  8.1000000000E+00  1.6407366886E+00
  3.8000000000E+00  8.2000000000E+00  1.6150360901E+00
  3.8000000000E+00  8.3000000000E+00  1.5899481328E+00
  3.8000000000E+00  8.4000000000E+00  1.5655308340E+00
  3.8000000000E+00  8.5000000000E+00  1.5418384221E+00
  3.8000000000E+00  8.6000000000E+00  1.5189208691E+00
  3.8000000000E+00  8.7000000000E+00  1.4968234382E+00
  3.8000000000E+00  8.8000000000E+00  1.4755862521E+00
  3.8000000000E+00  8.9000000000E+00  1.4552438905E+00
  3.8000000000E+00  9.0000000000E+00  1.4358250228E+00
  3.8000000000E+00  9.1000000000E+00  1.4173520848E+00
  3.8000000000E+00  9.2000000000E+00  1.3998410033E+00
  3.8000000000E+00  9.3000000000E+00  1.3833009759E+00
  3.8000000000E+00  9.4000000000E+00  1.3677343101E+00
  3.8000000000E+00  9.5000000000E+00  1.3531363255E+00
  3.8000000000E+00  9.6000000000E+00  1.3394953229E+00
  3.8000000000E+00  9.7000000000E+00  1.3267926217E+00
  3.8000000000E+00  9.8000000000E+00  1.3150026672E+00
  3.8000000000E+00  9.9000000000E+00  1.3040932077E+00
  3.8000000000E+00  1.0000000000E+01  1.2940255402E+00

  3.8400000000E+00  0.0000000000E+00  1.0112907691E+00
  3.8400000000E+00  1.0000000000E-01  1.0631232770E+00
  3.8400000000E+00  2.0000000000E-01  1.1158747415E+00
  3.8400000000E+00  3.0000000000E-01  1.1694390864E+00
  3.8400000000E+00  4.0000000000E-01  1.2237037209E+00
  3.8400000000E+00  5.0000000000E-01  1.2785500463E+00
  3.8400000000E+00  6.0000000000E-01  1.3338540201E+00
  3.8400000000E+00  7.0000000000E-01  1.3894867742E+00
  3.8400000000E+00  8.0000000000E-01  1.4453152823E+00
  3.8400000000E+00  9.0000000000E-01  1.5012030707E+00
  3.8400000000E+00  1.0000000000E+00  1.5570109674E+00
  3.8400000000E+00  1.1000000000E+00  1.6125978832E+00
  3.8400000000E+00  1.2000000000E+00  1.6678216166E+00
  3.8400000000E+00  1.3000000000E+00  1.7225396772E+00
  3.8400000000E+00  1.4000000000E+00  1.7766101183E+00
  3.8400000000E+00  1.5000000000E+00  1.8298923724E+00
  3.8400000000E+00  1.6000000000E+00  1.8822480803E+00
  3.8400000000E+00  1.7000000000E+00  1.9335419073E+00
  3.8400000000E+00  1.8000000000E+00  1.9836423367E+00
  3.8400000000E+00  1.9000000000E+00  2.0324224349E+00
  3.8400000000E+00  2.0000000000E+00  2.0797605793E+00
  3.8400000000E+00  2.1000000000E+00  2.1255411413E+00
  3.8400000000E+00  2.2000000000E+00  2.1696551192E+00
  3.8400000000E+00  2.3000000000E+00  2.2120007137E+00
  3.8400000000E+00  2.4000000000E+00  2.2524838402E+00
  3.8400000000E+00  2.5000000000E+00  2.2910185738E+00
  3.8400000000E+00  2.6000000000E+00  2.3275275225E+00
  3.8400000000E+00  2.7000000000E+00  2.3619421246E+00
  3.8400000000E+00  2.8000000000E+00  2.3942028699E+00
  3.8400000000E+00  2.9000000000E+00  2.4242594410E+00
  3.8400000000E+00  3.0000000000E+00  2.4520707762E+00
  3.8400000000E+00  3.1000000000E+00  2.4776050531E+00
  3.8400000000E+00  3.2000000000E+00  2.5008395966E+00
  3.8400000000E+00  3.3000000000E+00  2.5217607117E+00
  3.8400000000E+00  3.4000000000E+00  2.5403634466E+00
  3.8400000000E+00  3.5000000000E+00  2.5566512895E+00
  3.8400000000E+00  3.6000000000E+00  2.5706358059E+00
  3.8400000000E+00  3.7000000000E+00  2.5823362210E+00
  3.8400000000E+00  3.8000000000E+00  2.5917789557E+00
  3.8400000000E+00  3.9000000000E+00  2.5989971236E+00
  3.8400000000E+00  4.0000000000E+00  2.6040299957E+00
  3.8400000000E+00  4.1000000000E+00  2.6069224430E+00
  3.8400000000E+00  4.2000000000E+00  2.6077243643E+00
  3.8400000000E+00  4.3000000000E+00  2.6064901086E+00
  3.8400000000E+00  4.4000000000E+00  2.6032778998E+00
  3.8400000000E+00  4.5000000000E+00  2.5981492728E+00
  3.8400000000E+00  4.6000000000E+00  2.5911685281E+00
  3.8400000000E+00  4.7000000000E+00  2.5824022130E+00
  3.8400000000E+00  4.8000000000E+00  2.5719186344E+00
  3.8400000000E+00  4.9000000000E+00  2.5597874116E+00
  3.8400000000E+00  5.0000000000E+00  2.5460790709E+00
  3.8400000000E+00  5.1000000000E+00  2.5308646884E+00
  3.8400000000E+00  5.2000000000E+00  2.5142155826E+00
  3.8400000000E+00  5.3000000000E+00  2.4962030584E+00
  3.8400000000E+00  5.4000000000E+00  2.4768982039E+00
  3.8400000000E+00  5.5000000000E+00  2.4563717389E+00
  3.8400000000E+00  5.6000000000E+00  2.4346939131E+00
  3.8400000000E+00  5.7000000000E+00  2.4119344520E+00
  3.8400000000E+00  5.8000000000E+00  2.3881625466E+00
  3.8400000000E+00  5.9000000000E+00  2.3634468817E+00
  3.8400000000E+00  6.0000000000E+00  2.3378556984E+00
  3.8400000000E+00  6.1000000000E+00  2.3114568835E+00
  3.8400000000E+00  6.2000000000E+00  2.2843180799E+00
  3.8400000000E+00  6.3000000000E+00  2.2565068113E+00
  3.8400000000E+00  6.4000000000E+00  2.2280906126E+00
  3.8400000000E+00  6.5000000000E+00  2.1991371603E+00
  3.8400000000E+00  6.6000000000E+00  2.1697143941E+00
  3.8400000000E+00  6.7000000000E+00  2.1398906240E+00
  3.8400000000E+00  6.8000000000E+00  2.1097346150E+00
  3.8400000000E+00  6.9000000000E+00  2.0793156444E+00
  3.8400000000E+00  7.0000000000E+00  2.0487035256E+00
  3.8400000000E+00  7.1000000000E+00  2.0179685937E+00
  3.8400000000E+00  7.2000000000E+00  1.9871816500E+00
  3.8400000000E+00  7.3000000000E+00  1.9564138609E+00
  3.8400000000E+00  7.4000000000E+00  1.9257366116E+00
  3.8400000000E+00  7.5000000000E+00  1.8952213117E+00
  3.8400000000E+00  7.6000000000E+00  1.8649391548E+00
  3.8400000000E+00  7.7000000000E+00  1.8349608328E+00
  3.8400000000E+00  7.8000000000E+00  1.8053562070E+00
  3.8400000000E+00  7.9000000000E+00  1.7761939403E+00
  3.8400000000E+00  8.0000000000E+00  1.7475410949E+00
  3.8400000000E+00  8.1000000000E+00  1.7194627004E+00
  3.8400000000E+00  8.2000000000E+00  1.6920212986E+00
  3.8400000000E+00  8.3000000000E+00  1.6652764721E+00
  3.8400000000E+00  8.4000000000E+00  1.6392843632E+00
  3.8400000000E+00  8.5000000000E+00  1.6140971922E+00
  3.8400000000E+00  8.6000000000E+00  1.5897627814E+00
  3.8400000000E+00  8.7000000000E+00  1.5663240941E+00
  3.8400000000E+00  8.8000000000E+00  1.5438187964E+00
  3.8400000000E+00  8.9000000000E+00  1.5222788488E+00
  3.8400000000E+00  9.0000000000E+00  1.5017301365E+00
  3.8400000000E+00  9.1000000000E+00  1.4821921445E+00
  3.8400000000E+00  9.2000000000E+00  1.4636776842E+00
  3.8400000000E+00  9.3000000000E+00  1.4461926770E+00
  3.8400000000E+00  9.4000000000E+00  1.4297360007E+00
  3.8400000000E+00  9.5000000000E+00  1.4142994020E+00
  3.8400000000E+00  9.6000000000E+00  1.3998674777E+00
  3.8400000000E+00  9.7000000000E+00  1.3864177283E+00
  3.8400000000E+00  9.8000000000E+00  1.3739206831E+00
  3.8400000000E+00  9.9000000000E+00  1.3623400977E+00
  3.8400000000E+00  1.0000000000E+01  1.3516332227E+00

  3.8800000000E+00  0.0000000000E+00  1.2144707269E+00
  3.8800000000E+00  1.0000000000E-01  1.2732171192E+00
  3.8800000000E+00  2.0000000000E-01  1.3327125654E+00
  3.8800000000E+00  3.0000000000E-01  1.3928232235E+00
  3.8800000000E+00  4.0000000000E-01  1.4534094422E+00
  3.8800000000E+00  5.0000000000E-01  1.5143264974E+00
  3.8800000000E+00  6.0000000000E-01  1.5754253808E+00
  3.8800000000E+00  7.0000000000E-01  1.6365536326E+00
  3.8800000000E+00  8.0000000000E-01  1.6975562105E+00
  3.8800000000E+00  9.0000000000E-01  1.7582763889E+00
  3.8800000000E+00  1.0000000000E+00  1.8185566774E+00
  3.8800000000E+00  1.1000000000E+00  1.8782397524E+00
  3.8800000000E+00  1.2000000000E+00  1.9371693917E+00
  3.8800000000E+00  1.3000000000E+00  1.9951914035E+00
  3.8800000000E+00  1.4000000000E+00  2.0521545408E+00
  3.8800000000E+00  1.5000000000E+00  2.1079113937E+00
  3.8800000000E+00  1.6000000000E+00  2.1623192492E+00
  3.8800000000E+00  1.7000000000E+00  2.2152409120E+00
  3.8800000000E+00  1.8000000000E+00  2.2665454775E+00
  3.8800000000E+00  1.9000000000E+00  2.3161090510E+00
  3.8800000000E+00  2.0000000000E+00  2.3638154051E+00
  3.8800000000E+00  2.1000000000E+00  2.4095565708E+00
  3.8800000000E+00  2.2000000000E+00  2.4532333551E+00
  3.8800000000E+00  2.3000000000E+00  2.4947557838E+00
  3.8800000000E+00  2.4000000000E+00  2.5340434626E+00
  3.8800000000E+00  2.5000000000E+00  2.5710258562E+00
  3.8800000000E+00  2.6000000000E+00  2.6056424830E+00
  3.8800000000E+00  2.7000000000E+00  2.6378430248E+00
  3.8800000000E+00  2.8000000000E+00  2.6675873508E+00
  3.8800000000E+00  2.9000000000E+00  2.6948454597E+00
  3.8800000000E+00  3.0000000000E+00  2.7195973387E+00
  3.8800000000E+00  3.1000000000E+00  2.7418327460E+00
  3.8800000000E+00  3.2000000000E+00  2.7615509186E+00
  3.8800000000E+00  3.3000000000E+00  2.7787602112E+00
  3.8800000000E+00  3.4000000000E+00  2.7934776722E+00
  3.8800000000E+00  3.5000000000E+00  2.8057285635E+00
  3.8800000000E+00  3.6000000000E+00  2.8155458309E+00
  3.8800000000E+00  3.7000000000E+00  2.8229695327E+00
  3.8800000000E+00  3.8000000000E+00  2.8280462363E+00
  3.8800000000E+00  3.9000000000E+00  2.8308283890E+00
  3.8800000000E+00  4.0000000000E+00  2.8313736740E+00
  3.8800000000E+00  4.1000000000E+00  2.8297443597E+00
  3.8800000000E+00  4.2000000000E+00  2.8260066502E+00
  3.8800000000E+00  4.3000000000E+00  2.8202300479E+00
  3.8800000000E+00  4.4000000000E+00  2.8124867338E+00
  3.8800000000E+00  4.5000000000E+00  2.8028509757E+00
  3.8800000000E+00  4.6000000000E+00  2.7913985700E+00
  3.8800000000E+00  4.7000000000E+00  2.7782063245E+00
  3.8800000000E+00  4.8000000000E+00  2.7633515878E+00
  3.8800000000E+00  4.9000000000E+00  2.7469118286E+00
  3.8800000000E+00  5.0000000000E+00  2.7289642718E+00
  3.8800000000E+00  5.1000000000E+00  2.7095855901E+00
  3.8800000000E+00  5.2000000000E+00  2.6888516565E+00
  3.8800000000E+00  5.3000000000E+00  2.6668373543E+00
  3.8800000000E+00  5.4000000000E+00  2.6436164475E+00
  3.8800000000E+00  5.5000000000E+00  2.6192615067E+00
  3.8800000000E+00  5.6000000000E+00  2.5938438892E+00
  3.8800000000E+00  5.7000000000E+00  2.5674337684E+00
  3.8800000000E+00  5.8000000000E+00  2.5401002080E+00
  3.8800000000E+00  5.9000000000E+00  2.5119112751E+00
  3.8800000000E+00  6.0000000000E+00  2.4829341849E+00
  3.8800000000E+00  6.1000000000E+00  2.4532354710E+00
  3.8800000000E+00  6.2000000000E+00  2.4228811723E+00
  3.8800000000E+00  6.3000000000E+00  2.3919370301E+00
  3.8800000000E+00  6.4000000000E+00  2.3604686858E+00
  3.8800000000E+00  6.5000000000E+00  2.3285418723E+00
  3.8800000000E+00  6.6000000000E+00  2.2962225907E+00
  3.8800000000E+00  6.7000000000E+00  2.2635772650E+00
  3.8800000000E+00  6.8000000000E+00  2.2306728677E+00
  3.8800000000E+00  6.9000000000E+00  2.1975770105E+00
  3.8800000000E+00  7.0000000000E+00  2.1643579935E+00
  3.8800000000E+00  7.1000000000E+00  2.1310848099E+00
  3.8800000000E+00  7.2000000000E+00  2.0978271006E+00
  3.8800000000E+00  7.3000000000E+00  2.0646550579E+00
  3.8800000000E+00  7.4000000000E+00  2.0316392758E+00
  3.8800000000E+00  7.5000000000E+00  1.9988505473E+00
  3.8800000000E+00  7.6000000000E+00  1.9663596089E+00
  3.8800000000E+00  7.7000000000E+00  1.9342368352E+00
  3.8800000000E+00  7.8000000000E+00  1.9025518857E+00
  3.8800000000E+00  7.9000000000E+00  1.8713733095E+00
  3.8800000000E+00  8.0000000000E+00  1.8407681118E+00
  3.8800000000E+00  8.1000000000E+00  1.8108012887E+00
  3.8800000000E+00  8.2000000000E+00  1.7815353383E+00
  3.8800000000E+00  8.3000000000E+00  1.7530297541E+00
  3.8800000000E+00  8.4000000000E+00  1.7253405094E+00
  3.8800000000E+00  8.5000000000E+00  1.6985195422E+00
  3.8800000000E+00  8.6000000000E+00  1.6726142470E+00
  3.8800000000E+00  8.7000000000E+00  1.6476669855E+00
  3.8800000000E+00  8.8000000000E+00  1.6237146212E+00
  3.8800000000E+00  8.9000000000E+00  1.6007880894E+00
  3.8800000000E+00  9.0000000000E+00  1.5789120088E+00
  3.8800000000E+00  9.1000000000E+00  1.5581043430E+00
  3.8800000000E+00  9.2000000000E+00  1.5383761179E+00
  3.8800000000E+00  9.3000000000E+00  1.5197312021E+00
  3.8800000000E+00  9.4000000000E+00  1.5021661539E+00
  3.8800000000E+00  9.5000000000E+00  1.4856701405E+00
  3.8800000000E+00  9.6000000000E+00  1.4702249312E+00
  3.8800000000E+00  9.7000000000E+00  1.4558049664E+00
  3.8800000000E+00  9.8000000000E+00  1.4423775046E+00
  3.8800000000E+00  9.9000000000E+00  1.4299028446E+00
  3.8800000000E+00  1.0000000000E+01  1.4183346231E+00

  3.9200000000E+00  0.0000000000E+00  1.4340200181E+00
  3.9200000000E+00  1.0000000000E-01  1.4989829608E+00
  3.9200000000E+00  2.0000000000E-01  1.5644203303E+00
  3.9200000000E+00  3.0000000000E-01  1.6301713114E+00
  3.9200000000E+00  4.0000000000E-01  1.6960708840E+00
  3.9200000000E+00  5.0000000000E-01  1.7619508057E+00
  3.9200000000E+00  6.0000000000E-01  1.8276406288E+00
  3.9200000000E+00  7.0000000000E-01  1.8929687406E+00
  3.9200000000E+00  8.0000000000E-01  1.9577634174E+00
  3.9200000000E+00  9.0000000000E-01  2.0218538811E+00
  3.9200000000E+00  1.0000000000E+00  2.0850713480E+00
  3.9200000000E+00  1.1000000000E+00  2.1472500586E+00
  3.9200000000E+00  1.2000000000E+00  2.2082282794E+00
  3.9200000000E+00  1.3000000000E+00  2.2678492659E+00
  3.9200000000E+00  1.4000000000E+00  2.3259621780E+00
  3.9200000000E+00  1.5000000000E+00  2.3824229391E+00
  3.9200000000E+00  1.6000000000E+00  2.4370950311E+00
  3.9200000000E+00  1.7000000000E+00  2.4898502179E+00
  3.9200000000E+00  1.8000000000E+00  2.5405691925E+00
  3.9200000000E+00  1.9000000000E+00  2.5891421403E+00
  3.9200000000E+00  2.0000000000E+00  2.6354692174E+00
  3.9200000000E+00  2.1000000000E+00  2.6794609375E+00
  3.9200000000E+00  2.2000000000E+00  2.7210384685E+00
  3.9200000000E+00  2.3000000000E+00  2.7601338354E+00
  3.9200000000E+00  2.4000000000E+00  2.7966900305E+00
  3.9200000000E+00  2.5000000000E+00  2.8306610322E+00
  3.9200000000E+00  2.6000000000E+00  2.8620117337E+00
  3.9200000000E+00  2.7000000000E+00  2.8907177854E+00
  3.9200000000E+00  2.8000000000E+00  2.9167653539E+00
  3.9200000000E+00  2.9000000000E+00  2.9401508035E+00
  3.9200000000E+00  3.0000000000E+00  2.9608803050E+00
  3.9200000000E+00  3.1000000000E+00  2.9789693782E+00
  3.9200000000E+00  3.2000000000E+00  2.9944423750E+00
  3.9200000000E+00  3.3000000000E+00  3.0073319105E+00
  3.9200000000E+00  3.4000000000E+00  3.0176782508E+00
  3.9200000000E+00  3.5000000000E+00  3.0255286638E+00
  3.9200000000E+00  3.6000000000E+00  3.0309367444E+00
  3.9200000000E+00  3.7000000000E+00  3.0339617205E+00
  3.9200000000E+00  3.8000000000E+00  3.0346677492E+00
  3.9200000000E+00  3.9000000000E+00  3.0331232133E+00
  3.9200000000E+00  4.0000000000E+00  3.0294000249E+00
  3.9200000000E+00  4.1000000000E+00  3.0235729456E+00
  3.9200000000E+00  4.2000000000E+00  3.0157189312E+00
  3.9200000000E+00  4.3000000000E+00  3.0059165080E+00
  3.9200000000E+00  4.4000000000E+00  2.9942451884E+00
  3.9200000000E+00  4.5000000000E+00  2.9807849314E+00
  3.9200000000E+00  4.6000000000E+00  2.9656156537E+00
  3.9200000000E+00  4.7000000000E+00  2.9488167968E+00
  3.9200000000E+00  4.8000000000E+00  2.9304669525E+00
  3.9200000000E+00  4.9000000000E+00  2.9106435506E+00
  3.9200000000E+00  5.0000000000E+00  2.8894226105E+00
  3.9200000000E+00  5.1000000000E+00  2.8668785560E+00
  3.9200000000E+00  5.2000000000E+00  2.8430840951E+00
  3.9200000000E+00  5.3000000000E+00  2.8181101607E+00
  3.9200000000E+00  5.4000000000E+00  2.7920259114E+00
  3.9200000000E+00  5.5000000000E+00  2.7648987882E+00
  3.9200000000E+00  5.6000000000E+00  2.7367946221E+00
  3.9200000000E+00  5.7000000000E+00  2.7077777869E+00
  3.9200000000E+00  5.8000000000E+00  2.6779113919E+00
  3.9200000000E+00  5.9000000000E+00  2.6472575061E+00
  3.9200000000E+00  6.0000000000E+00  2.6158774071E+00
  3.9200000000E+00  6.1000000000E+00  2.5838318464E+00
  3.9200000000E+00  6.2000000000E+00  2.5511813221E+00
  3.9200000000E+00  6.3000000000E+00  2.5179863517E+00
  3.9200000000E+00  6.4000000000E+00  2.4843077358E+00
  3.9200000000E+00  6.5000000000E+00  2.4502068033E+00
  3.9200000000E+00  6.6000000000E+00  2.4157456327E+00
  3.9200000000E+00  6.7000000000E+00  2.3809872396E+00
  3.9200000000E+00  6.8000000000E+00  2.3459957244E+00
  3.9200000000E+00  6.9000000000E+00  2.3108363752E+00
  3.9200000000E+00  7.0000000000E+00  2.2755757183E+00
  3.9200000000E+00  7.1000000000E+00  2.2402815150E+00
  3.9200000000E+00  7.2000000000E+00  2.2050226999E+00
  3.9200000000E+00  7.3000000000E+00  2.1698692583E+00
  3.9200000000E+00  7.4000000000E+00  2.1348920446E+00
  3.9200000000E+00  7.5000000000E+00  2.1001625390E+00
  3.9200000000E+00  7.6000000000E+00  2.0657525472E+00
  3.9200000000E+00  7.7000000000E+00  2.0317338437E+00
  3.9200000000E+00  7.8000000000E+00  1.9981777651E+00
  3.9200000000E+00  7.9000000000E+00  1.9651547564E+00
  3.9200000000E+00  8.0000000000E+00  1.9327338785E+00
  3.9200000000E+00  8.1000000000E+00  1.9009822831E+00
  3.9200000000E+00  8.2000000000E+00  1.8699646630E+00
  3.9200000000E+00  8.3000000000E+00  1.8397426866E+00
  3.9200000000E+00  8.4000000000E+00  1.8103744251E+00
  3.9200000000E+00  8.5000000000E+00  1.7819137833E+00
  3.9200000000E+00  8.6000000000E+00  1.7544099410E+00
  3.9200000000E+00  8.7000000000E+00  1.7279068174E+00
  3.9200000000E+00  8.8000000000E+00  1.7024425651E+00
  3.9200000000E+00  8.9000000000E+00  1.6780491052E+00
  3.9200000000E+00  9.0000000000E+00  1.6547517098E+00
  3.9200000000E+00  9.1000000000E+00  1.6325686413E+00
  3.9200000000E+00  9.2000000000E+00  1.6115108546E+00
  3.9200000000E+00  9.3000000000E+00  1.5915817686E+00
  3.9200000000E+00  9.4000000000E+00  1.5727771124E+00
  3.9200000000E+00  9.5000000000E+00  1.5550848496E+00
  3.9200000000E+00  9.6000000000E+00  1.5384851833E+00
  3.9200000000E+00  9.7000000000E+00  1.5229506440E+00
  3.9200000000E+00  9.8000000000E+00  1.5084462609E+00
  3.9200000000E+00  9.9000000000E+00  1.4949298135E+00
  3.9200000000E+00  1.0000000000E+01  1.4823521640E+00

  3.9600000000E+00  0.0000000000E+00  1.5114716463E+00
  3.9600000000E+00  1.0000000000E-01  1.5767491391E+00
  3.9600000000E+00  2.0000000000E-01  1.6422525035E+00
  3.9600000000E+00  3.0000000000E-01  1.7078133047E+00
  3.9600000000E+00  4.0000000000E-01  1.7732606151E+00
  3.9600000000E+00  5.0000000000E-01  1.8384220999E+00
  3.9600000000E+00  6.0000000000E-01  1.9031251192E+00
  3.9600000000E+00  7.0000000000E-01  1.9671978325E+00
  3.9600000000E+00  8.0000000000E-01  2.0304702963E+00
  3.9600000000E+00  9.0000000000E-01  2.0927755410E+00
  3.9600000000E+00  1.0000000000E+00  2.1539506169E+00
  3.9600000000E+00  1.1000000000E+00  2.2138375979E+00
  3.9600000000E+00  1.2000000000E+00  2.2722845333E+00
  3.9600000000E+00  1.3000000000E+00  2.3291463371E+00
  3.9600000000E+00  1.4000000000E+00  2.3842856083E+00
  3.9600000000E+00  1.5000000000E+00  2.4375733719E+00
  3.9600000000E+00  1.6000000000E+00  2.4888897375E+00
  3.9600000000E+00  1.7000000000E+00  2.5381244669E+00
  3.9600000000E+00  1.8000000000E+00  2.5851774496E+00
  3.9600000000E+00  1.9000000000E+00  2.6299590810E+00
  3.9600000000E+00  2.0000000000E+00  2.6723905432E+00
  3.9600000000E+00  2.1000000000E+00  2.7124039875E+00
  3.9600000000E+00  2.2000000000E+00  2.7499426189E+00
  3.9600000000E+00  2.3000000000E+00  2.7849606854E+00
  3.9600000000E+00  2.4000000000E+00  2.8174233740E+00
  3.9600000000E+00  2.5000000000E+00  2.8473066181E+00
  3.9600000000E+00  2.6000000000E+00  2.8745968213E+00
  3.9600000000E+00  2.7000000000E+00  2.8992905018E+00
  3.9600000000E+00  2.8000000000E+00  2.9213938661E+00
  3.9600000000E+00  2.9000000000E+00  2.9409223172E+00
  3.9600000000E+00  3.0000000000E+00  2.9578999053E+00
  3.9600000000E+00  3.1000000000E+00  2.9723587302E+00
  3.9600000000E+00  3.2000000000E+00  2.9843383017E+00
  3.9600000000E+00  3.3000000000E+00  2.9938848683E+00
  3.9600000000E+00  3.4000000000E+00  3.0010507228E+00
  3.9600000000E+00  3.5000000000E+00  3.0058934920E+00
  3.9600000000E+00  3.6000000000E+00  3.0084754215E+00
  3.9600000000E+00  3.7000000000E+00  3.0088626626E+00
  3.9600000000E+00  3.8000000000E+00  3.0071245698E+00
  3.9600000000E+00  3.9000000000E+00  3.0033330177E+00
  3.9600000000E+00  4.0000000000E+00  2.9975617442E+00
  3.9600000000E+00  4.1000000000E+00  2.9898857274E+00
  3.9600000000E+00  4.2000000000E+00  2.9803806026E+00
  3.9600000000E+00  4.3000000000E+00  2.9691221252E+00
  3.9600000000E+00  4.4000000000E+00  2.9561856852E+00
  3.9600000000E+00  4.5000000000E+00  2.9416458769E+00
  3.9600000000E+00  4.6000000000E+00  2.9255761283E+00
  3.9600000000E+00  4.7000000000E+00  2.9080483918E+00
  3.9600000000E+00  4.8000000000E+00  2.8891328992E+00
  3.9600000000E+00  4.9000000000E+00  2.8688979803E+00
  3.9600000000E+00  5.0000000000E+00  2.8474099467E+00
  3.9600000000E+00  5.1000000000E+00  2.8247330379E+00
  3.9600000000E+00  5.2000000000E+00  2.8009294288E+00
  3.9600000000E+00  5.3000000000E+00  2.7760592950E+00
  3.9600000000E+00  5.4000000000E+00  2.7501809319E+00
  3.9600000000E+00  5.5000000000E+00  2.7233509231E+00
  3.9600000000E+00  5.6000000000E+00  2.6956243515E+00
  3.9600000000E+00  5.7000000000E+00  2.6670550480E+00
  3.9600000000E+00  5.8000000000E+00  2.6376958696E+00
  3.9600000000E+00  5.9000000000E+00  2.6075990001E+00
  3.9600000000E+00  6.0000000000E+00  2.5768162648E+00
  3.9600000000E+00  6.1000000000E+00  2.5453994517E+00
  3.9600000000E+00  6.2000000000E+00  2.5134006304E+00
  3.9600000000E+00  6.3000000000E+00  2.4808724598E+00
  3.9600000000E+00  6.4000000000E+00  2.4478684775E+00
  3.9600000000E+00  6.5000000000E+00  2.4144433626E+00
  3.9600000000E+00  6.6000000000E+00  2.3806531633E+00
  3.9600000000E+00  6.7000000000E+00  2.3465554848E+00
  3.9600000000E+00  6.8000000000E+00  2.3122096281E+00
  3.9600000000E+00  6.9000000000E+00  2.2776766781E+00
  3.9600000000E+00  7.0000000000E+00  2.2430195333E+00
  3.9600000000E+00  7.1000000000E+00  2.2083028757E+00
  3.9600000000E+00  7.2000000000E+00  2.1735930781E+00
  3.9600000000E+00  7.3000000000E+00  2.1389580478E+00
  3.9600000000E+00  7.4000000000E+00  2.1044670066E+00
  3.9600000000E+00  7.5000000000E+00  2.0701902091E+00
  3.9600000000E+00  7.6000000000E+00  2.0361986011E+00
  3.9600000000E+00  7.7000000000E+00  2.0025634223E+00
  3.9600000000E+00  7.8000000000E+00  1.9693557584E+00
  3.9600000000E+00  7.9000000000E+00  1.9366460476E+00
  3.9600000000E+00  8.0000000000E+00  1.9045035494E+00
  3.9600000000E+00  8.1000000000E+00  1.8729957830E+00
  3.9600000000E+00  8.2000000000E+00  1.8421879432E+00
  3.9600000000E+00  8.3000000000E+00  1.8121423042E+00
  3.9600000000E+00  8.4000000000E+00  1.7829176186E+00
  3.9600000000E+00  8.5000000000E+00  1.7545685230E+00
  3.9600000000E+00  8.6000000000E+00  1.7271449597E+00
  3.9600000000E+00  8.7000000000E+00  1.7006916231E+00
  3.9600000000E+00  8.8000000000E+00  1.6752474409E+00
  3.9600000000E+00  8.9000000000E+00  1.6508450998E+00
  3.9600000000E+00  9.0000000000E+00  1.6275106222E+00
  3.9600000000E+00  9.1000000000E+00  1.6052630037E+00
  3.9600000000E+00  9.2000000000E+00  1.5841139163E+00
  3.9600000000E+00  9.3000000000E+00  1.5640674848E+00
  3.9600000000E+00  9.4000000000E+00  1.5451201398E+00
  3.9600000000E+00  9.5000000000E+00  1.5272605514E+00
  3.9600000000E+00  9.6000000000E+00  1.5104696468E+00
  3.9600000000E+00  9.7000000000E+00  1.4947207104E+00
  3.9600000000E+00  9.8000000000E+00  1.4799795696E+00
  3.9600000000E+00  9.9000000000E+00  1.4662048620E+00
  3.9600000000E+00  1.0000000000E+01  1.4533483822E+00

  4.0000000000E+00  0.0000000000E+00  1.1807541205E+00
  4.0000000000E+00  1.0000000000E-01  1.2306644019E+00
  4.0000000000E+00  2.0000000000E-01  1.2806707888E+00
  4.0000000000E+00  3.0000000000E-01  1.3306436326E+00
  4.0000000000E+00  4.0000000000E-01  1.3804519805E+00
  4.0000000000E+00  5.0000000000E-01  1.4299644246E+00
  4.0000000000E+00  6.0000000000E-01  1.4790499548E+00
  4.0000000000E+00  7.0000000000E-01  1.5275788074E+00
  4.0000000000E+00  8.0000000000E-01  1.5754233012E+00
  4.0000000000E+00  9.0000000000E-01  1.6224586494E+00
  4.0000000000E+00  1.0000000000E+00  1.6685637414E+00
  4.0000000000E+00  1.1000000000E+00  1.7136218842E+00
  4.0000000000E+00  1.2000000000E+00  1.7575214972E+00
  4.0000000000E+00  1.3000000000E+00  1.8001567529E+00
  4.0000000000E+00  1.4000000000E+00  1.8414281576E+00
  4.0000000000E+00  1.5000000000E+00  1.8812430667E+00
  4.0000000000E+00  1.6000000000E+00  1.9195161309E+00
  4.0000000000E+00  1.7000000000E+00  1.9561696696E+00
  4.0000000000E+00  1.8000000000E+00  1.9911339685E+00
  4.0000000000E+00  1.9000000000E+00  2.0243475022E+00
  4.0000000000E+00  2.0000000000E+00  2.0557570785E+00
  4.0000000000E+00  2.1000000000E+00  2.0853179077E+00
  4.0000000000E+00  2.2000000000E+00  2.1129935963E+00
  4.0000000000E+00  2.3000000000E+00  2.1387560694E+00
  4.0000000000E+00  2.4000000000E+00  2.1625854227E+00
  4.0000000000E+00  2.5000000000E+00  2.1844697100E+00
  4.0000000000E+00  2.6000000000E+00  2.2044046697E+00
  4.0000000000E+00  2.7000000000E+00  2.2223933959E+00
  4.0000000000E+00  2.8000000000E+00  2.2384459586E+00
  4.0000000000E+00  2.9000000000E+00  2.2525789808E+00
  4.0000000000E+00  3.0000000000E+00  2.2648151773E+00
  4.0000000000E+00  3.1000000000E+00  2.2751828624E+00
  4.0000000000E+00  3.2000000000E+00  2.2837154331E+00
  4.0000000000E+00  3.3000000000E+00  2.2904508352E+00
  4.0000000000E+00  3.4000000000E+00  2.2954310175E+00
  4.0000000000E+00  3.5000000000E+00  2.2987013832E+00
  4.0000000000E+00  3.6000000000E+00  2.3003102427E+00
  4.0000000000E+00  3.7000000000E+00  2.3003082757E+00
  4.0000000000E+00  3.8000000000E+00  2.2987480089E+00
  4.0000000000E+00  3.9000000000E+00  2.2956833134E+00
  4.0000000000E+00  4.0000000000E+00  2.2911689291E+00
  4.0000000000E+00  4.1000000000E+00  2.2852600201E+00
  4.0000000000E+00  4.2000000000E+00  2.2780117650E+00
  4.0000000000E+00  4.3000000000E+00  2.2694789881E+00
  4.0000000000E+00  4.4000000000E+00  2.2597158318E+00
  4.0000000000E+00  4.5000000000E+00  2.2487754759E+00
  4.0000000000E+00  4.6000000000E+00  2.2367099036E+00
  4.0000000000E+00  4.7000000000E+00  2.2235697167E+00
  4.0000000000E+00  4.8000000000E+00  2.2094040010E+00
  4.0000000000E+00  4.9000000000E+00  2.1942602404E+00
  4.0000000000E+00  5.0000000000E+00  2.1781842802E+00
  4.0000000000E+00  5.1000000000E+00  2.1612203382E+00
  4.0000000000E+00  5.2000000000E+00  2.1434110599E+00
  4.0000000000E+00  5.3000000000E+00  2.1247976171E+00
  4.0000000000E+00  5.4000000000E+00  2.1054198445E+00
  4.0000000000E+00  5.5000000000E+00  2.0853164105E+00
  4.0000000000E+00  5.6000000000E+00  2.0645250189E+00
  4.0000000000E+00  5.7000000000E+00  2.0430826345E+00
  4.0000000000E+00  5.8000000000E+00  2.0210257271E+00
  4.0000000000E+00  5.9000000000E+00  1.9983905301E+00
  4.0000000000E+00  6.0000000000E+00  1.9752133038E+00
  4.0000000000E+00  6.1000000000E+00  1.9515306009E+00
  4.0000000000E+00  6.2000000000E+00  1.9273795244E+00
  4.0000000000E+00  6.3000000000E+00  1.9027979740E+00
  4.0000000000E+00  6.4000000000E+00  1.8778248733E+00
  4.0000000000E+00  6.5000000000E+00  1.8525003723E+00
  4.0000000000E+00  6.6000000000E+00  1.8268660201E+00
  4.0000000000E+00  6.7000000000E+00  1.8009649019E+00
  4.0000000000E+00  6.8000000000E+00  1.7748417365E+00
  4.0000000000E+00  6.9000000000E+00  1.7485429301E+00
  4.0000000000E+00  7.0000000000E+00  1.7221165833E+00
  4.0000000000E+00  7.1000000000E+00  1.6956124497E+00
  4.0000000000E+00  7.2000000000E+00  1.6690818440E+00
  4.0000000000E+00  7.3000000000E+00  1.6425774994E+00
  4.0000000000E+00  7.4000000000E+00  1.6161533745E+00
  4.0000000000E+00  7.5000000000E+00  1.5898644125E+00
  4.0000000000E+00  7.6000000000E+00  1.5637662526E+00
  4.0000000000E+00  7.7000000000E+00  1.5379148991E+00
  4.0000000000E+00  7.8000000000E+00  1.5123663515E+00
  4.0000000000E+00  7.9000000000E+00  1.4871761994E+00
  4.0000000000E+00  8.0000000000E+00  1.4623991900E+00
  4.0000000000E+00  8.1000000000E+00  1.4380887726E+00
  4.0000000000E+00  8.2000000000E+00  1.4142966273E+00
  4.0000000000E+00  8.3000000000E+00  1.3910721859E+00
  4.0000000000E+00  8.4000000000E+00  1.3684621509E+00
  4.0000000000E+00  8.5000000000E+00  1.3465100221E+00
  4.0000000000E+00  8.6000000000E+00  1.3252556361E+00
  4.0000000000E+00  8.7000000000E+00  1.3047347288E+00
  4.0000000000E+00  8.8000000000E+00  1.2849785263E+00
  4.0000000000E+00  8.9000000000E+00  1.2660133716E+00
  4.0000000000E+00  9.0000000000E+00  1.2478603941E+00
  4.0000000000E+00  9.1000000000E+00  1.2305352275E+00
  4.0000000000E+00  9.2000000000E+00  1.2140477804E+00
  4.0000000000E+00  9.3000000000E+00  1.1984020658E+00
  4.0000000000E+00  9.4000000000E+00  1.1835960908E+00
  4.0000000000E+00  9.5000000000E+00  1.1696218112E+00
  4.0000000000E+00  9.6000000000E+00  1.1564651506E+00
  4.0000000000E+00  9.7000000000E+00  1.1441060869E+00
  4.0000000000E+00  9.8000000000E+00  1.1325188032E+00
  4.0000000000E+00  9.9000000000E+00  1.1216719038E+00
  4.0000000000E+00  1.0000000000E+01  1.1115286917E+00

