# Frequency(meV)  DOS(width=0.1~1.0)
  1.0000000475E-03  9.7360588963E-02  1.8973462327E-01  2.7116317809E-01  3.4017588897E-01  3.9979992467E-01  4.5269285685E-01  5.0064724274E-01  5.4495213310E-01  5.8655253702E-01  6.2614161386E-01
  5.3929994273E-02  1.4837627575E-01  2.3640156156E-01  3.1339892850E-01  3.7846179706E-01  4.3489232187E-01  4.8521767850E-01  5.3108704052E-01  5.7368437915E-01  6.1387485814E-01  6.5229002975E-01
  1.0685998850E-01  2.1184972006E-01  2.8889559713E-01  3.5892195583E-01  4.1885411009E-01  4.7146990964E-01  5.1885949350E-01  5.6240833622E-01  6.0313909430E-01  6.4180738927E-01  6.7896636483E-01
  1.5978998273E-01  2.8557962233E-01  3.4664576592E-01  4.0745476486E-01  4.6119947708E-01  5.0943981948E-01  5.5355775917E-01  5.9456969236E-01  6.3328689063E-01  6.7032868938E-01  7.0615460274E-01
  2.1271997695E-01  3.6632801546E-01  4.0885437430E-01  4.5865080193E-01  5.0531873947E-01  5.4869735234E-01  5.8924575668E-01  6.2752615561E-01  6.6409623855E-01  6.9941593784E-01  7.3383779582E-01
  2.6564997118E-01  4.5072475084E-01  4.7455253790E-01  5.1210613054E-01  5.5101065129E-01  5.8912740440E-01  6.2585124313E-01  6.6122959197E-01  6.9553365321E-01  7.2904504434E-01  7.6199813301E-01
  3.1857996540E-01  5.3607400298E-01  5.4266891962E-01  5.6737392607E-01  5.9805624709E-01  6.3060609114E-01  6.6329717953E-01  6.9562905478E-01  7.2756389649E-01  7.5919076681E-01  7.9061701218E-01
  3.7150995963E-01  6.2059488994E-01  6.1210260892E-01  6.2398091534E-01  6.4622368990E-01  6.7300252985E-01  7.0150252215E-01  7.3067118094E-01  7.6015019270E-01  7.8982683643E-01  8.1967511645E-01
  4.2443995385E-01  7.0300427104E-01  6.8179130476E-01  6.8144476096E-01  6.9527341026E-01  7.1618073606E-01  7.4038306366E-01  7.6630061021E-01  7.9325445571E-01  8.2092608880E-01  8.4915249383E-01
  4.7736994808E-01  7.8194487211E-01  7.5076772511E-01  7.3929134730E-01  7.4496333666E-01  7.6000158664E-01  7.7985230923E-01  8.0246042216E-01  8.2683752533E-01  8.5246060006E-01  8.7902863991E-01
  5.3029994231E-01  8.5594868355E-01  8.1819999941E-01  7.9707096359E-01  7.9505401754E-01  8.0432480154E-01  8.1982237258E-01  8.3909258506E-01  8.6085941044E-01  8.8440182702E-01  9.0928258283E-01
  5.8322993653E-01  9.2406158692E-01  8.8341505510E-01  8.5437249205E-01  8.4531344626E-01  8.4901089657E-01  8.6020487650E-01  8.7613841093E-01  8.9527953639E-01  9.1672074999E-01  9.3989297006E-01
  6.3615993076E-01  9.8648472546E-01  9.4590697364E-01  9.1083488003E-01  8.9552142147E-01  8.9392306199E-01  9.0091184264E-01  9.1353901076E-01  9.3005699435E-01  9.4938801731E-01  9.7083815640E-01
  6.8908992498E-01  1.0444926335E+00  1.0053343239E+00  9.6615538764E-01  9.4547330461E-01  9.3892892548E-01  9.4185655583E-01  9.5123574445E-01  9.6515078984E-01  9.8237409020E-01  1.0020962926E+00
  7.4201991921E-01  1.0995893458E+00  1.0615111470E+00  1.0200943368E+00  9.9498307284E-01  9.8390216330E-01  9.8295438936E-01  9.8917065941E-01  1.0005200882E+00  1.0156493871E+00  1.0336454142E+00
  7.9494991344E-01  1.1525690348E+00  1.1143954653E+00  1.0724763261E+00  1.0438856048E+00  1.0287239291E+00  1.0241235783E+00  1.0272869130E+00  1.0361244546E+00  1.0491844258E+00  1.0654635294E+00
  8.4787990766E-01  1.2031138457E+00  1.1640772469E+00  1.1231881021E+00  1.0920381783E+00  1.0732840772E+00  1.0652859302E+00  1.0655291734E+00  1.0719240862E+00  1.0829499634E+00  1.0975287064E+00
  9.0080990189E-01  1.2499554563E+00  1.2107653831E+00  1.1721734819E+00  1.1393211987E+00  1.1174821639E+00  1.1063674625E+00  1.1038439950E+00  1.1078800341E+00  1.1169171309E+00  1.1298191586E+00
  9.5373989611E-01  1.2913036192E+00  1.2547713592E+00  1.2194258862E+00  1.1856382112E+00  1.1612282175E+00  1.1472989611E+00  1.1421801632E+00  1.1439544140E+00  1.1510575644E+00  1.1623133284E+00
  1.0066698903E+00  1.3256000000E+00  1.2964867193E+00  1.2649791715E+00  1.2309152811E+00  1.2044432755E+00  1.1880164515E+00  1.1804890068E+00  1.1801106025E+00  1.1853435287E+00  1.1949899669E+00
  1.0595998846E+00  1.3528774422E+00  1.3363524953E+00  1.3088975226E+00  1.2750998482E+00  1.2470596936E+00  1.2284615813E+00  1.2187246739E+00  1.2163134182E+00  1.2197480357E+00  1.2278282123E+00
  1.1125298788E+00  1.3761414805E+00  1.3748211824E+00  1.3512651942E+00  1.3181591719E+00  1.2890212359E+00  1.2685819103E+00  1.2568443691E+00  1.2525292865E+00  1.2542449537E+00  1.2608076632E+00
  1.1654598730E+00  1.4010637127E+00  1.4123147013E+00  1.3921768593E+00  1.3600784917E+00  1.3302829628E+00  1.3083311092E+00  1.2948085516E+00  1.2887263859E+00  1.2888091091E+00  1.2939084485E+00
  1.2183898672E+00  1.4330252639E+00  1.4491839592E+00  1.4317292356E+00  1.4008590211E+00  1.3708109358E+00  1.3476690687E+00  1.3325810922E+00  1.3248747762E+00  1.3234163796E+00  1.3271112932E+00
  1.2713198615E+00  1.4733571335E+00  1.4856762336E+00  1.4700145284E+00  1.4405158815E+00  1.4105817600E+00  1.3865619213E+00  1.3701293893E+00  1.3609465066E+00  1.3580437771E+00  1.3603975791E+00
  1.3242498557E+00  1.5183189691E+00  1.5219154314E+00  1.5071160496E+00  1.4790760682E+00  1.4495819915E+00  1.4249819827E+00  1.4074244449E+00  1.3969157051E+00  1.3926695213E+00  1.3937494008E+00
  1.3771798499E+00  1.5621629782E+00  1.5578978292E+00  1.5431061613E+00  1.5165765150E+00  1.4878074315E+00  1.4629076173E+00  1.4444409000E+00  1.4327586465E+00  1.4272731034E+00  1.4271496163E+00
  1.4301098441E+00  1.6015128227E+00  1.5935031684E+00  1.5780464745E+00  1.5530623057E+00  1.5252623352E+00  1.5003230351E+00  1.4811570330E+00  1.4684538020E+00  1.4618353393E+00  1.4605818925E+00
  1.4830398384E+00  1.6370857568E+00  1.6285188733E+00  1.6119900116E+00  1.5885850558E+00  1.5619585585E+00  1.5372180290E+00  1.5175547211E+00  1.5039818681E+00  1.4963384124E+00  1.4940307451E+00
  1.5359698326E+00  1.6718762246E+00  1.6626741404E+00  1.6449848547E+00  1.6232014685E+00  1.5979146661E+00  1.5735876602E+00  1.5536193691E+00  1.5393257777E+00  1.5307659062E+00  1.5274815731E+00
  1.5888998268E+00  1.7083247905E+00  1.6956804868E+00  1.6770786565E+00  1.6569720536E+00  1.6331550229E+00  1.6094319009E+00  1.5893398058E+00  1.5744706914E+00  1.5651028270E+00  1.5609206871E+00
  1.6418298210E+00  1.7468635788E+00  1.7272754115E+00  1.7083233132E+00  1.6899599870E+00  1.6677088883E+00  1.6447552429E+00  1.6247081539E+00  1.6094039734E+00  1.5993356162E+00  1.5943353329E+00
  1.6947598153E+00  1.7858075767E+00  1.7572655216E+00  1.7387790948E+00  1.7222300818E+00  1.7016095293E+00  1.6795662811E+00  1.6597196742E+00  1.6441151492E+00  1.6334521536E+00  1.6277137089E+00
  1.7476898095E+00  1.8216663809E+00  1.7855646760E+00  1.7685176024E+00  1.7538478444E+00  1.7348933681E+00  1.7138772810E+00  1.6943725895E+00  1.6785958499E+00  1.6674417506E+00  1.6610449780E+00
  1.8006198037E+00  1.8501629786E+00  1.8122218577E+00  1.7976230726E+00  1.7848785920E+00  1.7675991770E+00  1.7477037373E+00  1.7286678903E+00  1.7128397415E+00  1.7012951351E+00  1.6943192751E+00
  1.8535497980E+00  1.8685906156E+00  1.8374334263E+00  1.8261917527E+00  1.8153866159E+00  1.7997673283E+00  1.7810639324E+00  1.7626091263E+00  1.7468424431E+00  1.7350044288E+00  1.7275277078E+00
  1.9064797922E+00  1.8782634363E+00  1.8615357739E+00  1.8543293162E+00  1.8454343880E+00  1.8314391090E+00  1.8139784995E+00  1.7962021876E+00  1.7806014332E+00  1.7685631153E+00  1.7606623541E+00
  1.9594097864E+00  1.8844592487E+00  1.8849773128E+00  1.8821465381E+00  1.8750818153E+00  1.8626561048E+00  1.8464699993E+00  1.8294550781E+00  1.8141159476E+00  1.8019660030E+00  1.7937162540E+00
  2.0123397806E+00  1.8931979469E+00  1.9082725195E+00  1.9097536804E+00  1.9043855598E+00  1.8934596562E+00  1.8785625129E+00  1.8623776852E+00  1.8473868697E+00  1.8352091799E+00  1.8266833972E+00
  2.0652697749E+00  1.9076870180E+00  1.9319443451E+00  1.9372542181E+00  1.9333984464E+00  1.9238903895E+00  1.9102812563E+00  1.8949815486E+00  1.8804166135E+00  1.8682899643E+00  1.8595587068E+00
  2.1181997691E+00  1.9277813059E+00  1.9564635561E+00  1.9647386425E+00  1.9621689866E+00  1.9539878218E+00  1.9416522201E+00  1.9272796301E+00  1.9132090038E+00  1.9012068497E+00  1.8923380190E+00
  2.1711297633E+00  1.9522853118E+00  1.9821939027E+00  1.9922790942E+00  1.9907410422E+00  1.9837900376E+00  1.9727018369E+00  1.9592860892E+00  1.9457691520E+00  1.9339594455E+00  1.9250180595E+00
  2.2240597575E+00  1.9807856288E+00  2.0093505076E+00  2.0199255021E+00  2.0191536525E+00  2.0133334358E+00  2.0034566777E+00  1.9910160640E+00  1.9781033310E+00  1.9665484150E+00  1.9575964163E+00
  2.2769897518E+00  2.0130897306E+00  2.0379762541E+00  2.0477037423E+00  2.0474410353E+00  2.0426525403E+00  2.0339431791E+00  2.0224854619E+00  2.0102188497E+00  1.9989754103E+00  1.9900715107E+00
  2.3299197460E+00  2.0481331719E+00  2.0679381388E+00  2.0756160938E+00  2.0756327638E+00  2.0717798704E+00  2.0641874014E+00  2.0537107602E+00  2.0421239284E+00  2.0312430047E+00  2.0224425649E+00
  2.3828497402E+00  2.0847539120E+00  2.0989432522E+00  2.1036439997E+00  2.1037541073E+00  2.1007458638E+00  2.0942148169E+00  2.0847088190E+00  2.0738275773E+00  2.0633546251E+00  2.0547095682E+00
  2.4357797344E+00  2.1232513473E+00  2.1305724832E+00  2.1317528594E+00  2.1318265112E+00  2.1295788452E+00  2.1240501287E+00  2.1154967073E+00  2.1053394772E+00  2.0953144827E+00  2.0868732413E+00
  2.4887097287E+00  2.1647568487E+00  2.1623289601E+00  2.1598983269E+00  2.1598681802E+00  2.1583050339E+00  2.1537171177E+00  2.1460915428E+00  2.1366698657E+00  2.1271275043E+00  2.1189349994E+00
  2.5416397229E+00  2.2085628124E+00  2.1936971804E+00  2.1880334015E+00  2.1878947220E+00  2.1869485810E+00  2.1832385170E+00  2.1765103469E+00  2.1678294284E+00  2.1587992643E+00  2.1508969139E+00
  2.5945697171E+00  2.2511089242E+00  2.2242074022E+00  2.2161154960E+00  2.2159198016E+00  2.2155316300E+00  2.2126359119E+00  2.2067699148E+00  2.1988291956E+00  2.1903359180E+00  2.1827616745E+00
  2.6474997113E+00  2.2884644277E+00  2.2534982429E+00  2.2441126691E+00  2.2439557592E+00  2.2440743938E+00  2.2419296630E+00  2.2368867006E+00  2.2296804465E+00  2.2217441362E+00  2.2145325499E+00
  2.7004297056E+00  2.3191834510E+00  2.2813690615E+00  2.2720083137E+00  2.2720141482E+00  2.2725952401E+00  2.2711388512E+00  2.2668767182E+00  2.2603946201E+00  2.2530310426E+00  2.2462133493E+00
  2.7533596998E+00  2.3437994540E+00  2.3078133747E+00  2.2998037908E+00  2.3001061578E+00  2.3011107805E+00  2.3002812420E+00  2.2967554569E+00  2.2909832338E+00  2.2842041536E+00  2.2778083836E+00
  2.8062896940E+00  2.3621759417E+00  2.3330259834E+00  2.3275187585E+00  2.3282428961E+00  2.3296359587E+00  2.3293732676E+00  2.3265378126E+00  2.3214578100E+00  2.3152713208E+00  2.3093224279E+00
  2.8592196882E+00  2.3732121616E+00  2.3573799559E+00  2.3551892410E+00  2.3564355254E+00  2.3581841328E+00  2.3584300244E+00  2.3562380325E+00  2.3518298108E+00  2.3462406778E+00  2.3407606840E+00
  2.9121496825E+00  2.3779690301E+00  2.3813747472E+00  2.3828637622E+00  2.3846952504E+00  2.3867671507E+00  2.3874652843E+00  2.3858696740E+00  2.3821105809E+00  2.3771205890E+00  2.3721287452E+00
  2.9650796767E+00  2.3818841133E+00  2.4055625155E+00  2.4105981066E+00  2.4130331774E+00  2.4153954169E+00  2.4164915186E+00  2.4154455773E+00  2.4123112981E+00  2.4079196040E+00  2.4034325609E+00
  3.0180096709E+00  2.3922527156E+00  2.4304646751E+00  2.4384494201E+00  2.4414600694E+00  2.4440779492E+00  2.4455199330E+00  2.4449778489E+00  2.4424429327E+00  2.4386464138E+00  2.4346784038E+00
  3.0709396651E+00  2.4132334114E+00  2.4564934876E+00  2.4664704218E+00  2.4699860309E+00  2.4728224292E+00  2.4745605119E+00  2.4744778582E+00  2.4725162138E+00  2.4693098132E+00  2.4658728384E+00
  3.1238696594E+00  2.4440034738E+00  2.4838930938E+00  2.4947044436E+00  2.4986201593E+00  2.5016352449E+00  2.5036220716E+00  2.5039562442E+00  2.5025416040E+00  2.4999186653E+00  2.4970226913E+00
  3.1767996536E+00  2.4816230717E+00  2.5127107090E+00  2.5231818650E+00  2.5273701982E+00  2.5305215309E+00  2.5327123214E+00  2.5334229316E+00  2.5325292807E+00  2.5304818715E+00  2.5281350232E+00
  3.2297296478E+00  2.5242086939E+00  2.5428025338E+00  2.5519182965E+00  2.5562422252E+00  2.5594852073E+00  2.5618379315E+00  2.5628871563E+00  2.5624891243E+00  2.5610083441E+00  2.5592171035E+00
  3.2826596421E+00  2.5703532049E+00  2.5738717684E+00  2.5809146042E+00  2.5852404011E+00  2.5885290213E+00  2.5910046075E+00  2.5923574990E+00  2.5924307130E+00  2.5915069842E+00  2.5902763860E+00
  3.3355896363E+00  2.6166795120E+00  2.6055297320E+00  2.6101586147E+00  2.6143667959E+00  2.6176545950E+00  2.6202171710E+00  2.6218419254E+00  2.6223633229E+00  2.6219866625E+00  2.6213204881E+00
  3.3885196305E+00  2.6582860020E+00  2.6373670049E+00  2.6396281237E+00  2.6436213021E+00  2.6468624817E+00  2.6494796449E+00  2.6513478328E+00  2.6522959345E+00  2.6524562037E+00  2.6523571708E+00
  3.4414496247E+00  2.6924176882E+00  2.6690205916E+00  2.6692946803E+00  2.6730016345E+00  2.6761522348E+00  2.6787953446E+00  2.6808821017E+00  2.6822372425E+00  2.6829243749E+00  2.6833943219E+00
  3.4943796190E+00  2.7205445825E+00  2.7002253257E+00  2.6991275536E+00  2.7025034106E+00  2.7055224899E+00  2.7081669723E+00  2.7104511522E+00  2.7121956710E+00  2.7133998765E+00  2.7144399411E+00
  3.5473096132E+00  2.7459423389E+00  2.7308422756E+00  2.7290973144E+00  2.7321203002E+00  2.7349710629E+00  2.7375967165E+00  2.7400610024E+00  2.7421793919E+00  2.7438913373E+00  2.7455021270E+00
  3.6002396074E+00  2.7701453205E+00  2.7608624083E+00  2.7591785664E+00  2.7618442289E+00  2.7644950649E+00  2.7670863537E+00  2.7697173311E+00  2.7721963457E+00  2.7744073109E+00  2.7765890673E+00
  3.6531696016E+00  2.7929669214E+00  2.7903888018E+00  2.7893515221E+00  2.7916656232E+00  2.7940910333E+00  2.7966373530E+00  2.7994255405E+00  2.8022542664E+00  2.8049562759E+00  2.8077090297E+00
  3.7060995959E+00  2.8152780057E+00  2.8196041389E+00  2.8196023152E+00  2.8215736832E+00  2.8237550793E+00  2.8262509822E+00  2.8291908200E+00  2.8323607059E+00  2.8355466380E+00  2.8388703565E+00
  3.7590295901E+00  2.8397564356E+00  2.8487315395E+00  2.8499221320E+00  2.8515566735E+00  2.8534830497E+00  2.8559284144E+00  2.8590182106E+00  2.8625230621E+00  2.8661867341E+00  2.8700814601E+00
  3.8119595843E+00  2.8681743179E+00  2.8779961274E+00  2.8803054132E+00  2.8816022275E+00  2.8832707016E+00  2.8856708350E+00  2.8889126668E+00  2.8927486059E+00  2.8968848386E+00  2.9013508215E+00
  3.8648895785E+00  2.8991569216E+00  2.9075927118E+00  2.9107475005E+00  2.9116976617E+00  2.9131138862E+00  2.9154795462E+00  2.9188791182E+00  2.9230445094E+00  2.9276491709E+00  2.9326869902E+00
  3.9178195728E+00  2.9297625140E+00  2.9376624689E+00  2.9412421579E+00  2.9418303015E+00  2.9430087403E+00  2.9453560695E+00  2.9489225276E+00  2.9534178739E+00  2.9584879048E+00  2.9640985864E+00
  3.9707495670E+00  2.9589003737E+00  2.9682792955E+00  2.9717793973E+00  2.9719878196E+00  2.9729518787E+00  2.9753022436E+00  2.9790479461E+00  2.9838757567E+00  2.9894091791E+00  2.9955943049E+00
  4.0236795612E+00  2.9883455571E+00  2.9994450446E+00  3.0023439746E+00  3.0021585900E+00  3.0029405870E+00  3.0053203171E+00  3.0092605642E+00  3.0144251971E+00  3.0204211088E+00  3.0271829217E+00
  4.0766095554E+00  3.0205889274E+00  3.0310921919E+00  3.0329148134E+00  3.0323320565E+00  3.0329730075E+00  3.0354130347E+00  3.0395657586E+00  3.0450732416E+00  3.0515317981E+00  3.0588733013E+00
  4.1295395497E+00  3.0564847821E+00  3.0630924227E+00  3.0634654779E+00  3.0624991139E+00  3.0630483154E+00  3.0655837144E+00  3.0699691335E+00  3.0758269662E+00  3.0827493536E+00  3.0906744067E+00
  4.1824695439E+00  3.0948733261E+00  3.0952698462E+00  3.0939656685E+00  3.0926524944E+00  3.0931668804E+00  3.0958363162E+00  3.1004765568E+00  3.1066934977E+00  3.1140818981E+00  3.1225953111E+00
  4.2353995381E+00  3.1334497329E+00  3.1274177873E+00  3.1243835780E+00  3.1227871490E+00  3.1233304099E+00  3.1261754999E+00  3.1310941894E+00  3.1376800326E+00  3.1455375860E+00  3.1546452108E+00
  4.2883295323E+00  3.1696780325E+00  3.1593182605E+00  3.1546888339E+00  3.1529006091E+00  3.1535420689E+00  3.1566066705E+00  3.1618285093E+00  3.1687938539E+00  3.1771246181E+00  3.1868334409E+00
  4.3412595266E+00  3.2019930459E+00  3.1907632429E+00  3.1848556797E+00  3.1829933108E+00  3.1838065745E+00  3.1871360121E+00  3.1926863284E+00  3.2000423451E+00  3.2088512582E+00  3.2191694920E+00
  4.3941895208E+00  3.2312641409E+00  3.2215766737E+00  3.2148660207E+00  3.2130688645E+00  3.2141302614E+00  3.2177705079E+00  3.2236748028E+00  3.2314330028E+00  3.2407258495E+00  3.2516630287E+00
  4.4471195150E+00  3.2606985320E+00  3.2516356571E+00  3.2447119787E+00  3.2431342506E+00  3.2445211158E+00  3.2485179466E+00  3.2548014361E+00  3.2629734462E+00  3.2727568324E+00  3.2843239102E+00
  4.5000495092E+00  3.2929612461E+00  3.2808886171E+00  3.2743976615E+00  3.2731999272E+00  3.2749887772E+00  3.2793869141E+00  3.2860740768E+00  3.2946714251E+00  3.3049527622E+00  3.3171622124E+00
  4.5529795035E+00  3.3268460502E+00  3.3093673804E+00  3.3039399522E+00  3.3032798378E+00  3.3055445063E+00  3.3103867726E+00  3.3175009078E+00  3.3265348258E+00  3.3373223294E+00  3.3501882516E+00
  4.6059094977E+00  3.3574420020E+00  3.3371898134E+00  3.3333682383E+00  3.3333913136E+00  3.3362011204E+00  3.3415276244E+00  3.3490904315E+00  3.3585716756E+00  3.3698743788E+00  3.3834126106E+00
  4.6588394919E+00  3.3802517027E+00  3.3645503025E+00  3.3627231268E+00  3.3635548694E+00  3.3669728966E+00  3.3728202632E+00  3.3808514471E+00  3.3907901460E+00  3.4026179322E+00  3.4168461656E+00
  4.7117694861E+00  3.3952118362E+00  3.3916973944E+00  3.3920543047E+00  3.3937939011E+00  3.3978754446E+00  3.4042761125E+00  3.4127930244E+00  3.4231985551E+00  3.4355622110E+00  3.4505001157E+00
  4.7646994804E+00  3.4069120073E+00  3.4189010691E+00  3.4214177976E+00  3.4241342952E+00  3.4289255525E+00  3.4359071530E+00  3.4449244714E+00  3.4558053694E+00  3.4687166606E+00  3.4843860133E+00
  4.8176294746E+00  3.4216918286E+00  3.4464154716E+00  3.4508729328E+00  3.4546039691E+00  3.4601410089E+00  3.4677258386E+00  3.4772552991E+00  3.4886192061E+00  3.5020909780E+00  3.5185157972E+00
  4.8705594688E+00  3.4447032522E+00  3.4744451154E+00  3.4804793329E+00  3.4852323598E+00  3.4915404047E+00  3.4997450049E+00  3.5097951822E+00  3.5216488361E+00  3.5356951395E+00  3.5529018262E+00
  4.9234894631E+00  3.4781983596E+00  3.5031224017E+00  3.5102942399E+00  3.5160498852E+00  3.5231429201E+00  3.5319777687E+00  3.5425539183E+00  3.5549031885E+00  3.5695394326E+00  3.5875569154E+00
  4.9764194573E+00  3.5203649486E+00  3.5325014062E+00  3.5403704090E+00  3.5470873977E+00  3.5549681009E+00  3.5644374228E+00  3.5755413854E+00  3.5883913563E+00  3.6036344894E+00  3.6224943737E+00
  5.0293494515E+00  3.5651940118E+00  3.5625680896E+00  3.5707547273E+00  3.5783756509E+00  3.5870356297E+00  3.5971373268E+00  3.6087674997E+00  3.6221226062E+00  3.6379913231E+00  3.6577280422E+00
  5.0822794457E+00  3.6051269932E+00  3.5932621537E+00  3.6014876082E+00  3.6099447954E+00  3.6193650970E+00  3.6300907954E+00  3.6422421741E+00  3.6561063905E+00  3.6726213679E+00  3.6932723351E+00
  5.1352094400E+00  3.6357858170E+00  3.6245026883E+00  3.6326031180E+00  3.6418239185E+00  3.6519757764E+00  3.6633109868E+00  3.6759752794E+00  3.6903523644E+00  3.7075365213E+00  3.7291422811E+00
  5.1881394342E+00  3.6587091358E+00  3.6562098026E+00  3.6641296969E+00  3.6740406348E+00  3.6848864098E+00  3.6968107928E+00  3.7099766090E+00  3.7248704070E+00  3.7427491909E+00  3.7653535661E+00
  5.2410694284E+00  3.6794717863E+00  3.6883175193E+00  3.6960912776E+00  3.7066207345E+00  3.7181150053E+00  3.7306027325E+00  3.7442558487E+00  3.7596706490E+00  3.7782723438E+00  3.8019225773E+00
  5.2939994226E+00  3.7037312573E+00  3.7207778352E+00  3.7285085685E+00  3.7395878915E+00  3.7516786526E+00  3.7646988513E+00  3.7788225528E+00  3.7947635062E+00  3.8141195598E+00  3.8388664473E+00
  5.3469294169E+00  3.7352025777E+00  3.7535598213E+00  3.7614002651E+00  3.7729634299E+00  3.7855933578E+00  3.7991106275E+00  3.8136861284E+00  3.8301597201E+00  3.8503050886E+00  3.8762030995E+00
  5.3998594111E+00  3.7753570149E+00  3.7866490924E+00  3.7947839847E+00  3.8067661475E+00  3.8198739003E+00  3.8338488879E+00  3.8488558287E+00  3.8658704066E+00  3.8868439104E+00  3.9139512934E+00
  5.4527894053E+00  3.8220896544E+00  3.8200513121E+00  3.8286767725E+00  3.8410121948E+00  3.8545337135E+00  3.8689237337E+00  3.8843407578E+00  3.9019071124E+00  3.9237517996E+00  3.9521306701E+00
  5.5057193995E+00  3.8683648945E+00  3.8537996004E+00  3.8630951015E+00  3.8757150060E+00  3.8895847886E+00  3.9043444796E+00  3.9201498866E+00  3.9382818804E+00  3.9610453931E+00  3.9907617968E+00
  5.5586493938E+00  3.9052531728E+00  3.8879618219E+00  3.8980543665E+00  3.9108852822E+00  3.9250376025E+00  3.9401196062E+00  3.9562920841E+00  3.9750073243E+00  3.9987422599E+00  4.0298662117E+00
  5.6115793880E+00  3.9292051933E+00  3.9226418829E+00  3.9335679561E+00  3.9465310249E+00  3.9609010688E+00  3.9762567287E+00  3.9927761622E+00  4.0120967131E+00  4.0368609755E+00  4.0694664670E+00
  5.6645093822E+00  3.9461811100E+00  3.9579704496E+00  3.9696460472E+00  3.9826576208E+00  3.9971825094E+00  4.0127625826E+00  4.0296109378E+00  4.0495640640E+00  4.0754211970E+00  4.1095861703E+00
  5.7174393764E+00  3.9670513329E+00  3.9940844582E+00  4.0062943175E+00  4.0192679771E+00  4.0338876459E+00  4.0496430289E+00  4.0668053128E+00  4.0874242469E+00  4.1144437417E+00  4.1502500242E+00
  5.7703693707E+00  3.9988576583E+00  4.0310996140E+00  4.0435127884E+00  4.0563627064E+00  4.0710206076E+00  4.0869030793E+00  4.1043683721E+00  4.1256930963E+00  4.1539506657E+00  4.1914838639E+00
  5.8232993649E+00  4.0412460933E+00  4.0690835155E+00  4.0812950030E+00  4.0939403574E+00  4.1085839544E+00  4.1245469450E+00  4.1423095021E+00  4.1643875344E+00  4.1939653440E+00  4.2333146902E+00
  5.8762293591E+00  4.0900480004E+00  4.1080375024E+00  4.1196277069E+00  4.1319976846E+00  4.1465787115E+00  4.1625781091E+00  4.1806385297E+00  4.2035257019E+00  4.2345125503E+00  4.2757707011E+00
  5.9291593533E+00  4.1414225638E+00  4.1478926167E+00  4.1584911424E+00  4.1705299474E+00  4.1850044155E+00  4.2009994262E+00  4.2193658818E+00  4.2431270968E+00  4.2756185361E+00  4.3188813168E+00
  5.9820893476E+00  4.1919531095E+00  4.1885204148E+00  4.1978599908E+00  4.2095312225E+00  4.2238591688E+00  4.2398132503E+00  4.2585027677E+00  4.2832127216E+00  4.3173111070E+00  4.3626772021E+00
  6.0350193418E+00  4.2378360470E+00  4.2297547908E+00  4.2377049228E+00  4.2489947126E+00  4.2631397037E+00  4.2790215941E+00  4.2980613819E+00  4.3238052351E+00  4.3596196975E+00  4.4071902820E+00
  6.0879493360E+00  4.2771396298E+00  4.2714182586E+00  4.2779946412E+00  4.2889130268E+00  4.3028414564E+00  4.3186263204E+00  4.3380551289E+00  4.3649291100E+00  4.4025754403E+00  4.4524537517E+00
  6.1408793302E+00  4.3125979237E+00  4.3133460848E+00  4.3186982444E+00  4.3292784105E+00  4.3429586533E+00  4.3586293700E+00  4.3784988693E+00  4.4066107935E+00  4.4462112312E+00  4.4985020804E+00
  6.1938093245E+00  4.3499618222E+00  4.3554038170E+00  4.3597876964E+00  4.3700828988E+00  4.3834844136E+00  4.3990330260E+00  4.4194091846E+00  4.4488788687E+00  4.4905617876E+00  4.5453710075E+00
  6.2467393187E+00  4.3928555867E+00  4.3974967984E+00  4.4012401779E+00  4.4113183720E+00  4.4244108741E+00  4.4398402189E+00  4.4608046618E+00  4.4917642163E+00  4.5356636981E+00  4.5930975311E+00
  6.2996693129E+00  4.4400444068E+00  4.4395727804E+00  4.4430400951E+00  4.4529764953E+00  4.4657293433E+00  4.4810548713E+00  4.5027061937E+00  4.5353001724E+00  4.5815554644E+00  4.6417198882E+00
  6.3525993072E+00  4.4875241164E+00  4.4816199054E+00  4.4851805494E+00  4.4950485337E+00  4.5074304939E+00  4.5226822864E+00  4.5451372933E+00  4.5795226814E+00  4.6282775314E+00  4.6912775263E+00
  6.4055293014E+00  4.5318402618E+00  4.5236621399E+00  4.5276641072E+00  4.5375250428E+00  4.5495046035E+00  4.5647295795E+00  4.5881244198E+00  4.6244704408E+00  4.6758723063E+00  4.7418110651E+00
  6.4584592956E+00  4.5713794419E+00  4.5657533860E+00  4.5705027511E+00  4.5803954501E+00  4.5919418563E+00  4.6072061524E+00  4.6316973122E+00  4.6701850346E+00  4.7243841637E+00  4.7933622491E+00
  6.5113892898E+00  4.6066912723E+00  4.6079707913E+00  4.6137169411E+00  4.6236475538E+00  4.6347327166E+00  4.6501242112E+00  4.6758893258E+00  4.7167110534E+00  4.7738594370E+00  4.8459738897E+00
  6.5643192841E+00  4.6411011069E+00  4.6504076510E+00  4.6573337527E+00  4.6672669841E+00  4.6778683866E+00  4.6934993243E+00  4.7207377683E+00  4.7640961964E+00  4.8243463926E+00  4.8996897966E+00
  6.6172492783E+00  4.6796245711E+00  4.6931666472E+00  4.7013841081E+00  4.7112366834E+00  4.7213413603E+00  4.7373510188E+00  4.7662842289E+00  4.8123913540E+00  4.8758951884E+00  4.9545546988E+00
  6.6701792725E+00  4.7250562909E+00  4.7363545057E+00  4.7458991538E+00  4.7555364773E+00  4.7651460843E+00  4.7817034099E+00  4.8125748952E+00  4.8616506664E+00  4.9285578136E+00  5.0106141550E+00
  6.7231092667E+00  4.7749965563E+00  4.7800789966E+00  4.7909058966E+00  4.8001428159E+00  4.8092797314E+00  4.8265858588E+00  4.8596608511E+00  4.9119315551E+00  4.9823880087E+00  5.0679144518E+00
  6.7760392610E+00  4.8239012471E+00  4.8244484676E+00  4.8364222695E+00  4.8450287699E+00  4.8537430956E+00  4.8720336504E+00  4.9075983498E+00  4.9632947249E+00  5.0374411667E+00  5.1265024926E+00
  6.8289692552E+00  4.8680977224E+00  4.8695730477E+00  4.8824518837E+00  4.8901643663E+00  4.8985416073E+00  4.9180886828E+00  4.9564490527E+00  5.0158041323E+00  5.0937742129E+00  5.1864256743E+00
  6.8818992494E+00  4.9082225084E+00  4.9155657744E+00  4.9289788166E+00  4.9355173394E+00  4.9436864671E+00  4.9648001563E+00  5.0062802290E+00  5.0695269187E+00  5.1514454634E+00  5.2477317539E+00
  6.9348292436E+00  4.9476846583E+00  4.9625414541E+00  4.9759628912E+00  4.9810543582E+00  4.9891958919E+00  5.0122252516E+00  5.0571649057E+00  5.1245333039E+00  5.2105144630E+00  5.3104687051E+00
  6.9877592379E+00  4.9903053446E+00  5.0106110397E+00  5.0233360037E+00  5.0267427714E+00  5.0350964580E+00  5.0604297803E+00  5.1091819622E+00  5.1808964397E+00  5.2710418009E+00  5.3746845638E+00
  7.0406892321E+00  5.0388760295E+00  5.0598694494E+00  5.0710001320E+00  5.0725528807E+00  5.0814245262E+00  5.1094887934E+00  5.1624161601E+00  5.2386922203E+00  5.3330889055E+00  5.4404272659E+00
  7.0936192263E+00  5.0936775697E+00  5.1103749624E+00  5.1188276823E+00  5.1184607225E+00  5.1282277227E+00  5.1594871298E+00  5.2169581011E+00  5.2979990481E+00  5.3967178184E+00  5.5077444747E+00
  7.1465492205E+00  5.1514385429E+00  5.1621189192E+00  5.1666647872E+00  5.1644513030E+00  5.1755664490E+00  5.2105198856E+00  5.2729041060E+00  5.3588975544E+00  5.4619909483E+00  5.5766834015E+00
  7.1994792148E+00  5.2069760666E+00  5.2149861261E+00  5.2143380209E+00  5.2105221961E+00  5.2235153858E+00  5.2626927855E+00  5.3303560070E+00  5.4214702748E+00  5.5289708057E+00  5.6472906187E+00
  7.2524092090E+00  5.2571716173E+00  5.2687096996E+00  5.2616647501E+00  5.2566873823E+00  5.2721649529E+00  5.3161224338E+00  5.3894208487E+00  5.4858012776E+00  5.5977197204E+00  5.7196118663E+00
  7.3053392032E+00  5.3037611419E+00  5.3228289540E+00  5.3084669869E+00  5.3029811813E+00  5.3216226842E+00  5.3709364273E+00  5.4502104915E+00  5.5519757496E+00  5.6682995423E+00  5.7936918536E+00
  7.3582691974E+00  5.3527724586E+00  5.3766640097E+00  5.3545881807E+00  5.3494621151E+00  5.3720144710E+00  5.4272733057E+00  5.5128411147E+00  5.6200795366E+00  5.7407713279E+00  5.8695740573E+00
  7.4111991917E+00  5.4116855684E+00  5.4293237649E+00  5.3999119265E+00  5.3962165310E+00  5.4234856286E+00  5.4852823234E+00  5.5774326162E+00  5.6901986452E+00  5.8151950149E+00  5.9473005159E+00
  7.4641291859E+00  5.4857060087E+00  5.4797622394E+00  5.4443811359E+00  5.4433618242E+00  5.4762017351E+00  5.5451230212E+00  5.6441079075E+00  5.7624187051E+00  5.8916290868E+00  6.0269116231E+00
  7.5170591801E+00  5.5735490001E+00  5.5268906787E+00  5.4880158905E+00  5.4910491165E+00  5.5303491963E+00  5.6069645833E+00  5.7129921068E+00  5.8368243992E+00  5.9701302303E+00  6.1084459210E+00
  7.5699891743E+00  5.6646422490E+00  5.5697398784E+00  5.5309280443E+00  5.5394652804E+00  5.5861354850E+00  5.6709849637E+00  5.7842116307E+00  5.9134988634E+00  6.0507529880E+00  6.1919398940E+00
  7.6229191686E+00  5.7414067819E+00  5.6076519751E+00  5.5733307258E+00  5.5888342367E+00  5.6437890094E+00  5.7373697733E+00  5.8578931911E+00  5.9925230633E+00  6.1335494103E+00  6.2774277656E+00
  7.6758491628E+00  5.7873902726E+00  5.6404679639E+00  5.6155412343E+00  5.6394174962E+00  5.7035585639E+00  5.8063109184E+00  5.9341627036E+00  6.0739751532E+00  6.2185687085E+00  6.3649412989E+00
  7.7287791570E+00  5.7961885637E+00  5.6686709186E+00  5.6579764389E+00  5.6915139619E+00  5.7657123200E+00  5.8780049905E+00  6.0131441174E+00  6.1579298238E+00  6.3058569127E+00  6.4545096022E+00
  7.7817091512E+00  5.7743661476E+00  5.6934480301E+00  5.7011406026E+00  5.7454590429E+00  5.8305363189E+00  5.9526514089E+00  6.0949581775E+00  6.2444576470E+00  6.3954565386E+00  6.5461589417E+00
  7.8346391455E+00  5.7365942171E+00  5.7166471197E+00  5.7456065024E+00  5.8016231584E+00  5.8983324319E+00  6.0304503250E+00  6.1797211336E+00  6.3336244244E+00  6.4874062656E+00  6.6399125614E+00
  7.8875691397E+00  5.6976850527E+00  5.7406224518E+00  5.7919916558E+00  5.8604097213E+00  5.9694157621E+00  6.1116003037E+00  6.2675434115E+00  6.4254905486E+00  6.5817406294E+00  6.7357905127E+00
  7.9404991339E+00  5.6677315477E+00  5.7679859948E+00  5.8409322715E+00  5.9222526795E+00  6.0441114679E+00  6.1962958034E+00  6.3585282649E+00  6.5201103853E+00  6.6784897335E+00  6.8338094946E+00
  7.9934291282E+00  5.6525729862E+00  5.8012990546E+00  5.8930580767E+00  5.9876136685E+00  6.1227510003E+00  6.2847244824E+00  6.4527704271E+00  6.6175316857E+00  6.7776789815E+00  6.9339827044E+00
  8.0463591224E+00  5.6569952193E+00  5.8427517672E+00  5.9489713225E+00  6.0569787798E+00  6.2056677557E+00  6.3770643678E+00  6.5503547847E+00  6.7177950360E+00  6.8793288333E+00  7.0363197016E+00
  8.0992891166E+00  5.6868167807E+00  5.8938823094E+00  6.0092329833E+00  6.1308548898E+00  6.2931921635E+00  6.4734809288E+00  6.6513550944E+00  6.8209333550E+00  6.9834545891E+00  7.1408262853E+00
  8.1522191108E+00  5.7482075605E+00  5.9553835055E+00  6.0743584274E+00  6.2097654268E+00  6.3856462416E+00  6.5741241039E+00  6.7558327679E+00  6.9269714455E+00  7.0900662018E+00  7.2475043846E+00
  8.2051491051E+00  5.8450053342E+00  6.0270326048E+00  6.1448237118E+00  6.2942453870E+00  6.4833376737E+00  6.6791253348E+00  6.8638357463E+00  7.0359256095E+00  7.1991681211E+00  7.3563519651E+00
  8.2580790993E+00  5.9756286449E+00  6.1077620133E+00  6.2210822693E+00  6.3848353557E+00  6.5865534842E+00  6.7885946688E+00  6.9753974903E+00  7.1478033320E+00  7.3107591708E+00  7.4673629493E+00
  8.3110090935E+00  6.1312730356E+00  6.1958669879E+00  6.3035902553E+00  6.4820742570E+00  6.6955534079E+00  6.9026179933E+00  7.0905361070E+00  7.2626030418E+00  7.4248324602E+00  7.5805271527E+00
  8.3639390877E+00  6.2969120793E+00  6.2893237764E+00  6.3928374104E+00  6.5864905570E+00  6.8105630771E+00  7.0212544679E+00  7.2092536360E+00  7.3803139526E+00  7.5413753313E+00  7.6958302361E+00
  8.4168690820E+00  6.4552851910E+00  6.3861721439E+00  6.4893791423E+00  6.6985916796E+00  6.9317671736E+00  7.1445342243E+00  7.3315355152E+00  7.5009159902E+00  7.6603693411E+00  7.8132536727E+00
  8.4697990762E+00  6.5918674895E+00  6.4849036439E+00  6.5938647926E+00  6.8188514820E+00  7.0593027139E+00  7.2724564005E+00  7.4573502437E+00  7.6243798079E+00  7.7817902797E+00  7.9327747305E+00
  8.5227290704E+00  6.6980852998E+00  6.5847947153E+00  6.7070568500E+00  6.9476957596E+00  7.1932526608E+00  7.4049875761E+00  7.5866492578E+00  7.7506668915E+00  7.9056082232E+00  8.0543664704E+00
  8.5756590646E+00  6.7719283318E+00  6.6861332399E+00  6.8298362365E+00  7.0854859189E+00  7.3336400660E+00  7.5420606693E+00  7.7193670309E+00  7.8797297548E+00  8.0317876211E+00  8.1779977578E+00
  8.6285890589E+00  6.8176108838E+00  6.7903073668E+00  6.9631897370E+00  7.2325011554E+00  7.4804229652E+00  7.6835743530E+00  7.8554214059E+00  8.0115122233E+00  8.1602874148E+00  8.3036332890E+00
  8.6815190531E+00  6.8459298564E+00  6.8997519008E+00  7.1081770796E+00  7.3889196856E+00  7.6334902479E+00  7.8293930354E+00  7.9947141644E+00  8.1459498040E+00  8.2910611872E+00  8.4312336300E+00
  8.7344490473E+00  6.8741807207E+00  7.0177737428E+00  7.2658770033E+00  7.5547997990E+00  7.7926587214E+00  7.9793474439E+00  8.1371318318E+00  8.2829701356E+00  8.4240573396E+00  8.5607552675E+00
  8.7873790415E+00  6.9228374928E+00  7.1482964549E+00  7.4373137165E+00  7.7300616880E+00  7.9576715744E+00  8.1332358370E+00  8.2825467123E+00  8.4224935140E+00  8.5592192929E+00  8.6921506720E+00
  8.8403090358E+00  7.0090679590E+00  7.2955693736E+00  7.6233672858E+00  7.9144711684E+00  8.1281984232E+00  8.2908258560E+00  8.4308181449E+00  8.5644334857E+00  8.6964857105E+00  8.8253683696E+00
  8.8932390300E+00  7.1413712421E+00  7.4638770767E+00  7.8246735224E+00  8.1076264902E+00  8.3038370885E+00  8.4518570140E+00  8.5817939633E+00  8.7086974979E+00  8.8357907381E+00  8.9603530238E+00
  8.9461690242E+00  7.3188618564E+00  7.6572639025E+00  8.0415206693E+00  8.3089494592E+00  8.4841172065E+00  8.6160438024E+00  8.7353121417E+00  8.8551875980E+00  8.9770642579E+00  9.0970455249E+00
  8.9990990184E+00  7.5337610303E+00  7.8792639305E+00  8.2737514689E+00  8.5176820066E+00  8.6685057268E+00  8.7830793802E+00  8.8912025987E+00  9.0038011683E+00  9.1202321511E+00  9.2353830855E+00
  9.0520290127E+00  7.7741922569E+00  8.1326101702E+00  8.5206798456E+00  8.7328891825E+00  8.8564142877E+00  8.9526397937E+00  9.0492891334E+00  9.1544316847E+00  9.2652165660E+00  9.3752993423E+00
  9.1049590069E+00  8.0284372003E+00  8.4188970523E+00  8.7810313516E+00  8.9534692816E+00  9.0472083954E+00  9.1243886596E+00  9.2093914567E+00  9.3069694863E+00  9.4119361867E+00  9.5167244609E+00
  9.1578890011E+00  8.2936012269E+00  8.7381915052E+00  9.0529156057E+00  9.1781714703E+00  9.2402182641E+00  9.2979822270E+00  9.3713272841E+00  9.4613025409E+00  9.5603064979E+00  9.6595852451E+00
  9.2108189953E+00  8.5858552812E+00  9.0886254514E+00  9.3338371824E+00  9.4056208801E+00  9.4347511080E+00  9.4730747223E+00  9.5349144482E+00  9.6173171931E+00  9.7102400417E+00  9.8038052466E+00
  9.2637489896E+00  8.9423462726E+00  9.4660439262E+00  9.6207488398E+00  9.6343506887E+00  9.6301046110E+00  9.6493238680E+00  9.6999729907E+00  9.7748988816E+00  9.8616466626E+00  9.9493048776E+00
  9.3166789838E+00  9.4065614914E+00  9.8638113821E+00  9.9101477457E+00  9.8628402649E+00  9.8255812440E+00  9.8263964566E+00  9.8663271901E+00  9.9339328094E+00  1.0014433736E+01  1.0096001522E+01
  9.3696089780E+00  1.0000734394E+01  1.0272879269E+01  1.0198211723E+01  1.0089558028E+01  1.0020503051E+01  1.0003973856E+01  1.0033807483E+01  1.0094304557E+01  1.0168506378E+01  1.0243809647E+01
  9.4225389722E+00  1.0701601407E+01  1.0682184303E+01  1.0480968787E+01  1.0313007319E+01  1.0214226493E+01  1.0181757313E+01  1.0202252236E+01  1.0255900625E+01  1.0323767634E+01  1.0392640914E+01
  9.4754689665E+00  1.1437861156E+01  1.1079384685E+01  1.0754489790E+01  1.0531773296E+01  1.0406156914E+01  1.0359472937E+01  1.0371509325E+01  1.0418608889E+01  1.0480118640E+01  1.0542404287E+01
  9.5283989607E+00  1.2114982195E+01  1.1451867651E+01  1.1015091201E+01  1.0744568732E+01  1.0595762201E+01  1.0536876218E+01  1.0541437493E+01  1.0582318971E+01  1.0637458761E+01  1.0693006139E+01
  9.5813289549E+00  1.2654040488E+01  1.1787898125E+01  1.1259533265E+01  1.0950276549E+01  1.0782585200E+01  1.0713755981E+01  1.0711907436E+01  1.0746922506E+01  1.0795685695E+01  1.0844350361E+01
  9.6342589492E+00  1.3021296371E+01  1.2077743715E+01  1.1485198368E+01  1.1147987049E+01  1.0966254521E+01  1.0889937654E+01  1.0882802602E+01  1.0912313296E+01  1.0954695562E+01  1.0996338463E+01
  9.6871889434E+00  1.3232147574E+01  1.2314614722E+01  1.1690235375E+01  1.1337028055E+01  1.1146493345E+01  1.1065285749E+01  1.1054019673E+01  1.1078387369E+01  1.1114382944E+01  1.1148869678E+01
  9.7401189376E+00  1.3330127930E+01  1.2495295111E+01  1.1873658172E+01  1.1516986525E+01  1.1323125987E+01  1.1239705491E+01  1.1225468705E+01  1.1245042909E+01  1.1274640922E+01  1.1301841064E+01
  9.7930489318E+00  1.3355765745E+01  1.2620397487E+01  1.2035390273E+01  1.1687720687E+01  1.1496081956E+01  1.1413143510E+01  1.1397072928E+01  1.1412180084E+01  1.1435361065E+01  1.1455147609E+01
  9.8459789261E+00  1.3324312917E+01  1.2694234523E+01  1.2176251946E+01  1.1849362250E+01  1.1665397390E+01  1.1585587574E+01  1.1568768184E+01  1.1579700762E+01  1.1596433411E+01  1.1608682330E+01
  9.8989089203E+00  1.3225560428E+01  1.2724347171E+01  1.2297891283E+01  1.2002308798E+01  1.1831213795E+01  1.1757065327E+01  1.1740502025E+01  1.1747508125E+01  1.1757746419E+01  1.1762336383E+01
  9.9518389145E+00  1.3045403754E+01  1.2720760511E+01  1.2402665582E+01  1.2147206989E+01  1.1993774108E+01  1.1927642042E+01  1.1912232463E+01  1.1915506184E+01  1.1919186907E+01  1.1915999169E+01
  1.0004768909E+01  1.2793235141E+01  1.2695053096E+01  1.2493483681E+01  1.2284927668E+01  1.2153416171E+01  1.2097417406E+01  1.2083926405E+01  1.2083599213E+01  1.2080639980E+01  1.2069558447E+01
  1.0057698903E+01  1.2513020530E+01  1.2659331205E+01  1.2573623113E+01  1.2416534379E+01  1.2310563798E+01  1.2266521399E+01  1.2255557789E+01  1.2251691107E+01  1.2241988945E+01  1.2222900451E+01
  1.0110628897E+01  1.2267603278E+01  1.2625200884E+01  1.2646537741E+01  1.2543247007E+01  1.2465715646E+01  1.2435109313E+01  1.2427105464E+01  1.2419684686E+01  1.2403115223E+01  1.2375910019E+01
  1.0163558891E+01  1.2108119392E+01  1.2602829893E+01  1.2715671697E+01  1.2666402443E+01  1.2619432198E+01  1.2603356033E+01  1.2598550844E+01  1.2587480947E+01  1.2563898275E+01  1.2528470724E+01
  1.0216488886E+01  1.2052915162E+01  1.2600187005E+01  1.2784294092E+01  1.2787414139E+01  1.2772321149E+01  1.2771449657E+01  1.2769875386E+01  1.2754978309E+01  1.2724215521E+01  1.2680465019E+01
  1.0269418880E+01  1.2090278461E+01  1.2622534196E+01  1.2855366107E+01  1.2907732290E+01  1.2925021568E+01  1.2939584608E+01  1.2941057955E+01  1.2922071833E+01  1.2883942283E+01  1.2831774392E+01
  1.0322348874E+01  1.2197293136E+01  1.2672225840E+01  1.2931448284E+01  1.3028806150E+01  1.3078187191E+01  1.3107954359E+01  1.3112072107E+01  1.3088652475E+01  1.3042951750E+01  1.2982279531E+01
  1.0375278868E+01  1.2356167251E+01  1.2748838321E+01  1.3014651374E+01  1.3152049619E+01  1.3232469209E+01  1.3276743941E+01  1.3282883375E+01  1.3254606363E+01  1.3201114966E+01  1.3131860506E+01
  1.0428208863E+01  1.2558214115E+01  1.2849615909E+01  1.3106629622E+01  1.3278810901E+01  1.3388498922E+01  1.3446122377E+01  1.3453446605E+01  1.3419814135E+01  1.3358300850E+01  1.3280396966E+01
  1.0481138857E+01  1.2799643761E+01  1.2970178228E+01  1.3208611354E+01  1.3410346580E+01  1.3546870593E+01  1.3616235217E+01  1.3623703408E+01  1.3584150349E+01  1.3514376258E+01  1.3427768346E+01
  1.0534068851E+01  1.3075150846E+01  1.3105396092E+01  1.3321458541E+01  1.3547800093E+01  1.3708124852E+01  1.3787197336E+01  1.3793579784E+01  1.3747482997E+01  1.3669206080E+01  1.3573854094E+01
  1.0586998845E+01  1.3368726900E+01  1.3250311731E+01  1.3445745027E+01  1.3692184249E+01  1.3872732928E+01  1.3959086164E+01  1.3962983994E+01  1.3909673123E+01  1.3822653397E+01  1.3718533915E+01
  1.0639928839E+01  1.3643639194E+01  1.3400963752E+01  1.3581842402E+01  1.3844367143E+01  1.4041082018E+01  1.4131935504E+01  1.4131804716E+01  1.4070574575E+01  1.3974579672E+01  1.3861688027E+01
  1.0692858834E+01  1.3845534913E+01  1.3554983949E+01  1.3730003004E+01  1.4005060683E+01  1.4213462039E+01  1.4305730079E+01  1.4299909550E+01  1.4230033908E+01  1.4124845010E+01  1.4003197438E+01
  1.0745788828E+01  1.3930851051E+01  1.3711867160E+01  1.3890431095E+01  1.4174810861E+01  1.4390053993E+01  1.4480400968E+01  1.4467143919E+01  1.4387890431E+01  1.4273308461E+01  1.4142944233E+01
  1.0798718822E+01  1.3906133670E+01  1.3872875332E+01  1.4063335472E+01  1.4353988950E+01  1.4570920180E+01  1.4655822026E+01  1.4633330395E+01  1.4543976435E+01  1.4419828386E+01  1.4280811880E+01
  1.0851648816E+01  1.3841010955E+01  1.4040612694E+01  1.4248959330E+01  1.4542782962E+01  1.4755996429E+01  1.4831807425E+01  1.4798268501E+01  1.4698117585E+01  1.4564262874E+01  1.4416685548E+01
  1.0904578811E+01  1.3833815618E+01  1.4218382296E+01  1.4447585659E+01  1.4741188914E+01  1.4945086552E+01  1.5008110366E+01  1.4961734992E+01  1.4850133489E+01  1.4706470224E+01  1.4550452436E+01
  1.0957508805E+01  1.3953497311E+01  1.4409484365E+01  1.4659518638E+01  1.4949001772E+01  1.5137859157E+01  1.5184423060E+01  1.5123484642E+01  1.4999838451E+01  1.4846309463E+01  1.4682002114E+01
  1.1010438799E+01  1.4204990000E+01  1.4616627097E+01  1.4885043090E+01  1.5165806235E+01  1.5333846968E+01  1.5360377986E+01  1.5283251538E+01  1.5147042392E+01  1.4983640925E+01  1.4811226869E+01
  1.1063368793E+01  1.4541552024E+01  1.4841585481E+01  1.5124365207E+01  1.5390967886E+01  1.5532448767E+01  1.5535550465E+01  1.5440750875E+01  1.5291551932E+01  1.5118326876E+01  1.4938022059E+01
  1.1116298787E+01  1.4904960353E+01  1.5085171791E+01  1.5377538424E+01  1.5623625531E+01  1.5732934036E+01  1.5709462515E+01  1.5595681238E+01  1.5433171644E+01  1.5250232164E+01  1.5062286470E+01
  1.1169228782E+01  1.5257145301E+01  1.5347492611E+01  1.5644378781E+01  1.5862685799E+01  1.5934450348E+01  1.5881587963E+01  1.5747727337E+01  1.5571705435E+01  1.5379224921E+01  1.5183922672E+01
  1.1222158776E+01  1.5585200923E+01  1.5628386271E+01  1.5924374546E+01  1.6106821266E+01  1.6136033504E+01  1.6051358735E+01  1.5896563171E+01  1.5706958060E+01  1.5505177269E+01  1.5302837373E+01
  1.1275088770E+01  1.5889255620E+01  1.5927882763E+01  1.6216595411E+01  1.6354473425E+01  1.6336620377E+01  1.6218172241E+01  1.6041855563E+01  1.5838736744E+01  1.5627966065E+01  1.5418941763E+01
  1.1328018764E+01  1.6171908564E+01  1.6246517878E+01  1.6519607363E+01  1.6603861791E+01  1.6535064333E+01  1.6381399726E+01  1.6183268025E+01  1.5966852881E+01  1.5747473631E+01  1.5532151852E+01
  1.1380948759E+01  1.6437232003E+01  1.6585365206E+01  1.6831400177E+01  1.6853000274E+01  1.6730153067E+01  1.6540395450E+01  1.6320464878E+01  1.6091123797E+01  1.5863588502E+01  1.5642388796E+01
  1.1433878753E+01  1.6694663986E+01  1.6945715212E+01  1.7149335275E+01  1.7099721655E+01  1.6920628589E+01  1.6694506541E+01  1.6453115562E+01  1.6211374547E+01  1.5976206150E+01  1.5749579201E+01
  1.1486808747E+01  1.6961552991E+01  1.7328415063E+01  1.7470122103E+01  1.7341710660E+01  1.7105209043E+01  1.6843083322E+01  1.6580899076E+01  1.6327439705E+01  1.6085229693E+01  1.5853655410E+01
  1.1539738741E+01  1.7263529760E+01  1.7732969408E+01  1.7789830826E+01  1.7576545588E+01  1.7282611948E+01  1.6985489943E+01  1.6703508447E+01  1.6439165146E+01  1.6190570566E+01  1.5954555767E+01
  1.1592668736E+01  1.7633365003E+01  1.8156574166E+01  1.8103947821E+01  1.7801747992E+01  1.7451578407E+01  1.7121115083E+01  1.6820655168E+01  1.6546409758E+01  1.6292149158E+01  1.6052224850E+01
  1.1645598730E+01  1.8105190582E+01  1.8593298059E+01  1.8407477985E+01  1.8014839312E+01  1.7610897743E+01  1.7249382533E+01  1.6932073510E+01  1.6649047079E+01  1.6389895388E+01  1.6146613682E+01
  1.1698528724E+01  1.8700964376E+01  1.9033628745E+01  1.8695094325E+01  1.8213402838E+01  1.7759431997E+01  1.7369761442E+01  1.7037524637E+01  1.6746966819E+01  1.6483749228E+01  1.6237679898E+01
  1.1751458718E+01  1.9414277005E+01  1.9464556413E+01  1.8961330937E+01  1.8395148904E+01  1.7896139680E+01  1.7481776005E+01  1.7136800442E+01  1.6840076242E+01  1.6573661147E+01  1.6325387885E+01
  1.1804388712E+01  2.0203425701E+01  1.9870280014E+01  1.9200810806E+01  1.8557980810E+01  1.8020098164E+01  1.7585014400E+01  1.7229727027E+01  1.6928301379E+01  1.6659592484E+01  1.6409708883E+01
  1.1857318707E+01  2.0999514195E+01  2.0233502725E+01  1.9408495425E+01  1.8700058724E+01  1.8130524106E+01  1.7679136794E+01  1.7316167765E+01  1.7011588057E+01  1.6741515731E+01  1.6490621044E+01
  1.1910248701E+01  2.1721363660E+01  2.0537156436E+01  1.9579939709E+01  1.8819858706E+01  1.8226791347E+01  1.7763882221E+01  1.7396025875E+01  1.7089902712E+01  1.6819414722E+01  1.6568109452E+01
  1.1963178695E+01  2.2285568983E+01  2.0766289487E+01  1.9711533607E+01  1.8916224044E+01  1.8308445750E+01  1.7839074208E+01  1.7469246461E+01  1.7163232972E+01  1.6893284732E+01  1.6642166100E+01
  1.2016108689E+01  2.2613022597E+01  2.0909796349E+01  1.9800711600E+01  1.8988406370E+01  1.8375216559E+01  1.7904625016E+01  1.7535817965E+01  1.7231588003E+01  1.6963132468E+01  1.6712789825E+01
  1.2069038684E+01  2.2644569772E+01  2.0961682381E+01  1.9846112984E+01  1.9036094385E+01  1.8427023936E+01  1.7960538388E+01  1.7595773002E+01  1.7294998592E+01  1.7028975959E+01  1.6779986203E+01
  1.2121968678E+01  2.2369063712E+01  2.0921643903E+01  1.9847679438E+01  1.9059428627E+01  1.8463982437E+01  1.8006910756E+01  1.7649188556E+01  1.7353516975E+01  1.7090844344E+01  1.6843767397E+01
  1.2174898672E+01  2.1845153465E+01  2.0794885739E+01  1.9806681316E+01  1.9059001355E+01  1.8486400329E+01  1.8043930862E+01  1.7696185520E+01  1.7407216397E+01  1.7148777553E+01  1.6904151970E+01
  1.2227828666E+01  2.1191756906E+01  2.0591259490E+01  1.9725669986E+01  1.9035841382E+01  1.8494774762E+01  1.8071877804E+01  1.7736927575E+01  1.7456190409E+01  1.7202825893E+01  1.6961164657E+01
  1.2280758660E+01  2.0543451635E+01  2.0323942186E+01  1.9608359499E+01  1.8991384453E+01  1.8489782953E+01  1.8091117517E+01  1.7771619429E+01  1.7500551913E+01  1.7253049523E+01  1.7014836098E+01
  1.2333688655E+01  1.9995625534E+01  2.0007948682E+01  1.9459446401E+01  1.8927430516E+01  1.8472269623E+01  1.8102097780E+01  1.7800504431E+01  1.7540431957E+01  1.7299517858E+01  1.7065202535E+01
  1.2386618649E+01  1.9571941214E+01  1.9658762842E+01  1.9284380951E+01  1.8846089901E+01  1.8443231100E+01  1.8105341821E+01  1.7823861593E+01  1.7575978294E+01  1.7342308860E+01  1.7112305487E+01
  1.2439548643E+01  1.9229194197E+01  1.9291289479E+01  1.9089106096E+01  1.8749720953E+01  1.8403796509E+01  1.8101440657E+01  1.7842002069E+01  1.7607353737E+01  1.7381508277E+01  1.7156191385E+01
  1.2492478637E+01  1.8891331509E+01  1.8919202274E+01  1.8879782050E+01  1.8640862082E+01  1.8355206630E+01  1.8091044292E+01  1.7855265137E+01  1.7634734309E+01  1.7417208794E+01  1.7196911194E+01
  1.2545408632E+01  1.8492749636E+01  1.8554637008E+01  1.8662514312E+01  1.8522161378E+01  1.8298790978E+01  1.8074851964E+01  1.7864013756E+01  1.7658307239E+01  1.7449509134E+01  1.7234520002E+01
  1.2598338626E+01  1.8011891542E+01  1.8208095217E+01  1.8443101619E+01  1.8396306955E+01  1.8235943732E+01  1.8053601600E+01  1.7868629755E+01  1.7678268809E+01  1.7478513110E+01  1.7269076611E+01
  1.2651268620E+01  1.7482612232E+01  1.7888403652E+01  1.8226817973E+01  1.8265961012E+01  1.8168099115E+01  1.8028058687E+01  1.7869508747E+01  1.7694822096E+01  1.7504328641E+01  1.7300643101E+01
  1.2704198614E+01  1.6979726129E+01  1.7602616958E+01  1.8018239804E+01  1.8133700236E+01  1.8096706812E+01  1.7999004741E+01  1.7867054829E+01  1.7708174641E+01  1.7527066748E+01  1.7329284398E+01
  1.2757128608E+01  1.6585851950E+01  1.7355829576E+01  1.7821125833E+01  1.8001964653E+01  1.8023207960E+01  1.7967225603E+01  1.7861675176E+01  1.7718536071E+01  1.7546840533E+01  1.7355067839E+01
  1.2810058603E+01  1.6355043687E+01  1.7150942346E+01  1.7638353587E+01  1.7873016417E+01  1.7949012195E+01  1.7933499740E+01  1.7853774592E+01  1.7726115721E+01  1.7563764173E+01  1.7378062743E+01
  1.2862988597E+01  1.6290073126E+01  1.6988478564E+01  1.7471912919E+01  1.7748909336E+01  1.7875476145E+01  1.7898586757E+01  1.7843750122E+01  1.7731120275E+01  1.7577951923E+01  1.7398339990E+01
  1.2915918591E+01  1.6344180218E+01  1.6866548668E+01  1.7322953444E+01  1.7631469211E+01  1.7803883703E+01  1.7863216317E+01  1.7831985806E+01  1.7733751481E+01  1.7589517152E+01  1.7415971611E+01
  1.2968848585E+01  1.6446783805E+01  1.6781027445E+01  1.7191879679E+01  1.7522284398E+01  1.7735428296E+01  1.7828077632E+01  1.7818847658E+01  1.7734203957E+01  1.7598571427E+01  1.7431030409E+01
  1.3021778580E+01  1.6539433938E+01  1.6725952898E+01  1.7078484912E+01  1.7422705381E+01  1.7671197318E+01  1.7793809699E+01  1.7804678944E+01  1.7732663128E+01  1.7605223647E+01  1.7443589592E+01
  1.3074708574E+01  1.6600773653E+01  1.6694105352E+01  1.6982112560E+01  1.7333851684E+01  1.7612158798E+01  1.7760992421E+01  1.7789795850E+01  1.7729303327E+01  1.7609579250E+01  1.7453722440E+01
  1.3127638568E+01  1.6645704548E+01  1.6677696135E+01  1.6901832122E+01  1.7256624077E+01  1.7559150304E+01  1.7730138743E+01  1.7774483586E+01  1.7724286085E+01  1.7611739500E+01  1.7461502005E+01
  1.3180568562E+01  1.6701933117E+01  1.6669091133E+01  1.6836615951E+01  1.7191719890E+01  1.7512870072E+01  1.7701687924E+01  1.7758993009E+01  1.7717758633E+01  1.7611800855E+01  1.7467000843E+01
  1.3233498557E+01  1.6782282589E+01  1.6661507658E+01  1.6785503033E+01  1.7139649235E+01  1.7473870250E+01  1.7676000018E+01  1.7743537794E+01  1.7709852650E+01  1.7609854446E+01  1.7470290792E+01
  1.3286428551E+01  1.6871583395E+01  1.6649639871E+01  1.6747736910E+01  1.7100750127E+01  1.7442552204E+01  1.7653351642E+01  1.7728292217E+01  1.7700683257E+01  1.7605985646E+01  1.7471442783E+01
  1.3339358545E+01  1.6934280271E+01  1.6630177262E+01  1.6722866763E+01  1.7075200808E+01  1.7419163754E+01  1.7633933092E+01  1.7713389573E+01  1.7690348290E+01  1.7600273759E+01  1.7470526699E+01
  1.3392288539E+01  1.6934391551E+01  1.6602179250E+01  1.6710803527E+01  1.7063028047E+01  1.7403798269E+01  1.7617846817E+01  1.7698921240E+01  1.7678927852E+01  1.7592791820E+01  1.7467611284E+01
  1.3445218533E+01  1.6853374538E+01  1.6567262232E+01  1.6711826394E+01  1.7064110725E+01  1.7396395540E+01  1.7605107279E+01  1.7684936433E+01  1.7666484153E+01  1.7583606513E+01  1.7462764085E+01
  1.3498148528E+01  1.6696442204E+01  1.6529553570E+01  1.6726539178E+01  1.7078178598E+01  1.7396744383E+01  1.7595642173E+01  1.7671442609E+01  1.7653061638E+01  1.7572778206E+01  1.7456051452E+01
  1.3551078522E+01  1.6487986973E+01  1.6495379310E+01  1.6755780157E+01  1.7104806720E+01  1.7404486933E+01  1.7589294999E+01  1.7658406548E+01  1.7638687406E+01  1.7560361102E+01  1.7447538580E+01
  1.3604008516E+01  1.6262719606E+01  1.6472682066E+01  1.6800493039E+01  1.7143406552E+01  1.7419124650E+01  1.7585828921E+01  1.7645756069E+01  1.7623371904E+01  1.7546403505E+01  1.7437289592E+01
  1.3656938510E+01  1.6057680206E+01  1.6470208024E+01  1.6861570104E+01  1.7193215223E+01  1.7440026013E+01  1.7584931858E+01  1.7633382359E+01  1.7607109896E+01  1.7530948199E+01  1.7425367670E+01
  1.3709868505E+01  1.5906690804E+01  1.6496546675E+01  1.6939681127E+01  1.7253284741E+01  1.7466435961E+01  1.7586222726E+01  1.7621142874E+01  1.7589881675E+01  1.7514032924E+01  1.7411835226E+01
  1.3762798499E+01  1.5837855972E+01  1.6559140738E+01  1.7035103017E+01  1.7322473123E+01  1.7497487056E+01  1.7589258724E+01  1.7608864767E+01  1.7571654521E+01  1.7495690958E+01  1.7396754108E+01
  1.3815728493E+01  1.5873918478E+01  1.6663396144E+01  1.7147565267E+01  1.7399439446E+01  1.7532212401E+01  1.7593543571E+01  1.7596348777E+01  1.7552384365E+01  1.7475951782E+01  1.7380185844E+01
  1.3868658487E+01  1.6031819422E+01  1.6812008278E+01  1.7276125068E+01  1.7482644641E+01  1.7569560253E+01  1.7598536543E+01  1.7583373534E+01  1.7532017634E+01  1.7454841824E+01  1.7362191917E+01
  1.3921588481E+01  1.6316581036E+01  1.7004583305E+01  1.7419083633E+01  1.7570359573E+01  1.7608410277E+01  1.7603662187E+01  1.7569700187E+01  1.7510493263E+01  1.7432385272E+01  1.7342834067E+01
  1.3974518476E+01  1.6711385563E+01  1.7237581863E+01  1.7573951985E+01  1.7660681496E+01  1.7647591289E+01  1.7608320558E+01  1.7555077306E+01  1.7487744826E+01  1.7408604943E+01  1.7322174611E+01
  1.4027448470E+01  1.7174855574E+01  1.7504559439E+01  1.7737470563E+01  1.7751559450E+01  1.7685900324E+01  1.7611897812E+01  1.7539245957E+01  1.7463702768E+01  1.7383523195E+01  1.7300276791E+01
  1.4080378464E+01  1.7654920451E+01  1.7796636597E+01  1.7905682893E+01  1.7840828550E+01  1.7722122757E+01  1.7613777000E+01  1.7521944894E+01  1.7438296690E+01  1.7357162869E+01  1.7277205124E+01
  1.4133308458E+01  1.8113547772E+01  1.8103111624E+01  1.8074059462E+01  1.7926252502E+01  1.7755053168E+01  1.7613348878E+01  1.7502915764E+01  1.7411457669E+01  1.7329548246E+01  1.7253025766E+01
  1.4186238453E+01  1.8542898512E+01  1.8412130456E+01  1.8237664383E+01  1.8005573112E+01  1.7783516575E+01  1.7610022569E+01  1.7481908263E+01  1.7383120564E+01  1.7300706012E+01  1.7227806875E+01
  1.4239168447E+01  1.8957959880E+01  1.8711348795E+01  1.8391354435E+01  1.8076564999E+01  1.7806389607E+01  1.7603235904E+01  1.7458685153E+01  1.7353226285E+01  1.7270666204E+01  1.7201618973E+01
  1.4292098441E+01  1.9371462356E+01  1.8988549378E+01  1.8529998006E+01  1.8137093313E+01  1.7822621160E+01  1.7592465268E+01  1.7433027070E+01  1.7321723987E+01  1.7239463141E+01  1.7174535300E+01
  1.4345028435E+01  1.9773052327E+01  1.9232202296E+01  1.8648700325E+01  1.8185171988E+01  1.7831252058E+01  1.7577234795E+01  1.7404737052E+01  1.7288573154E+01  1.7207136308E+01  1.7146632150E+01
  1.4397958429E+01  2.0129308298E+01  1.9431970529E+01  1.8743021198E+01  1.8219019919E+01  1.7831433222E+01  1.7557124761E+01  1.7373644710E+01  1.7253745552E+01  1.7173731203E+01  1.7117989195E+01
  1.4450888424E+01  2.0400908004E+01  1.9579164086E+01  1.8809172206E+01  1.8237112463E+01  1.7822441907E+01  1.7531779043E+01  1.7339609999E+01  1.7217227017E+01  1.7139300107E+01  1.7088689778E+01
  1.4503818418E+01  2.0560321908E+01  1.9667137920E+01  1.8844181889E+01  1.8238225892E+01  1.7803695564E+01  1.7500911517E+01  1.7302526518E+01  1.7179019055E+01  1.7103902798E+01  1.7058821186E+01
  1.4556748412E+01  2.0598812043E+01  1.9691617264E+01  1.8846019693E+01  1.8221472725E+01  1.7774762970E+01  1.7464311306E+01  1.7262324310E+01  1.7139140235E+01  1.7067607171E+01  1.7028474884E+01
  1.4609678406E+01  2.0523835115E+01  1.9650925481E+01  1.8813672188E+01  1.8186326328E+01  1.7735372332E+01  1.7421846787E+01  1.7218972113E+01  1.7097627351E+01  1.7030489774E+01  1.6997746716E+01
  1.4662608401E+01  2.0352057944E+01  1.9546087182E+01  1.8747168197E+01  1.8132633749E+01  1.7685416162E+01  1.7373468320E+01  1.7172479041E+01  1.7054536346E+01  1.6992636250E+01  1.6966737068E+01
  1.4715538395E+01  2.0100455841E+01  1.9380783386E+01  1.8647552661E+01  1.8060616299E+01  1.7624952814E+01  1.7319209652E+01  1.7122895676E+01  1.7009942981E+01  1.6954141668E+01  1.6935550988E+01
  1.4768468389E+01  1.9778499840E+01  1.9161144338E+01  1.8516812277E+01  1.7970858075E+01  1.7554204684E+01  1.7259188009E+01  1.7070314562E+01  1.6963943246E+01  1.6915110756E+01  1.6904298258E+01
  1.4821398383E+01  1.9387369335E+01  1.8895377594E+01  1.8357758793E+01  1.7864283151E+01  1.7473553168E+01  1.7193602876E+01  1.7014870103E+01  1.6916653505E+01  1.6875658015E+01  1.6873093428E+01
  1.4874328378E+01  1.8928362603E+01  1.8593243913E+01  1.8173878322E+01  1.7742122763E+01  1.7383530566E+01  1.7122733532E+01  1.6956737878E+01  1.6868210385E+01  1.6835907735E+01  1.6842055794E+01
  1.4927258372E+01  1.8413784692E+01  1.8265411555E+01  1.7969156814E+01  1.7605874213E+01  1.7284809232E+01  1.7046935395E+01  1.6896133383E+01  1.6818770403E+01  1.6795993886E+01  1.6811309332E+01
  1.4980188366E+01  1.7871354767E+01  1.7922739956E+01  1.7747892876E+01  1.7457253569E+01  1.7178188317E+01  1.6966635261E+01  1.6833310244E+01  1.6768509348E+01  1.6756059913E+01  1.6780982584E+01
  1.5033118360E+01  1.7340066597E+01  1.7575562860E+01  1.7514509393E+01  1.7298144459E+01  1.7064578520E+01  1.6882325558E+01  1.6768557922E+01  1.6717621427E+01  1.6716258415E+01  1.6751208494E+01
  1.5086048354E+01  1.6861120195E+01  1.7233052362E+01  1.7273374798E+01  1.7130545295E+01  1.6944985322E+01  1.6794557731E+01  1.6702198963E+01  1.6666318183E+01  1.6676750733E+01  1.6722124197E+01
  1.5138978349E+01  1.6466755859E+01  1.6902742117E+01  1.7028643545E+01  1.6956517211E+01  1.6820491159E+01  1.6703934885E+01  1.6634585837E+01  1.6614827223E+01  1.6637706432E+01  1.6693870764E+01
  1.5191908343E+01  1.6169008092E+01  1.6590266008E+01  1.6784123435E+01  1.6778134823E+01  1.6692237038E+01  1.6611103838E+01  1.6566097427E+01  1.6563390752E+01  1.6599302703E+01  1.6666592899E+01
  1.5244838337E+01  1.5953400430E+01  1.6299330020E+01  1.6543175139E+01  1.6597441586E+01  1.6561404044E+01  1.6516746739E+01  1.6497135218E+01  1.6512263953E+01  1.6561723680E+01  1.6640438597E+01
  1.5297768331E+01  1.5783401666E+01  1.6031889010E+01  1.6308646764E+01  1.6416411177E+01  1.6429195169E+01  1.6421572380E+01  1.6428119259E+01  1.6461713233E+01  1.6525159686E+01  1.6615558763E+01
  1.5350698326E+01  1.5615782129E+01  1.5788460285E+01  1.6082843851E+01  1.6236915875E+01  1.6296817853E+01  1.6326307379E+01  1.6359483955E+01  1.6412014365E+01  1.6489806414E+01  1.6592106790E+01
  1.5403628320E+01  1.5420009990E+01  1.5568485709E+01  1.5867532940E+01  1.6060702461E+01  1.6165467552E+01  1.6231687350E+01  1.6291673756E+01  1.6363450540E+01  1.6455864059E+01  1.6570238107E+01
  1.5456558314E+01  1.5192542183E+01  1.5370660714E+01  1.5663974944E+01  1.5889375689E+01  1.6036312588E+01  1.6138448225E+01  1.6225138811E+01  1.6316310376E+01  1.6423536405E+01  1.6550109695E+01
  1.5509488308E+01  1.4958845452E+01  1.5193179661E+01  1.5472983145E+01  1.5724388962E+01  1.5910480481E+01  1.6047317841E+01  1.6160330651E+01  1.6270885898E+01  1.6393029881E+01  1.6531879578E+01
  1.5562418302E+01  1.4760362201E+01  1.5033890667E+01  1.5294999625E+01  1.5567041473E+01  1.5789045875E+01  1.5959007910E+01  1.6097697963E+01  1.6227470521E+01  1.6364552590E+01  1.6515706289E+01
  1.5615348297E+01  1.4631115257E+01  1.4890392606E+01  1.5130183483E+01  1.5418480771E+01  1.5673020104E+01  1.5874206484E+01  1.6037682509E+01  1.6186357068E+01  1.6338313337E+01  1.6501748317E+01
  1.5668278291E+01  1.4576798513E+01  1.4760127711E+01  1.4978504094E+01  1.5279709515E+01  1.5563342424E+01  1.5793571001E+01  1.5980715259E+01  1.6147835832E+01  1.6314520644E+01  1.6490163537E+01
  1.5721208285E+01  1.4570062355E+01  1.4640518195E+01  1.4839832917E+01  1.5151595058E+01  1.5460872833E+01  1.5717721990E+01  1.5927212777E+01  1.6112192732E+01  1.6293381782E+01  1.6481108628E+01
  1.5774138279E+01  1.4565326764E+01  1.4529168332E+01  1.4714027972E+01  1.5034880497E+01  1.5366386414E+01  1.5647237512E+01  1.5877573911E+01  1.6079707558E+01  1.6275101813E+01  1.6474738488E+01
  1.5827068274E+01  1.4522684646E+01  1.4424116821E+01  1.4601005878E+01  1.4930195911E+01  1.5280569071E+01  1.5582648356E+01  1.5832176826E+01  1.6050652342E+01  1.6259882665E+01  1.6471205632E+01
  1.5879998268E+01  1.4425441558E+01  1.4324093594E+01  1.4500797328E+01  1.4838068662E+01  1.5204014554E+01  1.5524434069E+01  1.5791376415E+01  1.6025289870E+01  1.6247922232E+01  1.6470659599E+01
  1.5932928262E+01  1.4282691243E+01  1.4228722361E+01  1.4413583017E+01  1.4758931879E+01  1.5137222621E+01  1.5473019808E+01  1.5755502119E+01  1.6003872338E+01  1.6239413518E+01  1.6473246353E+01
  1.5985858256E+01  1.4119272686E+01  1.4138619144E+01  1.4339708242E+01  1.4693130504E+01  1.5080598232E+01  1.5428774045E+01  1.5724856164E+01  1.5986640180E+01  1.6234543821E+01  1.6479107688E+01
  1.6038788250E+01  1.3961637541E+01  1.4055362806E+01  1.4279675729E+01  1.4640924603E+01  1.5034451655E+01  1.5392007132E+01  1.5699712247E+01  1.5973821063E+01  1.6233493971E+01  1.6488380646E+01
  1.6091718245E+01  1.3827466251E+01  1.3981345409E+01  1.4234117506E+01  1.4602489941E+01  1.4998999409E+01  1.5362970704E+01  1.5680314661E+01  1.5965629061E+01  1.6236437617E+01  1.6501196933E+01
  1.6144648239E+01  1.3722601421E+01  1.3919536515E+01  1.4203748011E+01  1.4577916103E+01  1.4974365955E+01  1.5341857911E+01  1.5666877866E+01  1.5962264005E+01  1.6243540567E+01  1.6517682353E+01
  1.6197578233E+01  1.3644495398E+01  1.3873208574E+01  1.4189301817E+01  1.4567202702E+01  1.4960586124E+01  1.5328804459E+01  1.5659586501E+01  1.5963911010E+01  1.6254960181E+01  1.6537956247E+01
  1.6250508227E+01  1.3588498229E+01  1.3845668484E+01  1.4191460508E+01  1.4570254402E+01  1.4957608236E+01  1.5323890425E+01  1.5658595812E+01  1.5970740177E+01  1.6270844827E+01  1.6562130955E+01
  1.6303438222E+01  1.3552820684E+01  1.3840026905E+01  1.4210774175E+01  1.4586875592E+01  1.4965297920E+01  1.5327142800E+01  1.5664032490E+01  1.5982906455E+01  1.6291333376E+01  1.6590311279E+01
  1.6356368216E+01  1.3540164032E+01  1.3859017974E+01  1.4247583724E+01  1.4616765616E+01  1.4983442657E+01  1.5338538729E+01  1.5675995877E+01  1.6000549659E+01  1.6316554763E+01  1.6622593976E+01
  1.6409298210E+01  1.3556937944E+01  1.3904863670E+01  1.4301950540E+01  1.4659515420E+01  1.5011757056E+01  1.5358009384E+01  1.5694559519E+01  1.6023794627E+01  1.6346627581E+01  1.6659067249E+01
  1.6462228204E+01  1.3611622290E+01  1.3979162948E+01  1.4373600038E+01  1.4714606365E+01  1.5049888903E+01  1.5385444417E+01  1.5719773019E+01  1.6052751497E+01  1.6381659730E+01  1.6699810273E+01
  1.6515158199E+01  1.3712034554E+01  1.4082777970E+01  1.4461885091E+01  1.4781411813E+01  1.5097425990E+01  1.5420696927E+01  1.5751664151E+01  1.6087516100E+01  1.6421748094E+01  1.6744892720E+01
  1.6568088193E+01  1.3860771909E+01  1.4215689924E+01  1.4565774177E+01  1.4859201869E+01  1.5153903758E+01  1.5463588873E+01  1.5790241189E+01  1.6128170424E+01  1.6466978259E+01  1.6794374310E+01
  1.6621018187E+01  1.4051024132E+01  1.4376806968E+01  1.4683867386E+01  1.4947151456E+01  1.5218813724E+01  1.5513916845E+01  1.5835495397E+01  1.6174783158E+01  1.6517424252E+01  1.6848304376E+01
  1.6673948181E+01  1.4267656620E+01  1.4563729161E+01  1.4814441016E+01  1.5044351636E+01  1.5291612693E+01  1.5571458124E+01  1.5887403628E+01  1.6227410264E+01  1.6573148302E+01  1.6906721445E+01
  1.6726878175E+01  1.4496059636E+01  1.4772509528E+01  1.4955518745E+01  1.5149823928E+01  1.5371732687E+01  1.5635976933E+01  1.5945930975E+01  1.6286095579E+01  1.6634200616E+01  1.6969652830E+01
  1.6779808170E+01  1.4734662289E+01  1.4997491145E+01  1.5104964254E+01  1.5262537156E+01  1.5458591520E+01  1.5707230774E+01  1.6011033423E+01  1.6350871408E+01  1.6700619161E+01  1.7037114245E+01
  1.6832738164E+01  1.5002101455E+01  1.5231334259E+01  1.5260587319E+01  1.5381426291E+01  1.5551603924E+01  1.5784976773E+01  1.6082660428E+01  1.6421759089E+01  1.6772429448E+01  1.7109109430E+01
  1.6885668158E+01  1.5331132756E+01  1.5465356262E+01  1.5420253011E+01  1.5505412666E+01  1.5650193075E+01  1.5868977899E+01  1.6160757392E+01  1.6498769506E+01  1.6849644310E+01  1.7185629795E+01
  1.6938598152E+01  1.5748244950E+01  1.5690272671E+01  1.5581982390E+01  1.5633424958E+01  1.5753802368E+01  1.5959008975E+01  1.6245267952E+01  1.6581903541E+01  1.6932263670E+01  1.7266654078E+01
  1.6991528147E+01  1.6247206064E+01  1.5897340510E+01  1.5744033190E+01  1.5764420419E+01  1.5861907252E+01  1.6054862341E+01  1.6336136046E+01  1.6671152420E+01  1.7020274295E+01  1.7352148019E+01
  1.7044458141E+01  1.6771077758E+01  1.6079776766E+01  1.5904950872E+01  1.5897405892E+01  1.5974026911E+01  1.6156353090E+01  1.6433307699E+01  1.6766497961E+01  1.7113649530E+01  1.7442064055E+01
  1.7097388135E+01  1.7215527290E+01  1.6234185910E+01  1.6063583935E+01  1.6031458331E+01  1.6089735553E+01  1.6263323733E+01  1.6536732486E+01  1.6867912691E+01  1.7212349008E+01  1.7536341026E+01
  1.7150318129E+01  1.7456810805E+01  1.6361630197E+01  1.6219062277E+01  1.6165744609E+01  1.6208673070E+01  1.6375648208E+01  1.6646364626E+01  1.6975359827E+01  1.7316318338E+01  1.7634903909E+01
  1.7203248123E+01  1.7397291518E+01  1.6467964547E+01  1.6370743094E+01  1.6299540535E+01  1.6330554808E+01  1.6493235126E+01  1.6762163675E+01  1.7088793106E+01  1.7425488765E+01  1.7737663565E+01
  1.7256178118E+01  1.7015170660E+01  1.6563165353E+01  1.6518134333E+01  1.6432249031E+01  1.6455180169E+01  1.6616030156E+01  1.6884094791E+01  1.7208156460E+01  1.7539776805E+01  1.7844516518E+01
  1.7309108112E+01  1.6400827145E+01  1.6659604142E+01  1.6660810262E+01  1.6563417416E+01  1.6582439802E+01  1.6744017469E+01  1.7012128537E+01  1.7333383533E+01  1.7659083860E+01  1.7955344746E+01
  1.7362038106E+01  1.5757298272E+01  1.6769503979E+01  1.6798336202E+01  1.6692753696E+01  1.6712321111E+01  1.6877220169E+01  1.7146240229E+01  1.7464397030E+01  1.7783295801E+01  1.8070015518E+01
  1.7414968100E+01  1.5346567178E+01  1.6902086501E+01  1.6930219361E+01  1.6820141606E+01  1.6844911847E+01  1.7015699660E+01  1.7286408798E+01  1.7601107920E+01  1.7912282545E+01  1.8188381243E+01
  1.7467898095E+01  1.5389191786E+01  1.7061079765E+01  1.7055899643E+01  1.6945654016E+01  1.6980401571E+01  1.7159553907E+01  1.7432615196E+01  1.7743414478E+01  1.8045897613E+01  1.8310279368E+01
  1.7520828089E+01  1.5962158421E+01  1.7243244751E+01  1.7174788604E+01  1.7069564105E+01  1.7119080779E+01  1.7308914575E+01  1.7584840333E+01  1.7891201195E+01  1.8183977685E+01  1.8435532307E+01
  1.7573758083E+01  1.6953896805E+01  1.7438375817E+01  1.7286357096E+01  1.7192353560E+01  1.7261337575E+01  1.7463943052E+01  1.7743062585E+01  1.8044337557E+01  1.8326342152E+01  1.8563947410E+01
  1.7626688077E+01  1.8105319454E+01  1.7630884044E+01  1.7390263734E+01  1.7314716896E+01  1.7407651767E+01  1.7624825375E+01  1.7907254890E+01  1.8202676722E+01  1.8472792684E+01  1.8695316983E+01
  1.7679618071E+01  1.9113711165E+01  1.7802678280E+01  1.7486508601E+01  1.7437560944E+01  1.7558586340E+01  1.7791766121E+01  1.8077381485E+01  1.8366054105E+01  1.8623112819E+01  1.8829418356E+01
  1.7732548066E+01  1.9743936045E+01  1.7936731607E+01  1.7575590803E+01  1.7561998580E+01  1.7714776349E+01  1.7964981319E+01  1.8253394317E+01  1.8534285903E+01  1.8777067575E+01  1.8966014001E+01
  1.7785478060E+01  1.9896821875E+01  1.8020555277E+01  1.7658645834E+01  1.7689335875E+01  1.7876915281E+01  1.8144690496E+01  1.8435229196E+01  1.8707167585E+01  1.8934403116E+01  1.9104851718E+01
  1.7838408054E+01  1.9614551654E+01  1.8048840745E+01  1.7737539682E+01  1.7821052091E+01  1.8045739064E+01  1.8331107971E+01  1.8622801739E+01  1.8884472367E+01  1.9094846462E+01  1.9245664872E+01
  1.7891338048E+01  1.9035472209E+01  1.8024751896E+01  1.7814901252E+01  1.7958772252E+01  1.8222007941E+01  1.8524433525E+01  1.8816003194E+01  1.9065949721E+01  1.9258105275E+01  1.9388172707E+01
  1.7944268043E+01  1.8329963495E+01  1.7959679948E+01  1.7894082342E+01  1.8104232404E+01  1.8406486501E+01  1.8724842629E+01  1.9014696194E+01  1.9251323936E+01  1.9423867720E+01  1.9532080731E+01
  1.7997198037E+01  1.7647621014E+01  1.7871614142E+01  1.7979043886E+01  1.8259238105E+01  1.8599922241E+01  1.8932476382E+01  1.9218710539E+01  1.9440292760E+01  1.9591802419E+01  1.9677081169E+01
  1.8050128031E+01  1.7089494751E+01  1.7782543505E+01  1.8074177059E+01  1.8425617081E+01  1.8803023075E+01  1.9147431365E+01  1.9427839073E+01  1.9632526178E+01  1.9761558510E+01  1.9822853502E+01
  1.8103058025E+01  1.6703348788E+01  1.7715436209E+01  1.8184076477E+01  1.8605167383E+01  1.9016434271E+01  1.9369749597E+01  1.9641833746E+01  1.9827665336E+01  1.9932765832E+01  1.9969065089E+01
  1.8155988020E+01  1.6494965674E+01  1.7691336934E+01  1.8313288887E+01  1.8799602670E+01  1.9240715337E+01  1.9599408799E+01  1.9860401944E+01  2.0025321657E+01  2.0105035222E+01  2.0115371870E+01
  1.8208918014E+01  1.6449288731E+01  1.7727012008E+01  1.8466063451E+01  1.9010496463E+01  1.9476317393E+01  1.9836313177E+01  2.0083203156E+01  2.0225076180E+01  2.0277958972E+01  2.0261419159E+01
  1.8261848008E+01  1.6553008849E+01  1.7833408913E+01  1.8646128637E+01  1.9239227282E+01  1.9723561597E+01  2.0080284903E+01  2.0309846070E+01  2.0426479144E+01  2.0451111420E+01  2.0406842526E+01
  1.8314778002E+01  1.6806936388E+01  1.8015031099E+01  1.8856516142E+01  1.9486926604E+01  1.9982619163E+01  2.0331056513E+01  2.0539886165E+01  2.0629049856E+01  2.0624049710E+01  2.0551268771E+01
  1.8367707996E+01  1.7220378565E+01  1.8270193263E+01  1.9099444992E+01  1.9754431400E+01  2.0253493514E+01  2.0588264376E+01  2.0772823855E+01  2.0832276857E+01  2.0796314713E+01  2.0694316986E+01
  1.8420637991E+01  1.7791843301E+01  1.8592026395E+01  1.9376270139E+01  2.0042242851E+01  2.0536005057E+01  2.0851443409E+01  2.1008103270E+01  2.1035618418E+01  2.0967432120E+01  2.0835599709E+01
  1.8473567985E+01  1.8491263506E+01  1.8970039597E+01  1.9687491014E+01  2.0350492529E+01  2.0829779007E+01  2.1120023177E+01  2.1245111701E+01  2.1238503374E+01  2.1136913714E+01  2.0974724168E+01
  1.8526497979E+01  1.9258013966E+01  1.9392005081E+01  2.0032807798E+01  2.0678917065E+01  2.1134236642E+01  2.1393325487E+01  2.1483179765E+01  2.1440332316E+01  2.1304258817E+01  2.1111293611E+01
  1.8579427973E+01  2.0016009372E+01  1.9845906996E+01  2.0411207926E+01  2.1026841977E+01  2.1448590261E+01  2.1670563572E+01  2.1721582316E+01  2.1640479151E+01  2.1468955916E+01  2.1244908716E+01
  1.8632357968E+01  2.0694343915E+01  2.0321686726E+01  2.0821063097E+01  2.1393175085E+01  2.1771842038E+01  2.1950842926E+01  2.1959540134E+01  2.1838293035E+01  2.1630484467E+01  2.1375169092E+01
  1.8685287962E+01  2.1242147625E+01  2.0812537164E+01  2.1260218136E+01  2.1776409630E+01  2.2102786860E+01  2.2233163810E+01  2.2196222384E+01  2.2033100671E+01  2.1788316870E+01  2.1501674840E+01
  1.8738217956E+01  2.1637578223E+01  2.1315555937E+01  2.1726057122E+01  2.2174637023E+01  2.2440019142E+01  2.2516425435E+01  2.2430749863E+01  2.2224208986E+01  2.1941920609E+01  2.1624028199E+01
  1.8791147950E+01  2.1897315979E+01  2.1831663176E+01  2.2215538547E+01  2.2585568920E+01  2.2781943494E+01  2.2799431789E+01  2.2662199004E+01  2.2410908153E+01  2.2090760559E+01  2.1741835239E+01
  1.8844077944E+01  2.2085036975E+01  2.2364809854E+01  2.2725198813E+01  2.3006568145E+01  2.3126789028E+01  2.3080899034E+01  2.2889606635E+01  2.2592474968E+01  2.2234301428E+01  2.1854707624E+01
  1.8897007939E+01  2.2305265690E+01  2.2920622755E+01  2.3251130973E+01  2.3434687809E+01  2.3472626986E+01  2.3359464393E+01  2.3111975427E+01  2.2768176550E+01  2.2372010349E+01  2.1962264410E+01
  1.8949937933E+01  2.2670808392E+01  2.3504722832E+01  2.3788951968E+01  2.3866717766E+01  2.3817391302E+01  2.3633696406E+01  2.3328280018E+01  2.2937274332E+01  2.2503359583E+01  2.2064133887E+01
  1.9002867927E+01  2.3251970293E+01  2.4120993894E+01  2.4333775815E+01  2.4299237351E+01  2.4158901634E+01  2.3902106405E+01  2.3537473726E+01  2.3099028343E+01  2.2627829334E+01  2.2159955445E+01
  1.9055797921E+01  2.4038152544E+01  2.4770063098E+01  2.4880211465E+01  2.4728673123E+01  2.4494888341E+01  2.4163161063E+01  2.3738495815E+01  2.3252701716E+01  2.2744910649E+01  2.2249381456E+01
  1.9108727916E+01  2.4944276999E+01  2.5448196841E+01  2.5422402156E+01  2.5151360070E+01  2.4823018870E+01  2.4415295828E+01  2.3930279213E+01  2.3397565407E+01  2.2854108387E+01  2.2332079166E+01
  1.9161657910E+01  2.5866469498E+01  2.6146739755E+01  2.5954118163E+01  2.5563604548E+01  2.5140924972E+01  2.4656929058E+01  2.4111758625E+01  2.3532903082E+01  2.2954944233E+01  2.2407732574E+01
  1.9214587904E+01  2.6751174583E+01  2.6852154899E+01  2.6468907567E+01  2.5961746986E+01  2.5446230189E+01  2.4886476665E+01  2.4281878945E+01  2.3658016129E+01  2.3046959740E+01  2.2476044295E+01
  1.9267517898E+01  2.7624593131E+01  2.7546672268E+01  2.6960300935E+01  2.6342222300E+01  2.5736577085E+01  2.5102367064E+01  2.4439603878E+01  2.3772228742E+01  2.3129719370E+01  2.2536737393E+01
  1.9320447892E+01  2.8555962200E+01  2.8209516302E+01  2.7422056853E+01  2.6701615901E+01  2.6009653703E+01  2.5303056238E+01  2.4583924678E+01  2.3874893046E+01  2.3202813511E+01  2.2589557162E+01
  1.9373377887E+01  2.9580390660E+01  2.8818645073E+01  2.7848427387E+01  2.7036713308E+01  2.6263218831E+01  2.5487042716E+01  2.4713868916E+01  2.3965394209E+01  2.3265861452E+01  2.2634272860E+01
  1.9426307881E+01  3.0640295017E+01  2.9352878131E+01  2.8234416938E+01  2.7344541601E+01  2.6495125687E+01  2.5652882284E+01  2.4828509175E+01  2.4043155484E+01  2.3318514279E+01  2.2670679360E+01
  1.9479237875E+01  3.1590208993E+01  2.9794212973E+01  2.8576005574E+01  2.7622401348E+01  2.6703343742E+01  2.5799202252E+01  2.4926971583E+01  2.4107643149E+01  2.3360457673E+01  2.2698598730E+01
  1.9532167869E+01  3.2261203786E+01  3.0130047437E+01  2.8870309287E+01  2.7867888176E+01  2.6885978471E+01  2.5924715125E+01  2.5008444089E+01  2.4158371279E+01  2.3391414595E+01  2.2717881704E+01
  1.9585097864E+01  3.2539069680E+01  3.0354967727E+01  2.9115654826E+01  2.8078903781E+01  2.7041288890E+01  2.6028231513E+01  2.5072184402E+01  2.4194906318E+01  2.3411147811E+01  2.2728409050E+01
  1.9638027858E+01  3.2406484231E+01  3.0471762623E+01  2.9311555303E+01  2.8253656864E+01  2.7167702852E+01  2.6108672162E+01  2.5117527497E+01  2.4216871399E+01  2.3419462254E+01  2.2730092820E+01
  1.9690957852E+01  3.1932668447E+01  3.0491403613E+01  2.9458583768E+01  2.8390655170E+01  2.7263830101E+01  2.6165078997E+01  2.5143892625E+01  2.4223950362E+01  2.3416207189E+01  2.2722877460E+01
  1.9743887846E+01  3.1234055028E+01  3.0431883760E+01  2.9558153975E+01  2.8488690434E+01  2.7328473169E+01  2.6196625063E+01  2.5150789742E+01  2.4215891437E+01  2.3401278165E+01  2.2706740781E+01
  1.9796817841E+01  3.0441394991E+01  3.0316005005E+01  2.9612229143E+01  2.8546818536E+01  2.7360636248E+01  2.6202623304E+01  2.5137825297E+01  2.4192510555E+01  2.3374618724E+01  2.2681694781E+01
  1.9849747835E+01  2.9685299434E+01  3.0168398365E+01  2.9622989125E+01  2.8564337465E+01  2.7359532160E+01  2.6182534102E+01  2.5104707323E+01  2.4153694238E+01  2.3336221870E+01  2.2647786295E+01
  1.9902677829E+01  2.9083839860E+01  3.0012207274E+01  2.9592492545E+01  2.8540765788E+01  2.7324587617E+01  2.6135971538E+01  2.5051249777E+01  2.4099402050E+01  2.3286131249E+01  2.2605097484E+01
  1.9955607823E+01  2.8717655414E+01  2.9865928751E+01  2.9522372397E+01  2.8475824157E+01  2.7255446896E+01  2.6062708344E+01  2.4977376092E+01  2.4029668580E+01  2.3224442053E+01  2.2553746144E+01
  2.0008537817E+01  2.8605738879E+01  2.9740880292E+01  2.9413600795E+01  2.8369421980E+01  2.7151974084E+01  2.5962679517E+01  2.4883121895E+01  2.3944604921E+01  2.3151301628E+01  2.2493885831E+01
  2.0061467812E+01  2.8708890831E+01  2.9639654899E+01  2.9266351268E+01  2.8221650782E+01  2.7014253993E+01  2.5835984608E+01  2.4768636886E+01  2.3844399641E+01  2.3066909764E+01  2.2425705801E+01
  2.0114397806E+01  2.8964771266E+01  2.9555769681E+01  2.9079976119E+01  2.8032785004E+01  2.6842591820E+01  2.5682888673E+01  2.4634185841E+01  2.3729319219E+01  2.2971518675E+01  2.2349430760E+01
  2.0167327800E+01  2.9323734731E+01  2.9474536859E+01  2.8853103137E+01  2.7803290137E+01  2.6637511583E+01  2.5503821918E+01  2.4480148740E+01  2.3599707948E+01  2.2865432657E+01  2.2265320417E+01
  2.0220257794E+01  2.9750574240E+01  2.9375017701E+01  2.8583842092E+01  2.7533837239E+01  2.6399753330E+01  2.5299378061E+01  2.4307020020E+01  2.3455987291E+01  2.2749007416E+01  2.2173668855E+01
  2.0273187789E+01  3.0192110652E+01  2.9232780160E+01  2.8270078655E+01  2.7225322090E+01  2.6130269085E+01  2.5070311440E+01  2.4115406956E+01  2.3298654684E+01  2.2622649075E+01  2.2074803694E+01
  2.0326117783E+01  3.0548496113E+01  2.9023082836E+01  2.7909823257E+01  2.6878886631E+01  2.5830217478E+01  2.4817532921E+01  2.3906027183E+01  2.3128281813E+01  2.2486812864E+01  2.1969085084E+01
  2.0379047777E+01  3.0686196144E+01  2.8724059966E+01  2.7501576186E+01  2.6495939930E+01  2.5500956987E+01  2.4542104650E+01  2.3679705387E+01  2.2945512348E+01  2.2342001481E+01  2.1856904493E+01
  2.0431977771E+01  3.0490564950E+01  2.8319489847E+01  2.7044668608E+01  2.6078175795E+01  2.5144037744E+01  2.4245233711E+01  2.3437369184E+01  2.2751059162E+01  2.2188763155E+01  2.1738683331E+01
  2.0484907765E+01  2.9916436625E+01  2.7800793948E+01  2.6539542259E+01  2.5627584277E+01  2.4761191839E+01  2.3928264750E+01  2.3180044234E+01  2.2545701053E+01  2.2027689408E+01  2.1614871385E+01
  2.0537837760E+01  2.8997681564E+01  2.7168030327E+01  2.5987937843E+01  2.5146454757E+01  2.4354322134E+01  2.3592671638E+01  2.2908848613E+01  2.2330278989E+01  2.1859412528E+01  2.1485945099E+01
  2.0590767754E+01  2.7816872749E+01  2.6429797290E+01  2.5392972640E+01  2.4637368925E+01  2.3925489601E+01  2.3240048239E+01  2.2624986501E+01  2.2105691896E+01  2.1684602776E+01  2.1352405689E+01
  2.0643697748E+01  2.6468701537E+01  2.5602126637E+01  2.4759100110E+01  2.4103182795E+01  2.3476899262E+01  2.2872098377E+01  2.2329741236E+01  2.1872892031E+01  2.1503965340E+01  2.1214777117E+01
  2.0696627742E+01  2.5043474720E+01  2.4706589983E+01  2.4091956857E+01  2.3546997814E+01  2.3010884875E+01  2.2490625058E+01  2.2024467774E+01  2.1632879972E+01  2.1318237052E+01  2.1073603918E+01
  2.0749557737E+01  2.3626541722E+01  2.3767938998E+01  2.3398113766E+01  2.2972122030E+01  2.2529892519E+01  2.2097519062E+01  2.1710584637E+01  2.1386699245E+01  2.1128182900E+01  2.0929448917E+01
  2.0802487731E+01  2.2294154772E+01  2.2811633848E+01  2.2684757100E+01  2.2382023129E+01  2.2036463335E+01  2.1694746957E+01  2.1389565385E+01  2.1135430659E+01  2.0934592350E+01  2.0782890822E+01
  2.0855417725E+01  2.1098482646E+01  2.1861582180E+01  2.1959331109E+01  2.1780275866E+01  2.1533215651E+01  2.1284338649E+01  2.1062929694E+01  2.0880186358E+01  2.0738275500E+01  2.0634521733E+01
  2.0908347719E+01  2.0053870554E+01  2.0938328557E+01  2.1229175776E+01  2.1170506861E+01  2.1022826782E+01  2.0868374537E+01  2.0732234102E+01  2.0622103660E+01  2.0540059106E+01  2.0484944554E+01
  2.0961277713E+01  1.9140143448E+01  2.0057826622E+01  2.0501191755E+01  2.0556339979E+01  2.0508014793E+01  2.0448972370E+01  2.0399062490E+01  2.0362338714E+01  2.0340782487E+01  2.0334770354E+01
  2.1014207708E+01  1.8324678905E+01  1.9230821662E+01  1.9781559895E+01  1.9941345447E+01  1.9991520471E+01  2.0028273875E+01  2.0065016370E+01  2.0102060034E+01  2.0141293361E+01  2.0184615667E+01
  2.1067137702E+01  1.7588239105E+01  1.8462791338E+01  1.9075535674E+01  1.9328995576E+01  1.9476089759E+01  1.9608431263E+01  1.9731705056E+01  1.9842441948E+01  1.9942443615E+01  2.0035099760E+01
  2.1120067696E+01  1.6935833176E+01  1.7754346720E+01  1.8387330473E+01  1.8722629382E+01  1.8964456847E+01  1.9191593666E+01  1.9400735783E+01  1.9584658018E+01  1.9745085065E+01  1.9886841884E+01
  2.1172997690E+01  1.6386003174E+01  1.7101981106E+01  1.7720082823E+01  1.8125427711E+01  1.8459328029E+01  1.8779893613E+01  1.9073703857E+01  1.9329874482E+01  1.9550065203E+01  1.9740458521E+01
  2.1225927685E+01  1.5948384177E+01  1.6499057948E+01  1.7075914609E+01  1.7540399591E+01  1.7963366420E+01  1.8375433593E+01  1.8752182902E+01  1.9079243758E+01  1.9358222995E+01  1.9596560648E+01
  2.1278857679E+01  1.5606063973E+01  1.5936937471E+01  1.6456060359E+01  1.6970379670E+01  1.7479177521E+01  1.7980272815E+01  1.8437715285E+01  1.8833898071E+01  1.9170384734E+01  1.9455751031E+01
  2.1331787673E+01  1.5313156532E+01  1.5406144842E+01  1.5861052875E+01  1.6418035703E+01  1.7009295566E+01  1.7596414207E+01  1.8131802783E+01  1.8594943239E+01  1.8987359978E+01  1.9318621564E+01
  2.1384717667E+01  1.5007690215E+01  1.4897480879E+01  1.5290945606E+01  1.5885884288E+01  1.6556170539E+01  1.7225791764E+01  1.7835897573E+01  1.8363452676E+01  1.8809937615E+01  1.9185750673E+01
  2.1437647662E+01  1.4633445269E+01  1.4402976178E+01  1.4745551492E+01  1.5376312389E+01  1.6122155693E+01  1.6870258292E+01  1.7551393604E+01  1.8140461636E+01  1.8638882064E+01  1.9057700794E+01
  2.1490577656E+01  1.4161661812E+01  1.3916601353E+01  1.4224679122E+01  1.4891601758E+01  1.5709495381E+01  1.6531573655E+01  1.7279618430E+01  1.7926961766E+01  1.8474929643E+01  1.8935015949E+01
  2.1543507650E+01  1.3602315113E+01  1.3434675736E+01  1.3728349594E+01  1.4433953144E+01  1.5320313028E+01  1.6211393589E+01  1.7021825561E+01  1.7723895990E+01  1.8318785136E+01  1.8818219418E+01
  2.1596437644E+01  1.2997554953E+01  1.2955962590E+01  1.3256980861E+01  1.4005507152E+01  1.4956599045E+01  1.5911259183E+01  1.6779187397E+01  1.7532153753E+01  1.8171118555E+01  1.8707811535E+01
  2.1649367638E+01  1.2399483023E+01  1.2481490466E+01  1.2811530096E+01  1.3608358897E+01  1.4620198582E+01  1.5632587097E+01  1.6552788801E+01  1.7352566681E+01  1.8032562149E+01  1.8604267616E+01
  2.1702297633E+01  1.1845009629E+01  1.2014183642E+01  1.2393588200E+01  1.3244563997E+01  1.4312799045E+01  1.5376660639E+01  1.6343621360E+01  1.7185904668E+01  1.7903707651E+01  1.8508036016E+01
  2.1755227627E+01  1.1342492526E+01  1.1558407352E+01  1.2005423661E+01  1.2916134107E+01  1.4035917379E+01  1.5144621765E+01  1.6152578390E+01  1.7032872411E+01  1.7785103788E+01  1.8419536348E+01
  2.1808157621E+01  1.0876309788E+01  1.1119530974E+01  1.1649975357E+01  1.2625020933E+01  1.3790887236E+01  1.4937464126E+01  1.5980450720E+01  1.6894106436E+01  1.7677254072E+01  1.8339157857E+01
  2.1861087615E+01  1.0424012670E+01  1.0703588194E+01  1.1330795595E+01  1.2373088532E+01  1.3578846212E+01  1.4756027233E+01  1.5827923285E+01  1.6770172600E+01  1.7580614870E+01  1.8267257951E+01
  2.1914017610E+01  9.9743550019E+00  1.0317077372E+01  1.1051945771E+01  1.2162074580E+01  1.3400723461E+01  1.4600991857E+01  1.5695572568E+01  1.6661564112E+01  1.7495593769E+01  1.8204160916E+01
  2.1966947604E+01  9.5357425814E+00  9.9669088140E+00  1.0817847908E+01  1.1993542166E+01  1.3257228056E+01  1.4472876735E+01  1.5583864894E+01  1.6568700053E+01  1.7422548245E+01  1.8150156798E+01
  2.2019877598E+01  9.1314902096E+00  9.6604753759E+00  1.0633096225E+01  1.1868824454E+01  1.3148838555E+01  1.4372036667E+01  1.5493155604E+01  1.6491924417E+01  1.7361784624E+01  1.8105500470E+01
  2.2072807592E+01  8.7866268649E+00  9.4057997479E+00  1.0502234154E+01  1.1788965239E+01  1.3075794282E+01  1.4298662077E+01  1.5423689087E+01  1.6431505652E+01  1.7313557354E+01  1.8070410874E+01
  2.2125737586E+01  8.5156738357E+00  9.2116926725E+00  1.0429504129E+01  1.1754658913E+01  1.3038088834E+01  1.4252780081E+01  1.5375599691E+01  1.6387636714E+01  1.7278068572E+01  1.8045070456E+01
  2.2178667581E+01  8.3186367593E+00  9.0878378994E+00  1.0418579958E+01  1.1766193658E+01  1.3035466365E+01  1.4234257099E+01  1.5348913467E+01  1.6360435603E+01  1.7255467965E+01  1.8029624769E+01
  2.2231597575E+01  8.1857910443E+00  9.0447032820E+00  1.0472294577E+01  1.1823401765E+01  1.3067421100E+01  1.4242803021E+01  1.5343550738E+01  1.6349946373E+01  1.7245852930E+01  1.8024182272E+01
  2.2284527569E+01  8.1067926391E+00  9.0931710044E+00  1.0592379046E+01  1.1925620760E+01  1.3133200515E+01  1.4277976916E+01  1.5359329445E+01  1.6356140600E+01  1.7249269000E+01  1.8028814292E+01
  2.2337457563E+01  8.0796141316E+00  9.2437961850E+00  1.0779231212E+01  1.2071668650E+01  1.3231812490E+01  1.4339194237E+01  1.5395969231E+01  1.6378919268E+01  1.7265710549E+01  1.8043555171E+01
  2.2390387558E+01  8.1176760865E+00  9.5056538096E+00  1.1031733896E+01  1.2259835910E+01  1.3362036623E+01  1.4425735453E+01  1.5453096205E+01  1.6418115064E+01  1.7295121753E+01  1.8068402575E+01
  2.2443317552E+01  8.2551416472E+00  9.8848228316E+00  1.1347142065E+01  1.2487896016E+01  1.3522439744E+01  1.4536756009E+01  1.5530248311E+01  1.6473495031E+01  1.7337397790E+01  1.8103317967E+01
  2.2496247546E+01  8.5487897985E+00  1.0382673216E+01  1.1721055865E+01  1.2753135338E+01  1.3711395521E+01  1.4671297483E+01  1.5626881258E+01  1.6544763560E+01  1.7392386269E+01  1.8148227239E+01
  2.2549177540E+01  9.0718837737E+00  1.0994241140E+01  1.2147491311E+01  1.3052402116E+01  1.3927107870E+01  1.4828299783E+01  1.5742374897E+01  1.6631565673E+01  1.7459888866E+01  1.8203021490E+01
  2.2602107534E+01  9.8953077483E+00  1.1707062719E+01  1.2619053164E+01  1.3382173159E+01  1.4167637724E+01  1.5006614203E+01  1.5876039996E+01  1.6733490565E+01  1.7539663155E+01  1.8267557941E+01
  2.2655037529E+01  1.1057698012E+01  1.2500849111E+01  1.3127205623E+01  1.3738635866E+01  1.4430932585E+01  1.5205017125E+01  1.6027125299E+01  1.6850075360E+01  1.7631424611E+01  1.8341660986E+01
  2.2707967523E+01  1.2536917091E+01  1.3348298895E+01  1.3662626988E+01  1.4117782214E+01  1.4714858126E+01  1.5422224159E+01  1.6194824798E+01  1.6980809046E+01  1.7734848757E+01  1.8425123357E+01
  2.2760897517E+01  1.4239465077E+01  1.4217154031E+01  1.4215625477E+01  1.4515510655E+01  1.5017231033E+01  1.5656904473E+01  1.6378285106E+01  1.7125136535E+01  1.7849573457E+01  1.8517707410E+01
  2.2813827511E+01  1.6013679957E+01  1.5073342078E+01  1.4776586365E+01  1.4927731337E+01  1.5335852208E+01  1.5907695080E+01  1.6576612864E+01  1.7282462827E+01  1.7975201307E+01  1.8619146499E+01
  2.2866757506E+01  1.7675158046E+01  1.5884767847E+01  1.5336416474E+01  1.5350469874E+01  1.5668539406E+01  1.6173214830E+01  1.6788882074E+01  1.7452157212E+01  1.8111302126E+01  1.8729146450E+01
  2.2919687500E+01  1.9030333698E+01  1.6625099073E+01  1.5886951591E+01  1.5779964925E+01  1.6013158417E+01  1.6452077884E+01  1.7014141276E+01  1.7633557496E+01  1.8257415514E+01  1.8847387104E+01
  2.2972617494E+01  1.9903194313E+01  1.7276806543E+01  1.6421295791E+01  1.6212755224E+01  1.6367651918E+01  1.6742906439E+01  1.7251420492E+01  1.7825974194E+01  1.8413053464E+01  1.8973523938E+01
  2.3025547488E+01  2.0184403541E+01  1.7832815523E+01  1.6934068470E+01  1.6645752325E+01  1.6730065234E+01  1.7044342497E+01  1.7499737861E+01  1.8028694669E+01  1.8577703002E+01  1.9107189736E+01
  2.3078477483E+01  1.9900643517E+01  1.8296400217E+01  1.7421544259E+01  1.7076296161E+01  1.7098568341E+01  1.7355058505E+01  1.7758105894E+01  1.8240987168E+01  1.8750828843E+01  1.9247996304E+01
  2.3131407477E+01  1.9257165813E+01  1.8679348415E+01  1.7881681571E+01  1.7502191494E+01  1.7471473600E+01  1.7673766702E+01  1.8025537296E+01  1.8462104748E+01  1.8931876041E+01  1.9395536224E+01
  2.3184337471E+01  1.8593843528E+01  1.8998836732E+01  1.8314045858E+01  1.7921724458E+01  1.7847248857E+01  1.7999227068E+01  1.8301050302E+01  1.8691289043E+01  1.9120272623E+01  1.9549384635E+01
  2.3237267465E+01  1.8248697535E+01  1.9273768797E+01  1.8719642462E+01  1.8333659442E+01  1.8224525725E+01  1.8330253781E+01  1.8583673489E+01  1.8927773860E+01  1.9315432176E+01  1.9709101020E+01
  2.3290197459E+01  1.8403334399E+01  1.9521442145E+01  1.9100680175E+01  1.8737217622E+01  1.8602103040E+01  1.8665720137E+01  1.8872450043E+01  1.9170788592E+01  1.9516756399E+01  1.9874231005E+01
  2.3343127454E+01  1.9011776844E+01  1.9755283895E+01  1.9460289822E+01  1.9132039334E+01  1.8978945636E+01  1.9004561929E+01  1.9166441455E+01  1.9419561409E+01  1.9723637578E+01  2.0044308151E+01
  2.3396057448E+01  1.9854583061E+01  1.9984063949E+01  1.9802222428E+01  1.9518133214E+01  1.9354178748E+01  1.9345779311E+01  1.9464730649E+01  1.9673322249E+01  1.9935460995E+01  2.0218855730E+01
  2.3448987442E+01  2.0667263174E+01  2.0212557055E+01  2.0130549253E+01  1.9895815504E+01  1.9727078501E+01  1.9688437218E+01  1.9766424542E+01  1.9931305563E+01  2.0151607249E+01  2.0397388484E+01
  2.3501917436E+01  2.1251002924E+01  2.0443215905E+01  2.0449382127E+01  2.0265643201E+01  2.0097059013E+01  2.0031664424E+01  2.0070656054E+01  2.0192752848E+01  2.0371454485E+01  2.0579414352E+01
  2.3554847431E+01  2.1514171090E+01  2.0678160665E+01  2.0762627896E+01  2.0628344737E+01  2.0463656769E+01  2.0374651387E+01  2.0376585604E+01  2.0456914936E+01  2.0594380523E+01  2.0764436160E+01
  2.3607777425E+01  2.1462898164E+01  2.0920759318E+01  2.1073786289E+01  2.0984751638E+01  2.0826512944E+01  2.0716647011E+01  2.0683402102E+01  2.0723054059E+01  2.0819764879E+01  2.0951953269E+01
  2.3660707419E+01  2.1185199021E+01  2.1176266948E+01  2.1385796604E+01  2.1335734247E+01  2.1185354383E+01  2.1056954514E+01  2.0990323506E+01  2.0990445689E+01  2.1046990682E+01  2.1141463173E+01
  2.3713637413E+01  2.0840979789E+01  2.1451338541E+01  2.1700935581E+01  2.1682144004E+01  2.1539973932E+01  2.1394926568E+01  2.1296596977E+01  2.1258380168E+01  2.1275446468E+01  2.1332463046E+01
  2.3766567407E+01  2.0632433538E+01  2.1752612259E+01  2.2020766437E+01  2.2024764124E+01  2.1890210799E+01  2.1729959919E+01  2.1601498688E+01  2.1526164129E+01  2.1504527867E+01  2.1524451224E+01
  2.3819497402E+01  2.0737685125E+01  2.2084857024E+01  2.2346137158E+01  2.2364269824E+01  2.2235931545E+01  2.2061489680E+01  2.1904333346E+01  2.1793121726E+01  2.1733639167E+01  2.1716928635E+01
  2.3872427396E+01  2.1234766619E+01  2.2449303082E+01  2.2677224227E+01  2.2701198530E+01  2.2577012244E+01  2.2388983478E+01  2.2204433486E+01  2.2058595685E+01  2.1962194768E+01  2.1909400146E+01
  2.3925357390E+01  2.2067427048E+01  2.2842700097E+01  2.3013615920E+01  2.3035929877E+01  2.2913322255E+01  2.2711935660E+01  2.2501158594E+01  2.2321948200E+01  2.2189620514E+01  2.2101375861E+01
  2.3978287384E+01  2.3077229574E+01  2.3257411882E+01  2.3354426965E+01  2.3368674760E+01  2.3244709973E+01  2.3029861708E+01  2.2793894117E+01  2.2582561669E+01  2.2415354921E+01  2.2292372332E+01
  2.4031217379E+01  2.4076046569E+01  2.3682544816E+01  2.3698433988E+01  2.3699472288E+01  2.3570990808E+01  2.3342293039E+01  2.3082050423E+01  2.2839839312E+01  2.2638850280E+01  2.2481913703E+01
  2.4084147373E+01  2.4910971304E+01  2.4105819293E+01  2.4044219167E+01  2.4028193221E+01  2.3891937563E+01  2.3648772322E+01  2.3365061757E+01  2.3093205668E+01  2.2859573667E+01  2.2669532784E+01
  2.4137077367E+01  2.5495519096E+01  2.4515713895E+01  2.4390308314E+01  2.4354548364E+01  2.4207273283E+01  2.3948849415E+01  2.3642385236E+01  2.3342106991E+01  2.3077007838E+01  2.2854772041E+01
  2.4190007361E+01  2.5815056361E+01  2.4903381129E+01  2.4735289772E+01  2.4678100410E+01  2.4516666569E+01  2.4242078035E+01  2.3913499945E+01  2.3586011562E+01  2.3290652028E+01  2.3037184519E+01
  2.4242937355E+01  2.5923486097E+01  2.5263941004E+01  2.5077902216E+01  2.4998277868E+01  2.4819729300E+01  2.4528013206E+01  2.4177906144E+01  2.3824409938E+01  2.3500022653E+01  2.3216334687E+01
  2.4295867350E+01  2.5930413870E+01  2.5596952449E+01  2.5417082826E+01  2.5314389982E+01  2.5116016616E+01  2.4806209547E+01  2.4435124636E+01  2.4056815124E+01  2.3704653918E+01  2.3391799207E+01
  2.4348797344E+01  2.5963867850E+01  2.5906071857E+01  2.5751971950E+01  2.5625641811E+01  2.5405028997E+01  2.5076220404E+01  2.4684696300E+01  2.4282762715E+01  2.3904098337E+01  2.3563167635E+01
  2.4401727338E+01  2.6109433802E+01  2.6198070975E+01  2.6081875815E+01  2.5931148988E+01  2.5686216237E+01  2.5337597823E+01  2.4926181818E+01  2.4501810985E+01  2.4097927174E+01  2.3730043041E+01
  2.4454657332E+01  2.6361649735E+01  2.6481469375E+01  2.6406194334E+01  2.6229951960E+01  2.5958983074E+01  2.5589893344E+01  2.5159161586E+01  2.4713540947E+01  2.4285730793E+01  2.3892042567E+01
  2.4507587327E+01  2.6634756135E+01  2.6765041524E+01  2.6724325713E+01  2.6521029794E+01  2.6222696247E+01  2.5832659557E+01  2.5383235820E+01  2.4917556387E+01  2.4467118948E+01  2.4048797915E+01
  2.4560517321E+01  2.6839193005E+01  2.7056412424E+01  2.7035562840E+01  2.6803313759E+01  2.6476692734E+01  2.6065452359E+01  2.5598024836E+01  2.5113483870E+01  2.4641720987E+01  2.4199955758E+01
  2.4613447315E+01  2.6967485568E+01  2.7360894502E+01  2.7338997673E+01  2.7075701051E+01  2.6720288928E+01  2.6287833832E+01  2.5803169495E+01  2.5300972724E+01  2.4809185998E+01  2.4345178105E+01
  2.4666377309E+01  2.7114959165E+01  2.7680667129E+01  2.7633448949E+01  2.7337068962E+01  2.6952790519E+01  2.6499375640E+01  2.5998331785E+01  2.5479695003E+01  2.4969182884E+01  2.4484142583E+01
  2.4719307304E+01  2.7414225257E+01  2.8014364701E+01  2.7917425533E+01  2.7586289764E+01  2.7173502865E+01  2.6699662847E+01  2.6183195521E+01  2.5649345419E+01  2.5121400385E+01  2.4616542674E+01
  2.4772237298E+01  2.7937165269E+01  2.8357109063E+01  2.8189133070E+01  2.7822246388E+01  2.7381741627E+01  2.6888298037E+01  2.6357467113E+01  2.5809641256E+01  2.5265547035E+01  2.4742087890E+01
  2.4825167292E+01  2.8641186878E+01  2.8700982331E+01  2.8446525884E+01  2.8043848818E+01  2.7576843497E+01  2.7064905612E+01  2.6520876387E+01  2.5960322244E+01  2.5401351067E+01  2.4860503894E+01
  2.4878097286E+01  2.9392890950E+01  2.9035881360E+01  2.8687400016E+01  2.8250050934E+01  2.7758176805E+01  2.7229136159E+01  2.6673177409E+01  2.6101150404E+01  2.5528560272E+01  2.4971532566E+01
  2.4931027280E+01  3.0041873704E+01  2.9350635191E+01  2.8909517751E+01  2.8439867337E+01  2.7925151862E+01  2.7380670748E+01  2.6814149272E+01  2.6231909845E+01  2.5646941801E+01  2.5074932027E+01
  2.4983957275E+01  3.0491743711E+01  2.9634223077E+01  2.9110749603E+01  2.8612389621E+01  2.8077230859E+01  2.7519225052E+01  2.6943596810E+01  2.6352406526E+01  2.5756281927E+01  2.5170476614E+01
  2.5036887269E+01  3.0731295877E+01  2.9876923046E+01  2.9289217101E+01  2.8766801498E+01  2.8213937186E+01  2.7644553155E+01  2.7061351210E+01  2.6462467957E+01  2.5856385763E+01  2.5257956809E+01
  2.5089817263E+01  3.0820364534E+01  3.0071255244E+01  2.9443419105E+01  2.8902392201E+01  2.8334864018E+01  2.7756450962E+01  2.7167270461E+01  2.6561942847E+01  2.5947076938E+01  2.5337179137E+01
  2.5142747257E+01  3.0847508328E+01  3.0212646489E+01  2.9572326006E+01  2.9018567764E+01  2.8439682043E+01  2.7854759080E+01  2.7261239644E+01  2.6650700701E+01  2.6028197242E+01  2.5407966017E+01
  2.5195677252E+01  3.0882503461E+01  3.0299804825E+01  2.9675429713E+01  2.9114859916E+01  2.8528146182E+01  2.7939365102E+01  2.7343170993E+01  2.6728631343E+01  2.6099606225E+01  2.5470155589E+01
  2.5248607246E+01  3.0942074678E+01  3.0334828032E+01  2.9752742489E+01  2.9190932589E+01  2.8600101194E+01  2.8010205191E+01  2.7413003747E+01  2.6795644379E+01  2.6161180779E+01  2.5523601504E+01
  2.5301537240E+01  3.0981808115E+01  3.0323066105E+01  2.9804743922E+01  2.9246586258E+01  2.8655486013E+01  2.8067264924E+01  2.7470703737E+01  2.6851668601E+01  2.6212814680E+01  2.5568172689E+01
  2.5354467234E+01  3.0920722984E+01  3.0272725966E+01  2.9832281770E+01  2.9281760558E+01  2.8694336709E+01  2.8110579314E+01  2.7516262725E+01  2.6896651318E+01  2.6254418113E+01  2.5603753091E+01
  2.5407397228E+01  3.0690506517E+01  3.0194176520E+01  2.9836438493E+01  2.9296535740E+01  2.8716787932E+01  2.8140232009E+01  2.7549697479E+01  2.6930557631E+01  2.6285917169E+01  2.5630241389E+01
  2.5460327223E+01  3.0283179551E+01  3.0098916584E+01  2.9818380081E+01  2.9291133626E+01  2.8723072736E+01  2.8156353618E+01  2.7571048583E+01  2.6953369646E+01  2.6307253330E+01  2.5647550701E+01
  2.5513257217E+01  2.9767977892E+01  2.9998225140E+01  2.9779206798E+01  2.9265918616E+01  2.8713520644E+01  2.8159119203E+01  2.7580379005E+01  2.6965085640E+01  2.6318382934E+01  2.5655608266E+01
  2.5566187211E+01  2.9269110921E+01  2.9901614116E+01  2.9719826168E+01  2.9221399162E+01  2.8688553887E+01  2.8148744938E+01  2.7577772426E+01  2.6965719177E+01  2.6319276636E+01  2.5654355112E+01
  2.5619117205E+01  2.8921491936E+01  2.9815313344E+01  2.9640866746E+01  2.9158229810E+01  2.8648681709E+01  2.8125483986E+01  2.7563331368E+01  2.6955298187E+01  2.6309918856E+01  2.5643745723E+01
  2.5672047200E+01  2.8826616543E+01  2.9741087432E+01  2.9542647058E+01  2.9077213579E+01  2.8594492705E+01  2.8089621664E+01  2.7537175137E+01  2.6933864021E+01  2.6290307227E+01  2.5623747686E+01
  2.5724977194E+01  2.9018029526E+01  2.9675675223E+01  2.9425207924E+01  2.8979303997E+01  2.8526645178E+01  2.8041469981E+01  2.7499437625E+01  2.6901470488E+01  2.6260452045E+01  2.5594341340E+01
  2.5777907188E+01  2.9439670612E+01  2.9611041312E+01  2.9288408846E+01  2.8865605751E+01  2.8445855546E+01  2.7981361656E+01  2.7450265016E+01  2.6858182883E+01  2.6220375727E+01  2.5555519420E+01
  2.5830837182E+01  2.9949315674E+01  2.9535458175E+01  2.9132081081E+01  2.8737372533E+01  2.8352884904E+01  2.7909643730E+01  2.7389813425E+01  2.6804077030E+01  2.6170112266E+01  2.5507286701E+01
  2.5883767176E+01  3.0361627762E+01  2.9435247881E+01  2.8956222369E+01  2.8596000473E+01  2.8248523903E+01  2.7826670933E+01  2.7318246534E+01  2.6739238337E+01  2.6109706718E+01  2.5449659639E+01
  2.5936697171E+01  3.0522102270E+01  2.9296864799E+01  2.8761211927E+01  2.8443015469E+01  2.8133576186E+01  2.7732798931E+01  2.7235733260E+01  2.6663760889E+01  2.6039214687E+01  2.5382666018E+01
  2.5989627165E+01  3.0372009556E+01  2.9108941731E+01  2.8548020065E+01  2.8280052867E+01  2.8008840699E+01  2.7628377636E+01  2.7142445519E+01  2.6577746583E+01  2.5958701843E+01  2.5306344601E+01
  2.6042557159E+01  2.9962051276E+01  2.8863965981E+01  2.8318385131E+01  2.8108828290E+01  2.7875093290E+01  2.7513744736E+01  2.7038556114E+01  2.6481304320E+01  2.5868243455E+01  2.5220744784E+01
  2.6095487153E+01  2.9407471872E+01  2.8559376559E+01  2.8074931798E+01  2.7931098989E+01  2.7733068053E+01  2.7389219615E+01  2.6924236816E+01  2.6374549263E+01  2.5767923953E+01  2.5125926263E+01
  2.6148417148E+01  2.8817954736E+01  2.8198029563E+01  2.7821208874E+01  2.7748615811E+01  2.7583438985E+01  2.7255097829E+01  2.6799656660E+01  2.6257602176E+01  2.5657836518E+01  2.5021958704E+01
  2.6201347142E+01  2.8246847842E+01  2.7788110190E+01  2.7561631496E+01  2.7563066724E+01  2.7426802524E+01  2.7111646290E+01  2.6664980506E+01  2.6130588843E+01  2.5538082702E+01  2.4908921424E+01
  2.6254277136E+01  2.7683391026E+01  2.7342636727E+01  2.7301321290E+01  2.7376013804E+01  2.7263661627E+01  2.6959099305E+01  2.6520367895E+01  2.5993639584E+01  2.5408772074E+01  2.4786903080E+01
  2.6307207130E+01  2.7081789991E+01  2.6878694098E+01  2.7045847917E+01  2.7188826427E+01  2.7094411988E+01  2.6797655585E+01  2.6365972222E+01  2.5846888864E+01  2.5270021906E+01  2.4656001375E+01
  2.6360137125E+01  2.6403127221E+01  2.6416472577E+01  2.6800885620E+01  2.7002614221E+01  2.6919331035E+01  2.6627476342E+01  2.6201940247E+01  2.5690475004E+01  2.5121956888E+01  2.4516322765E+01
  2.6413067119E+01  2.5645761188E+01  2.5978111490E+01  2.6571807875E+01  2.6818163900E+01  2.6738570240E+01  2.6448684518E+01  2.6028411948E+01  2.5524539991E+01  2.4964708871E+01  2.4367982185E+01
  2.6465997113E+01  2.4852192467E+01  2.5586300066E+01  2.6363251251E+01  2.6635884385E+01  2.6552151232E+01  2.6261365221E+01  2.5845520727E+01  2.5349229388E+01  2.4798416647E+01  2.4211102783E+01
  2.6518927107E+01  2.4096130131E+01  2.5262595187E+01  2.6178685130E+01  2.6455764618E+01  2.6359966059E+01  2.6065567349E+01  2.5653393954E+01  2.5164692339E+01  2.4623225760E+01  2.4045815663E+01
  2.6571857101E+01  2.3462405400E+01  2.5025481531E+01  2.6020026475E+01  2.6277348050E+01  2.6161781818E+01  2.5861306390E+01  2.5452153828E+01  2.4971081667E+01  2.4439288338E+01  2.3872259643E+01
  2.6624787096E+01  2.3030115983E+01  2.4888302830E+01  2.5887337890E+01  2.6099727067E+01  2.5957249692E+01  2.5648568336E+01  2.5241918548E+01  2.4768554048E+01  2.4246762962E+01  2.3690581017E+01
  2.6677717090E+01  2.2861961049E+01  2.4857298074E+01  2.5778642590E+01  2.5921559529E+01  2.5745918290E+01  2.5427314612E+01  2.5022803738E+01  2.4557270263E+01  2.4045814547E+01  2.3500933331E+01
  2.6730647084E+01  2.2998244173E+01  2.4930045883E+01  2.5689881863E+01  2.5741108270E+01  2.5527250946E+01  2.5197487890E+01  2.4794924105E+01  2.4337395517E+01  2.3836614258E+01  2.3303477163E+01
  2.6783577078E+01  2.3452502460E+01  2.5094625930E+01  2.5615029532E+01  2.5556302941E+01  2.5300646519E+01  2.4959018633E+01  2.4558395282E+01  2.4109099797E+01  2.3619339425E+01  2.3098379916E+01
  2.6836507073E+01  2.4204387062E+01  2.5329738493E+01  2.5546364799E+01  2.5364822003E+01  2.5065463013E+01  2.4711832190E+01  2.4313335788E+01  2.3872558274E+01  2.3394173494E+01  2.2885815611E+01
  2.6889437067E+01  2.5188305082E+01  2.5605892118E+01  2.5474890719E+01  2.5164191232E+01  2.4821043234E+01  2.4455856237E+01  2.4059869079E+01  2.3627951732E+01  2.3161305968E+01  2.2665964689E+01
  2.6942367061E+01  2.6286417050E+01  2.5887602799E+01  2.5390871779E+01  2.4951893816E+01  2.4566741575E+01  2.4191028344E+01  2.3798125612E+01  2.3375466997E+01  2.2920932365E+01  2.2439013820E+01
  2.6995297055E+01  2.7341199484E+01  2.6136383087E+01  2.5284451988E+01  2.4725486163E+01  2.4301950943E+01  2.3917303461E+01  2.3528244878E+01  2.3115297365E+01  2.2673254180E+01  2.2205155705E+01
  2.7048227049E+01  2.8192332754E+01  2.6314173278E+01  2.5146305898E+01  2.4482712955E+01  2.4026128840E+01  2.3634661091E+01  2.3250377335E+01  2.2847643008E+01  2.2418478840E+01  2.1964588892E+01
  2.7101157044E+01  2.8721156406E+01  2.6386805462E+01  2.4968270046E+01  2.4221614882E+01  2.3738821613E+01  2.3343111939E+01  2.2964686208E+01  2.2572711353E+01  2.2156819653E+01  2.1717517584E+01
  2.7154087038E+01  2.8876240810E+01  2.6327103572E+01  2.4743902238E+01  2.3940622832E+01  2.3439685942E+01  2.3042703846E+01  2.2671349082E+01  2.2290717403E+01  2.1888495759E+01  2.1464151450E+01
  2.7207017032E+01  2.8667387448E+01  2.6117297615E+01  2.4468920955E+01  2.3638633152E+01  2.3128506795E+01  2.2733526826E+01  2.2370559270E+01  2.2001884015E+01  2.1613732057E+01  2.1204705432E+01
  2.7259947026E+01  2.8138349508E+01  2.5750542092E+01  2.4141486856E+01  2.3315059758E+01  2.2805211164E+01  2.2415717067E+01  2.2062526898E+01  2.1706442095E+01  2.1332759123E+01  2.0939399553E+01
  2.7312877021E+01  2.7338783546E+01  2.5231445733E+01  2.3762301865E+01  2.2969860453E+01  2.2469877122E+01  2.2089459760E+01  2.1747479680E+01  2.1404630735E+01  2.1045813113E+01  2.0668458718E+01
  2.7365807015E+01  2.6308620183E+01  2.4575616792E+01  2.3334517533E+01  2.2603536448E+01  2.2122737917E+01  2.1754990704E+01  2.1425663377E+01  2.1096697251E+01  2.0753135640E+01  2.0392112510E+01
  2.7418737009E+01  2.5076300071E+01  2.3808294425E+01  2.2863461658E+01  2.2217105877E+01  2.1764181030E+01  2.1412596617E+01  2.1097341908E+01  2.0782897147E+01  2.0454973639E+01  2.0110594981E+01
  2.7471667003E+01  2.3667739022E+01  2.2962177834E+01  2.2356208770E+01  2.1812053720E+01  2.1394742332E+01  2.1062614171E+01  2.0762797114E+01  2.0463493991E+01  2.0151579199E+01  1.9824144438E+01
  2.7524596997E+01  2.2123192574E+01  2.2074598297E+01  2.1821034322E+01  2.1390262013E+01  2.1015095664E+01  2.0705427776E+01  2.0422328191E+01  2.0138759190E+01  1.9843209379E+01  1.9533003221E+01
  2.7577526992E+01  2.0516095780E+01  2.1184222858E+01  2.1266802777E+01  2.0953925305E+01  2.0626038341E+01  2.0341466189E+01  2.0076250794E+01  1.9808971696E+01  1.9530125998E+01  1.9237417471E+01
  2.7630456986E+01  1.8961510936E+01  2.0327540378E+01  2.0702345136E+01  2.0505457027E+01  2.0228473223E+01  1.9971198056E+01  1.9724895838E+01  1.9474417622E+01  1.9212595404E+01  1.8937636894E+01
  2.7683386980E+01  1.7601874603E+01  1.9535452036E+01  2.0135881153E+01  2.0047392675E+01  1.9823388088E+01  1.9595126526E+01  1.9368608033E+01  1.9135389777E+01  1.8890888215E+01  1.8633914515E+01
  2.7736316974E+01  1.6570537570E+01  1.8830345000E+01  1.9574535567E+01  1.9582295507E+01  1.9411833135E+01  1.9213783104E+01  1.9007744178E+01  1.8792187146E+01  1.8565279041E+01  1.8326506419E+01
  2.7789246969E+01  1.5950525077E+01  1.8224038489E+01  1.9023986771E+01  1.9112669798E+01  1.8994897444E+01  1.8827720916E+01  1.8642671276E+01  1.8445114296E+01  1.8236046185E+01  1.8015671492E+01
  2.7842176963E+01  1.5750462405E+01  1.7716930743E+01  1.8488271675E+01  1.8640885777E+01  1.8573685227E+01  1.8437507593E+01  1.8273764494E+01  1.8094480747E+01  1.7903471326E+01  1.7701671147E+01
  2.7895106957E+01  1.5906299175E+01  1.7298535849E+01  1.7969753652E+01  1.8169119111E+01  1.8149292657E+01  1.8043717981E+01  1.7901405042E+01  1.7740600290E+01  1.7567839179E+01  1.7384769039E+01
  2.7948036951E+01  1.6299794352E+01  1.6949397643E+01  1.7469243459E+01  1.7699306524E+01  1.7722785968E+01  1.7646926867E+01  1.7525978008E+01  1.7383790296E+01  1.7229437148E+01  1.7065230782E+01
  2.8000966946E+01  1.6780261149E+01  1.6644141993E+01  1.6986247694E+01  1.7233117760E+01  1.7295181455E+01  1.7247701938E+01  1.7147870209E+01  1.7024370995E+01  1.6888554958E+01  1.6743323644E+01
  2.8053896940E+01  1.7186336838E+01  1.6355228561E+01  1.6519307547E+01  1.6771942947E+01  1.6867427843E+01  1.6846597148E+01  1.6767468100E+01  1.6662664759E+01  1.6545484280E+01  1.6419316245E+01
  2.8106826934E+01  1.7373716433E+01  1.6056835836E+01  1.6066383484E+01  1.6316893367E+01  1.6440391433E+01  1.6444146677E+01  1.6385155811E+01  1.6298995397E+01  1.6200518347E+01  1.6093478244E+01
  2.8159756928E+01  1.7248983194E+01  1.5728289672E+01  1.5625239839E+01  1.5868812949E+01  1.6014844240E+01  1.6040859622E+01  1.6001313322E+01  1.5933687465E+01  1.5853951560E+01  1.5766080012E+01
  2.8212686922E+01  1.6794688032E+01  1.5356532081E+01  1.5193787045E+01  1.5428297431E+01  1.5591455301E+01  1.5637215550E+01  1.5616314851E+01  1.5567065602E+01  1.5506079096E+01  1.5437392314E+01
  2.8265616917E+01  1.6066836906E+01  1.4937303873E+01  1.4770347582E+01  1.4995718031E+01  1.5170785145E+01  1.5233661015E+01  1.5230527466E+01  1.5199453912E+01  1.5157196505E+01  1.5107685965E+01
  2.8318546911E+01  1.5162907897E+01  1.4474943094E+01  1.4353823529E+01  1.4571246755E+01  1.4753283407E+01  1.4830607102E+01  1.4844309945E+01  1.4831175383E+01  1.4807599312E+01  1.4777231498E+01
  2.8371476905E+01  1.4181640783E+01  1.3980933725E+01  1.3943757081E+01  1.4154880934E+01  1.4339289414E+01  1.4428428036E+01  1.4458011918E+01  1.4462551358E+01  1.4457582620E+01  1.4446298817E+01
  2.8424406899E+01  1.3201119952E+01  1.3471531828E+01  1.3540288763E+01  1.3746465281E+01  1.3929035580E+01  1.4027460872E+01  1.4071973287E+01  1.4093901062E+01  1.4107440709E+01  1.4115156845E+01
  2.8477336894E+01  1.2283286724E+01  1.2964917870E+01  1.3144029668E+01  1.3345710484E+01  1.3522653351E+01  1.3628006231E+01  1.3686523932E+01  1.3725541176E+01  1.3757466641E+01  1.3784073175E+01
  2.8530266888E+01  1.1489002357E+01  1.2478359630E+01  1.2755872551E+01  1.2952208156E+01  1.3120181451E+01  1.3230330037E+01  1.3301983688E+01  1.3357785479E+01  1.3407951872E+01  1.3453313709E+01
  2.8583196882E+01  1.0880165190E+01  1.2025822051E+01  1.2376771208E+01  1.2565442653E+01  1.2721576119E+01  1.2834666185E+01  1.2918662590E+01  1.2990944528E+01  1.3059185860E+01  1.3123142303E+01
  2.8636126876E+01  1.0499841018E+01  1.1616344532E+01  1.2007518120E+01  1.2184800791E+01  1.2326723057E+01  1.2441220018E+01  1.2536861357E+01  1.2625325397E+01  1.2711455682E+01  1.2793820400E+01
  2.8689056870E+01  1.0344335643E+01  1.1253347533E+01  1.1648547173E+01  1.1809580915E+01  1.1935450763E+01  1.2050172517E+01  1.2156872083E+01  1.2261231459E+01  1.2365045655E+01  1.2465606669E+01
  2.8741986865E+01  1.0352198884E+01  1.0934859172E+01  1.1299782345E+01  1.1439002894E+01  1.1547544942E+01  1.1661685051E+01  1.1778979110E+01  1.1898962204E+01  1.2020236953E+01  1.2138756642E+01
  2.8794916859E+01  1.0424069909E+01  1.0654498963E+01  1.0960545626E+01  1.1072220563E+01  1.1162763669E+01  1.1275904532E+01  1.1403460034E+01  1.1538813087E+01  1.1677307235E+01  1.1813522345E+01
  2.8847846853E+01  1.0463343830E+01  1.0402945906E+01  1.0629529404E+01  1.0708337898E+01  1.0780852977E+01  1.0892968837E+01  1.1030586809E+01  1.1181075395E+01  1.1336530272E+01  1.1490151935E+01
  2.8900776847E+01  1.0411852724E+01  1.0169568529E+01  1.0304831263E+01  1.0346429799E+01  1.0401562537E+01  1.0513012308E+01  1.0660626894E+01  1.0826036133E+01  1.0998175566E+01  1.1168889335E+01
  2.8953706842E+01  1.0260194683E+01  9.9439093760E+00  9.9840433195E+00  9.9855678066E+00  1.0024661075E+01  1.0136171185E+01  1.0293844416E+01  1.0473977903E+01  1.0662507987E+01  1.0849973872E+01
  2.9006636836E+01  1.0032298985E+01  9.7167868453E+00  9.6643844552E+00  9.6248505556E+00  9.6499511962E+00  9.7625888043E+00  9.9305012708E+00  1.0125178783E+01  1.0329787388E+01  1.0533639917E+01
  2.9059566830E+01  9.7600634303E+00  9.4808837334E+00  9.3428620656E+00  9.2634381407E+00  9.2772832379E+00  9.3924204122E+00  9.5708581582E+00  9.7799121799E+00  1.0000268234E+01  1.0220116525E+01
  2.9112496824E+01  9.4651052053E+00  9.2308099514E+00  9.0164499439E+00  8.9005890850E+00  8.9065678267E+00  9.0258374589E+00  9.2151754712E+00  9.4384466649E+00  9.6741992174E+00  9.9096270831E+00
  2.9165426818E+01  9.1546729649E+00  8.9627336253E+00  8.6822701878E+00  8.5356981615E+00  8.5377867840E+00  8.6630312418E+00  8.8637140279E+00  9.1010457678E+00  9.3518228793E+00  9.6023889621E+00
  2.9218356813E+01  8.8285744942E+00  8.6737530808E+00  8.3377688819E+00  8.1683330291E+00  8.1710020726E+00  8.3042157975E+00  8.5167356011E+00  8.7679677305E+00  9.0333752179E+00  9.2986131707E+00
  2.9271286807E+01  8.4897570019E+00  8.3612223545E+00  7.9808772322E+00  7.7982675120E+00  7.8063624980E+00  7.9496299580E+00  8.1745032212E+00  8.4394652123E+00  8.7190852992E+00  8.9985040203E+00
  2.9324216801E+01  8.1514996301E+00  8.0222415096E+00  7.6101514045E+00  7.4255093765E+00  7.4441079283E+00  7.5995385069E+00  7.8372812316E+00  8.1157849422E+00  8.4091748617E+00  8.7022587949E+00
  2.9377146795E+01  7.8358199872E+00  7.6534813057E+00  7.2248853735E+00  7.0503206459E+00  7.0845708547E+00  7.2542324016E+00  7.5053350833E+00  7.7971673148E+00  8.1038579188E+00  8.4100674302E+00
  2.9430076790E+01  7.5606249010E+00  7.2514347003E+00  6.8251916928E+00  6.6732288316E+00  6.7281751850E+00  6.9140280481E+00  7.1789308604E+00  7.4838459290E+00  7.8033403580E+00  8.1221122035E+00
  2.9483006784E+01  7.3191793071E+00  6.8130854201E+00  6.4120455119E+00  6.2950279105E+00  6.3754322406E+00  6.5792656430E+00  6.8583345388E+00  7.1760470701E+00  7.5078195406E+00  7.8385674330E+00
  2.9535936778E+01  7.0635977346E+00  6.3368735725E+00  5.9872877543E+00  5.9167684235E+00  6.0269340171E+00  6.2503066210E+00  6.5438109853E+00  6.8739891369E+00  7.2174839013E+00  7.5595991912E+00
  2.9588866772E+01  6.7081713501E+00  5.8237438227E+00  5.5535844772E+00  5.5397366674E+00  5.6833438544E+00  5.9275302711E+00  6.2356227123E+00  6.5778820194E+00  6.9325125512E+00  7.2853650307E+00
  2.9641796767E+01  6.1609851259E+00  5.2780093904E+00  5.1143412982E+00  5.1654235587E+00  5.3453847527E+00  5.6113296059E+00  5.9340284097E+00  6.2879264314E+00  6.6530748856E+00  7.0160137256E+00
  2.9694726761E+01  5.3732207016E+00  4.7077757142E+00  4.6735744419E+00  4.7954843281E+00  5.0138256543E+00  5.3021065876E+00  5.6392812807E+00  6.0043132059E+00  6.3793302010E+00  6.7516850294E+00
  2.9747656755E+01  4.3773918985E+00  4.1247470612E+00  4.2357432392E+00  4.4316907217E+00  4.6894660834E+00  5.0002668312E+00  5.3516272169E+00  5.7272225629E+00  6.1114273219E+00  6.4925094507E+00
  2.9800586749E+01  3.2864495923E+00  3.5433731808E+00  3.8055524466E+00  4.0758777983E+00  4.3731195982E+00  4.7062139188E+00  5.0713028456E+00  5.4568233591E+00  5.8495042435E+00  6.2386080480E+00
  2.9853516743E+01  2.2499104416E+00  2.9794479871E+00  3.3877360048E+00  3.7298877064E+00  4.0655965535E+00  4.4203434666E+00  4.7985334941E+00  5.1932723306E+00  5.5936877911E+00  5.9900922457E+00
  2.9906446738E+01  1.3930078809E+00  2.4484053053E+00  2.9868363151E+00  3.3955129767E+00  3.7676866964E+00  4.1430370936E+00  4.5335311109E+00  4.9367133407E+00  5.3440933028E+00  5.7470636715E+00
  2.9959376732E+01  7.7496213721E-01  1.9636296399E+00  2.6069942861E+00  3.0744418650E+00  3.4801421250E+00  3.8746564397E+00  4.2764921886E+00  4.6872766464E+00  5.1008243358E+00  5.5096140179E+00
  3.0012306726E+01  3.8537823595E-01  1.5350923878E+00  2.2517650339E+00  2.7682081367E+00  3.2036611215E+00  3.6155373781E+00  4.0275957335E+00  4.4450781937E+00  4.8639724039E+00  5.2778249284E+00
  3.0065236720E+01  1.7057636794E-01  1.1685405157E+00  1.9239721270E+00  2.4781474042E+00  2.9388733389E+00  3.3659845621E+00  3.7870013237E+00  4.2102189579E+00  4.6336167470E+00  5.0517679087E+00
  3.0118166715E+01  6.6961857665E-02  8.6533267529E-01  1.6256098747E+00  2.2053617330E+00  2.6863267630E+00  3.1262664319E+00  3.5548472981E+00  3.9827843385E+00  4.4098241369E+00  4.8315042663E+00
  3.0171096709E+01  2.3243910990E-02  6.2287657743E-01  1.3577987641E+00  1.9506937546E+00  2.4464768049E+00  2.8966107943E+00  3.3312491139E+00  3.7628436222E+00  4.1926487249E+00  4.6170850775E+00
  3.0224026703E+01  7.1164298596E-03  4.3550908795E-01  1.1207943216E+00  1.7147109927E+00  2.2196777955E+00  2.6772010733E+00  3.1162979079E+00  3.5504495244E+00  3.9821319308E+00  4.4085511829E+00
  3.0276956697E+01  1.9175902128E-03  2.9560146256E-01  9.1404502694E-01  1.4977005629E+00  2.0061770646E+00  2.4681733055E+00  2.9100592909E+00  3.3456378197E+00  3.7783023794E+00  4.2059332131E+00
  3.0329886691E+01  4.5394782902E-04  1.9467188099E-01  7.3629098113E-01  1.2996738791E+00  1.8061116921E+00  2.2696139386E+00  2.7125724007E+00  3.1484270696E+00  3.5811758851E+00  4.0092516449E+00
  3.0382816686E+01  9.4265683190E-05  1.2433418803E-01  5.8569226527E-01  1.1203805266E+00  1.6195079256E+00  2.0815584653E+00  2.5238492323E+00  2.9588184553E+00  3.3907554881E+00  3.8185168869E+00
  3.0435746680E+01  1.7149294970E-05  7.6983519773E-02  4.5997453760E-01  9.5933006468E-01  1.4462831686E+00  1.9039909057E+00  2.3438742600E+00  2.7767957214E+00  3.2070315417E+00  3.6337293969E+00
  3.0488676674E+01  2.7303675971E-06  4.6192972567E-02  3.5657943631E-01  8.1582022947E-01  1.2862503614E+00  1.7368441285E+00  2.1726043579E+00  2.6023252332E+00  3.0299818548E+00  3.4548798295E+00
  3.0541606668E+01  3.8009365505E-07  2.6853116076E-02  2.7280861088E-01  6.8896981807E-01  1.1391245091E+00  1.5800009813E+00  2.0099690194E+00  2.4353561531E+00  2.8595718869E+00  3.2819492149E+00
  3.0594536663E+01  4.6230635397E-08  1.5119575051E-02  2.0595239120E-01  5.7775446724E-01  1.0045310496E+00  1.4332961815E+00  1.8558708737E+00  2.2758207325E+00  2.6957549984E+00  3.1149091666E+00
  3.0647466657E+01  4.9098236798E-09  8.2434596065E-03  1.5339683500E-01  4.8104357274E-01  8.8201571878E-01  1.2965189037E+00  1.7101864858E+00  2.1236347214E+00  2.5384727537E+00  2.9537221199E+00
  3.0700396651E+01  4.5506007574E-10  4.3512579480E-03  1.1270577516E-01  3.9763672652E-01  7.7105553875E-01  1.1694159837E+00  1.5727674277E+00  1.9786978912E+00  2.3876552772E+00  2.7983415981E+00
  3.0753326645E+01  3.6791194523E-11  2.2231852263E-03  8.1677173192E-02  3.2629825604E-01  6.7107055065E-01  1.0516956507E+00  1.4434415989E+00  1.8408946661E+00  2.2432216596E+00  2.6487125067E+00
  3.0806256639E+01  2.5937385725E-12  1.0993106745E-03  5.8375312360E-02  2.6578871106E-01  5.8143591527E-01  9.4303168929E-01  1.3220147719E+00  1.7100948572E+00  2.1050804126E+00  2.5047714540E+00
  3.0859186634E+01  1.5939503422E-13  5.2599895362E-04  4.1141984449E-02  2.1489243708E-01  5.0149402593E-01  8.4306792935E-01  1.2082723369E+00  1.5861544914E+00  1.9731299699E+00  2.3664470959E+00
  3.0912116628E+01  8.5362848297E-15  2.4350663937E-04  2.8590790026E-02  1.7244067664E-01  4.3056630849E-01  7.5142295936E-01  1.1019812136E+00  1.4689167268E+00  1.8472592296E+00  2.2336605051E+00
  3.0965046622E+01  3.9829470287E-16  1.0905496561E-04  1.9589029660E-02  1.3732993124E-01  3.6796442334E-01  6.6769496048E-01  1.0028918991E+00  1.3582128437E+00  1.7273481366E+00  2.1063255604E+00
  3.1017976616E+01  1.6187943073E-17  4.7243349642E-05  1.3231519004E-02  1.0853558000E-01  3.1300063125E-01  5.9146656239E-01  9.1074061844E-01  1.2538633016E+00  1.6132682982E+00  1.9843493561E+00
  3.1070906611E+01  5.7299656168E-19  1.9794862389E-05  8.8101558590E-03  8.5120974551E-02  2.6499713565E-01  5.2230962800E-01  8.2525154376E-01  1.1556788488E+00  1.5048836312E+00  1.8676326290E+00
  3.1123836605E+01  1.7661075368E-20  8.0212196915E-06  5.7823494437E-03  6.6242405025E-02  2.2329426650E-01  4.5978988260E-01  7.4613904910E-01  1.0634616745E+00  1.4020510338E+00  1.7560701999E+00
  3.1176766599E+01  4.7394392888E-22  3.1431649363E-06  3.7406243431E-03  5.1150456654E-02  1.8725742216E-01  4.0347131301E-01  6.7310996842E-01  9.7700659044E-01  1.3046210782E+00  1.6495514281E+00
  3.1229696593E+01  1.1072061076E-23  1.1909630507E-06  2.3849387740E-03  3.9188351228E-02  1.5628273419E-01  3.5292027307E-01  6.0586582605E-01  8.9610222863E-01  1.2124387187E+00  1.5479606760E+00
  3.1282626588E+01  2.2515142798E-25  4.3631664847E-07  1.4985805712E-03  2.9787896669E-02  1.2980146418E-01  3.0770924381E-01  5.4410501086E-01  8.2053224477E-01  1.1253440107E+00  1.4511777823E+00
  3.1335556582E+01  3.9849591688E-27  1.5454249698E-07  9.2796339360E-04  2.2463658170E-02  1.0728317952E-01  2.6742020881E-01  4.8752486828E-01  7.5007651426E-01  1.0431728339E+00  1.3590785396E+00
  3.1388486576E+01  6.1381662845E-29  5.2918678339E-08  5.6625138643E-04  1.6805923609E-02  8.8237786595E-02  2.3164761716E-01  4.3582368678E-01  6.8451230976E-01  9.6575761639E-01  1.2715351750E+00
  3.1441416570E+01  8.2278343863E-31  1.7516973791E-08  3.4048399353E-04  1.2472973059E-02  7.2216524297E-02  2.0000091829E-01  3.8870255917E-01  6.2361544979E-01  8.9292805314E-01  1.1884168321E+00
  3.1494346564E+01  9.5969759535E-33  5.6049785855E-09  2.0173245459E-04  9.1830854366E-03  5.8812037961E-02  1.7210666364E-01  3.4586710190E-01  5.6716140818E-01  8.2451181500E-01  1.1095900490E+00
  3.1547276559E+01  9.7399787568E-35  1.7335281191E-09  1.1776884085E-04  6.7066324240E-03  4.7657664329E-02  1.4761018036E-01  3.0702901945E-01  5.1492637558E-01  7.6033524294E-01  1.0349192334E+00
  3.1600206553E+01  8.6006576472E-37  5.1821327072E-10  6.7740066432E-05  4.8585269637E-03  3.8426062530E-02  1.2617683076E-01  2.7190750404E-01  4.6668826499E-01  7.0022402331E-01  9.6426712937E-01
  3.1653136547E+01  6.6074350876E-39  1.4972240641E-10  3.8389061334E-05  3.4912158899E-03  3.0827324869E-02  1.0749287894E-01  2.4023046454E-01  4.2222765440E-01  6.4400384015E-01  8.9749527630E-01
  3.1706066541E+01  4.4161239936E-41  4.1806786596E-11  2.1433990544E-05  2.4883370703E-03  2.4606695596E-02  9.1265992028E-02  2.1173558143E-01  3.8132866080E-01  5.9150100058E-01  8.3446445516E-01
  3.1758996536E+01  2.5676627437E-43  1.1281599345E-11  1.1790171270E-05  1.7591028184E-03  1.9542016555E-02  7.7225408171E-02  1.8617118799E-01  3.4377974094E-01  5.4254303011E-01  7.7503512228E-01
  3.1811926530E+01  1.2986911258E-45  2.9419929753E-12  6.3892133344E-06  1.2334241806E-03  1.5441006790E-02  6.5121806921E-02  1.6329698035E-01  3.0937441539E-01  4.9695923475E-01  7.1906782758E-01
  3.1864856524E+01  5.7138537707E-48  7.4138497087E-13  3.4109412690E-06  8.5775487164E-04  1.2138469610E-02  5.4726919519E-02  1.4288456183E-01  2.7791191345E-01  4.5458122744E-01  6.6642361591E-01
  3.1917786518E+01  2.1867198128E-50  1.8053528411E-13  1.7938689500E-06  5.9160828796E-04  9.4935062543E-03  4.5832917596E-02  1.2471782899E-01  2.4919773786E-01  4.1524341667E-01  6.1696440987E-01
  3.1970716512E+01  7.2792132898E-53  4.2479791191E-14  9.2936743793E-07  4.0468485409E-04  7.3868007194E-03  3.8251618530E-02  1.0859320865E-01  2.2304414898E-01  3.7878345564E-01  5.7055337286E-01
  3.2023646507E+01  2.1076114349E-55  9.6580882723E-15  4.7430277651E-07  2.7453839643E-04  5.7180262916E-03  3.1813544567E-02  9.4319756570E-02  1.9927056923E-01  3.4504265065E-01  5.2705525103E-01
  3.2076576501E+01  5.3076203120E-58  2.1216598144E-15  2.3844437283E-07  1.8470766329E-04  4.4034111690E-03  2.6366870919E-02  8.1719129827E-02  1.7770390956E-01  3.1386632803E-01  4.8633669325E-01
  3.2129506495E+01  1.1625230191E-60  4.5032291530E-16  1.1807932927E-07  1.2324095883E-04  3.3734887167E-03  2.1776295546E-02  7.0625445461E-02  1.5817882030E-01  2.8510415908E-01  4.4826654818E-01
  3.2182436489E+01  2.2145507264E-63  9.2347388933E-17  5.7598171297E-08  8.1546738948E-05  2.5710475194E-03  1.7921860332E-02  6.0885038580E-02  1.4053786974E-01  2.5861044313E-01  4.1271613796E-01
  3.2235366484E+01  3.6689574383E-66  1.8296441056E-17  2.7674804487E-08  5.3509748653E-05  1.9492876168E-03  1.4697750152E-02  5.2356133288E-02  1.2463165412E-01  2.3424434903E-01  3.7955950804E-01
  3.2288296478E+01  5.2864472504E-69  3.5021904036E-18  1.3097695188E-08  3.4819919012E-05  1.4701821267E-03  1.2011092824E-02  4.4908439702E-02  1.1031884348E-01  2.1187011592E-01  3.4867365279E-01
  3.2341226472E+01  6.6243167939E-72  6.4764086972E-19  6.1056709470E-09  2.2469075663E-05  1.1030378303E-03  9.7807795386E-03  3.8422690021E-02  9.7466167926E-02  1.9135721421E-01  3.1993871699E-01
  3.2394156466E+01  7.2188251926E-75  1.1570198860E-19  2.8034587775E-09  1.4378038245E-05  8.2324408912E-04  7.9363218604E-03  3.2790126073E-02  8.5948349583E-02  1.7258046818E-01  2.9323817328E-01
  3.2447086460E+01  6.8412103480E-78  1.9968740273E-20  1.2678608111E-09  9.1235886616E-06  6.1119654489E-04  6.4167581996E-03  2.7911950106E-02  7.5647985260E-02  1.5542014189E-01  2.6845897572E-01
  3.2500016455E+01  5.6381097134E-81  3.3293189890E-21  5.6475520429E-10  5.7408779888E-06  4.5138023164E-04  5.1696195334E-03  2.3698749754E-02  6.6455385330E-02  1.3976199011E-01  2.4549168996E-01
  3.2552946449E+01  4.0407485736E-84  5.3622502979E-22  2.4777361403E-10  3.5820584511E-06  3.3159583967E-04  4.1499613984E-03  2.0069907203E-02  5.8268374158E-02  1.2549727639E-01  2.2423060066E-01
  3.2605876443E+01  2.5183250824E-87  8.3429208358E-23  1.0706589409E-10  2.2162776150E-06  2.4231271939E-04  3.3194666645E-03  1.6953001579E-02  5.0992057446E-02  1.1252276043E-01  2.0457379666E-01
  3.2658806437E+01  1.3648272244E-90  1.2538954649E-23  4.5566310924E-11  1.3597166716E-06  1.7613263694E-04  2.6456214234E-03  1.4283212569E-02  4.4538561727E-02  1.0074065706E-01  1.8642323490E-01
  3.2711736432E+01  6.4321188770E-94  1.8204127163E-24  1.9099798074E-11  8.2718241784E-07  1.2734913730E-04  2.1009644673E-03  1.2002732246E-02  3.8826751041E-02  9.0058569177E-02  1.6968478389E-01
  3.2764666426E+01  2.6359417722E-97  2.5529199198E-25  7.8849985504E-12  4.9897502850E-07  9.1588499106E-05  1.6624092888E-03  1.0060191026E-02  3.3781925639E-02  8.0389397220E-02  1.5426824770E-01
  3.2817596420E+01  9.3932971205-101  3.4582558601E-26  3.2059616733E-12  2.9845385521E-07  6.5519566709E-05  1.3106362936E-03  8.4101027113E-03  2.9335507239E-02  7.1651227457E-02  1.4008737172E-01
  3.2870526414E+01  2.9106915533-104  4.5250537328E-27  1.2837929936E-12  1.7700797478E-07  4.6621125453E-05  1.0295519580E-03  7.0123326021E-03  2.5424715081E-02  6.3767201724E-02  1.2705983109E-01
  3.2923456409E+01  7.8427036202-108  5.7191491274E-28  5.0629997074E-13  1.0409318323E-07  3.2996875255E-05  8.0581095729E-04  5.8315917813E-03  2.1992236678E-02  5.6665370942E-02  1.1510720317E-01
  3.2976386403E+01  1.8374805119-111  6.9819188953E-29  1.9664976794E-13  6.0696308104E-08  2.3229400299E-05  6.2839681188E-04  4.8369598491E-03  1.8985896810E-02  5.0278534848E-02  1.0415492523E-01
  3.3029316397E+01  3.7433723876-115  8.2328227335E-30  7.5222568453E-14  3.5092123537E-08  1.6265792462E-05  4.8825631617E-04  4.0014376482E-03  1.6358327937E-02  4.4544070210E-02  9.4132238538E-02
  3.3082246391E+01  6.6310590516-119  9.3766658854E-31  2.8337970483E-14  2.0116916262E-08  1.1328738362E-05  3.7798289519E-04  3.3015308495E-03  1.4066644864E-02  3.9403749752E-02  8.4972120203E-02
  3.3135176385E+01  1.0213597216-122  1.0314998782E-31  1.0513613331E-14  1.1434434157E-08  7.8479119167E-06  2.9154405300E-04  2.7168646952E-03  1.2072126082E-02  3.4803553879E-02  7.6611203929E-02
  3.3188106380E+01  1.3678771320-126  1.0959898897E-32  3.8414470636E-15  6.4441658452E-09  5.4074214347E-06  2.2404820218E-04  2.2298296933E-03  1.0339903907E-02  3.0693477186E-02  6.8989691030E-02
  3.3241036374E+01  1.5928860140-130  1.1247507935E-33  1.3822746249E-15  3.6009315512E-09  3.7058447324E-06  1.7154637206E-04  1.8252576417E-03  8.8386651478E-03  2.7027331584E-02  6.2051252854E-02
  3.3293966368E+01  1.6128293565-134  1.1148448188E-34  4.8983249099E-16  1.9950630516E-09  2.5260538320E-06  1.3086456191E-04  1.4901270158E-03  7.5403637459E-03  2.3762547749E-02  5.5742925842E-02
  3.3346896362E+01  1.4198918010-138  1.0672766846E-35  1.7094320913E-16  1.0959470366E-09  1.7125921110E-06  9.9462814080E-05  1.2132964816E-03  6.4199464909E-03  2.0859976463E-02  5.0015000381E-02
  3.3399826357E+01  1.0868818158-142  9.8682564323E-37  5.8749538808E-17  5.9691345327E-10  1.1548322364E-06  7.5317414145E-05  9.8526509080E-04  5.4550926623E-03  1.8283691232E-02  4.4820904556E-02
  3.3452756351E+01  7.2338064469-147  8.8125401242E-38  1.9883958125E-17  3.2234415370E-10  7.7452463024E-07  5.6822967211E-05  7.9795756265E-04  4.6259681651E-03  1.6000793472E-02  4.0117083868E-02
  3.3505686345E+01  4.1860682100-151  7.6007368104E-39  6.6274200411E-18  1.7258884324E-10  5.1665517111E-07  4.2711439783E-05  6.4453296366E-04  3.9149945055E-03  1.3981221346E-02  3.5862877933E-02
  3.3558616339E+01  2.1061924165-155  6.3314176721E-40  2.1753393853E-18  9.1619532196E-11  3.4277840858E-07  3.1985587123E-05  5.1921504285E-04  3.3066327395E-03  1.2197563247E-02  3.2020395092E-02
  3.3611546333E+01  9.2138193087-160  5.0937054952E-41  7.0315017062E-19  4.8221850892E-11  2.2618888501E-07  2.3864499787E-05  4.1714246807E-04  2.7871823435E-03  1.0624876739E-02  2.8554385842E-02
  3.3664476328E+01  3.5045229694-164  3.9577772231E-42  2.2382336921E-19  2.5163916334E-11  1.4844728266E-07  1.7739296062E-05  3.3423722787E-04  2.3445947989E-03  9.2405136588E-03  2.5432115884E-02
  3.3717406322E+01  1.1589467072-168  2.9699605263E-43  7.0161176366E-20  1.3019350186E-11  9.6897946245E-08  1.3137256219E-05  2.6708950893E-04  1.9683015475E-03  8.0239519424E-03  2.2623239562E-02
  3.3770336316E+01  3.3322778376-173  2.1524304192E-44  2.1658095540E-20  6.6784447871E-12  6.2906630498E-08  9.6929386222E-06  2.1285742516E-04  1.6490558631E-03  6.9566346301E-03  2.0099674372E-02
  3.3823266310E+01  8.3302887842-178  1.5065518475E-45  6.5837537926E-21  3.3965235254E-12  4.0617769739E-08  7.1250362442E-06  1.6918005633E-04  1.3787880935E-03  6.0218163799E-03  1.7835477162E-02
  3.3876196305E+01  1.8105813012-182  1.0183875335E-46  1.9708556465E-21  1.7126378249E-12  2.6083859385E-08  5.2179256622E-06  1.3410234736E-04  1.1504736593E-03  5.2044177280E-03  1.5806722580E-02
  3.3929126299E+01  3.4214737030-187  6.6483475169E-48  5.8098113693E-22  8.5618274899E-13  1.6659506865E-08  3.8070301407E-06  1.0601051934E-04  9.5801314055E-04  4.4908872364E-03  1.3991384265E-02
  3.3982056293E+01  5.6213902279-192  4.1916374267E-49  1.6865272014E-22  4.2436145205E-13  1.0582429671E-08  2.7672655322E-06  8.3576748344E-05  7.9612374965E-04  3.8690715838E-03  1.2369219199E-02
  3.4034986287E+01  8.0298573746-197  2.5522362364E-50  4.8211089325E-23  2.0853186156E-13  6.6855954655E-09  2.0039642242E-06  6.5711973062E-05  6.6024146401E-04  3.3280935821E-03  1.0921655601E-02
  3.4087916281E+01  9.9724938545-202  1.5008009238E-51  1.3571287199E-23  1.0159551380E-13  4.2007303171E-09  1.4457801999E-06  5.1525797281E-05  5.4643308665E-04  2.8582380340E-03  9.6316846685E-03
  3.4140846276E+01  1.0767872674-206  8.5229185826E-53  3.7619577776E-24  4.9072805215E-14  2.6250531924E-09  1.0391694507E-06  4.0292554579E-05  4.5131750273E-04  2.4508452903E-03  8.4837564258E-03
  3.4193776270E+01  1.0108451474-211  4.6742795339E-54  1.0268899319E-24  2.3500123929E-14  1.6314683770E-09  7.4411646194E-07  3.1422699970E-05  3.7199541263E-04  2.0982123174E-03  7.4636798814E-03
  3.4246706264E+01  8.2502362544-217  2.4757126926E-55  2.7602559120E-25  1.1157349784E-14  1.0084285844E-09  5.3084116355E-07  2.4438785145E-05  3.0598684065E-04  1.7935010441E-03  6.5585276643E-03
  3.4299636258E+01  5.8542825314-222  1.2663193151E-56  7.3061517910E-26  5.2518501784E-15  6.1992093551E-10  3.7727336572E-07  1.8955359825E-05  2.5117574422E-04  1.5306537249E-03  5.7565452490E-03
  3.4352566253E+01  3.6116450416-227  6.2552103302E-58  1.9043219800E-26  2.4508841726E-15  3.7901020400E-10  2.6712488639E-07  1.4662221106E-05  2.0576107817E-04  1.3043150293E-03  5.0470648510E-03
  3.4405496247E+01  1.9371316280-232  2.9839712869E-59  4.8876817089E-27  1.1339430881E-15  2.3045586230E-10  1.8842478211E-07  1.1310505332E-05  1.6821370258E-04  1.1097605508E-03  4.4204240351E-03
  3.4458426241E+01  9.0330525368-238  1.3746742550E-60  1.2353068201E-27  5.2013563641E-16  1.3936243605E-10  1.3241159736E-07  8.7011830048E-06  1.3723855895E-04  9.4283141192E-04  3.8678890485E-03
  3.4511356235E+01  3.6620979797-243  6.1158363472E-62  3.0743600391E-28  2.3653627099E-16  8.3815376411E-11  9.2699477239E-08  6.6755766032E-06  1.1174157738E-04  7.9987463721E-04  3.3815828641E-03
  3.4564286230E+01  1.2907559348-248  2.6276125404E-63  7.5342702451E-29  1.0664330654E-16  5.0132642551E-11  6.4653318984E-08  5.1075742380E-06  9.0800815969E-05  6.7768896108E-04  2.9544178944E-03
  3.4617216224E+01  3.9552670920-254  1.0902215966E-64  1.8181633218E-29  4.7667584657E-17  2.9821905023E-11  4.4922699314E-08  3.8972591542E-06  7.3641372534E-05  5.7347574057E-04  2.5800333192E-03
  3.4670146218E+01  1.0537165966-259  4.3683240065E-66  4.3204452759E-30  2.1123475571E-17  1.7642781388E-11  3.1095813538E-08  2.9657165519E-06  5.9613647164E-05  4.8479464708E-04  2.2527369512E-03
  3.4723076212E+01  2.4405459278-265  1.6902859638E-67  1.0109432161E-30  9.2802423870E-18  1.0380413386E-11  2.1443688050E-08  2.2508155300E-06  4.8174571233E-05  4.0952382069E-04  1.9674515539E-03
  3.4776006206E+01  4.9143285096-271  6.3161076783E-69  2.3293052527E-31  4.0420718503E-18  6.0740349636E-12  1.4731971151E-08  1.7037955631E-06  3.8871454892E-05  3.4582418210E-04  1.7196655157E-03
  3.4828936201E+01  8.6030872546-277  2.2791957592E-70  5.2847716173E-32  1.7454145275E-18  3.5347138610E-12  1.0083071971E-08  1.2865142827E-06  3.1328139473E-05  2.9210761124E-04  1.5053877772E-03
  3.4881866195E+01  1.3093518143-282  7.9424648351E-72  1.1806604913E-32  7.4720900761E-19  2.0457162907E-12  6.8756333573E-09  9.6923687868E-07  2.5233174153E-05  2.4700871798E-04  1.3211069064E-03
  3.4934796189E+01  1.7324840107-288  2.6728180231E-73  2.5972973380E-33  3.1712735402E-19  1.1774765544E-12  4.6715593727E-09  7.2886760825E-07  2.0329767255E-05  2.0935994828E-04  1.1637542170E-03
  3.4987726183E+01  1.9929296567-294  8.6860592424E-75  5.6261980576E-34  1.3343587438E-19  6.7403459021E-13  3.1632864074E-09  5.4754109506E-07  1.6407291699E-05  1.7816978852E-04  1.0306708245E-03
  3.5040656178E+01  1.9930747473-300  2.7259282081E-76  1.2000627893E-34  5.5661935975E-20  3.8376189796E-13  2.1358605185E-09  4.1150570331E-07  1.3294151474E-05  1.5260385141E-04  9.1957853973E-04
  3.5093586172E+01  1.7328586561-306  8.2612018259E-78  2.5205043908E-35  2.3019302512E-20  2.1736177635E-13  1.4397986379E-09  3.1024363768E-07  1.0851841468E-05  1.3196864856E-04  8.2855450867E-04
  3.5146516166E+01  1.3098142515-312  2.4177324446E-79  5.2127205888E-36  9.4381650391E-21  1.2256240278E-13  9.7177495694E-10  2.3578286697E-07  8.9700568681E-06  1.1569787691E-04  7.5600951036E-04
  3.5199446160E+01  8.6072164293-319  6.8329534320E-81  1.0615346893E-36  3.8374008852E-21  6.8965027450E-14  6.6097020105E-10  1.8216479628E-07  7.5627305913E-06  1.0334106942E-04  7.0066983870E-04
  3.5252376154E+01  0.0000000000E+00  1.8648459422E-82  2.1286458671E-37  1.5493678672E-21  3.9035401909E-14  4.5951617864E-10  1.4503908773E-07  6.5648981170E-06  9.4554483803E-05  6.6156270291E-04
  3.5305306149E+01  0.0000000000E+00  4.9148566682E-84  4.2051986426E-38  6.2696863704E-22  2.2795089405E-14  3.3591191409E-10  1.2136339581E-07  5.9303087739E-06  8.9094126869E-05  6.3800509405E-04
  3.5358236143E+01  0.0000000000E+00  1.2510222478E-85  8.2974192447E-39  2.6921180973E-22  1.4739070054E-14  2.7062048322E-10  1.0919126561E-07  5.6297212465E-06  8.6810836382E-05  6.2959607831E-04
  3.5411166137E+01  0.0000000000E+00  3.7344836304E-87  2.2384539299E-39  1.5976589135E-22  1.2105406053E-14  2.5330834365E-10  1.0753624279E-07  5.6498390034E-06  8.7647366572E-05  6.3621249130E-04
  3.5464096131E+01  0.0000000000E+00  2.7207563577E-86  3.8414515769E-39  2.0082760342E-22  1.3997132897E-14  2.8138603625E-10  1.1630455656E-07  5.9928587603E-06  9.1637448258E-05  6.5800802221E-04
  3.5517026126E+01  0.0000000000E+00  1.0769850041E-84  1.8427236139E-38  4.2996935238E-22  2.1099798287E-14  3.5967060947E-10  1.3629273894E-07  6.6766222166E-06  9.8906819271E-05  6.9541569096E-04
  3.5569956120E+01  0.0000000000E+00  4.1279737594E-83  9.3732591632E-38  1.0529281615E-21  3.5913234412E-14  5.0113301602E-10  1.6925041127E-07  7.7353784031E-06  1.0967624595E-04  7.4915373621E-04
  3.5622886114E+01  1.0992960620-320  1.5279476195E-81  4.7080456190E-37  2.6195474822E-21  6.3570128030E-14  7.2883357608E-10  2.1801237398E-07  9.2211812985E-06  1.2426658155E-04  8.2023494634E-04
  3.5675816108E+01  1.7356929355-314  5.4616623304E-80  2.3289182379E-36  6.4857355581E-21  1.1348877306E-13  1.0793007739E-09  2.8670825307E-07  1.1205965182E-05  1.4310593276E-04  9.0997947952E-04
  3.5728746102E+01  2.3819573230-308  1.8853299262E-78  1.1344660341E-35  1.5929703376E-20  2.0235050230E-13  1.6077897639E-09  3.8106246917E-07  1.3784358750E-05  1.6673903064E-04  1.0200312320E-03
  3.5781676097E+01  2.8418687459-302  6.2848852453E-77  5.4419263180E-35  3.8793652964E-20  3.5926813078E-13  2.3960863070E-09  5.0880239721E-07  1.7077318576E-05  1.9583892800E-04  1.1523778265E-03
  3.5834606091E+01  2.9477044270-296  2.0232810345E-75  2.5706291164E-34  9.3667063105E-20  6.3461700624E-13  3.5638230770E-09  6.8019848562E-07  2.1236683318E-05  2.3122116996E-04  1.3093743025E-03
  3.5887536085E+01  2.6581205739-290  6.2902133948E-74  1.1957863318E-33  2.2422414024E-19  1.1149861197E-12  5.2846782835E-09  9.0876703766E-07  2.6450772383E-05  2.7386061011E-04  1.4937706018E-03
  3.5940466079E+01  2.0839016697-284  1.8885407303E-72  5.4776840620E-33  5.3216611915E-19  1.9483123414E-12  7.8093698850E-09  1.2121745789E-06  3.2951176793E-05  3.2491106909E-04  1.7087429483E-03
  3.5993396074E+01  1.4203408545-278  5.4757132358E-71  2.4709928096E-32  1.2522246843E-18  3.3858646630E-12  1.1498092277E-08  1.6133925325E-06  4.1020915991E-05  3.8572805697E-04  1.9579292288E-03
  3.6046326068E+01  8.4163112393-273  1.5332395582E-69  1.0976882304E-31  2.9213822832E-18  5.8519435995E-12  1.6866031203E-08  2.1421626194E-06  5.1004162380E-05  4.5789480431E-04  2.2454684837E-03
  3.6099256062E+01  4.3357668687-267  4.1460639282E-68  4.8019929370E-31  6.7571965187E-18  1.0058887278E-11  2.4646920916E-08  2.8368473474E-06  6.3317765794E-05  5.4325186980E-04  2.5760446196E-03
  3.6152186056E+01  1.9418965681-261  1.0827305165E-66  2.0687166592E-30  1.5495931608E-17  1.7195682285E-11  3.5881384076E-08  3.7467565576E-06  7.8464842831E-05  6.4393061364E-04  2.9549344510E-03
  3.6205116051E+01  7.5614215420-256  2.7306433565E-65  8.7764632451E-30  3.5232445368E-17  2.9235406340E-11  5.2039159111E-08  4.9350606889E-06  9.7050731187E-05  7.6239084601E-04  3.3880601769E-03
  3.6258046045E+01  2.5597595769-250  6.6507664354E-64  3.6667321584E-29  7.9422367388E-17  4.9433318907E-11  7.5187450112E-08  6.4824246913E-06  1.1980164678E-04  9.0146297789E-04  3.8820463864E-03
  3.6310976039E+01  7.5338071605-245  1.5643808437E-62  1.5086277612E-28  1.7750836422E-16  8.3128896086E-11  1.0822175689E-07  8.4915238792E-06  1.4758642154E-04  1.0643950171E-03  4.4442816797E-03
  3.6363906033E+01  1.9277498954-239  3.5536889298E-61  6.1126628686E-28  3.9334333448E-16  1.3902937948E-10  1.5518094242E-07  1.1092635042E-05  1.8144174192E-04  1.2549047652E-03  5.0829849694E-03
  3.6416836027E+01  4.2885359563-234  7.7962290837E-60  2.4390823453E-27  8.6417718067E-16  2.3125132095E-10  2.2167532787E-07  1.4450533390E-05  2.2260135268E-04  1.4772375798E-03  5.8072765135E-03
  3.6469766022E+01  8.2945143236-229  1.6518106524E-58  9.5845654801E-27  1.8824042121E-15  3.8254778009E-10  3.1546571362E-07  1.8772969040E-05  2.7252973612E-04  1.7362300725E-03  6.6272537007E-03
  3.6522696016E+01  1.3947546364-223  3.3799380670E-57  3.7091181506E-26  4.0653988336E-15  6.2937828777E-10  4.4724295298E-07  2.4321046360E-05  3.3296082434E-04  2.0373801120E-03  7.5540715848E-03
  3.6575626010E+01  2.0390650072-218  6.6793231226E-56  1.4135902929E-25  8.7051191708E-15  1.0298245376E-09  6.3167271860E-07  3.1421886170E-05  4.0594234940E-04  2.3869234983E-03  8.6000281282E-03
  3.6628556004E+01  2.5917448719-213  1.2747761339E-54  5.3055878965E-25  1.8481137860E-14  1.6758723956E-09  8.8878920476E-07  4.0484015200E-05  4.9388648391E-04  2.7919176599E-03  9.7786540760E-03
  3.6681485999E+01  2.8640652709-208  2.3497182710E-53  1.9611148245E-24  3.8901493251E-14  2.7123500646E-09  1.2458456693E-06  5.2015999753E-05  5.9962747063E-04  3.2603327116E-03  1.1104807340E-02
  3.6734415993E+01  2.7517228430-203  4.1829321606E-52  7.1389544174E-24  8.1187393551E-14  4.3659472709E-09  1.7397600842E-06  6.6648921753E-05  7.2648698346E-04  3.8011501804E-03  1.2594771723E-02
  3.6787345987E+01  2.2985781357-198  7.1917054038E-51  2.5593569116E-23  1.6799520819E-13  6.9894030232E-09  2.4203320858E-06  8.5163385467E-05  8.7834800288E-04  4.4244696739E-03  1.4266359754E-02
  3.6840275981E+01  1.6693538869-193  1.1941860999E-49  9.0363780678E-23  3.4466119747E-13  1.1128367431E-08  3.3544544673E-06  1.0852184240E-04  1.0597380236E-03  5.1416237233E-03  1.6139019359E-02
  3.6893205975E+01  1.0540808816-188  1.9151568289E-48  3.1421572463E-22  7.0109417103E-13  1.7621933498E-08  4.6316004426E-06  1.3790713001E-04  1.2759224408E-03  5.9653009758E-03  1.8233944021E-02
  3.6946135970E+01  5.7867902085-184  2.9664168847E-47  1.0760542484E-21  1.4140021759E-12  2.7752836004E-08  6.3709388848E-06  1.7476823643E-04  1.5330089815E-03  6.9096778493E-03  2.0574185998E-02
  3.6999065964E+01  2.7621152064-179  4.4377107432E-46  3.6292421771E-21  2.8275798600E-12  4.3470426671E-08  8.7305159971E-06  2.2087442809E-04  1.8380640556E-03  7.9905586844E-03  2.3184772143E-02
  3.7051995958E+01  1.1462732053-174  6.4119242426E-45  1.2055247308E-20  5.6062455691E-12  6.7719571684E-08  1.1919045926E-05  2.7837900780E-04  2.1992418973E-03  9.2255243414E-03  2.6092821735E-02
  3.7104925952E+01  4.1359847600-170  8.9479624473E-44  3.9438247697E-20  1.1021055236E-11  1.0492267294E-07  1.6210977398E-05  3.4989410710E-04  2.6259273496E-03  1.0634089089E-02  2.9327665691E-02
  3.7157855947E+01  1.2975269346-165  1.2060637892E-42  1.2707010464E-19  2.1481741662E-11  1.6168154290E-07  2.1965651408E-05  4.3857805505E-04  3.1288931040E-03  1.2237865521E-02  3.2920966444E-02
  3.7210785941E+01  3.5391813507-161  1.5701130744E-41  4.0323339943E-19  4.1515713819E-11  2.4779278038E-07  2.9651539247E-05  5.4823700400E-04  3.7204721526E-03  1.4060737105E-02  3.6906837662E-02
  3.7263715935E+01  8.3934528397-157  1.9742878963E-40  1.2602596838E-18  7.9552482956E-11  3.7770709650E-07  3.9876753602E-05  6.8344262712E-04  4.4147461265E-03  1.6129037838E-02  4.1321962927E-02
  3.7316645929E+01  1.7307423503-152  2.3978031686E-39  3.8793341928E-18  1.5114532506E-10  5.7261294238E-07  5.3427260776E-05  8.4966782877E-04  5.2277500880E-03  1.8471738327E-02  4.6205712402E-02
  3.7369575924E+01  3.1029926928-148  2.8128391090E-38  1.1761187803E-17  2.8473249396E-10  8.6339188851E-07  7.1314491622E-05  1.0534425209E-03  6.1776942074E-03  2.1120637451E-02  5.1600256407E-02
  3.7422505918E+01  4.8371372156-144  3.1872023204E-37  3.5119256785E-17  5.3184160301E-10  1.2947826504E-06  9.4834354171E-05  1.3025316117E-03  7.2852025913E-03  2.4110558591E-02  5.7550674785E-02
  3.7475435912E+01  6.5562916756-140  3.4882939408E-36  1.0328635716E-16  9.8499089991E-10  1.9312088447E-06  1.2563999305E-04  1.6061374195E-03  8.5735693254E-03  2.7479549231E-02  6.4105060814E-02
  3.7528365906E+01  7.7266874635-136  3.6877443399E-35  2.9919033406E-16  1.8087914278E-09  2.8648803219E-06  1.6583101912E-04  1.9751287548E-03  1.0069031566E-02  3.1269082535E-02  7.1314618385E-02
  3.7581295900E+01  7.9176592052-132  3.7658126110E-34  8.5361615661E-16  3.2934638628E-09  4.2269787010E-06  2.1806234534E-04  2.4222989050E-03  1.1801059238E-02  3.5524259323E-02  7.9233751070E-02
  3.7634225895E+01  7.0545928345-128  3.7146077088E-33  2.3987873751E-15  5.9460325771E-09  6.2029957171E-06  2.8567620744E-04  2.9626546900E-03  1.3802660596E-02  4.0294008652E-02  8.7920141670E-02
  3.7687155889E+01  5.4654038919-124  3.5394033446E-32  6.6395494654E-15  1.0644212250E-08  9.0536212161E-06  3.7286141438E-04  3.6137386336E-03  1.6110702553E-02  4.5631285017E-02  9.7434820752E-02
  3.7740085883E+01  3.6817252395-120  3.2577432151E-31  1.8101182370E-14  1.8893550480E-08  1.3142990918E-05  4.8484435331E-04  4.3959860958E-03  1.8766244313E-02  5.1593259972E-02  1.0784222266E-01
  3.7793015877E+01  2.1565678149-116  2.8965466597E-30  4.8607197864E-14  3.3252894629E-08  1.8976618907E-05  6.2811675522E-04  5.3331189310E-03  2.1814882406E-02  5.8241505787E-02  1.1921022749E-01
  3.7845945872E+01  1.0984025175-112  2.4878756601E-29  1.2856520674E-13  5.8031425983E-08  2.7251973919E-05  8.1070569208E-04  6.4525768658E-03  2.5307104799E-02  6.5642168558E-02  1.3161018734E-01
  3.7898875866E+01  4.8646411541-109  2.0642830634E-28  3.3494966858E-13  1.0041927734E-07  3.8925430313E-05  1.0424917042E-03  7.7859873111E-03  2.9298651274E-02  7.3866128007E-02  1.4511693550E-01
  3.7951805860E+01  1.8734212791-105  1.6546671954E-27  8.5955364184E-13  1.7230315679E-07  5.5300252119E-05  1.3355813206E-03  9.3696737400E-03  3.3850876739E-02  8.2989141058E-02  1.5980877680E-01
  3.8004735854E+01  6.2736478703-102  1.2813321728E-26  2.1727409325E-12  2.9315275557E-07  7.8141368209E-05  1.7047405067E-03  1.1245202057E-02  3.9031113656E-02  9.3091966118E-02  1.7576745771E-01
  3.8057665848E+01  1.8268792401E-98  9.5858753206E-26  5.4098937361E-12  4.9456311906E-07  1.0982398121E-04  2.1678957130E-03  1.3459963557E-02  4.4913029212E-02  1.0426046487E-01  1.9307811475E-01
  3.8110595843E+01  4.6260443824E-95  6.9283622860E-25  1.3268436598E-11  8.2733035167E-07  1.5352452936E-04  2.7467091725E-03  1.6067792121E-02  5.1576972341E-02  1.1658567832E-01  2.1182919979E-01
  3.8163525837E+01  1.0186513001E-91  4.8380291968E-24  3.2055718653E-11  1.3723606382E-06  2.1346418719E-04  3.4672348514E-03  1.9129612218E-02  5.9110305161E-02  1.3016387375E-01  2.3211238092E-01
  3.8216455831E+01  1.9505763465E-88  3.2640464013E-23  7.6287021381E-11  2.2573156694E-06  2.9521693413E-04  4.3606609575E-03  2.2714113070E-02  6.7607712924E-02  1.4509655924E-01  2.5402241775E-01
  3.8269385825E+01  3.2480914015E-85  2.1276762174E-22  1.7883805128E-10  3.6817464406E-06  4.0609620951E-04  5.4641440981E-03  2.6898443058E-02  7.7171486050E-02  1.6149046241E-01  2.7765701005E-01
  3.8322315820E+01  4.7035742768E-82  1.3400720985E-21  4.1298874190E-10  5.9546452637E-06  5.5563625801E-04  6.8217390137E-03  3.1768916987E-02  8.7911767420E-02  1.7945747014E-01  3.0311661896E-01
  3.8375245814E+01  5.9233754026E-79  8.1552422541E-21  9.3948647039E-10  9.5499561369E-06  7.5618637678E-04  8.4854262370E-03  3.7421727380E-02  9.9946757725E-02  1.9911452609E-01  3.3050425984E-01
  3.8428175808E+01  6.4872323319E-76  4.7956222904E-20  2.1053390473E-09  1.5187751289E-05  1.0236382994E-03  1.0516238009E-02  4.3963649386E-02  1.1340287136E-01  2.2058348311E-01  3.5992526656E-01
  3.8481105802E+01  6.1788340864E-73  2.7249999233E-19  4.6476998837E-09  2.3951652626E-05  1.3783087577E-03  1.2985480283E-02  5.1512727321E-02  1.2841483514E-01  2.4399090776E-01  3.9148702664E-01
  3.8534035796E+01  5.1182203334E-70  1.4962914031E-18  1.0107508269E-08  3.7456814274E-05  1.8460006757E-03  1.5976045632E-02  6.0198929280E-02  1.4512572199E-01  2.6946783439E-01  4.2529868748E-01
  3.8586965791E+01  3.6872776306E-67  7.9397993241E-18  2.1654381645E-08  5.8087559405E-05  2.4592672669E-03  1.9583808368E-02  7.0164754738E-02  1.6368691188E-01  2.9714946690E-01  4.6147083375E-01
  3.8639895785E+01  2.3103448302E-64  4.0715785174E-17  4.5703447532E-08  8.9329750464E-05  3.2589032755E-03  2.3919089130E-02  8.1565778595E-02  1.8425797209E-01  3.2717482615E-01  5.0011513641E-01
  3.8692825779E+01  1.2590479275E-61  2.0178698431E-16  9.5029767714E-08  1.3623031149E-04  4.2956864599E-03  2.9108171723E-02  9.4571113860E-02  2.0700644976E-01  3.5968634209E-01  5.4134397438E-01
  3.8745755773E+01  5.9677876323E-59  9.6653701222E-16  1.9466333367E-07  2.0602510545E-04  5.6323898490E-03  3.5294850023E-02  1.0936377404E-01  2.3210756939E-01  3.9482938956E-01  5.8527002970E-01
  3.8798685768E+01  2.4603794487E-56  4.4746356088E-15  3.9285194326E-07  3.0898659619E-04  7.3460810179E-03  4.2641977555E-02  1.2614091549E-01  2.5974382915E-01  4.3275176787E-01  6.3200585778E-01
  3.8851615762E+01  8.8231035872E-54  2.0023060694E-14  7.8108920798E-07  4.5955424940E-04  9.5307183017E-03  5.1332986809E-02  1.4511393933E-01  2.9010449037E-01  4.7360312444E-01  6.8166343436E-01
  3.8904545756E+01  2.7522328643E-51  8.6607911508E-14  1.5300525112E-06  6.7782310574E-04  1.2300045232E-02  6.1573339840E-02  1.6650843264E-01  3.2338495555E-01  5.1753432379E-01  7.3435368136E-01
  3.8957475750E+01  7.4680735182E-49  3.6212680297E-13  2.9529307964E-06  9.9147878390E-04  1.5790773301E-02  7.3591866226E-02  1.9056392852E-01  3.5978603129E-01  5.6469676345E-01  7.9018597389E-01
  3.9010405745E+01  1.7628200256E-46  1.4637350730E-12  5.6149902882E-06  1.4382794065E-03  2.0166029298E-02  8.7641939289E-02  2.1753346563E-01  3.9951307410E-01  6.1524163977E-01  8.4926763111E-01
  3.9063335739E+01  3.6199380986E-44  5.7198776242E-12  1.0519654084E-05  2.0691952669E-03  2.5619026850E-02  1.0400243689E-01  2.4768292901E-01  4.4277501811E-01  6.6931916659E-01  9.1170339405E-01
  3.9116265733E+01  6.4670687638E-42  2.1610173976E-11  1.9418643008E-05  2.9523237268E-03  3.2376902648E-02  1.2297842932E-01  2.8129015570E-01  4.8978328577E-01  7.2707775111E-01  9.7759489354E-01
  3.9169195727E+01  1.0051899950E-39  7.8941064703E-11  3.5319122967E-05  4.1776976771E-03  4.0704636265E-02  1.4490153397E-01  3.1864379116E-01  5.4075058386E-01  7.8866313184E-01  1.0470401118E+00
  3.9222125721E+01  1.3593972109E-37  2.7883542089E-10  6.3297072423E-05  5.8630983459E-03  5.0908949225E-02  1.7012987525E-01  3.6004188544E-01  5.9588958957E-01  8.5421748425E-01  1.1201328418E+00
  3.9275055716E+01  1.5996597128E-35  9.5240434991E-10  1.1177625073E-04  8.1609644373E-03  6.3342054540E-02  1.9904758823E-01  4.0579022170E-01  6.5541153294E-01  9.2387850055E-01  1.1969621476E+00
  3.9327985710E+01  1.6380227263E-33  3.1459562507E-09  1.9449913387E-04  1.1266456569E-02  7.8405103476E-02  2.3206380677E-01  4.5620037367E-01  7.1952468419E-01  9.9777845085E-01  1.2776118310E+00
  3.9380915704E+01  1.4596688552E-31  1.0050149203E-08  3.3350210787E-04  1.5426685930E-02  9.6551152957E-02  2.6961108101E-01  5.1158749357E-01  7.8843275644E-01  1.0760432334E+00  1.3621599082E+00
  3.9433845698E+01  1.1320490976E-29  3.1053657986E-08  5.6351232837E-04  2.0951046701E-02  1.1828745621E-01  3.1214317551E-01  5.7226783694E-01  8.6233323659E-01  1.1587914223E+00  1.4506781003E+00
  3.9486775693E+01  7.6417173636E-28  9.2812538674E-08  9.3830489645E-04  2.8222501643E-02  1.4417686263E-01  3.6013220840E-01  6.3855603667E-01  9.4141565882E-01  1.2461333219E+00  1.5432313440E+00
  3.9539705687E+01  4.4902884011E-26  2.6834204014E-07  1.5396881502E-03  3.7709559520E-02  1.7483810217E-01  4.1406510300E-01  7.1076214418E-01  1.0258598374E+00  1.3381700374E+00  1.6398773249E+00
  3.9592635681E+01  2.2970107771E-24  7.5057640042E-07  2.4899065803E-03  4.9978553486E-02  2.1094472654E-01  4.7443933716E-01  7.8918846195E-01  1.1158340774E+00  1.4349925702E+00  1.7406660396E+00
  3.9645565675E+01  1.0230842735E-22  2.0312464281E-06  3.9683408535E-03  6.5705685753E-02  2.5322248575E-01  5.4175799164E-01  8.7412619774E-01  1.2114933829E+00  1.5366809505E+00  1.8456393900E+00
  3.9698495669E+01  3.9680810008E-21  5.3190095722E-06  6.2334083430E-03  8.5688152730E-02  3.0244493599E-01  6.1652411674E-01  9.6585197696E-01  1.3129776847E+00  1.6433034148E+00  1.9548308144E+00
  3.9751425664E+01  1.3404170705E-19  1.3478448982E-05  9.6504814552E-03  1.1085351653E-01  3.5942710388E-01  6.9923445603E-01  1.0646242555E+00  1.4204101101E+00  1.7549156396E+00  2.0682649602E+00
  3.9804355658E+01  3.9442931009E-18  3.3054631638E-05  1.4726393919E-02  1.4226635598E-01  4.2501707457E-01  7.9037258710E-01  1.1706796806E+00  1.5338953182E+00  1.8715600419E+00  2.1859574006E+00
  3.9857285652E+01  1.0112524597E-16  7.8460685990E-05  2.2150644865E-02  1.8113112829E-01  5.0008542607E-01  8.9040156064E-01  1.2842294534E+00  1.6535179251E+00  1.9932651549E+00  2.3079144002E+00
  3.9910215646E+01  2.2595230864E-15  1.8027910593E-04  3.2842692732E-02  2.2879011814E-01  5.8551249969E-01  9.9975614081E-01  1.4054557486E+00  1.7793410429E+00  2.1200450890E+00  2.4341327319E+00
  3.9963145641E+01  4.4011230412E-14  4.0101494792E-04  4.8003732300E-02  2.8671536113E-01  6.8217357559E-01  1.1188347707E+00  1.5345082530E+00  1.9114049579E+00  2.2518990877E+00  2.5645995488E+00
  4.0016075635E+01  7.4755528084E-13  8.6367115042E-04  6.9170080819E-02  3.5649351876E-01  7.9092210933E-01  1.2479914061E+00  1.6715008851E+00  2.0497259697E+00  2.3888111838E+00  2.6992923120E+00
  4.0069005629E+01  1.1077073473E-11  1.8012024101E-03  9.8263826734E-02  4.3980286546E-01  9.1257127990E-01  1.3875273784E+00  1.8165087594E+00  2.1942954159E+00  2.5307499664E+00  2.8381787780E+00
  4.0121935623E+01  1.4325455002E-10  3.6379737576E-03  1.3763484408E-01  5.3838183123E-01  1.0478741948E+00  1.5376834602E+00  1.9695654587E+00  2.3450789017E+00  2.6776684627E+00  2.9812170451E+00
  4.0174865617E+01  1.6178231958E-09  7.1170458789E-03  1.9008684308E-01  6.5398892701E-01  1.1975031926E+00  1.6986323196E+00  2.1306606781E+00  2.5020157552E+00  2.8295041398E+00  3.1283556616E+00
  4.0227795612E+01  1.5965291512E-08  1.3487995648E-02  2.5887907139E-01  7.8835435452E-01  1.3620287692E+00  1.8704715540E+00  2.2997382985E+00  2.6650187243E+00  2.9861790316E+00  3.2795337940E+00
  4.0280725606E+01  1.3778006668E-07  2.4766890739E-02  3.4769490025E-01  9.4312414987E-01  1.5418987311E+00  2.0532174936E+00  2.4766949452E+00  2.8339739302E+00  3.1475999920E+00  3.4346814567E+00
  4.0333655600E+01  1.0408046719E-06  4.4070337387E-02  4.6056912921E-01  1.1197983022E+00  1.7374182343E+00  2.2467999641E+00  2.6613790823E+00  3.0087410883E+00  3.3136590757E+00  3.5937198000E+00
  4.0386585594E+01  6.8899844151E-06  7.6006858658E-02  6.0176767447E-01  1.3196648863E+00  1.9487314067E+00  2.4510581833E+00  2.8535906827E+00  3.1891540051E+00  3.4842340472E+00  3.7565614564E+00
  4.0439515589E+01  4.0024469990E-05  1.2708045940E-01  7.7561651259E-01  1.5437328074E+00  2.1758052607E+00  2.6657379546E+00  3.0530815108E+00  3.3750213547E+00  3.6591890139E+00  3.9231109430E+00
  4.0492445583E+01  2.0436179596E-04  2.0602551991E-01  9.8628130009E-01  1.7926662264E+00  2.4184165861E+00  2.8904902952E+00  3.2595560399E+00  3.5661277359E+00  3.8383751823E+00  4.0932651149E+00
  4.0545375577E+01  9.1892822399E-04  3.2395617066E-01  1.2375047294E+00  2.0667240662E+00  2.6761424641E+00  3.1248716125E+00  3.4726730203E+00  3.7622350054E+00  4.0216317298E+00  4.2669136683E+00
  4.0598305571E+01  3.6471872249E-03  4.9418899099E-01  1.5323149171E+00  2.3657081475E+00  2.9483549646E+00  3.3683455089E+00  3.6920477010E+00  3.9630838807E+00  4.2087867864E+00  4.4439396884E+00
  4.0651235566E+01  1.2810578965E-02  7.3160040096E-01  1.8727242368E+00  2.6889234339E+00  3.2342204816E+00  3.6202862610E+00  3.9172546960E+00  4.1683957995E+00  4.3996585185E+00  4.6242202364E+00
  4.0704165560E+01  3.9939554121E-02  1.0514236262E+00  2.2594431320E+00  3.0351535522E+00  3.5327040251E+00  3.8799839801E+00  4.1478314749E+00  4.3778750197E+00  4.5940563036E+00  4.8076269725E+00
  4.0757095554E+01  1.1088817731E-01  1.4674815621E+00  2.6916366628E+00  3.4026541991E+00  3.8425786331E+00  4.1466514210E+00  4.3832824456E+00  4.5912109412E+00  4.7917819858E+00  4.9940268064E+00
  4.0810025548E+01  2.7513445517E-01  1.9899846766E+00  3.1667520334E+00  3.7891662638E+00  4.1624398953E+00  4.4194323627E+00  4.6230835850E+00  4.8080806236E+00  4.9926311996E+00  5.1832825720E+00
  4.0862955542E+01  6.1232768081E-01  2.6231735417E+00  3.6804425580E+00  4.1919495204E+00  4.4907253980E+00  4.6974114498E+00  4.8666875616E+00  5.0281514735E+00  5.1963947476E+00  5.3752537179E+00
  4.0915885537E+01  1.2270014790E+00  3.3632146816E+00  4.2266072923E+00  4.6078366406E+00  4.8257387233E+00  4.9796253375E+00  5.1135292856E+00  5.2510840709E+00  5.4028600180E+00  5.5697970080E+00
  4.0968815531E+01  2.2223204570E+00  4.1968207570E+00  4.7975562042E+00  5.0333061151E+00  5.1656774588E+00  5.2650749539E+00  5.3630318098E+00  5.4765351001E+00  5.6118124273E+00  5.7667672251E+00
  4.1021745525E+01  3.6527298592E+00  5.1010242150E+00  5.3842991210E+00  5.4645715292E+00  5.5086645217E+00  5.5527386600E+00  5.6146124995E+00  5.7041603502E+00  5.8230368696E+00  5.9660178698E+00
  4.1074675519E+01  5.4725455953E+00  6.0443734724E+00  5.9769440392E+00  5.8976836170E+00  5.8527819695E+00  5.8415860599E+00  5.8676893806E+00  5.9336177466E+00  6.0363191596E+00  6.1674018493E+00
  4.1127605514E+01  7.5118519736E+00  6.9895625675E+00  6.5651782776E+00  6.3286406820E+00  6.1961063671E+00  6.1305922007E+00  6.1216875717E+00  6.1645703750E+00  6.2514474486E+00  6.3707721471E+00
  4.1180535508E+01  9.5064912531E+00  7.8972031704E+00  7.1387960131E+00  6.7535024055E+00  6.5367447182E+00  6.4187518814E+00  6.3760457022E+00  6.3966894572E+00  6.4682136007E+00  6.5759824688E+00
  4.1233465502E+01  1.1179775098E+01  8.7301776357E+00  7.6882293989E+00  7.1685018101E+00  6.8728699435E+00  6.7050937928E+00  6.6302222168E+00  6.6296572400E+00  6.6864145088E+00  6.7828878558E+00
  4.1286395496E+01  1.2336967701E+01  9.4578486895E+00  8.2050387291E+00  7.5701502322E+00  7.2027549028E+00  6.9886942065E+00  6.8837014682E+00  6.8631697562E+00  6.9058533380E+00  6.9913452610E+00
  4.1339325490E+01  1.2920408647E+01  1.0059396003E+01  8.6823203898E+00  7.9553305770E+00  7.5248040158E+00  7.2686899470E+00  7.1359995012E+00  7.0969394200E+00  7.1263406784E+00  7.2012140823E+00
  4.1392255485E+01  1.2999040751E+01  1.0525710734E+01  9.1149993194E+00  8.3213748608E+00  7.8375816289E+00  7.5442903927E+00  7.3866694366E+00  7.3306974200E+00  7.3476955939E+00  7.4123566453E+00
  4.1445185479E+01  1.2711931862E+01  1.0859568285E+01  9.4999844470E+00  8.6661230201E+00  8.1398363992E+00  7.8147882798E+00  7.6353063687E+00  7.5641958762E+00  7.5697465538E+00  7.6246386339E+00
  4.1498115473E+01  1.2211677705E+01  1.1074143916E+01  9.8361795938E+00  8.9879611155E+00  8.4305211189E+00  8.0795691082E+00  7.8815516979E+00  7.7972097270E+00  7.7923322349E+00  7.8379294620E+00
  4.1551045467E+01  1.1638387350E+01  1.1190249269E+01  1.0124356835E+01  9.2858382880E+00  8.7088075741E+00  8.3381189856E+00  8.1250968289E+00  8.0295383212E+00  8.0153021839E+00  8.0521025841E+00
  4.1603975462E+01  1.1116669855E+01  1.1232876284E+01  1.0366912519E+01  9.5592630415E+00  8.9740962067E+00  8.5900307815E+00  8.3656861754E+00  8.2610066880E+00  8.2385173307E+00  8.2670357424E+00
  4.1656905456E+01  1.0747324708E+01  1.1227697090E+01  1.0567536453E+01  9.8082805302E+00  9.2260205344E+00  8.8350085007E+00  8.6031194236E+00  8.4914664666E+00  8.4618503470E+00  8.4826111471E+00
  4.1709835450E+01  1.0582172900E+01  1.1198084328E+01  1.0730831101E+01  1.0033433460E+01  9.4644464528E+00  9.0728698295E+00  8.8372530167E+00  8.7207964785E+00  8.6851858433E+00  8.6987155902E+00
  4.1762765444E+01  1.0602320288E+01  1.1163024026E+01  1.0861919465E+01  1.0235709890E+01  9.6894667055E+00  9.3035468445E+00  9.0680008390E+00  8.9489029330E+00  8.9084204035E+00  8.9152404923E+00
  4.1815695438E+01  1.0728692612E+01  1.1136054259E+01  1.0966077742E+01  1.0416481631E+01  9.9013909477E+00  9.5270849128E+00  9.2953340864E+00  9.1757192598E+00  9.1314624541E+00  9.1320818824E+00
  4.1868625433E+01  1.0867937678E+01  1.1125142811E+01  1.1048422563E+01  1.0577437048E+01  1.0100731938E+01  9.7436398492E+00  9.5192803254E+00  9.4012055674E+00  9.3542319721E+00  9.3491403136E+00
  4.1921555427E+01  1.0963751142E+01  1.1133267044E+01  1.1113673646E+01  1.0720511929E+01  1.0288188483E+01  9.9534734252E+00  9.7399217547E+00  9.6253477336E+00  9.5766600323E+00  9.5663207159E+00
  4.1974485421E+01  1.1017417297E+01  1.1159402761E+01  1.1166002398E+01  1.0847821694E+01  1.0464625800E+01  1.0156947354E+01  9.9573926945E+00  9.8481561367E+00  9.7986882019E+00  9.7835321906E+00
  4.2027415415E+01  1.1067778064E+01  1.1199659501E+01  1.1208966649E+01  1.0961597677E+01  1.0631054013E+01  1.0354515900E+01  1.0171876340E+01  1.0069664043E+01  1.0020267790E+01  1.0000687749E+01
  4.2080345410E+01  1.1153453006E+01  1.1248386278E+01  1.1245522533E+01  1.1064129523E+01  1.0788605442E+01  1.0546717269E+01  1.0383600829E+01  1.0289925671E+01  1.0241358959E+01  1.0217704004E+01
  4.2133275404E+01  1.1288210625E+01  1.1299171982E+01  1.1278097398E+01  1.1157715074E+01  1.0938511373E+01  1.0734163960E+01  1.0592834671E+01  1.0509013955E+01  1.0461929720E+01  1.0434500812E+01
  4.2186205398E+01  1.1460360556E+01  1.1345739803E+01  1.1308703186E+01  1.1244618412E+01  1.1082078881E+01  1.0917532264E+01  1.0799881620E+01  1.0727018037E+01  1.0681954804E+01  1.0651000888E+01
  4.2239135392E+01  1.1643711499E+01  1.1382762608E+01  1.1339068041E+01  1.1327036138E+01  1.1220668246E+01  1.1097551080E+01  1.1005075042E+01  1.0944040525E+01  1.0901414458E+01  1.0867129378E+01
  4.2292065387E+01  1.1804426361E+01  1.1406605547E+01  1.1370765019E+01  1.1407071500E+01  1.1355671390E+01  1.1274990241E+01  1.1208771871E+01  1.1160194543E+01  1.1120293146E+01  1.1082813417E+01
  4.2344995381E+01  1.1902347603E+01  1.1415952242E+01  1.1405320094E+01  1.1486715631E+01  1.1488491673E+01  1.1450648513E+01  1.1411346228E+01  1.1375600625E+01  1.1338578202E+01  1.1297981672E+01
  4.2397925375E+01  1.1896634800E+01  1.1412221486E+01  1.1444286769E+01  1.1567834953E+01  1.1620525294E+01  1.1625341447E+01  1.1613182796E+01  1.1590383484E+01  1.1556258437E+01  1.1512563876E+01
  4.2450855369E+01  1.1761530758E+01  1.1399661284E+01  1.1489280519E+01  1.1652163777E+01  1.1753144422E+01  1.1799889214E+01  1.1814670024E+01  1.1804668703E+01  1.1773322733E+01  1.1726490365E+01
  4.2503785363E+01  1.1505478790E+01  1.1385032946E+01  1.1541972593E+01  1.1741301122E+01  1.1887682121E+01  1.1975104583E+01  1.2016193273E+01  1.2018579396E+01  1.1989758630E+01  1.1939691631E+01
  4.2556715358E+01  1.1179898784E+01  1.1376868693E+01  1.1604048261E+01  1.1836710931E+01  1.2025419011E+01  1.2151781153E+01  1.2218127973E+01  1.2232232885E+01  1.2205550940E+01  1.2152097893E+01
  4.2609645352E+01  1.0868799527E+01  1.1384382726E+01  1.1677139210E+01  1.1939724978E+01  1.2167571557E+01  1.2330681954E+01  1.2420832889E+01  1.2445737428E+01  1.2420680404E+01  1.2363638692E+01
  4.2662575346E+01  1.0661877389E+01  1.1416208099E+01  1.1762742664E+01  1.2051547918E+01  1.2315281827E+01  1.2512528520E+01  1.2624643579E+01  1.2659189063E+01  1.2635122410E+01  1.2574242536E+01
  4.2715505340E+01  1.0623272531E+01  1.1479189268E+01  1.1862141008E+01  1.2173264031E+01  1.2469608473E+01  1.2697990513E+01  1.2829866136E+01  1.2872668594E+01  1.2848845797E+01  1.2783836584E+01
  4.2768435335E+01  1.0770701147E+01  1.1577462301E+01  1.1976334990E+01  1.2305845268E+01  1.2631518714E+01  1.2887675982E+01  1.3036771282E+01  1.3086238772E+01  1.3061811769E+01  1.2992346380E+01
  4.2821365329E+01  1.1074338076E+01  1.1711997714E+01  1.2106001348E+01  1.2450160177E+01  1.2801881057E+01  1.3082122320E+01  1.3245588898E+01  1.3299941712E+01  1.3273972915E+01  1.3199695661E+01
  4.2874295323E+01  1.1474136855E+01  1.1880679447E+01  1.2251482216E+01  1.2606983234E+01  1.2981458503E+01  1.3281787989E+01  1.3456503060E+01  1.3513796580E+01  1.3485272390E+01  1.3405806227E+01
  4.2927225317E+01  1.1904642855E+01  1.2078875509E+01  1.2412809517E+01  1.2777003952E+01  1.3170902014E+01  1.3487045072E+01  1.3669647645E+01  1.3727797590E+01  1.3695643237E+01  1.3610597883E+01
  4.2980155311E+01  1.2314480733E+01  1.2300353484E+01  1.2589763165E+01  1.2960835010E+01  1.3370744058E+01  1.3698172706E+01  1.3885102564E+01  1.3941912337E+01  1.3905007882E+01  1.3813988468E+01
  4.3033085306E+01  1.2673994319E+01  1.2538333773E+01  1.2781957931E+01  1.3159018478E+01  1.3581392095E+01  1.3915351462E+01  1.4102890684E+01  1.4156080499E+01  1.4113277817E+01  1.4015893963E+01
  4.3086015300E+01  1.2972750997E+01  1.2786468146E+01  1.2988950502E+01  1.3372029135E+01  1.3803121935E+01  1.4138658729E+01  1.4322975463E+01  1.4370212932E+01  1.4320353468E+01  1.4216228691E+01
  4.3138945294E+01  1.3213151382E+01  1.3039577618E+01  1.3210355973E+01  1.3600273803E+01  1.4036070970E+01  1.4368065157E+01  1.4545259363E+01  1.4584191169E+01  1.4526124271E+01  1.4414905606E+01
  4.3191875288E+01  1.3406397449E+01  1.3294064858E+01  1.3445961808E+01  1.3844085721E+01  1.4280231377E+01  1.4603432228E+01  1.4769583045E+01  1.4797867349E+01  1.4730468945E+01  1.4611836673E+01
  4.3244805283E+01  1.3573283686E+01  1.3548007375E+01  1.3695827112E+01  1.4103713128E+01  1.4535443453E+01  1.4844511013E+01  1.4995725382E+01  1.5011064571E+01  1.4933255987E+01  1.4806933342E+01
  4.3297735277E+01  1.3745306809E+01  1.3801013741E+01  1.3960355821E+01  1.4379301542E+01  1.4801389330E+01  1.5090942166E+01  1.5223404292E+01  1.5223577694E+01  1.5134344364E+01  1.5000107107E+01
  4.3350665271E+01  1.3956735767E+01  1.4053968247E+01  1.4240333941E+01  1.4670869635E+01  1.5077587405E+01  1.5342257221E+01  1.5452278396E+01  1.5435174561E+01  1.5333584427E+01  1.5191270165E+01
  4.3403595265E+01  1.4224717793E+01  1.4308792310E+01  1.4536923078E+01  1.4978279109E+01  1.5363387863E+01  1.5597881225E+01  1.5681949498E+01  1.5645597658E+01  1.5530819014E+01  1.5380336148E+01
  4.3456525259E+01  1.4531311918E+01  1.4568317953E+01  1.4851605176E+01  1.5301199574E+01  1.5657969735E+01  1.5857136754E+01  1.5911965858E+01  1.5854566188E+01  1.5725884766E+01  1.5567220945E+01
  4.3509455254E+01  1.4829610765E+01  1.4836311951E+01  1.5186076442E+01  1.5639070020E+01  1.5960339950E+01  1.6119249320E+01  1.6141826241E+01  1.6061778542E+01  1.5918613622E+01  1.5751843596E+01
  4.3562385248E+01  1.5078468077E+01  1.5117624688E+01  1.5542092033E+01  1.5991059059E+01  1.6269334850E+01  1.6383354185E+01  1.6370984705E+01  1.6266915151E+01  1.6108834491E+01  1.5934127255E+01
  4.3615315242E+01  1.5278971473E+01  1.5418380120E+01  1.5921266974E+01  1.6356026605E+01  1.6583624606E+01  1.6648504555E+01  1.6598856069E+01  1.6469641685E+01  1.6296375088E+01  1.6114000212E+01
  4.3668245236E+01  1.5476239622E+01  1.5746083507E+01  1.6324843037E+01  1.6732490033E+01  1.6901720931E+01  1.6913681114E+01  1.6824822023E+01  1.6669612575E+01  1.6481063919E+01  1.6291396970E+01
  4.3721175231E+01  1.5719939118E+01  1.6109508854E+01  1.6753435620E+01  1.7118598014E+01  1.7221988398E+01  1.7177802834E+01  1.7048237801E+01  1.6866474818E+01  1.6662732388E+01  1.6466259368E+01
  4.3774105225E+01  1.6019541127E+01  1.6518242755E+01  1.7206778628E+01  1.7512115229E+01  1.7542659568E+01  1.7439738957E+01  1.7268439357E+01  1.7059872033E+01  1.6841217020E+01  1.6638537725E+01
  4.3827035219E+01  1.6340194969E+01  1.6981807928E+01  1.7683488592E+01  1.7910420839E+01  1.7861854004E+01  1.7698322033E+01  1.7484750949E+01  1.7249448718E+01  1.7016361762E+01  1.6808192018E+01
  4.3879965213E+01  1.6648157736E+01  1.7508367369E+01  1.8180871085E+01  1.8310523108E+01  1.8177601094E+01  1.7952361851E+01  1.7696493067E+01  1.7434854669E+01  1.7188020356E+01  1.6975193059E+01
  4.3932895208E+01  1.6966597566E+01  1.8103111034E+01  1.8694792425E+01  1.8709091801E+01  1.8487866451E+01  1.8200660097E+01  1.7902990593E+01  1.7615749519E+01  1.7356058748E+01  1.7139523677E+01
  4.3985825202E+01  1.7391172116E+01  1.8766534201E+01  1.9219637256E+01  1.9102509041E+01  1.8790581491E+01  1.8442025518E+01  1.8103581108E+01  1.7791807338E+01  1.7520357509E+01  1.7301179875E+01
  4.4038755196E+01  1.8049160699E+01  1.9492903954E+01  1.9748367644E+01  1.9486938221E+01  1.9083675612E+01  1.8675289387E+01  1.8297623257E+01  1.7962721256E+01  1.7680814252E+01  1.7460171969E+01
  4.4091685190E+01  1.9030515612E+01  2.0269248045E+01  2.0272692084E+01  1.9858409422E+01  1.9365110287E+01  1.8899321014E+01  1.8484505055E+01  1.8128208051E+01  1.7837346005E+01  1.7616525676E+01
  4.4144615184E+01  2.0335417556E+01  2.1075166256E+01  2.0783343595E+01  2.0212918631E+01  1.9632914198E+01  1.9113043068E+01  1.8663652055E+01  1.8288012661E+01  1.7989891526E+01  1.7770283150E+01
  4.4197545179E+01  2.1865187918E+01  2.1883653092E+01  2.1270455930E+01  2.0546537009E+01  1.9885218504E+01  1.9315446442E+01  1.8834535274E+01  1.8441912561E+01  1.8138413524E+01  1.7921503952E+01
  4.4250475173E+01  2.3454160529E+01  2.2662949498E+01  2.1724016839E+01  2.0855525582E+01  2.0120291215E+01  1.9505604433E+01  1.8996678777E+01  1.8589721966E+01  1.8282900770E+01  1.8070265938E+01
  4.4303405167E+01  2.4921898657E+01  2.3379247600E+01  2.2134368546E+01  2.1136450116E+01  2.0336569666E+01  1.9682685987E+01  1.9149666855E+01  1.8731295814E+01  1.8423370063E+01  1.8216666049E+01
  4.4356335161E+01  2.6122935015E+01  2.3999902054E+01  2.2492719279E+01  2.1386290608E+01  2.0532690088E+01  1.9845967785E+01  1.9293150690E+01  1.8866533473E+01  1.8559868036E+01  1.8360821006E+01
  4.4409265156E+01  2.6976550140E+01  2.4496695055E+01  2.2791626802E+01  2.1602539857E+01  2.0707513354E+01  1.9994844995E+01  1.9426854445E+01  1.8995382148E+01  1.8692472773E+01  1.8502867881E+01
  4.4462195150E+01  2.7466294082E+01  2.4848682461E+01  2.3025415841E+01  2.1783285967E+01  2.0860146088E+01  2.0128840502E+01  1.9550580722E+01  1.9117839935E+01  1.8821295218E+01  1.8642964543E+01
  4.4515125144E+01  2.7612013100E+01  2.5044216472E+01  2.3190496203E+01  2.1927274342E+01  2.0989956480E+01  2.0247612510E+01  1.9664215308E+01  1.9233958496E+01  1.8946480352E+01  1.8781289971E+01
  4.4568055138E+01  2.7435841875E+01  2.5081877184E+01  2.3285556712E+01  2.2033945756E+01  2.1096584352E+01  2.0350960402E+01  1.9767731195E+01  1.9343845315E+01  1.9068208131E+01  1.8918044423E+01
  4.4620985132E+01  2.6951172820E+01  2.4970220831E+01  2.3311620839E+01  2.2103448333E+01  2.1179945217E+01  2.0438828836E+01  1.9861191800E+01  1.9447665517E+01  1.9186694155E+01  1.9053449445E+01
  4.4673915127E+01  2.6184567974E+01  2.4726433750E+01  2.3271961945E+01  2.2136622669E+01  2.1240228318E+01  2.0511310047E+01  1.9944753395E+01  1.9545643217E+01  1.9302190057E+01  1.9187747737E+01
  4.4726845121E+01  2.5208162161E+01  2.4374138667E+01  2.3171887808E+01  2.2134960803E+01  2.1277888861E+01  2.0568644409E+01  2.0018666702E+01  1.9638062385E+01  1.9414983617E+01  1.9321202845E+01
  4.4779775115E+01  2.4147050541E+01  2.3940710704E+01  2.3018414437E+01  2.2100541157E+01  2.1293634885E+01  2.0611219321E+01  2.0083277665E+01  1.9725267206E+01  1.9525398562E+01  1.9454098690E+01
  4.4832705109E+01  2.3146460802E+01  2.3454508968E+01  2.2819856841E+01  2.2035942893E+01  2.1288409422E+01  2.0639566535E+01  2.0139027388E+01  1.9807661939E+01  1.9633794072E+01  1.9586738934E+01
  4.4885635104E+01  2.2317415386E+01  2.2942408754E+01  2.2585368935E+01  2.1944144201E+01  2.1263368767E+01  2.0654358060E+01  2.0186451263E+01  1.9885710240E+01  1.9740563977E+01  1.9719446171E+01
  4.4938565098E+01  2.1696984049E+01  2.2427933458E+01  2.2324465781E+01  2.1828409870E+01  2.1219857831E+01  2.0656400816E+01  2.0226177292E+01  1.9959933979E+01  1.9846135638E+01  1.9852560955E+01
  4.4991495092E+01  2.1247650940E+01  2.1930151074E+01  2.2046559343E+01  2.1692173996E+01  2.1159383628E+01  2.0646630211E+01  2.0258923640E+01  2.0030911527E+01  1.9950968529E+01  1.9986440663E+01
  4.5044425086E+01  2.0891862224E+01  2.1463345890E+01  2.1760534340E+01  2.1538923801E+01  2.1083588005E+01  2.0626102837E+01  2.0285495438E+01  2.0099275540E+01  2.0055552507E+01  2.0121458196E+01
  4.5097355080E+01  2.0556594850E+01  2.1037335640E+01  2.1474384748E+01  2.1372090392E+01  2.0994220699E+01  2.0595988478E+01  2.0306780882E+01  2.0165710230E+01  2.0160405789E+01  2.0258000526E+01
  4.5150285075E+01  2.0203625822E+01  2.0658208269E+01  2.1194924851E+01  2.1194951739E+01  2.0893113743E+01  2.0557561610E+01  2.0323746650E+01  2.0230948155E+01  2.0266072643E+01  2.0396467096E+01
  4.5203215069E+01  1.9836951820E+01  2.0329218060E+01  2.0927582422E+01  2.1010552351E+01  2.0782158148E+01  2.0512192568E+01  2.0337432690E+01  2.0295766533E+01  2.0373120800E+01  2.0537268082E+01
  4.5256145063E+01  1.9491646907E+01  2.0051607581E+01  2.0676276347E+01  2.0821643119E+01  2.0663283617E+01  2.0461338526E+01  2.0348946414E+01  2.0360983111E+01  2.0482138612E+01  2.0680822521E+01
  4.5309075057E+01  1.9211786828E+01  1.9825192580E+01  2.0443377020E+01  2.0630643574E+01  2.0538441869E+01  2.0406534421E+01  2.0359456334E+01  2.0427451612E+01  2.0593731962E+01  2.0827556326E+01
  4.5362005052E+01  1.9026368405E+01  1.9648635524E+01  2.0229745266E+01  2.0439627531E+01  2.0409593929E+01  2.0349383897E+01  2.0370185187E+01  2.0496056779E+01  2.0708520957E+01  2.0977900198E+01
  4.5414935046E+01  1.8935194303E+01  1.9519415527E+01  2.0034844001E+01  2.0250331802E+01  2.0278701543E+01  2.0291550354E+01  2.0382402588E+01  2.0567709064E+01  2.0827136417E+01  2.1132287442E+01
  4.5467865040E+01  1.8913886716E+01  1.9433563113E+01  1.9856915875E+01  2.0064186399E+01  2.0147722606E+01  2.0234748096E+01  2.0397417253E+01  2.0643338984E+01  2.0950216197E+01  2.1291151712E+01
  4.5520795034E+01  1.8934233386E+01  1.9385265529E+01  1.9693219232E+01  1.9882363538E+01  2.0018610310E+01  2.0180733601E+01  2.0416568815E+01  2.0723891191E+01  2.1078401347E+01  2.1454924695E+01
  4.5573725029E+01  1.8983726956E+01  1.9366468817E+01  1.9540313318E+01  1.9705841842E+01  1.9893315506E+01  2.0131296846E+01  2.0441219299E+01  2.0810318285E+01  2.1212332168E+01  2.1624033750E+01
  4.5626655023E+01  1.9070069340E+01  1.9366614591E+01  1.9394381543E+01  1.9535481419E+01  1.9773791594E+01  2.0088252642E+01  2.0472744264E+01  2.0903574428E+01  2.1352644168E+01  2.1798899529E+01
  4.5679585017E+01  1.9210269143E+01  1.9372654614E+01  1.9251578765E+01  1.9372105077E+01  1.9662001141E+01  2.0053431875E+01  2.0512523679E+01  2.1004608790E+01  2.1499963960E+01  2.1979933583E+01
  4.5732515011E+01  1.9414681286E+01  1.9369477802E+01  1.9108385323E+01  1.9216580778E+01  1.9559923305E+01  2.0028672559E+01  2.0561932548E+01  2.1114358883E+01  2.1654905138E+01  2.2167535988E+01
  4.5785445005E+01  1.9675650456E+01  1.9340849037E+01  1.8961947475E+01  1.9069900572E+01  1.9469561137E+01  2.0015810585E+01  2.0622331345E+01  2.1233743834E+01  2.1818064161E+01  2.2362092996E+01
  4.5838375000E+01  1.9963362489E+01  1.9270885556E+01  1.8810381823E+01  1.8933251635E+01  1.9392947768E+01  2.0016670057E+01  2.0695056297E+01  2.1363657644E+01  2.1990016275E+01  2.2563974743E+01
  4.5891304994E+01  2.0225433371E+01  1.9145983972E+01  1.8653020974E+01  1.8808075647E+01  1.9332150606E+01  2.0033053111E+01  2.0781409563E+01  2.1504962482E+01  2.2171311515E+01  2.2773533021E+01
  4.5944234988E+01  2.0385618944E+01  1.8956975705E+01  1.8490579776E+01  1.8696113557E+01  1.9289272674E+01  2.0066729125E+01  2.0882649366E+01  2.1658482081E+01  2.2362470817E+01  2.2991099138E+01
  4.5997164982E+01  2.0344208500E+01  1.8701164079E+01  1.8325226292E+01  1.8599433668E+01  1.9266450409E+01  2.0119423264E+01  2.0999980133E+01  2.1824995285E+01  2.2563982279E+01  2.3216981893E+01
  4.6050094977E+01  1.9994366584E+01  1.8383824430E+01  1.8160549175E+01  1.8520441939E+01  1.9265847335E+01  2.0192804326E+01  2.1134542719E+01  2.2005229794E+01  2.2776297601E+01  2.3451465663E+01
  4.6103024971E+01  1.9266721623E+01  1.8018765952E+01  1.8001422644E+01  1.8461874325E+01  1.9289643252E+01  2.0288471877E+01  2.1287404772E+01  2.2199856179E+01  2.2999828733E+01  2.3694808642E+01
  4.6155954965E+01  1.8186952177E+01  1.7627676596E+01  1.7853780820E+01  1.8426771824E+01  1.9340018728E+01  2.0407942741E+01  2.1459551323E+01  2.2409482219E+01  2.3234944778E+01  2.3947241233E+01
  4.6208884959E+01  1.6901946266E+01  1.7238186186E+01  1.7724323345E+01  1.8418439594E+01  1.9419134924E+01  2.0552636901E+01  2.1651875690E+01  2.2634647601E+01  2.3481969167E+01  2.4208964611E+01
  4.6261814953E+01  1.5641129985E+01  1.6880843272E+01  1.7620182424E+01  1.8440392050E+01  1.9529108940E+01  2.0723862963E+01  2.1865170775E+01  2.2875819062E+01  2.3741177141E+01  2.4480149479E+01
  4.6314744948E+01  1.4631496097E+01  1.6585444787E+01  1.7548586323E+01  1.8496286157E+01  1.9671985115E+01  2.0922803335E+01  2.2100120859E+01  2.3133386004E+01  2.4012793559E+01  2.4760935013E+01
  4.6367674942E+01  1.4023552919E+01  1.6377320534E+01  1.7516554749E+01  1.8589845319E+01  1.9849702845E+01  2.1150499335E+01  2.2357293984E+01  2.3407656649E+01  2.4296991077E+01  2.5051428025E+01
  4.6420604936E+01  1.3867839812E+01  1.6274213692E+01  1.7530657082E+01  1.8724776215E+01  2.0064061698E+01  2.1407836472E+01  2.2637135025E+01  2.3698854769E+01  2.4593888692E+01  2.5351702339E+01
  4.6473534930E+01  1.4132744592E+01  1.6284304409E+01  1.7596855244E+01  1.8904680851E+01  2.0316684697E+01  2.1695530174E+01  2.2939959562E+01  2.4007117046E+01  2.4903550694E+01  2.5661798394E+01
  4.6526464925E+01  1.4731389214E+01  1.6405722221E+01  1.7720440183E+01  1.9132965870E+01  2.0608980780E+01  2.2014112254E+01  2.3265948637E+01  2.4332491094E+01  2.5225986025E+01  2.5981723076E+01
  4.6579394919E+01  1.5543341954E+01  1.6627635416E+01  1.7906056180E+01  1.9412750997E+01  2.0942107530E+01  2.2363918429E+01  2.3615144513E+01  2.4674934187E+01  2.5561148072E+01  2.6311449786E+01
  4.6632324913E+01  1.6439564103E+01  1.6932749351E+01  1.8157792539E+01  1.9746778354E+01  2.1316935282E+01  2.2745077197E+01  2.3987447507E+01  2.5034312710E+01  2.5908934887E+01  2.6650918741E+01
  4.6685254907E+01  1.7314808684E+01  1.7300837167E+01  1.8479310134E+01  2.0137324331E+01  2.1734013741E+01  2.3157500396E+01  2.4382614009E+01  2.5410402381E+01  2.6269189851E+01  2.7000037508E+01
  4.6738184901E+01  1.8110778590E+01  1.7712789506E+01  1.8873962695E+01  2.0586115794E+01  2.2193542228E+01  2.3600875726E+01  2.4800255737E+01  2.5802889229E+01  2.6641702779E+01  2.7358681770E+01
  4.6791114896E+01  1.8807717708E+01  1.8154606442E+01  1.9344871289E+01  2.1094252546E+01  2.2695344567E+01  2.4074661519E+01  2.5239840321E+01  2.6211371373E+01  2.7026211465E+01  2.7726696316E+01
  4.6844044890E+01  1.9386459746E+01  1.8620754032E+01  1.9894915846E+01  2.1662138271E+01  2.3238849554E+01  2.4578083988E+01  2.5700693245E+01  2.6635361580E+01  2.7422403644E+01  2.8103896245E+01
  4.6896974884E+01  1.9796877606E+01  1.9116358686E+01  2.0526619453E+01  2.2289422424E+01  2.3823077803E+01  2.5110137164E+01  2.6182001204E+01  2.7074290608E+01  2.7829919390E+01  2.8490068378E+01
  4.6949904878E+01  1.9973025100E+01  1.9657812983E+01  2.1241918211E+01  2.2974955793E+01  2.4446635592E+01  2.5669585677E+01  2.6682816890E+01  2.7527511326E+01  2.8248353899E+01  2.8884972871E+01
  4.7002834873E+01  1.9894665809E+01  2.0271524261E+01  2.2041829343E+01  2.3716762558E+01  2.5107716149E+01  2.6254970472E+01  2.7202065205E+01  2.7994303574E+01  2.8677260664E+01  2.9288344996E+01
  4.7055764867E+01  1.9645615640E+01  2.0990760396E+01  2.2926050166E+01  2.4512031571E+01  2.5804108612E+01  2.6864617528E+01  2.7738550902E+01  2.8473879753E+01  2.9116154999E+01  2.9699897098E+01
  4.7108694861E+01  1.9416425989E+01  2.1850831029E+01  2.3892537347E+01  2.5357129251E+01  2.6533214654E+01  2.7496649541E+01  2.8290967603E+01  2.8965391089E+01  2.9564517895E+01  3.0119320690E+01
  4.7161624855E+01  1.9449081600E+01  2.2883157284E+01  2.4937126692E+01  2.6247635787E+01  2.7292072572E+01  2.8149000542E+01  2.8857908148E+01  2.9467934539E+01  3.0021800167E+01  3.0546288680E+01
  4.7214554850E+01  1.9970002448E+01  2.4109071659E+01  2.6053256514E+01  2.7178405464E+01  2.8077388393E+01  2.8819433279E+01  2.9437876199E+01  2.9980560269E+01  3.0487426861E+01  3.0980457695E+01
  4.7267484844E+01  2.1153669048E+01  2.5534376803E+01  2.7231851335E+01  2.8143650677E+01  2.8885573355E+01  2.9505559224E+01  3.0029299011E+01  3.0502279657E+01  3.0960801879E+01  3.1421470502E+01
  4.7320414838E+01  2.3113316506E+01  2.7145705055E+01  2.8461407533E+01  2.9137047864E+01  2.9712786942E+01  3.0204860948E+01  3.0630541245E+01  3.1032073738E+01  3.1441312780E+01  3.1868958466E+01
  4.7373344832E+01  2.5881540113E+01  2.8909516728E+01  2.9728300357E+01  3.0151862142E+01  3.0554984495E+01  3.0914716602E+01  3.1239919703E+01  3.1568902018E+01  3.1928335712E+01  3.2322544060E+01
  4.7426274826E+01  2.9359186999E+01  3.0774162675E+01  3.1017305039E+01  3.1181086074E+01  3.1407968314E+01  3.1632426187E+01  3.1855718839E+01  3.2111711575E+01  3.2421240421E+01  3.2781843374E+01
  4.7479204821E+01  3.3261834388E+01  3.2674884604E+01  3.2312297364E+01  3.2217586852E+01  3.2267441093E+01  3.2355239276E+01  3.2476206886E+01  3.2659446358E+01  3.2919395297E+01  3.3246468600E+01
  4.7532134815E+01  3.7129403144E+01  3.4541053927E+01  3.3597074624E+01  3.3254255353E+01  3.3129060520E+01  3.3080383806E+01  3.3099652417E+01  3.3211056589E+01  3.3422172402E+01  3.3716030486E+01
  4.7585064809E+01  4.0441689043E+01  3.6304495337E+01  3.4856219999E+01  3.4284150196E+01  3.3988493870E+01  3.3805095577E+01  3.3724341172E+01  3.3765508164E+01  3.3928952421E+01  3.4190140700E+01
  4.7637994803E+01  4.2805171021E+01  3.7907522334E+01  3.6075924691E+01  3.5300630043E+01  3.4841471544E+01  3.4526648054E+01  3.4348592956E+01  3.4321791975E+01  3.4439129495E+01  3.4668414108E+01
  4.7690924798E+01  4.4105733295E+01  3.9309385733E+01  3.7244683962E+01  3.6297468120E+01  3.5683838554E+01  3.5242382082E+01  3.4970778406E+01  3.4878933024E+01  3.4952115870E+01  3.5150470925E+01
  4.7743854792E+01  4.4527125900E+01  4.0490179212E+01  3.8353795600E+01  3.7268944095E+01  3.6511603145E+01  3.5949735141E+01  3.5589335440E+01  3.5435999249E+01  3.5467346330E+01  3.5635938711E+01
  4.7796784786E+01  4.4422837890E+01  4.1451760736E+01  3.9397610551E+01  3.8209910081E+01  3.7320981908E+01  3.6646269744E+01  3.6202785186E+01  3.5992109950E+01  3.5984282336E+01  3.6124454196E+01
  4.7849714780E+01  4.4128972092E+01  4.2215796970E+01  4.0373512979E+01  3.9115829416E+01  3.8108440890E+01  3.7329700657E+01  3.6809747200E+01  3.6546443725E+01  3.6502415851E+01  3.6615664917E+01
  4.7902644774E+01  4.3835463319E+01  4.2819488027E+01  4.1281637088E+01  3.9982788901E+01  3.8870732428E+01  3.7997920566E+01  3.7408953775E+01  3.7098245811E+01  3.7021272777E+01  3.7109230620E+01
  4.7955574769E+01  4.3576534792E+01  4.3309798749E+01  4.2124356950E+01  4.0807487120E+01  3.9604927588E+01  3.8649023919E+01  3.7999263176E+01  3.7646834751E+01  3.7540415988E+01  3.7604824440E+01
  4.8008504763E+01  4.3315313403E+01  4.3737094455E+01  4.2905609676E+01  4.1587203219E+01  4.0308444238E+01  3.9281328624E+01  3.8579671616E+01  3.8191608287E+01  3.8059447894E+01  3.8102133824E+01
  4.8061434757E+01  4.3048633848E+01  4.4148996649E+01  4.3630128778E+01  4.2319751839E+01  4.0979070910E+01  3.9893395385E+01  3.9149323824E+01  3.8732048421E+01  3.8578012514E+01  3.8600861177E+01
  4.8114364751E+01  4.2866134418E+01  4.4585107928E+01  4.4302671658E+01  4.3003430735E+01  4.1614986698E+01  4.0484044409E+01  3.9707522059E+01  3.9267725548E+01  3.9095797022E+01  3.9100724237E+01
  4.8167294746E+01  4.2937217730E+01  4.5073068251E+01  4.4927322499E+01  4.3636967865E+01  4.2214777468E+01  4.1052369321E+01  4.0253733441E+01  3.9798301621E+01  3.9612532739E+01  3.9601456149E+01
  4.8220224740E+01  4.3438353924E+01  4.5626228774E+01  4.5506940036E+01  4.4219474394E+01  4.2777448660E+01  4.1597748102E+01  4.0787595500E+01  4.0323532282E+01  4.0127995546E+01  4.0102805253E+01
  4.8273154734E+01  4.4459018572E+01  4.6243065334E+01  4.6042800777E+01  4.4750409133E+01  4.3302434921E+01  4.2119850917E+01  4.1308919837E+01  4.0843267918E+01  4.0642005707E+01  4.0604534555E+01
  4.8326084728E+01  4.5935862020E+01  4.6908287238E+01  4.6534464749E+01  4.5229558582E+01  4.3789606743E+01  4.2618644726E+01  4.1817693851E+01  4.1357453616E+01  4.1154427086E+01  4.1106420906E+01
  4.8379014722E+01  4.7654879105E+01  4.7595422815E+01  4.6979865830E+01  4.5657035035E+01  4.4239274154E+01  4.3094394597E+01  4.2314080460E+01  4.1866127981E+01  4.1665165754E+01  4.1608253880E+01
  4.8431944717E+01  4.9326653833E+01  4.8270497394E+01  4.7375605183E+01  4.6033293295E+01  4.4652187432E+01  4.3547661679E+01  4.2798415817E+01  4.2369420830E+01  4.2174167991E+01  4.2109834347E+01
  4.8484874711E+01  5.0697668175E+01  4.8896296674E+01  4.7717406803E+01  4.6359164663E+01  4.5029534642E+01  4.3979297816E+01  4.3271204996E+01  4.2867549741E+01  4.2681417682E+01  4.2610972775E+01
  4.8537804705E+01  5.1640089471E+01  4.9436663789E+01  4.8000680721E+01  4.6635905064E+01  4.5372935743E+01  4.4390436822E+01  4.3733115681E+01  4.3360815486E+01  4.3186933134E+01  4.3111487244E+01
  4.8590734699E+01  5.2175122351E+01  4.9860326594E+01  4.8221132929E+01  4.6865252717E+01  4.5684432859E+01  4.4782482457E+01  4.4184969903E+01  4.3849596371E+01  4.3690763322E+01  4.3611201211E+01
  4.8643664694E+01  5.2420427613E+01  5.0143876407E+01  4.8375361829E+01  4.7049489628E+01  4.5966476309E+01  4.5157093205E+01  4.4627733876E+01  4.4334341511E+01  4.4192983592E+01  4.4109941029E+01
  4.8696594688E+01  5.2493111813E+01  5.0273679544E+01  4.8461388150E+01  4.7191500568E+01  4.6221905924E+01  4.5516163963E+01  4.5062506025E+01  4.4815563111E+01  4.4693690867E+01  4.4607533251E+01
  4.8749524682E+01  5.2426949189E+01  5.0246652273E+01  4.8479077340E+01  4.7294823032E+01  4.6453927237E+01  4.5861804806E+01  4.5490503316E+01  4.5293827785E+01  4.5192998373E+01  4.5103801736E+01
  4.8802454676E+01  5.2155817709E+01  5.0069939637E+01  4.8430428510E+01  4.7363682008E+01  4.6666082202E+01  4.6196317020E+01  4.5913046003E+01  4.5769747008E+01  4.5691029949E+01  4.5598564592E+01
  4.8855384671E+01  5.1572984929E+01  4.9759609639E+01  4.8319719835E+01  4.7403004128E+01  4.6862214209E+01  4.6522166641E+01  4.6331540933E+01  4.6243966771E+01  4.6187913979E+01  4.6091630979E+01
  4.8908314665E+01  5.0625511091E+01  4.9338531353E+01  4.8153514923E+01  4.7418406923E+01  4.7046427354E+01  4.6841955768E+01  4.6747463573E+01  4.6717156522E+01  4.6683777005E+01  4.6582797803E+01
  4.8961244659E+01  4.9380843595E+01  4.8833677529E+01  4.7940546174E+01  4.7416160252E+01  4.7223040103E+01  4.7158391951E+01  4.7162338921E+01  4.7189997514E+01  4.7178737075E+01  4.7071846347E+01
  4.9014174653E+01  4.8023309559E+01  4.8273188507E+01  4.7691498625E+01  4.7403118576E+01  4.7396533740E+01  4.7474255992E+01  4.7577721488E+01  4.7663170636E+01  4.7672896903E+01  4.7558538855E+01
  4.9067104647E+01  4.6785582273E+01  4.7683631048E+01  4.7418720570E+01  4.7386624376E+01  4.7571496202E+01  4.7792368520E+01  4.7995174534E+01  4.8137343867E+01  4.8166336889E+01  4.8042615128E+01
  4.9120034642E+01  4.5859473708E+01  4.7087931907E+01  4.7135885812E+01  4.7374384659E+01  4.7752562167E+01  4.8115555718E+01  4.8416248769E+01  4.8613159449E+01  4.8659108078E+01  4.8523789151E+01
  4.9172964636E+01  4.5333077190E+01  4.6504406278E+01  4.6857627588E+01  4.7374324019E+01  4.7944350459E+01  4.8446614600E+01  4.8842460709E+01  4.9091220924E+01  4.9151225142E+01  4.9001745802E+01
  4.9225894630E+01  4.5171306909E+01  4.5947107441E+01  4.6599157513E+01  4.7394419130E+01  4.8151400034E+01  4.8788278235E+01  4.9275270903E+01  4.9572080134E+01  4.9642659430E+01  4.9476137683E+01
  4.9278824624E+01  4.5228623939E+01  4.5427418692E+01  4.6375875871E+01  4.7442520690E+01  4.8378105926E+01  4.9143181319E+01  4.9716062231E+01  5.0056224343E+01  5.0133332191E+01  4.9946582096E+01
  4.9331754619E+01  4.5282167149E+01  4.4956468387E+01  4.6202973903E+01  4.7526169749E+01  4.8628656640E+01  4.9513826483E+01  5.0166118487E+01  5.0544063582E+01  5.0623108025E+01  5.0412658235E+01
  4.9384684613E+01  4.5088866007E+01  4.4547682799E+01  4.6095025646E+01  4.7652415942E+01  4.8906974460E+01  4.9902551705E+01  5.0626603438E+01  5.1035918373E+01  5.1111788649E+01  5.0873904592E+01
  4.9437614607E+01  4.4471437356E+01  4.4218700813E+01  4.6065567065E+01  4.7827645422E+01  4.9216660114E+01  5.0311499167E+01  5.1098540565E+01  5.1532007934E+01  5.1599107047E+01  5.1329816656E+01
  4.9490544601E+01  4.3414695259E+01  4.3992010882E+01  4.6126663870E+01  4.8057426169E+01  4.9560943068E+01  5.0742585868E+01  5.1582793683E+01  5.2032439025E+01  5.2084722068E+01  5.1779844903E+01
  4.9543474595E+01  4.2122919916E+01  4.3894008252E+01  4.6288475885E+01  4.8346377885E+01  4.9942638561E+01  5.1197476251E+01  5.2080048602E+01  5.2537195521E+01  5.2568213563E+01  5.2223393144E+01
  4.9596404590E+01  4.0982544326E+01  4.3952608425E+01  4.6558834095E+01  4.8698072807E+01  5.0364112206E+01  5.1677557082E+01  5.2590796029E+01  5.3046128868E+01  5.3049078105E+01  5.2659817232E+01
  4.9649334584E+01  4.0415944525E+01  4.4193947666E+01  4.6942855011E+01  4.9114972497E+01  5.0827252684E+01  5.2183914746E+01  5.3115315857E+01  5.3558949508E+01  5.3526725372E+01  5.3088424190E+01
  4.9702264578E+01  4.0688812881E+01  4.4638920530E+01  4.7442624202E+01  4.9598404076E+01  5.1333452726E+01  5.2717315095E+01  5.3653663003E+01  5.4075219399E+01  5.4000475234E+01  5.3508471753E+01
  4.9755194572E+01  4.1785901640E+01  4.5300277984E+01  4.8056985127E+01  5.0148577413E+01  5.1883598216E+01  5.3278185928E+01  5.4205654941E+01  5.4594345725E+01  5.4469555616E+01  5.3919168371E+01
  4.9808124567E+01  4.3439015444E+01  4.6180760189E+01  4.8781469663E+01  5.0764642646E+01  5.2478064895E+01  5.3866602153E+01  5.4770861052E+01  5.5115575885E+01  5.4933101171E+01  5.4319673686E+01
  4.9861054561E+01  4.5288359292E+01  4.7272372937E+01  4.9608402028E+01  5.1444785092E+01  5.3116721854E+01  5.4482273630E+01  5.5348593925E+01  5.5637993855E+01  5.5390152807E+01  5.4709099488E+01
  4.9913984555E+01  4.7068019456E+01  4.8556586377E+01  5.0527198121E+01  5.2186352327E+01  5.3798940678E+01  5.5124535676E+01  5.5937902700E+01  5.6160517982E+01  5.5839658101E+01  5.5086511183E+01
  4.9966914549E+01  4.8704749078E+01  5.0005070777E+01  5.1524867901E+01  5.2986006080E+01  5.4523608949E+01  5.5792342196E+01  5.6537568576E+01  5.6681900291E+01  5.6280472636E+01  5.5450929753E+01
  5.0019844543E+01  5.0298295957E+01  5.1580645138E+01  5.2586710399E+01  5.3839889741E+01  5.5289146626E+01  5.6484261374E+01  5.7146102541E+01  5.7200727344E+01  5.6711362257E+01  5.5801334238E+01
  5.0072774538E+01  5.2032195351E+01  5.3238360638E+01  5.3697170811E+01  5.4743800945E+01  5.6093523819E+01  5.7198473879E+01  5.7761745420E+01  5.7715422690E+01  5.7131006289E+01  5.6136664716E+01
  5.0125704532E+01  5.4080537138E+01  5.4926948842E+01  5.4840808858E+01  5.5693357941E+01  5.6934278492E+01  5.7932773546E+01  5.8382470295E+01  5.8224250948E+01  5.7538001683E+01  5.6455825793E+01
  5.0178634526E+01  5.6537357259E+01  5.6591077677E+01  5.6003309563E+01  5.6684148432E+01  5.7808532784E+01  5.8684570487E+01  5.9005987339E+01  5.8725323512E+01  5.7930868119E+01  5.6757690568E+01
  5.0231564520E+01  5.9361068269E+01  5.8174850534E+01  5.7172454100E+01  5.7711850355E+01  5.8713006850E+01  5.9450896645E+01  5.9629751124E+01  5.9216605899E+01  5.8308054016E+01  5.7041105091E+01
  5.0284494515E+01  6.2335536932E+01  5.9626714250E+01  5.8338961776E+01  5.8772315598E+01  5.9644029463E+01  6.0228413802E+01  6.0250970389E+01  5.9695926718E+01  5.8667943453E+01  5.7304893253E+01
  5.0337424509E+01  6.5079773503E+01  6.0905474159E+01  5.9497116130E+01  5.9861609968E+01  6.0597544938E+01  6.1013424115E+01  6.0866620321E+01  6.0160988215E+01  5.9008863953E+01  5.7547862123E+01
  5.0390354503E+01  6.7138475334E+01  6.1986599193E+01  6.0645099728E+01  6.0976005585E+01  6.1569116372E+01  6.1801883249E+01  6.1473457297E+01  6.0609378379E+01  5.9329095080E+01  5.7768807664E+01
  5.0443284497E+01  6.8138626720E+01  6.2867620243E+01  6.1784983291E+01  6.2111925206E+01  6.2553925618E+01  6.2589416253E+01  6.2068036099E+01  6.1038584516E+01  5.9626877824E+01  5.7966520828E+01
  5.0496214492E+01  6.7942285325E+01  6.3571330785E+01  6.2922344107E+01  6.3265841457E+01  6.3546770799E+01  6.3371336306E+01  6.2646729528E+01  6.1446008238E+01  5.9900424687E+01  5.8139793965E+01
  5.0549144486E+01  6.6716552915E+01  6.4145751998E+01  6.4065523690E+01  6.4434137367E+01  6.4542062565E+01  6.4142666514E+01  6.3205750376E+01  6.1828981763E+01  6.0147930412E+01  5.8287427522E+01
  5.0602074480E+01  6.4888999934E+01  6.4660376720E+01  6.5224571755E+01  6.5612937684E+01  6.5533820616E+01  6.4898164915E+01  6.3741175653E+01  6.2184785427E+01  6.0367583288E+01  5.8408236977E+01
  5.0655004474E+01  6.3018356293E+01  6.5198915552E+01  6.6409958451E+01  6.6797922869E+01  6.6515672244E+01  6.5632352876E+01  6.4248972965E+01  6.2510666280E+01  6.0557576936E+01  5.8501059961E+01
  5.0707934468E+01  6.1639416392E+01  6.5849449765E+01  6.7631165074E+01  6.7984139370E+01  6.7480854807E+01  6.6339547016E+01  6.4725028897E+01  6.2803857634E+01  6.0716122492E+01  5.8564763518E+01
  5.0760864463E+01  6.1133144971E+01  6.6693384180E+01  6.8895281093E+01  6.9165820454E+01  6.8422224087E+01  6.7013894775E+01  6.5165179258E+01  6.3061599414E+01  6.0841461094E+01  5.8598251448E+01
  5.0813794457E+01  6.1656051677E+01  6.7794794083E+01  7.0205739527E+01  7.0336231548E+01  6.9332270408E+01  6.7649413699E+01  6.5565240960E+01  6.3281159150E+01  6.0931876569E+01  5.8600471683E+01
  5.0866724451E+01  6.3151626928E+01  6.9191667462E+01  7.1561312177E+01  7.1487552743E+01  7.0203144230E+01  6.8240034426E+01  6.5921045347E+01  6.3459853435E+01  6.0985708216E+01  5.8570423623E+01
  5.0919654445E+01  6.5444551679E+01  7.0890223630E+01  7.2955461758E+01  7.2610808860E+01  7.1026692638E+01  6.8779647318E+01  6.6228472696E+01  6.3595069670E+01  6.1001363584E+01  5.8507165394E+01
  5.0972584440E+01  6.8373052995E+01  7.2863038879E+01  7.4376112031E+01  7.3695854577E+01  7.1794507789E+01  6.9262152548E+01  6.6483487624E+01  6.3684287893E+01  6.0977331127E+01  5.8409820956E+01
  5.1025514434E+01  7.1874250872E+01  7.5051214351E+01  7.5805854064E+01  7.4731418665E+01  7.2497987937E+01  6.9681513395E+01  6.6682175085E+01  6.3725102509E+01  6.0912192624E+01  5.8277587009E+01
  5.1078444428E+01  7.5951513157E+01  7.7370330193E+01  7.7222561873E+01  7.5705207810E+01  7.3128411170E+01  7.0031812360E+01  6.6820776634E+01  6.3715243705E+01  6.0804635267E+01  5.8109739631E+01
  5.1131374422E+01  8.0533360612E+01  7.9719463036E+01  7.8600349701E+01  7.6604066946E+01  7.3677021470E+01  7.0307309630E+01  6.6895726592E+01  6.3652598342E+01  6.0653463287E+01  5.7905640604E+01
  5.1184304416E+01  8.5324692973E+01  8.1992118618E+01  7.9910771158E+01  7.7414189865E+01  7.4135126214E+01  7.0502503301E+01  6.6903687737E+01  6.3535230122E+01  6.0457609021E+01  5.7664743367E+01
  5.1237234411E+01  8.9775098266E+01  8.4087594005E+01  8.1124141221E+01  7.8121371297E+01  7.4494203696E+01  7.0612190666E+01  6.6841586133E+01  6.3361398817E+01  6.0216143321E+01  5.7386598533E+01
  5.1290164405E+01  9.3220092634E+01  8.5921116005E+01  8.2210857813E+01  7.8711289780E+01  7.4746018848E+01  7.0631529777E+01  6.6706644683E+01  6.3129578364E+01  5.9928285181E+01  5.7070858945E+01
  5.1343094399E+01  9.5138837259E+01  8.7431197635E+01  8.3142610138E+01  7.9169809645E+01  7.4882744906E+01  7.0556100425E+01  6.6496415010E+01  6.2838473614E+01  5.9593410518E+01  5.6717284198E+01
  5.1396024393E+01  9.5393750248E+01  8.8583068807E+01  8.3893384111E+01  7.9483290257E+01  7.4897088477E+01  7.0381963593E+01  6.6208807236E+01  6.2487035568E+01  5.9211059992E+01  5.6325744604E+01
  5.1448954388E+01  9.4319097479E+01  8.9367740279E+01  8.4440207231E+01  7.9638891201E+01  7.4782415217E+01  7.0105718402E+01  6.5842117278E+01  6.2074474895E+01  5.8780945791E+01  5.5896224548E+01
  5.1501884382E+01  9.2600855606E+01  8.9797115975E+01  8.4763611155E+01  7.9624863370E+01  7.4532873212E+01  6.9724555550E+01  6.5395051247E+01  6.1600273603E+01  5.8302957321E+01  5.5428825211E+01
  5.1554814376E+01  9.0996840011E+01  8.9896364873E+01  8.4847825057E+01  7.9430817540E+01  7.4143511089E+01  6.9236306225E+01  6.4866746604E+01  6.1064194678E+01  5.7777165717E+01  5.4923766625E+01
  5.1607744370E+01  9.0029420693E+01  8.9695279098E+01  8.4680741902E+01  7.9047963948E+01  7.3610387952E+01  6.8639485511E+01  6.4256789712E+01  6.0466289592E+01  5.7203827134E+01  5.4381389040E+01
  5.1660674364E+01  8.9798161214E+01  8.9220432875E+01  8.4253719681E+01  7.8469318396E+01  7.2930672350E+01  6.7933329346E+01  6.3565229485E+01  5.9806903557E+01  5.6583384773E+01  5.3802153577E+01
  5.1713604359E+01  8.9996884779E+01  8.8489603532E+01  8.3561288811E+01  7.7689872200E+01  7.2102727712E+01  6.7117824162E+01  6.2792586872E+01  5.9086678437E+01  5.5916469612E+01  5.3186642172E+01
  5.1766534353E+01  9.0113965113E+01  8.7509245238E+01  8.2600835194E+01  7.6706724912E+01  7.1126181944E+01  6.6193728440E+01  6.1939859944E+01  5.8306553269E+01  5.5203899817E+01  5.2535556778E+01
  5.1819464347E+01  8.9702561685E+01  8.6275032560E+01  8.1372317657E+01  7.5519179910E+01  7.0001979216E+01  6.5162585520E+01  6.1008524432E+01  5.7467762335E+01  5.4446678831E+01  5.1849717852E+01
  5.1872394341E+01  8.8575814561E+01  8.4774835215E+01  7.9878061307E+01  7.4128803739E+01  6.8732412354E+01  6.4026727158E+01  6.0000529602E+01  5.6571830798E+01  5.3645992148E+01  5.1130062110E+01
  5.1925324336E+01  8.6829921698E+01  8.2993098004E+01  7.8122648254E+01  7.2539450441E+01  6.7321134634E+01  6.2789267450E+01  5.8918289422E+01  5.5620567899E+01  5.2803202784E+01  5.0377639579E+01
  5.1978254330E+01  8.4702631812E+01  8.0915520925E+01  7.6112907294E+01  7.0757252164E+01  6.5773150236E+01  6.1454086956E+01  5.7764669035E+01  5.4616057771E+01  5.1919845481E+01  4.9593609950E+01
  5.2031184324E+01  8.2370945051E+01  7.8533104333E+01  7.3857987407E+01  6.8790577057E+01  6.4094783029E+01  6.0025806975E+01  5.6542966633E+01  5.3560647929E+01  5.0997619680E+01  4.8779238258E+01
  5.2084114318E+01  7.9817769247E+01  7.5844932143E+01  7.1369487837E+01  6.6649955156E+01  6.2293623826E+01  5.8509754156E+01  5.5256890867E+01  5.2456935547E+01  5.0038381324E+01  4.7935889927E+01
  5.2137044313E+01  7.6846171928E+01  7.2859407800E+01  6.8661610937E+01  6.4347972536E+01  6.0378456695E+01  5.6911915779E+01  5.3910534022E+01  5.1307751635E+01  4.9044133557E+01  4.7065025202E+01
  5.2189974307E+01  7.3230310338E+01  6.9593969725E+01  6.5751302333E+01  6.1899133773E+01  5.8359165322E+01  5.5238886237E+01  5.2508341236E+01  5.0116143267E+01  4.8017016378E+01  4.6168193007E+01
  5.2242904301E+01  6.8907045158E+01  6.6073574249E+01  6.2658345358E+01  5.9319692682E+01  5.6246620879E+01  5.3497805409E+01  5.1055076087E+01  4.8885354025E+01  4.6959295370E+01  4.5247024290E+01
  5.2295834295E+01  6.4076022588E+01  6.2328440382E+01  5.9405381662E+01  5.6627451529E+01  5.4052553211E+01  5.1696289777E+01  4.9555782960E+01  4.7618802866E+01  4.5873349557E+01  4.4303224874E+01
  5.2348764289E+01  5.9129470428E+01  5.8391685321E+01  5.6017836106E+01  5.3841529423E+01  5.1789407535E+01  4.9842357299E+01  4.8015746628E+01  4.6320061594E+01  4.4761658530E+01  4.3338567892E+01
  5.2401694284E+01  5.4454376820E+01  5.4297503311E+01  5.2523730432E+01  5.0982101442E+01  4.9470189179E+01  4.7944347138E+01  4.6440449528E+01  4.4992831191E+01  4.3626788923E+01  4.2354885844E+01
  5.2454624278E+01  5.0237669065E+01  5.0080410072E+01  4.8953376413E+01  4.8070111139E+01  4.7108299143E+01  4.6010835477E+01  4.4835527264E+01  4.3640917227E+01  4.2471380368E+01  4.1354062346E+01
  5.2507554272E+01  4.6384135068E+01  4.5775778910E+01  4.5338945101E+01  4.5126960340E+01  4.4717363509E+01  4.4050548732E+01  4.3206722868E+01  4.2268204597E+01  4.1298131049E+01  4.0338023613E+01
  5.2560484266E+01  4.2570079636E+01  4.1421482312E+01  4.1713914895E+01  4.2174181541E+01  4.2311059903E+01  4.2072275476E+01  4.1559840393E+01  4.0878631847E+01  4.0109782969E+01  3.9308729756E+01
  5.2613414261E+01  3.8394430624E+01  3.7060037295E+01  3.8112407858E+01  3.9233099548E+01  3.9902944260E+01  4.0084778479E+01  3.9900698402E+01  3.9476165340E+01  3.8909107059E+01  3.8268165950E+01
  5.2666344255E+01  3.3570934605E+01  3.2740376563E+01  3.4568431311E+01  3.6324490193E+01  3.7506281225E+01  3.8096708193E+01  3.8235083921E+01  3.8064773519E+01  3.7698888253E+01  3.7218333521E+01
  5.2719274249E+01  2.8088442038E+01  2.8518347099E+01  3.1115050110E+01  3.3468244926E+01  3.5133881415E+01  3.6116519020E+01  3.6568707416E+01  3.6648401524E+01  3.6481910651E+01  3.6161241042E+01
  5.2772204243E+01  2.2253787215E+01  2.4455310058E+01  2.7783523590E+01  3.0683050624E+01  3.2797948654E+01  3.4152389619E+01  3.4907159326E+01  3.5230946397E+01  3.5260942895E+01  3.5098895474E+01
  5.2825134237E+01  1.6577143689E+01  2.0614714808E+01  2.4602448832E+01  2.7986094118E+01  3.0509940058E+01  3.2212148419E+01  3.3255868658E+01  3.3816233126E+01  3.4038723858E+01  3.4033293428E+01
  5.2878064232E+01  1.1562155877E+01  1.7057094864E+01  2.1596957406E+01  2.5392800584E+01  2.8280441551E+01  3.0303205394E+01  3.1620064118E+01  3.2407991740E+01  3.2817948789E+01  3.2966412602E+01
