           #qpath      Energy(meV)
  0.0000000000E+00 -2.2397164560E-04
  2.2521699694E-02 -6.3828996546E-01
  4.5043399387E-02 -4.1238121216E-01
  6.7565099081E-02  7.0912144873E-01
  9.0086798775E-02  1.2363142771E+00
  1.1260849847E-01  1.6953024655E+00
  1.3513019816E-01  2.1268614088E+00
  1.5765189786E-01  2.5144427719E+00
  1.8017359755E-01  2.8639053026E+00
  2.0269529724E-01  3.2095340738E+00
  2.2521699694E-01  3.5508892572E+00
  2.4773869663E-01  3.8875445450E+00
  2.7026039632E-01  4.2190883957E+00
  2.9278209602E-01  4.5451251770E+00
  3.1530379571E-01  4.8652761881E+00
  3.3782549540E-01  5.1791805478E+00
  3.6034719510E-01  5.4864959351E+00
  3.8286889479E-01  5.7868991736E+00
  4.0539059449E-01  6.0800866512E+00
  4.2791229418E-01  6.3657745726E+00
  4.5043399387E-01  6.6436990447E+00
  4.7295569357E-01  6.9136159966E+00
  4.9547739326E-01  7.1753009428E+00
  5.1799909295E-01  7.4285485966E+00
  5.4052079265E-01  7.6731723474E+00
  5.6304249234E-01  7.9090036143E+00
  5.8556419203E-01  8.1358910924E+00
  6.0808589173E-01  8.3536999072E+00
  6.3060759142E-01  8.5623106939E+00
  6.5312929112E-01  8.7616186195E+00
  6.7565099081E-01  8.9515323633E+00
  6.9817269050E-01  9.1319730714E+00
  7.2069439020E-01  9.3028733013E+00
  7.4321608989E-01  9.4641759690E+00
  7.6573778958E-01  9.6158333116E+00
  7.8825948928E-01  9.7578058765E+00
  8.1078118897E-01  9.8900615452E+00
  8.3330288866E-01  1.0012574603E+01
  8.5582458836E-01  1.0125324855E+01
  8.7834628805E-01  1.0228296804E+01
  9.0086798775E-01  1.0321478882E+01
  9.2338968744E-01  1.0404862748E+01
  9.4591138713E-01  1.0478442649E+01
  9.6843308683E-01  1.0542214851E+01
  9.9095478652E-01  1.0596177132E+01
  1.0134764862E+00  1.0640328349E+01
  1.0359981859E+00  1.0674668065E+01
  1.0585198856E+00  1.0699196254E+01
  1.0810415853E+00  1.0713913062E+01
  1.1035632850E+00  1.0718818644E+01
  1.1035632850E+00  1.0718818644E+01
  1.1165661944E+00  1.0728681708E+01
  1.1295691037E+00  1.0758174831E+01
  1.1425720131E+00  1.0807012034E+01
  1.1555749225E+00  1.0874723936E+01
  1.1685778319E+00  1.0960667908E+01
  1.1815807413E+00  1.1064040944E+01
  1.1945836506E+00  1.1183894022E+01
  1.2075865600E+00  1.1319146567E+01
  1.2205894694E+00  1.1468599488E+01
  1.2335923788E+00  1.1630945171E+01
  1.2465952882E+00  1.1804772705E+01
  1.2595981975E+00  1.1988566407E+01
  1.2726011069E+00  1.2180695489E+01
  1.2856040163E+00  1.2379392350E+01
  1.2986069257E+00  1.2582716963E+01
  1.3116098351E+00  1.2788505644E+01
  1.3246127444E+00  1.2994306111E+01
  1.3376156538E+00  1.3197310593E+01
  1.3506185632E+00  1.3394320349E+01
  1.3636214726E+00  1.3581811228E+01
  1.3766243820E+00  1.3756204106E+01
  1.3896272913E+00  1.3914413529E+01
  1.4026302007E+00  1.4054569649E+01
  1.4156331101E+00  1.4176549933E+01
  1.4286360195E+00  1.4281941980E+01
  1.4416389288E+00  1.4373449468E+01
  1.4546418382E+00  1.4454136637E+01
  1.4676447476E+00  1.4526875711E+01
  1.4806476570E+00  1.4594091213E+01
  1.4936505664E+00  1.4657715731E+01
  1.5066534757E+00  1.4719246180E+01
  1.5196563851E+00  1.4779828697E+01
  1.5326592945E+00  1.4840339191E+01
  1.5456622039E+00  1.4901448948E+01
  1.5586651133E+00  1.4963674547E+01
  1.5716680226E+00  1.5027414619E+01
  1.5846709320E+00  1.5092976488E+01
  1.5976738414E+00  1.5160595344E+01
  1.6106767508E+00  1.5230447967E+01
  1.6236796602E+00  1.5302662477E+01
  1.6366825695E+00  1.5377325134E+01
  1.6496854789E+00  1.5454484905E+01
  1.6626883883E+00  1.5534156237E+01
  1.6756912977E+00  1.5616320295E+01
  1.6886942071E+00  1.5700924714E+01
  1.7016971164E+00  1.5787881639E+01
  1.7147000258E+00  1.5877062820E+01
  1.7277029352E+00  1.5968282122E+01
  1.7407058446E+00  1.6059110518E+01
  1.7407058446E+00  1.6059110518E+01
  1.7667116633E+00  1.5883971681E+01
  1.7927174821E+00  1.5700561014E+01
  1.8187233008E+00  1.5509317226E+01
  1.8447291196E+00  1.5310612155E+01
  1.8707349384E+00  1.5104762057E+01
  1.8967407571E+00  1.4892036120E+01
  1.9227465759E+00  1.4672662871E+01
  1.9487523946E+00  1.4446835023E+01
  1.9747582134E+00  1.4214713170E+01
  2.0007640322E+00  1.3976428627E+01
  2.0267698509E+00  1.3732085666E+01
  2.0527756697E+00  1.3481763319E+01
  2.0787814884E+00  1.3225516897E+01
  2.1047873072E+00  1.2963379325E+01
  2.1307931260E+00  1.2695362394E+01
  2.1567989447E+00  1.2421457978E+01
  2.1828047635E+00  1.2141639293E+01
  2.2088105822E+00  1.1855862215E+01
  2.2348164010E+00  1.1564066714E+01
  2.2608222198E+00  1.1266178423E+01
  2.2868280385E+00  1.0962110361E+01
  2.3128338573E+00  1.0651764850E+01
  2.3388396760E+00  1.0335035623E+01
  2.3648454948E+00  1.0011810151E+01
  2.3908513135E+00  9.6819721865E+00
  2.4168571323E+00  9.3454045290E+00
  2.4428629511E+00  9.0019919740E+00
  2.4688687698E+00  8.6516244119E+00
  2.4948745886E+00  8.2941999815E+00
  2.5208804073E+00  7.9296281435E+00
  2.5468862261E+00  7.5578324701E+00
  2.5728920449E+00  7.1787528491E+00
  2.5988978636E+00  6.7923466842E+00
  2.6249036824E+00  6.3985884849E+00
  2.6509095011E+00  5.9974669754E+00
  2.6769153199E+00  5.5889784079E+00
  2.7029211387E+00  5.1577494213E+00
  2.7289269574E+00  4.7134393986E+00
  2.7549327762E+00  4.2719451638E+00
  2.7809385949E+00  3.8333890652E+00
  2.8069444137E+00  3.3978175913E+00
  2.8329502324E+00  2.9651981963E+00
  2.8589560512E+00  2.5109860647E+00
  2.8849618700E+00  2.0292239102E+00
  2.9109676887E+00  1.5236895180E+00
  2.9369735075E+00  9.6761120259E-01
  2.9629793262E+00 -5.7986870242E-02
  2.9889851450E+00 -6.3680627317E-01
  3.0149909638E+00 -2.2397010781E-04
  3.0149909638E+00 -2.2396980673E-04
  3.0270775325E+00  2.0780666251E-01
  3.0391641012E+00  4.1551581706E-01
  3.0512506700E+00  6.2303049150E-01
  3.0633372387E+00  8.3025372910E-01
  3.0754238074E+00  1.0370889967E+00
  3.0875103761E+00  1.2434402961E+00
  3.0995969449E+00  1.4492122918E+00
  3.1116835136E+00  1.6543104389E+00
  3.1237700823E+00  1.8586411097E+00
  3.1358566511E+00  2.0621117183E+00
  3.1479432198E+00  2.2646308429E+00
  3.1600297885E+00  2.4661083449E+00
  3.1721163573E+00  2.6664554851E+00
  3.1842029260E+00  2.8655850371E+00
  3.1962894947E+00  3.0634113959E+00
  3.2083760635E+00  3.2598506840E+00
  3.2204626322E+00  3.4548208520E+00
  3.2325492009E+00  3.6482417759E+00
  3.2446357697E+00  3.8400353493E+00
  3.2567223384E+00  4.0301255710E+00
  3.2688089071E+00  4.2184386269E+00
  3.2808954759E+00  4.4049029679E+00
  3.2929820446E+00  4.5894493817E+00
  3.3050686133E+00  4.7720110589E+00
  3.3171551820E+00  4.9525236539E+00
  3.3292417508E+00  5.1309253400E+00
  3.3413283195E+00  5.3071568585E+00
  3.3534148882E+00  5.4811615615E+00
  3.3655014570E+00  5.6528854498E+00
  3.3775880257E+00  5.8222772034E+00
  3.3896745944E+00  5.9892882068E+00
  3.4017611632E+00  6.1538725680E+00
  3.4138477319E+00  6.3159871312E+00
  3.4259343006E+00  6.4755914840E+00
  3.4380208694E+00  6.6326479581E+00
  3.4501074381E+00  6.7871216240E+00
  3.4621940068E+00  6.9389802806E+00
  3.4742805756E+00  7.0881944383E+00
  3.4863671443E+00  7.2347372967E+00
  3.4984537130E+00  7.3785847171E+00
  3.5105402817E+00  7.5197151893E+00
  3.5226268505E+00  7.6581097932E+00
  3.5347134192E+00  7.7937521560E+00
  3.5467999879E+00  7.9266284036E+00
  3.5588865567E+00  8.0567271082E+00
  3.5709731254E+00  8.1840392311E+00
  3.5830596941E+00  8.3085580613E+00
  3.5951462629E+00  8.4302791501E+00
  3.6072328316E+00  8.5492002422E+00
  3.6072328316E+00  8.5492002422E+00
  3.6297545313E+00  8.5575772452E+00
  3.6522762310E+00  8.5826099805E+00
  3.6747979307E+00  8.6240069914E+00
  3.6973196304E+00  8.6812934685E+00
  3.7198413301E+00  8.7538267826E+00
  3.7423630298E+00  8.8408165750E+00
  3.7648847295E+00  8.9413480148E+00
  3.7874064291E+00  9.0544067631E+00
  3.8099281288E+00  9.1789042578E+00
  3.8324498285E+00  9.3137021285E+00
  3.8549715282E+00  9.4576348103E+00
  3.8774932279E+00  9.6095297156E+00
  3.9000149276E+00  9.7682245955E+00
  3.9225366273E+00  9.9325819627E+00
  3.9450583270E+00  1.0101500629E+01
  3.9675800267E+00  1.0273924551E+01
  3.9901017264E+00  1.0448849243E+01
  4.0126234261E+00  1.0625326096E+01
  4.0351451258E+00  1.0802464891E+01
  4.0576668255E+00  1.0979434857E+01
  4.0801885252E+00  1.1155464536E+01
  4.1027102249E+00  1.1329840728E+01
  4.1252319246E+00  1.1501906727E+01
  4.1477536242E+00  1.1671060045E+01
  4.1702753239E+00  1.1836749776E+01
  4.1927970236E+00  1.1998473730E+01
  4.2153187233E+00  1.2155775431E+01
  4.2378404230E+00  1.2308241075E+01
  4.2603621227E+00  1.2455496496E+01
  4.2828838224E+00  1.2597204205E+01
  4.3054055221E+00  1.2733060514E+01
  4.3279272218E+00  1.2862792804E+01
  4.3504489215E+00  1.2986156923E+01
  4.3729706212E+00  1.3102934751E+01
  4.3954923209E+00  1.3212931928E+01
  4.4180140206E+00  1.3315975745E+01
  4.4405357203E+00  1.3411913208E+01
  4.4630574200E+00  1.3500609271E+01
  4.4855791197E+00  1.3486969736E+01
  4.5081008193E+00  1.3453257459E+01
  4.5306225190E+00  1.3422369352E+01
  4.5531442187E+00  1.3394579218E+01
  4.5756659184E+00  1.3370110129E+01
  4.5981876181E+00  1.3349140973E+01
  4.6207093178E+00  1.3331812363E+01
  4.6432310175E+00  1.3318231836E+01
  4.6657527172E+00  1.3308478254E+01
  4.6882744169E+00  1.3302605351E+01
  4.7107961166E+00  1.3300644310E+01
  4.7107961166E+00  1.3300644310E+01
  4.7237990260E+00  1.3267479647E+01
  4.7368019353E+00  1.3184215629E+01
  4.7498048447E+00  1.3075977136E+01
  4.7628077541E+00  1.2957505136E+01
  4.7758106635E+00  1.2835626441E+01
  4.7888135729E+00  1.2713477294E+01
  4.8018164822E+00  1.2592546080E+01
  4.8148193916E+00  1.2473543675E+01
  4.8278223010E+00  1.2356789358E+01
  4.8408252104E+00  1.2242395008E+01
  4.8538281198E+00  1.2130359879E+01
  4.8668310291E+00  1.2020622802E+01
  4.8798339385E+00  1.1913092671E+01
  4.8928368479E+00  1.1807667099E+01
  4.9058397573E+00  1.1704244246E+01
  4.9188426667E+00  1.1602730466E+01
  4.9318455760E+00  1.1503045274E+01
  4.9448484854E+00  1.1405124514E+01
  4.9578513948E+00  1.1308922270E+01
  4.9708543042E+00  1.1214411882E+01
  4.9838572136E+00  1.1121586305E+01
  4.9968601229E+00  1.1030457972E+01
  5.0098630323E+00  1.0941058292E+01
  5.0228659417E+00  1.0853436866E+01
  5.0358688511E+00  1.0767660487E+01
  5.0488717604E+00  1.0683811976E+01
  5.0618746698E+00  1.0601988894E+01
  5.0748775792E+00  1.0522302152E+01
  5.0878804886E+00  1.0444874544E+01
  5.1008833980E+00  1.0369839222E+01
  5.1138863073E+00  1.0297338120E+01
  5.1268892167E+00  1.0227520342E+01
  5.1398921261E+00  1.0160540520E+01
  5.1528950355E+00  1.0096557148E+01
  5.1658979449E+00  1.0035730904E+01
  5.1789008542E+00  9.9782229661E+00
  5.1919037636E+00  9.9241933265E+00
  5.2049066730E+00  9.8737991226E+00
  5.2179095824E+00  9.8271929895E+00
  5.2309124918E+00  9.7845214486E+00
  5.2439154011E+00  9.7459233474E+00
  5.2569183105E+00  9.7115283638E+00
  5.2699212199E+00  9.6814555924E+00
  5.2829241293E+00  9.6558122280E+00
  5.2959270387E+00  9.6346923629E+00
  5.3089299480E+00  9.6181759149E+00
  5.3219328574E+00  9.6063276978E+00
  5.3349357668E+00  9.5991966498E+00
  5.3479386762E+00  9.5968152289E+00
  5.3479386762E+00  9.5968152289E+00
  5.3739444949E+00  9.6063462985E+00
  5.3999503137E+00  9.6348391098E+00
  5.4259561324E+00  9.6819392376E+00
  5.4519619512E+00  9.7470309351E+00
  5.4779677700E+00  9.8292578376E+00
  5.5039735887E+00  9.9275509823E+00
  5.5299794075E+00  1.0040661645E+01
  5.5559852262E+00  1.0167196352E+01
  5.5819910450E+00  1.0305651564E+01
  5.6079968638E+00  1.0454445810E+01
  5.6340026825E+00  1.0611947508E+01
  5.6600085013E+00  1.0776497109E+01
  5.6860143200E+00  1.0946422575E+01
  5.7120201388E+00  1.1120047441E+01
  5.7380259576E+00  1.1295690731E+01
  5.7640317763E+00  1.1471657794E+01
  5.7900375951E+00  1.1646220465E+01
  5.8160434138E+00  1.1817583683E+01
  5.8420492326E+00  1.1983833248E+01
  5.8680550514E+00  1.2142854604E+01
  5.8940608701E+00  1.2292203149E+01
  5.9200666889E+00  1.2428887199E+01
  5.9460725076E+00  1.2548984602E+01
  5.9720783264E+00  1.2646933989E+01
  5.9980841451E+00  1.2714220166E+01
  6.0240899639E+00  1.2737258296E+01
  6.0500957827E+00  1.2696120244E+01
  6.0761016014E+00  1.2571891412E+01
  6.1021074202E+00  1.2366254581E+01
  6.1281132389E+00  1.2104480741E+01
  6.1541190577E+00  1.1814045842E+01
  6.1801248765E+00  1.1513178858E+01
  6.2061306952E+00  1.1212400378E+01
  6.2321365140E+00  1.0917895896E+01
  6.2581423327E+00  1.0633584241E+01
  6.2841481515E+00  1.0362164634E+01
  6.3101539703E+00  1.0105635031E+01
  6.3361597890E+00  9.8655549826E+00
  6.3621656078E+00  9.6431838954E+00
  6.3881714265E+00  9.4395569086E+00
  6.4141772453E+00  9.2555289519E+00
  6.4401830640E+00  9.0918026232E+00
  6.4661888828E+00  8.9489481109E+00
  6.4921947016E+00  8.8274194746E+00
  6.5182005203E+00  8.7275693550E+00
  6.5442063391E+00  8.6496628270E+00
  6.5702121578E+00  8.5938902663E+00
  6.5962179766E+00  8.5603786157E+00
  6.6222237954E+00  8.5492002422E+00

  0.0000000000E+00  2.2397001655E-04
  2.2521699694E-02  3.6314317689E-01
  4.5043399387E-02  7.2579057840E-01
  6.7565099081E-02  1.0874482394E+00
  9.0086798775E-02  1.4476252076E+00
  1.1260849847E-01  1.8058352698E+00
  1.3513019816E-01  2.1615984960E+00
  1.5765189786E-01  2.5429347718E+00
  1.8017359755E-01  2.9486441184E+00
  2.0269529724E-01  3.3465855063E+00
  2.2521699694E-01  3.7382037783E+00
  2.4773869663E-01  4.1243499459E+00
  2.7026039632E-01  4.5055426887E+00
  2.9278209602E-01  4.8821042115E+00
  3.1530379571E-01  5.2542364892E+00
  3.3782549540E-01  5.6220667173E+00
  3.6034719510E-01  5.9856756870E+00
  3.8286889479E-01  6.3451160882E+00
  4.0539059449E-01  6.7004245208E+00
  4.2791229418E-01  7.0516293591E+00
  4.5043399387E-01  7.3987557332E+00
  4.7295569357E-01  7.7418283970E+00
  4.9547739326E-01  8.0808729602E+00
  5.1799909295E-01  8.4159157807E+00
  5.4052079265E-01  8.7469826944E+00
  5.6304249234E-01  9.0740966798E+00
  5.8556419203E-01  9.3972744862E+00
  6.0808589173E-01  9.7165222060E+00
  6.3060759142E-01  1.0031829715E+01
  6.5312929112E-01  1.0343163849E+01
  6.7565099081E-01  1.0650460133E+01
  6.9817269050E-01  1.0953612770E+01
  7.2069439020E-01  1.1252462545E+01
  7.4321608989E-01  1.1546782147E+01
  7.6573778958E-01  1.1836258266E+01
  7.8825948928E-01  1.2120469674E+01
  8.1078118897E-01  1.2398860284E+01
  8.3330288866E-01  1.2670706013E+01
  8.5582458836E-01  1.2935074206E+01
  8.7834628805E-01  1.3190774510E+01
  9.0086798775E-01  1.3436300829E+01
  9.2338968744E-01  1.3669765795E+01
  9.4591138713E-01  1.3888832978E+01
  9.6843308683E-01  1.4090659098E+01
  9.9095478652E-01  1.4271869629E+01
  1.0134764862E+00  1.4428605882E+01
  1.0359981859E+00  1.4556693845E+01
  1.0585198856E+00  1.4651980227E+01
  1.0810415853E+00  1.4710838375E+01
  1.1035632850E+00  1.4730758194E+01
  1.1035632850E+00  1.4730758194E+01
  1.1165661944E+00  1.4731113489E+01
  1.1295691037E+00  1.4732191689E+01
  1.1425720131E+00  1.4734029996E+01
  1.1555749225E+00  1.4736691331E+01
  1.1685778319E+00  1.4740265814E+01
  1.1815807413E+00  1.4744873057E+01
  1.1945836506E+00  1.4750665505E+01
  1.2075865600E+00  1.4757833178E+01
  1.2205894694E+00  1.4766610300E+01
  1.2335923788E+00  1.4777284512E+01
  1.2465952882E+00  1.4790209651E+01
  1.2595981975E+00  1.4805823447E+01
  1.2726011069E+00  1.4824671969E+01
  1.2856040163E+00  1.4847443114E+01
  1.2986069257E+00  1.4875011685E+01
  1.3116098351E+00  1.4908497831E+01
  1.3246127444E+00  1.4949337127E+01
  1.3376156538E+00  1.4999350745E+01
  1.3506185632E+00  1.5060782607E+01
  1.3636214726E+00  1.5136234141E+01
  1.3766243820E+00  1.5228393023E+01
  1.3896272913E+00  1.5339482831E+01
  1.4026302007E+00  1.5470538681E+01
  1.4156331101E+00  1.5620872546E+01
  1.4286360195E+00  1.5788107012E+01
  1.4416389288E+00  1.5968765439E+01
  1.4546418382E+00  1.6159022859E+01
  1.4676447476E+00  1.6355252187E+01
  1.4806476570E+00  1.6554268363E+01
  1.4936505664E+00  1.6753342072E+01
  1.5066534757E+00  1.6950019462E+01
  1.5196563851E+00  1.7141043701E+01
  1.5326592945E+00  1.7272260563E+01
  1.5456622039E+00  1.7231043335E+01
  1.5586651133E+00  1.7175599823E+01
  1.5716680226E+00  1.7115433337E+01
  1.5846709320E+00  1.7051437621E+01
  1.5976738414E+00  1.6983994421E+01
  1.6106767508E+00  1.6913362192E+01
  1.6236796602E+00  1.6839745834E+01
  1.6366825695E+00  1.6763317956E+01
  1.6496854789E+00  1.6684228071E+01
  1.6626883883E+00  1.6602607688E+01
  1.6756912977E+00  1.6518573691E+01
  1.6886942071E+00  1.6432230874E+01
  1.7016971164E+00  1.6343674225E+01
  1.7147000258E+00  1.6252992195E+01
  1.7277029352E+00  1.6160280328E+01
  1.7407058446E+00  1.6067819704E+01
  1.7407058446E+00  1.6067819704E+01
  1.7667116633E+00  1.6247827533E+01
  1.7927174821E+00  1.6429814202E+01
  1.8187233008E+00  1.6608803469E+01
  1.8447291196E+00  1.6776149868E+01
  1.8707349384E+00  1.6916415390E+01
  1.8967407571E+00  1.7003648274E+01
  1.9227465759E+00  1.7005430586E+01
  1.9487523946E+00  1.6905686585E+01
  1.9747582134E+00  1.6719032449E+01
  2.0007640322E+00  1.6471298194E+01
  2.0267698509E+00  1.6182163439E+01
  2.0527756697E+00  1.5863648715E+01
  2.0787814884E+00  1.5522962933E+01
  2.1047873072E+00  1.5164654627E+01
  2.1307931260E+00  1.4791791622E+01
  2.1567989447E+00  1.4406579513E+01
  2.1828047635E+00  1.4010695004E+01
  2.2088105822E+00  1.3605474597E+01
  2.2348164010E+00  1.3192027243E+01
  2.2608222198E+00  1.2771305092E+01
  2.2868280385E+00  1.2344149972E+01
  2.3128338573E+00  1.1911325056E+01
  2.3388396760E+00  1.1473537015E+01
  2.3648454948E+00  1.1031451735E+01
  2.3908513135E+00  1.0585705425E+01
  2.4168571323E+00  1.0136912264E+01
  2.4428629511E+00  9.6856692918E+00
  2.4688687698E+00  9.2325590369E+00
  2.4948745886E+00  8.7781501841E+00
  2.5208804073E+00  8.3229965462E+00
  2.5468862261E+00  7.8676345264E+00
  2.5728920449E+00  7.4125792635E+00
  2.5988978636E+00  6.9583196469E+00
  2.6249036824E+00  6.5053124152E+00
  2.6509095011E+00  6.0539755753E+00
  2.6769153199E+00  5.6046814165E+00
  2.7029211387E+00  5.1731140091E+00
  2.7289269574E+00  4.7498380952E+00
  2.7549327762E+00  4.3190506934E+00
  2.7809385949E+00  3.8805229659E+00
  2.8069444137E+00  3.4337815383E+00
  2.8329502324E+00  2.9778886011E+00
  2.8589560512E+00  2.5354173860E+00
  2.8849618700E+00  2.1082800666E+00
  2.9109676887E+00  1.6835102858E+00
  2.9369735075E+00  1.2607538708E+00
  2.9629793262E+00  8.3958403262E-01
  2.9889851450E+00  4.1951145742E-01
  3.0149909638E+00  2.2397032736E-04
  3.0149909638E+00  2.2396977918E-04
  3.0270775325E+00  2.0780666252E-01
  3.0391641012E+00  4.1551581706E-01
  3.0512506700E+00  6.2303049150E-01
  3.0633372387E+00  8.3025372911E-01
  3.0754238074E+00  1.0370889967E+00
  3.0875103761E+00  1.2434402961E+00
  3.0995969449E+00  1.4492122918E+00
  3.1116835136E+00  1.6543104389E+00
  3.1237700823E+00  1.8586411097E+00
  3.1358566511E+00  2.0621117183E+00
  3.1479432198E+00  2.2646308429E+00
  3.1600297885E+00  2.4661083449E+00
  3.1721163573E+00  2.6664554851E+00
  3.1842029260E+00  2.8655850371E+00
  3.1962894947E+00  3.0634113959E+00
  3.2083760635E+00  3.2598506840E+00
  3.2204626322E+00  3.4548208520E+00
  3.2325492009E+00  3.6482417759E+00
  3.2446357697E+00  3.8400353493E+00
  3.2567223384E+00  4.0301255710E+00
  3.2688089071E+00  4.2184386269E+00
  3.2808954759E+00  4.4049029679E+00
  3.2929820446E+00  4.5894493817E+00
  3.3050686133E+00  4.7720110589E+00
  3.3171551820E+00  4.9525236539E+00
  3.3292417508E+00  5.1309253400E+00
  3.3413283195E+00  5.3071568585E+00
  3.3534148882E+00  5.4811615615E+00
  3.3655014570E+00  5.6528854498E+00
  3.3775880257E+00  5.8222772034E+00
  3.3896745944E+00  5.9892882068E+00
  3.4017611632E+00  6.1538725680E+00
  3.4138477319E+00  6.3159871312E+00
  3.4259343006E+00  6.4755914840E+00
  3.4380208694E+00  6.6326479581E+00
  3.4501074381E+00  6.7871216240E+00
  3.4621940068E+00  6.9389802806E+00
  3.4742805756E+00  7.0881944383E+00
  3.4863671443E+00  7.2347372967E+00
  3.4984537130E+00  7.3785847171E+00
  3.5105402817E+00  7.5197151893E+00
  3.5226268505E+00  7.6581097932E+00
  3.5347134192E+00  7.7937521560E+00
  3.5467999879E+00  7.9266284036E+00
  3.5588865567E+00  8.0567271082E+00
  3.5709731254E+00  8.1840392311E+00
  3.5830596941E+00  8.3085580613E+00
  3.5951462629E+00  8.4302791501E+00
  3.6072328316E+00  8.5492002422E+00
  3.6072328316E+00  8.5492002422E+00
  3.6297545313E+00  8.5575772452E+00
  3.6522762310E+00  8.5826099805E+00
  3.6747979307E+00  8.6240069914E+00
  3.6973196304E+00  8.6812934685E+00
  3.7198413301E+00  8.7538267826E+00
  3.7423630298E+00  8.8408165750E+00
  3.7648847295E+00  8.9413480148E+00
  3.7874064291E+00  9.0544067631E+00
  3.8099281288E+00  9.1789042578E+00
  3.8324498285E+00  9.3137021285E+00
  3.8549715282E+00  9.4576348103E+00
  3.8774932279E+00  9.6095297156E+00
  3.9000149276E+00  9.7682245955E+00
  3.9225366273E+00  9.9325819627E+00
  3.9450583270E+00  1.0101500629E+01
  3.9675800267E+00  1.0273924551E+01
  3.9901017264E+00  1.0448849243E+01
  4.0126234261E+00  1.0625326096E+01
  4.0351451258E+00  1.0802464891E+01
  4.0576668255E+00  1.0979434857E+01
  4.0801885252E+00  1.1155464536E+01
  4.1027102249E+00  1.1329840728E+01
  4.1252319246E+00  1.1501906727E+01
  4.1477536242E+00  1.1671060045E+01
  4.1702753239E+00  1.1836749776E+01
  4.1927970236E+00  1.1998473730E+01
  4.2153187233E+00  1.2155775431E+01
  4.2378404230E+00  1.2308241075E+01
  4.2603621227E+00  1.2455496496E+01
  4.2828838224E+00  1.2597204205E+01
  4.3054055221E+00  1.2733060514E+01
  4.3279272218E+00  1.2862792804E+01
  4.3504489215E+00  1.2986156923E+01
  4.3729706212E+00  1.3102934751E+01
  4.3954923209E+00  1.3212931928E+01
  4.4180140206E+00  1.3315975745E+01
  4.4405357203E+00  1.3411913208E+01
  4.4630574200E+00  1.3500609271E+01
  4.4855791197E+00  1.3486969736E+01
  4.5081008193E+00  1.3453257459E+01
  4.5306225190E+00  1.3422369352E+01
  4.5531442187E+00  1.3394579218E+01
  4.5756659184E+00  1.3370110129E+01
  4.5981876181E+00  1.3349140973E+01
  4.6207093178E+00  1.3331812363E+01
  4.6432310175E+00  1.3318231836E+01
  4.6657527172E+00  1.3308478254E+01
  4.6882744169E+00  1.3302605351E+01
  4.7107961166E+00  1.3300644310E+01
  4.7107961166E+00  1.3300644310E+01
  4.7237990260E+00  1.3267479647E+01
  4.7368019353E+00  1.3184215629E+01
  4.7498048447E+00  1.3075977136E+01
  4.7628077541E+00  1.2957505136E+01
  4.7758106635E+00  1.2835626441E+01
  4.7888135729E+00  1.2713477294E+01
  4.8018164822E+00  1.2592546080E+01
  4.8148193916E+00  1.2473543675E+01
  4.8278223010E+00  1.2356789358E+01
  4.8408252104E+00  1.2242395008E+01
  4.8538281198E+00  1.2130359879E+01
  4.8668310291E+00  1.2020622802E+01
  4.8798339385E+00  1.1913092671E+01
  4.8928368479E+00  1.1807667099E+01
  4.9058397573E+00  1.1704244246E+01
  4.9188426667E+00  1.1602730466E+01
  4.9318455760E+00  1.1503045274E+01
  4.9448484854E+00  1.1405124514E+01
  4.9578513948E+00  1.1308922270E+01
  4.9708543042E+00  1.1214411882E+01
  4.9838572136E+00  1.1121586305E+01
  4.9968601229E+00  1.1030457972E+01
  5.0098630323E+00  1.0941058292E+01
  5.0228659417E+00  1.0853436866E+01
  5.0358688511E+00  1.0767660487E+01
  5.0488717604E+00  1.0683811976E+01
  5.0618746698E+00  1.0601988894E+01
  5.0748775792E+00  1.0522302152E+01
  5.0878804886E+00  1.0444874544E+01
  5.1008833980E+00  1.0369839222E+01
  5.1138863073E+00  1.0297338120E+01
  5.1268892167E+00  1.0227520342E+01
  5.1398921261E+00  1.0160540520E+01
  5.1528950355E+00  1.0096557148E+01
  5.1658979449E+00  1.0035730904E+01
  5.1789008542E+00  9.9782229661E+00
  5.1919037636E+00  9.9241933265E+00
  5.2049066730E+00  9.8737991226E+00
  5.2179095824E+00  9.8271929895E+00
  5.2309124918E+00  9.7845214486E+00
  5.2439154011E+00  9.7459233474E+00
  5.2569183105E+00  9.7115283638E+00
  5.2699212199E+00  9.6814555924E+00
  5.2829241293E+00  9.6558122280E+00
  5.2959270387E+00  9.6346923629E+00
  5.3089299480E+00  9.6181759149E+00
  5.3219328574E+00  9.6063276978E+00
  5.3349357668E+00  9.5991966498E+00
  5.3479386762E+00  9.5968152289E+00
  5.3479386762E+00  9.5968152289E+00
  5.3739444949E+00  9.6063462985E+00
  5.3999503137E+00  9.6348391098E+00
  5.4259561324E+00  9.6819392376E+00
  5.4519619512E+00  9.7470309351E+00
  5.4779677700E+00  9.8292578376E+00
  5.5039735887E+00  9.9275509823E+00
  5.5299794075E+00  1.0040661645E+01
  5.5559852262E+00  1.0167196352E+01
  5.5819910450E+00  1.0305651564E+01
  5.6079968638E+00  1.0454445810E+01
  5.6340026825E+00  1.0611947508E+01
  5.6600085013E+00  1.0776497109E+01
  5.6860143200E+00  1.0946422575E+01
  5.7120201388E+00  1.1120047441E+01
  5.7380259576E+00  1.1295690731E+01
  5.7640317763E+00  1.1471657794E+01
  5.7900375951E+00  1.1646220465E+01
  5.8160434138E+00  1.1817583683E+01
  5.8420492326E+00  1.1983833248E+01
  5.8680550514E+00  1.2142854604E+01
  5.8940608701E+00  1.2292203149E+01
  5.9200666889E+00  1.2428887199E+01
  5.9460725076E+00  1.2548984602E+01
  5.9720783264E+00  1.2646933989E+01
  5.9980841451E+00  1.2714220166E+01
  6.0240899639E+00  1.2737258296E+01
  6.0500957827E+00  1.2696120244E+01
  6.0761016014E+00  1.2571891412E+01
  6.1021074202E+00  1.2366254581E+01
  6.1281132389E+00  1.2104480741E+01
  6.1541190577E+00  1.1814045842E+01
  6.1801248765E+00  1.1513178858E+01
  6.2061306952E+00  1.1212400378E+01
  6.2321365140E+00  1.0917895896E+01
  6.2581423327E+00  1.0633584241E+01
  6.2841481515E+00  1.0362164634E+01
  6.3101539703E+00  1.0105635031E+01
  6.3361597890E+00  9.8655549826E+00
  6.3621656078E+00  9.6431838954E+00
  6.3881714265E+00  9.4395569086E+00
  6.4141772453E+00  9.2555289519E+00
  6.4401830640E+00  9.0918026232E+00
  6.4661888828E+00  8.9489481109E+00
  6.4921947016E+00  8.8274194746E+00
  6.5182005203E+00  8.7275693550E+00
  6.5442063391E+00  8.6496628270E+00
  6.5702121578E+00  8.5938902663E+00
  6.5962179766E+00  8.5603786157E+00
  6.6222237954E+00  8.5492002422E+00

  0.0000000000E+00  2.2397055181E-04
  2.2521699694E-02  1.1958645887E+00
  4.5043399387E-02  2.0630137260E+00
  6.7565099081E-02  2.9449639299E+00
  9.0086798775E-02  3.8392353956E+00
  1.1260849847E-01  4.7388507671E+00
  1.3513019816E-01  5.6389603444E+00
  1.5765189786E-01  6.5362671931E+00
  1.8017359755E-01  7.4283449798E+00
  2.0269529724E-01  8.3132510008E+00
  2.2521699694E-01  9.1893232575E+00
  2.4773869663E-01  1.0055074047E+01
  2.7026039632E-01  1.0909133740E+01
  2.9278209602E-01  1.1750221328E+01
  3.1530379571E-01  1.2368894523E+01
  3.3782549540E-01  1.2510032328E+01
  3.6034719510E-01  1.2654870217E+01
  3.8286889479E-01  1.2802583005E+01
  4.0539059449E-01  1.2952375266E+01
  4.2791229418E-01  1.3103485438E+01
  4.5043399387E-01  1.3255188776E+01
  4.7295569357E-01  1.3406799304E+01
  4.9547739326E-01  1.3557670904E+01
  5.1799909295E-01  1.3707197659E+01
  5.4052079265E-01  1.3854813606E+01
  5.6304249234E-01  1.3999991995E+01
  5.8556419203E-01  1.4142244179E+01
  6.0808589173E-01  1.4281118209E+01
  6.3060759142E-01  1.4416197240E+01
  6.5312929112E-01  1.4547097796E+01
  6.7565099081E-01  1.4673467961E+01
  6.9817269050E-01  1.4794985545E+01
  7.2069439020E-01  1.4911356261E+01
  7.4321608989E-01  1.5022311940E+01
  7.6573778958E-01  1.5127608812E+01
  7.8825948928E-01  1.5227025872E+01
  8.1078118897E-01  1.5320363333E+01
  8.3330288866E-01  1.5407441185E+01
  8.5582458836E-01  1.5488097867E+01
  8.7834628805E-01  1.5562189040E+01
  9.0086798775E-01  1.5629586478E+01
  9.2338968744E-01  1.5690177065E+01
  9.4591138713E-01  1.5743861903E+01
  9.6843308683E-01  1.5790555524E+01
  9.9095478652E-01  1.5830185202E+01
  1.0134764862E+00  1.5862690373E+01
  1.0359981859E+00  1.5888022138E+01
  1.0585198856E+00  1.5906142871E+01
  1.0810415853E+00  1.5917025915E+01
  1.1035632850E+00  1.5920655359E+01
  1.1035632850E+00  1.5920655359E+01
  1.1165661944E+00  1.5926736181E+01
  1.1295691037E+00  1.5944902247E+01
  1.1425720131E+00  1.5974924419E+01
  1.1555749225E+00  1.6016420944E+01
  1.1685778319E+00  1.6068857553E+01
  1.1815807413E+00  1.6131547397E+01
  1.1945836506E+00  1.6203650699E+01
  1.2075865600E+00  1.6284174163E+01
  1.2205894694E+00  1.6371970374E+01
  1.2335923788E+00  1.6465737906E+01
  1.2465952882E+00  1.6564023462E+01
  1.2595981975E+00  1.6665228308E+01
  1.2726011069E+00  1.6767622259E+01
  1.2856040163E+00  1.6869369481E+01
  1.2986069257E+00  1.6968570676E+01
  1.3116098351E+00  1.7063325056E+01
  1.3246127444E+00  1.7151812140E+01
  1.3376156538E+00  1.7232387439E+01
  1.3506185632E+00  1.7303679057E+01
  1.3636214726E+00  1.7364667115E+01
  1.3766243820E+00  1.7414728399E+01
  1.3896272913E+00  1.7453636183E+01
  1.4026302007E+00  1.7481517155E+01
  1.4156331101E+00  1.7498778185E+01
  1.4286360195E+00  1.7506020824E+01
  1.4416389288E+00  1.7503959867E+01
  1.4546418382E+00  1.7493356878E+01
  1.4676447476E+00  1.7474973902E+01
  1.4806476570E+00  1.7449550310E+01
  1.4936505664E+00  1.7417813500E+01
  1.5066534757E+00  1.7380594349E+01
  1.5196563851E+00  1.7339820060E+01
  1.5326592945E+00  1.7348532672E+01
  1.5456622039E+00  1.7518406747E+01
  1.5586651133E+00  1.7690403107E+01
  1.5716680226E+00  1.7854283504E+01
  1.5846709320E+00  1.8008502767E+01
  1.5976738414E+00  1.8152106730E+01
  1.6106767508E+00  1.8284344979E+01
  1.6236796602E+00  1.8404606544E+01
  1.6366825695E+00  1.8512406317E+01
  1.6496854789E+00  1.8607384301E+01
  1.6626883883E+00  1.8689308422E+01
  1.6756912977E+00  1.8758077488E+01
  1.6886942071E+00  1.8813722721E+01
  1.7016971164E+00  1.8856407203E+01
  1.7147000258E+00  1.8886423221E+01
  1.7277029352E+00  1.8904188148E+01
  1.7407058446E+00  1.8910240052E+01
  1.7407058446E+00  1.8910240052E+01
  1.7667116633E+00  1.8886742469E+01
  1.7927174821E+00  1.8824033716E+01
  1.8187233008E+00  1.8730791862E+01
  1.8447291196E+00  1.8619348738E+01
  1.8707349384E+00  1.8508533298E+01
  1.8967407571E+00  1.8427220555E+01
  1.9227465759E+00  1.8410200693E+01
  1.9487523946E+00  1.8475348777E+01
  1.9747582134E+00  1.8609288753E+01
  2.0007640322E+00  1.8786901443E+01
  2.0267698509E+00  1.8988721986E+01
  2.0527756697E+00  1.9202477592E+01
  2.0787814884E+00  1.9420261317E+01
  2.1047873072E+00  1.9636393391E+01
  2.1307931260E+00  1.9846246697E+01
  2.1567989447E+00  1.9760592975E+01
  2.1828047635E+00  1.9408983953E+01
  2.2088105822E+00  1.9054711271E+01
  2.2348164010E+00  1.8698516192E+01
  2.2608222198E+00  1.8341105611E+01
  2.2868280385E+00  1.7983168675E+01
  2.3128338573E+00  1.7625389768E+01
  2.3388396760E+00  1.7268458702E+01
  2.3648454948E+00  1.6913078657E+01
  2.3908513135E+00  1.6559972108E+01
  2.4168571323E+00  1.6209884724E+01
  2.4428629511E+00  1.5863586892E+01
  2.4688687698E+00  1.5521871955E+01
  2.4948745886E+00  1.5185549183E+01
  2.5208804073E+00  1.4855426884E+01
  2.5468862261E+00  1.4532274316E+01
  2.5728920449E+00  1.4216730468E+01
  2.5988978636E+00  1.3909053502E+01
  2.6249036824E+00  1.3608260818E+01
  2.6509095011E+00  1.3307871459E+01
  2.6769153199E+00  1.2956704587E+01
  2.7029211387E+00  1.2282948994E+01
  2.7289269574E+00  1.1387453024E+01
  2.7549327762E+00  1.0442745044E+01
  2.7809385949E+00  9.4719595526E+00
  2.8069444137E+00  8.4813281819E+00
  2.8329502324E+00  7.4744828595E+00
  2.8589560512E+00  6.4546226071E+00
  2.8849618700E+00  5.4252167658E+00
  2.9109676887E+00  4.3905942718E+00
  2.9369735075E+00  3.3568952879E+00
  2.9629793262E+00  2.3335673372E+00
  2.9889851450E+00  1.3299364734E+00
  3.0149909638E+00  2.2397105311E-04
  3.0149909638E+00  2.2397065199E-04
  3.0270775325E+00  4.9636565141E-01
  3.0391641012E+00  9.9260140234E-01
  3.0512506700E+00  1.4885771947E+00
  3.0633372387E+00  1.9841630973E+00
  3.0754238074E+00  2.4792292020E+00
  3.0875103761E+00  2.9736456432E+00
  3.0995969449E+00  3.4672826118E+00
  3.1116835136E+00  3.9600103678E+00
  3.1237700823E+00  4.4516992541E+00
  3.1358566511E+00  4.9422197113E+00
  3.1479432198E+00  5.4314422929E+00
  3.1600297885E+00  5.9192376823E+00
  3.1721163573E+00  6.4054767108E+00
  3.1842029260E+00  6.8900303771E+00
  3.1962894947E+00  7.3727698682E+00
  3.2083760635E+00  7.8535665821E+00
  3.2204626322E+00  8.3322921526E+00
  3.2325492009E+00  8.8088184750E+00
  3.2446357697E+00  9.2830177353E+00
  3.2567223384E+00  9.7547624400E+00
  3.2688089071E+00  1.0223925449E+01
  3.2808954759E+00  1.0690380011E+01
  3.2929820446E+00  1.0691214909E+01
  3.3050686133E+00  1.0640706801E+01
  3.3171551820E+00  1.0587827259E+01
  3.3292417508E+00  1.0532552580E+01
  3.3413283195E+00  1.0474858897E+01
  3.3534148882E+00  1.0414722260E+01
  3.3655014570E+00  1.0352118728E+01
  3.3775880257E+00  1.0287024458E+01
  3.3896745944E+00  1.0219415801E+01
  3.4017611632E+00  1.0149269389E+01
  3.4138477319E+00  1.0076562238E+01
  3.4259343006E+00  1.0001271838E+01
  3.4380208694E+00  9.9233762489E+00
  3.4501074381E+00  9.8428542027E+00
  3.4621940068E+00  9.7596851961E+00
  3.4742805756E+00  9.6738495902E+00
  3.4863671443E+00  9.5853287074E+00
  3.4984537130E+00  9.4941049286E+00
  3.5105402817E+00  9.4001617898E+00
  3.5226268505E+00  9.3034840785E+00
  3.5347134192E+00  9.2040579282E+00
  3.5467999879E+00  9.1018709125E+00
  3.5588865567E+00  8.9969121377E+00
  3.5709731254E+00  8.8891723333E+00
  3.5830596941E+00  8.7786439413E+00
  3.5951462629E+00  8.6653212026E+00
  3.6072328316E+00  8.5492002422E+00
  3.6072328316E+00  8.5492002422E+00
  3.6297545313E+00  8.5836779317E+00
  3.6522762310E+00  8.6856211860E+00
  3.6747979307E+00  8.8507339295E+00
  3.6973196304E+00  9.0723841061E+00
  3.7198413301E+00  9.3422465138E+00
  3.7423630298E+00  9.6509763011E+00
  3.7648847295E+00  9.9888055109E+00
  3.7874064291E+00  1.0346011546E+01
  3.8099281288E+00  1.0713256303E+01
  3.8324498285E+00  1.1081823981E+01
  3.8549715282E+00  1.1443794054E+01
  3.8774932279E+00  1.1792179683E+01
  3.9000149276E+00  1.2121047879E+01
  3.9225366273E+00  1.2425621781E+01
  3.9450583270E+00  1.2702352470E+01
  3.9675800267E+00  1.2948941761E+01
  3.9901017264E+00  1.3164300623E+01
  4.0126234261E+00  1.3348439013E+01
  4.0351451258E+00  1.3502297295E+01
  4.0576668255E+00  1.3627541152E+01
  4.0801885252E+00  1.3726346697E+01
  4.1027102249E+00  1.3801199819E+01
  4.1252319246E+00  1.3854726159E+01
  4.1477536242E+00  1.3889559150E+01
  4.1702753239E+00  1.3908246074E+01
  4.1927970236E+00  1.3913187342E+01
  4.2153187233E+00  1.3906602128E+01
  4.2378404230E+00  1.3890513283E+01
  4.2603621227E+00  1.3866745372E+01
  4.2828838224E+00  1.3836930973E+01
  4.3054055221E+00  1.3802521691E+01
  4.3279272218E+00  1.3764801459E+01
  4.3504489215E+00  1.3724900577E+01
  4.3729706212E+00  1.3683809562E+01
  4.3954923209E+00  1.3642392319E+01
  4.4180140206E+00  1.3601398422E+01
  4.4405357203E+00  1.3561474460E+01
  4.4630574200E+00  1.3523174498E+01
  4.4855791197E+00  1.3581945223E+01
  4.5081008193E+00  1.3655817244E+01
  4.5306225190E+00  1.3722135105E+01
  4.5531442187E+00  1.3780821019E+01
  4.5756659184E+00  1.3831808630E+01
  4.5981876181E+00  1.3875042141E+01
  4.6207093178E+00  1.3910475569E+01
  4.6432310175E+00  1.3938072119E+01
  4.6657527172E+00  1.3957803687E+01
  4.6882744169E+00  1.3969650472E+01
  4.7107961166E+00  1.3973600703E+01
  4.7107961166E+00  1.3973600703E+01
  4.7237990260E+00  1.4012141642E+01
  4.7368019353E+00  1.4111499667E+01
  4.7498048447E+00  1.4246445994E+01
  4.7628077541E+00  1.4402068298E+01
  4.7758106635E+00  1.4571303613E+01
  4.7888135729E+00  1.4750718327E+01
  4.8018164822E+00  1.4938469856E+01
  4.8148193916E+00  1.5133441326E+01
  4.8278223010E+00  1.5334861187E+01
  4.8408252104E+00  1.5542124860E+01
  4.8538281198E+00  1.5754705966E+01
  4.8668310291E+00  1.5972110122E+01
  4.8798339385E+00  1.6193850313E+01
  4.8928368479E+00  1.6419433832E+01
  4.9058397573E+00  1.6648355673E+01
  4.9188426667E+00  1.6880095665E+01
  4.9318455760E+00  1.7114117782E+01
  4.9448484854E+00  1.7349870707E+01
  4.9578513948E+00  1.7586789090E+01
  4.9708543042E+00  1.7824295151E+01
  4.9838572136E+00  1.8061800378E+01
  4.9968601229E+00  1.8298707205E+01
  5.0098630323E+00  1.8534410559E+01
  5.0228659417E+00  1.8768299251E+01
  5.0358688511E+00  1.8999757183E+01
  5.0488717604E+00  1.9228164392E+01
  5.0618746698E+00  1.9452897957E+01
  5.0748775792E+00  1.9673332822E+01
  5.0878804886E+00  1.9888842595E+01
  5.1008833980E+00  2.0098800418E+01
  5.1138863073E+00  2.0302579998E+01
  5.1268892167E+00  2.0499556904E+01
  5.1398921261E+00  2.0689110276E+01
  5.1528950355E+00  2.0870625055E+01
  5.1658979449E+00  2.1043494870E+01
  5.1789008542E+00  2.1207125723E+01
  5.1919037636E+00  2.1360940535E+01
  5.2049066730E+00  2.1504384648E+01
  5.2179095824E+00  2.1636932246E+01
  5.2309124918E+00  2.1758093634E+01
  5.2439154011E+00  2.1867423171E+01
  5.2569183105E+00  2.1964527578E+01
  5.2699212199E+00  2.2049074199E+01
  5.2829241293E+00  2.2120798753E+01
  5.2959270387E+00  2.2179512001E+01
  5.3089299480E+00  2.2225104827E+01
  5.3219328574E+00  2.2257551236E+01
  5.3349357668E+00  2.2276908952E+01
  5.3479386762E+00  2.2283317447E+01
  5.3479386762E+00  2.2283317447E+01
  5.3739444949E+00  2.2258224406E+01
  5.3999503137E+00  2.2184800955E+01
  5.4259561324E+00  2.2066408071E+01
  5.4519619512E+00  2.1906913636E+01
  5.4779677700E+00  2.1710389957E+01
  5.5039735887E+00  2.1480875799E+01
  5.5299794075E+00  2.1222216682E+01
  5.5559852262E+00  2.0937976536E+01
  5.5819910450E+00  2.0631403929E+01
  5.6079968638E+00  2.0305434701E+01
  5.6340026825E+00  1.9962715877E+01
  5.6600085013E+00  1.9605640151E+01
  5.6860143200E+00  1.9236384307E+01
  5.7120201388E+00  1.8856948062E+01
  5.7380259576E+00  1.8469192094E+01
  5.7640317763E+00  1.8074875651E+01
  5.7900375951E+00  1.7675695539E+01
  5.8160434138E+00  1.7273329949E+01
  5.8420492326E+00  1.6869493148E+01
  5.8680550514E+00  1.6466011774E+01
  5.8940608701E+00  1.6064942868E+01
  5.9200666889E+00  1.5668773014E+01
  5.9460725076E+00  1.5280778215E+01
  5.9720783264E+00  1.4905704319E+01
  5.9980841451E+00  1.4551049876E+01
  6.0240899639E+00  1.4229149113E+01
  6.0500957827E+00  1.3958415653E+01
  6.0761016014E+00  1.3755965018E+01
  6.1021074202E+00  1.3618029108E+01
  6.1281132389E+00  1.3516996262E+01
  6.1541190577E+00  1.3422875214E+01
  6.1801248765E+00  1.3314896411E+01
  6.2061306952E+00  1.3180206940E+01
  6.2321365140E+00  1.3010819024E+01
  6.2581423327E+00  1.2801935215E+01
  6.2841481515E+00  1.2551324590E+01
  6.3101539703E+00  1.2259194319E+01
  6.3361597890E+00  1.1928217572E+01
  6.3621656078E+00  1.1563542646E+01
  6.3881714265E+00  1.1172714840E+01
  6.4141772453E+00  1.0765508408E+01
  6.4401830640E+00  1.0353691503E+01
  6.4661888828E+00  9.9507341259E+00
  6.4921947016E+00  9.5714297626E+00
  6.5182005203E+00  9.2313564189E+00
  6.5442063391E+00  8.9460794141E+00
  6.5702121578E+00  8.7300295488E+00
  6.5962179766E+00  8.5951021001E+00
  6.6222237954E+00  8.5492002422E+00

  0.0000000000E+00  1.1244251521E+01
  2.2521699694E-02  1.1250877217E+01
  4.5043399387E-02  1.1270691194E+01
  6.7565099081E-02  1.1303505681E+01
  9.0086798775E-02  1.1349012868E+01
  1.1260849847E-01  1.1406792311E+01
  1.3513019816E-01  1.1476320754E+01
  1.5765189786E-01  1.1556983850E+01
  1.8017359755E-01  1.1648089248E+01
  2.0269529724E-01  1.1748880443E+01
  2.2521699694E-01  1.1858550875E+01
  2.4773869663E-01  1.1976257749E+01
  2.7026039632E-01  1.2101135189E+01
  2.9278209602E-01  1.2232306387E+01
  3.1530379571E-01  1.2577129626E+01
  3.3782549540E-01  1.3388718682E+01
  3.6034719510E-01  1.4183913743E+01
  3.8286889479E-01  1.4961705672E+01
  4.0539059449E-01  1.5721152535E+01
  4.2791229418E-01  1.6461381523E+01
  4.5043399387E-01  1.7181590665E+01
  4.7295569357E-01  1.7881049886E+01
  4.9547739326E-01  1.8559100947E+01
  5.1799909295E-01  1.9215155423E+01
  5.4052079265E-01  1.9848688092E+01
  5.6304249234E-01  2.0459213530E+01
  5.8556419203E-01  2.1046144598E+01
  6.0808589173E-01  2.1601466843E+01
  6.3060759142E-01  2.1766389751E+01
  6.5312929112E-01  2.1842931528E+01
  6.7565099081E-01  2.1876112538E+01
  6.9817269050E-01  2.1869521526E+01
  7.2069439020E-01  2.1827163522E+01
  7.4321608989E-01  2.1753374717E+01
  7.6573778958E-01  2.1652594981E+01
  7.8825948928E-01  2.1529192654E+01
  8.1078118897E-01  2.1387365120E+01
  8.3330288866E-01  2.1231108450E+01
  8.5582458836E-01  2.1064240478E+01
  8.7834628805E-01  2.0890461374E+01
  9.0086798775E-01  2.0713438577E+01
  9.2338968744E-01  2.0536905367E+01
  9.4591138713E-01  2.0364762146E+01
  9.6843308683E-01  2.0201165111E+01
  9.9095478652E-01  2.0050577483E+01
  1.0134764862E+00  1.9917744800E+01
  1.0359981859E+00  1.9807544113E+01
  1.0585198856E+00  1.9724661937E+01
  1.0810415853E+00  1.9673098729E+01
  1.1035632850E+00  1.9655586097E+01
  1.1035632850E+00  1.9655586097E+01
  1.1165661944E+00  1.9655849492E+01
  1.1295691037E+00  1.9656667197E+01
  1.1425720131E+00  1.9658122546E+01
  1.1555749225E+00  1.9660357040E+01
  1.1685778319E+00  1.9663574254E+01
  1.1815807413E+00  1.9668045286E+01
  1.1945836506E+00  1.9674115645E+01
  1.2075865600E+00  1.9682213322E+01
  1.2205894694E+00  1.9692857539E+01
  1.2335923788E+00  1.9706667230E+01
  1.2465952882E+00  1.9724367651E+01
  1.2595981975E+00  1.9746792678E+01
  1.2726011069E+00  1.9774879293E+01
  1.2856040163E+00  1.9809649843E+01
  1.2986069257E+00  1.9852177382E+01
  1.3116098351E+00  1.9903530560E+01
  1.3246127444E+00  1.9964697980E+01
  1.3376156538E+00  2.0036497910E+01
  1.3506185632E+00  2.0119486289E+01
  1.3636214726E+00  2.0213881153E+01
  1.3766243820E+00  2.0319521076E+01
  1.3896272913E+00  2.0435867724E+01
  1.4026302007E+00  2.0562050645E+01
  1.4156331101E+00  2.0696941614E+01
  1.4286360195E+00  2.0839240791E+01
  1.4416389288E+00  2.0987558535E+01
  1.4546418382E+00  2.1140482473E+01
  1.4676447476E+00  2.1296625763E+01
  1.4806476570E+00  2.1454657289E+01
  1.4936505664E+00  2.1613316973E+01
  1.5066534757E+00  2.1771420131E+01
  1.5196563851E+00  2.1927854400E+01
  1.5326592945E+00  2.2081572017E+01
  1.5456622039E+00  2.2231579443E+01
  1.5586651133E+00  2.2376925679E+01
  1.5716680226E+00  2.2516690171E+01
  1.5846709320E+00  2.2649971001E+01
  1.5976738414E+00  2.2775873965E+01
  1.6106767508E+00  2.2893503268E+01
  1.6236796602E+00  2.3001954826E+01
  1.6366825695E+00  2.3100313501E+01
  1.6496854789E+00  2.3187656023E+01
  1.6626883883E+00  2.3263061691E+01
  1.6756912977E+00  2.3325632893E+01
  1.6886942071E+00  2.3374526879E+01
  1.7016971164E+00  2.3408998501E+01
  1.7147000258E+00  2.3428450951E+01
  1.7277029352E+00  2.3432488113E+01
  1.7407058446E+00  2.3420959315E+01
  1.7407058446E+00  2.3420959315E+01
  1.7667116633E+00  2.3468769986E+01
  1.7927174821E+00  2.3455753747E+01
  1.8187233008E+00  2.3382399747E+01
  1.8447291196E+00  2.3253810755E+01
  1.8707349384E+00  2.3078031251E+01
  1.8967407571E+00  2.2863847524E+01
  1.9227465759E+00  2.2619234951E+01
  1.9487523946E+00  2.2350729797E+01
  1.9747582134E+00  2.2063415264E+01
  2.0007640322E+00  2.1761162193E+01
  2.0267698509E+00  2.1446914585E+01
  2.0527756697E+00  2.1122936963E+01
  2.0787814884E+00  2.0791005220E+01
  2.1047873072E+00  2.0452546706E+01
  2.1307931260E+00  2.0108741123E+01
  2.1567989447E+00  2.0045629290E+01
  2.1828047635E+00  2.0230453497E+01
  2.2088105822E+00  2.0396559413E+01
  2.2348164010E+00  2.0539635357E+01
  2.2608222198E+00  2.0655214503E+01
  2.2868280385E+00  2.0738743228E+01
  2.3128338573E+00  2.0785720057E+01
  2.3388396760E+00  2.0791897145E+01
  2.3648454948E+00  2.0753521885E+01
  2.3908513135E+00  2.0667580536E+01
  2.4168571323E+00  2.0531997827E+01
  2.4428629511E+00  2.0247305369E+01
  2.4688687698E+00  1.9597606901E+01
  2.4948745886E+00  1.8915386787E+01
  2.5208804073E+00  1.8201370355E+01
  2.5468862261E+00  1.7456469536E+01
  2.5728920449E+00  1.6681877595E+01
  2.5988978636E+00  1.5879321354E+01
  2.6249036824E+00  1.5051920899E+01
  2.6509095011E+00  1.4208445125E+01
  2.6769153199E+00  1.3402509687E+01
  2.7029211387E+00  1.2908502971E+01
  2.7289269574E+00  1.2628291765E+01
  2.7549327762E+00  1.2392198373E+01
  2.7809385949E+00  1.2180077466E+01
  2.8069444137E+00  1.1988839728E+01
  2.8329502324E+00  1.1818187385E+01
  2.8589560512E+00  1.1668535328E+01
  2.8849618700E+00  1.1540499034E+01
  2.9109676887E+00  1.1434718121E+01
  2.9369735075E+00  1.1351777854E+01
  2.9629793262E+00  1.1292166541E+01
  2.9889851450E+00  1.1256249312E+01
  3.0149909638E+00  1.1244251521E+01
  3.0149909638E+00  1.1244251521E+01
  3.0270775325E+00  1.1243234576E+01
  3.0391641012E+00  1.1240183057E+01
  3.0512506700E+00  1.1235094913E+01
  3.0633372387E+00  1.1227966736E+01
  3.0754238074E+00  1.1218793766E+01
  3.0875103761E+00  1.1207569912E+01
  3.0995969449E+00  1.1194287763E+01
  3.1116835136E+00  1.1178938622E+01
  3.1237700823E+00  1.1161512521E+01
  3.1358566511E+00  1.1141998264E+01
  3.1479432198E+00  1.1120383452E+01
  3.1600297885E+00  1.1096654530E+01
  3.1721163573E+00  1.1070796824E+01
  3.1842029260E+00  1.1042794593E+01
  3.1962894947E+00  1.1012631076E+01
  3.2083760635E+00  1.0980288547E+01
  3.2204626322E+00  1.0945748371E+01
  3.2325492009E+00  1.0908991069E+01
  3.2446357697E+00  1.0869996377E+01
  3.2567223384E+00  1.0828743317E+01
  3.2688089071E+00  1.0785210266E+01
  3.2808954759E+00  1.0739375027E+01
  3.2929820446E+00  1.0691214909E+01
  3.3050686133E+00  1.0640706801E+01
  3.3171551820E+00  1.0587827259E+01
  3.3292417508E+00  1.0532552580E+01
  3.3413283195E+00  1.0474858897E+01
  3.3534148882E+00  1.0414722260E+01
  3.3655014570E+00  1.0352118728E+01
  3.3775880257E+00  1.0287024458E+01
  3.3896745944E+00  1.0219415801E+01
  3.4017611632E+00  1.0149269389E+01
  3.4138477319E+00  1.0076562238E+01
  3.4259343006E+00  1.0001271838E+01
  3.4380208694E+00  9.9233762489E+00
  3.4501074381E+00  9.8428542027E+00
  3.4621940068E+00  9.7596851961E+00
  3.4742805756E+00  9.6738495902E+00
  3.4863671443E+00  9.5853287074E+00
  3.4984537130E+00  9.4941049286E+00
  3.5105402817E+00  9.4001617898E+00
  3.5226268505E+00  9.3034840785E+00
  3.5347134192E+00  9.2040579282E+00
  3.5467999879E+00  9.1018709125E+00
  3.5588865567E+00  8.9969121377E+00
  3.5709731254E+00  8.8891723333E+00
  3.5830596941E+00  8.7786439413E+00
  3.5951462629E+00  8.6653212026E+00
  3.6072328316E+00  8.5492002422E+00
  3.6072328316E+00  8.5492002422E+00
  3.6297545313E+00  8.5836779317E+00
  3.6522762310E+00  8.6856211860E+00
  3.6747979307E+00  8.8507339295E+00
  3.6973196304E+00  9.0723841061E+00
  3.7198413301E+00  9.3422465138E+00
  3.7423630298E+00  9.6509763011E+00
  3.7648847295E+00  9.9888055109E+00
  3.7874064291E+00  1.0346011546E+01
  3.8099281288E+00  1.0713256303E+01
  3.8324498285E+00  1.1081823981E+01
  3.8549715282E+00  1.1443794054E+01
  3.8774932279E+00  1.1792179683E+01
  3.9000149276E+00  1.2121047879E+01
  3.9225366273E+00  1.2425621781E+01
  3.9450583270E+00  1.2702352470E+01
  3.9675800267E+00  1.2948941761E+01
  3.9901017264E+00  1.3164300623E+01
  4.0126234261E+00  1.3348439013E+01
  4.0351451258E+00  1.3502297295E+01
  4.0576668255E+00  1.3627541152E+01
  4.0801885252E+00  1.3726346697E+01
  4.1027102249E+00  1.3801199819E+01
  4.1252319246E+00  1.3854726159E+01
  4.1477536242E+00  1.3889559150E+01
  4.1702753239E+00  1.3908246074E+01
  4.1927970236E+00  1.3913187342E+01
  4.2153187233E+00  1.3906602128E+01
  4.2378404230E+00  1.3890513283E+01
  4.2603621227E+00  1.3866745372E+01
  4.2828838224E+00  1.3836930973E+01
  4.3054055221E+00  1.3802521691E+01
  4.3279272218E+00  1.3764801459E+01
  4.3504489215E+00  1.3724900577E+01
  4.3729706212E+00  1.3683809562E+01
  4.3954923209E+00  1.3642392319E+01
  4.4180140206E+00  1.3601398422E+01
  4.4405357203E+00  1.3561474460E+01
  4.4630574200E+00  1.3523174498E+01
  4.4855791197E+00  1.3581945223E+01
  4.5081008193E+00  1.3655817244E+01
  4.5306225190E+00  1.3722135105E+01
  4.5531442187E+00  1.3780821019E+01
  4.5756659184E+00  1.3831808630E+01
  4.5981876181E+00  1.3875042141E+01
  4.6207093178E+00  1.3910475569E+01
  4.6432310175E+00  1.3938072119E+01
  4.6657527172E+00  1.3957803687E+01
  4.6882744169E+00  1.3969650472E+01
  4.7107961166E+00  1.3973600703E+01
  4.7107961166E+00  1.3973600703E+01
  4.7237990260E+00  1.4012141642E+01
  4.7368019353E+00  1.4111499667E+01
  4.7498048447E+00  1.4246445994E+01
  4.7628077541E+00  1.4402068298E+01
  4.7758106635E+00  1.4571303613E+01
  4.7888135729E+00  1.4750718327E+01
  4.8018164822E+00  1.4938469856E+01
  4.8148193916E+00  1.5133441326E+01
  4.8278223010E+00  1.5334861187E+01
  4.8408252104E+00  1.5542124860E+01
  4.8538281198E+00  1.5754705966E+01
  4.8668310291E+00  1.5972110122E+01
  4.8798339385E+00  1.6193850313E+01
  4.8928368479E+00  1.6419433832E+01
  4.9058397573E+00  1.6648355673E+01
  4.9188426667E+00  1.6880095665E+01
  4.9318455760E+00  1.7114117782E+01
  4.9448484854E+00  1.7349870707E+01
  4.9578513948E+00  1.7586789090E+01
  4.9708543042E+00  1.7824295151E+01
  4.9838572136E+00  1.8061800378E+01
  4.9968601229E+00  1.8298707205E+01
  5.0098630323E+00  1.8534410559E+01
  5.0228659417E+00  1.8768299251E+01
  5.0358688511E+00  1.8999757183E+01
  5.0488717604E+00  1.9228164392E+01
  5.0618746698E+00  1.9452897957E+01
  5.0748775792E+00  1.9673332822E+01
  5.0878804886E+00  1.9888842595E+01
  5.1008833980E+00  2.0098800418E+01
  5.1138863073E+00  2.0302579998E+01
  5.1268892167E+00  2.0499556904E+01
  5.1398921261E+00  2.0689110276E+01
  5.1528950355E+00  2.0870625055E+01
  5.1658979449E+00  2.1043494870E+01
  5.1789008542E+00  2.1207125723E+01
  5.1919037636E+00  2.1360940535E+01
  5.2049066730E+00  2.1504384648E+01
  5.2179095824E+00  2.1636932246E+01
  5.2309124918E+00  2.1758093634E+01
  5.2439154011E+00  2.1867423171E+01
  5.2569183105E+00  2.1964527578E+01
  5.2699212199E+00  2.2049074199E+01
  5.2829241293E+00  2.2120798753E+01
  5.2959270387E+00  2.2179512001E+01
  5.3089299480E+00  2.2225104827E+01
  5.3219328574E+00  2.2257551236E+01
  5.3349357668E+00  2.2276908952E+01
  5.3479386762E+00  2.2283317447E+01
  5.3479386762E+00  2.2283317447E+01
  5.3739444949E+00  2.2258224406E+01
  5.3999503137E+00  2.2184800955E+01
  5.4259561324E+00  2.2066408071E+01
  5.4519619512E+00  2.1906913636E+01
  5.4779677700E+00  2.1710389957E+01
  5.5039735887E+00  2.1480875799E+01
  5.5299794075E+00  2.1222216682E+01
  5.5559852262E+00  2.0937976536E+01
  5.5819910450E+00  2.0631403929E+01
  5.6079968638E+00  2.0305434701E+01
  5.6340026825E+00  1.9962715877E+01
  5.6600085013E+00  1.9605640151E+01
  5.6860143200E+00  1.9236384307E+01
  5.7120201388E+00  1.8856948062E+01
  5.7380259576E+00  1.8469192094E+01
  5.7640317763E+00  1.8074875651E+01
  5.7900375951E+00  1.7675695539E+01
  5.8160434138E+00  1.7273329949E+01
  5.8420492326E+00  1.6869493148E+01
  5.8680550514E+00  1.6466011774E+01
  5.8940608701E+00  1.6064942868E+01
  5.9200666889E+00  1.5668773014E+01
  5.9460725076E+00  1.5280778215E+01
  5.9720783264E+00  1.4905704319E+01
  5.9980841451E+00  1.4551049876E+01
  6.0240899639E+00  1.4229149113E+01
  6.0500957827E+00  1.3958415653E+01
  6.0761016014E+00  1.3755965018E+01
  6.1021074202E+00  1.3618029108E+01
  6.1281132389E+00  1.3516996262E+01
  6.1541190577E+00  1.3422875214E+01
  6.1801248765E+00  1.3314896411E+01
  6.2061306952E+00  1.3180206940E+01
  6.2321365140E+00  1.3010819024E+01
  6.2581423327E+00  1.2801935215E+01
  6.2841481515E+00  1.2551324590E+01
  6.3101539703E+00  1.2259194319E+01
  6.3361597890E+00  1.1928217572E+01
  6.3621656078E+00  1.1563542646E+01
  6.3881714265E+00  1.1172714840E+01
  6.4141772453E+00  1.0765508408E+01
  6.4401830640E+00  1.0353691503E+01
  6.4661888828E+00  9.9507341259E+00
  6.4921947016E+00  9.5714297626E+00
  6.5182005203E+00  9.2313564189E+00
  6.5442063391E+00  8.9460794141E+00
  6.5702121578E+00  8.7300295488E+00
  6.5962179766E+00  8.5951021001E+00
  6.6222237954E+00  8.5492002422E+00

  0.0000000000E+00  1.1244251521E+01
  2.2521699694E-02  1.1283245984E+01
  4.5043399387E-02  1.1399083035E+01
  6.7565099081E-02  1.1588440245E+01
  9.0086798775E-02  1.1846141127E+01
  1.1260849847E-01  1.2165610663E+01
  1.3513019816E-01  1.2539375326E+01
  1.5765189786E-01  1.2959529511E+01
  1.8017359755E-01  1.3418117945E+01
  2.0269529724E-01  1.3907413990E+01
  2.2521699694E-01  1.4420096995E+01
  2.4773869663E-01  1.4949345023E+01
  2.7026039632E-01  1.5488863655E+01
  2.9278209602E-01  1.6032870567E+01
  3.1530379571E-01  1.6576051894E+01
  3.3782549540E-01  1.7113502380E+01
  3.6034719510E-01  1.7640657766E+01
  3.8286889479E-01  1.8153225517E+01
  4.0539059449E-01  1.8647118822E+01
  4.2791229418E-01  1.9118398908E+01
  4.5043399387E-01  1.9563232030E+01
  4.7295569357E-01  1.9977869829E+01
  4.9547739326E-01  2.0358664567E+01
  5.1799909295E-01  2.0702132829E+01
  5.4052079265E-01  2.1005081332E+01
  5.6304249234E-01  2.1264809764E+01
  5.8556419203E-01  2.1479477662E+01
  6.0808589173E-01  2.1655663850E+01
  6.3060759142E-01  2.2151900203E+01
  6.5312929112E-01  2.2667163559E+01
  6.7565099081E-01  2.3158615499E+01
  6.9817269050E-01  2.3625834388E+01
  7.2069439020E-01  2.4068680511E+01
  7.4321608989E-01  2.4487076774E+01
  7.6573778958E-01  2.4880972508E+01
  7.8825948928E-01  2.5250328466E+01
  8.1078118897E-01  2.5595106449E+01
  8.3330288866E-01  2.5915260521E+01
  8.5582458836E-01  2.6210729220E+01
  8.7834628805E-01  2.6481428815E+01
  9.0086798775E-01  2.6727247994E+01
  9.2338968744E-01  2.6948044541E+01
  9.4591138713E-01  2.7143644684E+01
  9.6843308683E-01  2.7313845890E+01
  9.9095478652E-01  2.7458423731E+01
  1.0134764862E+00  2.7577143146E+01
  1.0359981859E+00  2.7669773766E+01
  1.0585198856E+00  2.7736108103E+01
  1.0810415853E+00  2.7775980448E+01
  1.1035632850E+00  2.7789283601E+01
  1.1035632850E+00  2.7789283601E+01
  1.1165661944E+00  2.7787495759E+01
  1.1295691037E+00  2.7782139093E+01
  1.1425720131E+00  2.7773234159E+01
  1.1555749225E+00  2.7760815143E+01
  1.1685778319E+00  2.7744929758E+01
  1.1815807413E+00  2.7725639102E+01
  1.1945836506E+00  2.7703017497E+01
  1.2075865600E+00  2.7677152314E+01
  1.2205894694E+00  2.7648143798E+01
  1.2335923788E+00  2.7616104901E+01
  1.2465952882E+00  2.7581161148E+01
  1.2595981975E+00  2.7543450541E+01
  1.2726011069E+00  2.7503123516E+01
  1.2856040163E+00  2.7460342968E+01
  1.2986069257E+00  2.7415284357E+01
  1.3116098351E+00  2.7368135896E+01
  1.3246127444E+00  2.7319098839E+01
  1.3376156538E+00  2.7268387865E+01
  1.3506185632E+00  2.7216231559E+01
  1.3636214726E+00  2.7162872993E+01
  1.3766243820E+00  2.7108570383E+01
  1.3896272913E+00  2.7053597820E+01
  1.4026302007E+00  2.6998246034E+01
  1.4156331101E+00  2.6942823166E+01
  1.4286360195E+00  2.6887655494E+01
  1.4416389288E+00  2.6833088033E+01
  1.4546418382E+00  2.6779484950E+01
  1.4676447476E+00  2.6727229656E+01
  1.4806476570E+00  2.6676724465E+01
  1.4936505664E+00  2.6628389654E+01
  1.5066534757E+00  2.6582661746E+01
  1.5196563851E+00  2.6539990816E+01
  1.5326592945E+00  2.6500836620E+01
  1.5456622039E+00  2.6465663364E+01
  1.5586651133E+00  2.6434932934E+01
  1.5716680226E+00  2.6409096543E+01
  1.5846709320E+00  2.6388584794E+01
  1.5976738414E+00  2.6373796375E+01
  1.6106767508E+00  2.6365085748E+01
  1.6236796602E+00  2.6362750432E+01
  1.6366825695E+00  2.6367018645E+01
  1.6496854789E+00  2.6378038223E+01
  1.6626883883E+00  2.6395867730E+01
  1.6756912977E+00  2.6420470520E+01
  1.6886942071E+00  2.6451712056E+01
  1.7016971164E+00  2.6489359487E+01
  1.7147000258E+00  2.6533076880E+01
  1.7277029352E+00  2.6582353265E+01
  1.7407058446E+00  2.6625414590E+01
  1.7407058446E+00  2.6625414590E+01
  1.7667116633E+00  2.6521829213E+01
  1.7927174821E+00  2.6434511332E+01
  1.8187233008E+00  2.6377166535E+01
  1.8447291196E+00  2.6343428389E+01
  1.8707349384E+00  2.6324152678E+01
  1.8967407571E+00  2.6309604467E+01
  1.9227465759E+00  2.6291000109E+01
  1.9487523946E+00  2.6261126211E+01
  1.9747582134E+00  2.6214345412E+01
  2.0007640322E+00  2.6146348252E+01
  2.0267698509E+00  2.6053860798E+01
  2.0527756697E+00  2.5934390875E+01
  2.0787814884E+00  2.5786031287E+01
  2.1047873072E+00  2.5607314321E+01
  2.1307931260E+00  2.5397106104E+01
  2.1567989447E+00  2.5154530207E+01
  2.1828047635E+00  2.4878912314E+01
  2.2088105822E+00  2.4569740097E+01
  2.2348164010E+00  2.4226634242E+01
  2.2608222198E+00  2.3849327841E+01
  2.2868280385E+00  2.3437652243E+01
  2.3128338573E+00  2.2991528026E+01
  2.3388396760E+00  2.2510960136E+01
  2.3648454948E+00  2.1996036479E+01
  2.3908513135E+00  2.1446929471E+01
  2.4168571323E+00  2.0863900229E+01
  2.4428629511E+00  2.0345753812E+01
  2.4688687698E+00  2.0108901733E+01
  2.4948745886E+00  1.9822498804E+01
  2.5208804073E+00  1.9488483005E+01
  2.5468862261E+00  1.9109535409E+01
  2.5728920449E+00  1.8688960703E+01
  2.5988978636E+00  1.8230605151E+01
  2.6249036824E+00  1.7738818296E+01
  2.6509095011E+00  1.7218455824E+01
  2.6769153199E+00  1.6674916593E+01
  2.7029211387E+00  1.6114205389E+01
  2.7289269574E+00  1.5543012658E+01
  2.7549327762E+00  1.4968801680E+01
  2.7809385949E+00  1.4399891108E+01
  2.8069444137E+00  1.3845515643E+01
  2.8329502324E+00  1.3315839446E+01
  2.8589560512E+00  1.2821886404E+01
  2.8849618700E+00  1.2375341259E+01
  2.9109676887E+00  1.1988172305E+01
  2.9369735075E+00  1.1672039747E+01
  2.9629793262E+00  1.1437494881E+01
  2.9889851450E+00  1.1293046233E+01
  3.0149909638E+00  1.1244251521E+01
  3.0149909638E+00  1.1244251521E+01
  3.0270775325E+00  1.1243234576E+01
  3.0391641012E+00  1.1240183057E+01
  3.0512506700E+00  1.1235094913E+01
  3.0633372387E+00  1.1227966736E+01
  3.0754238074E+00  1.1218793766E+01
  3.0875103761E+00  1.1207569912E+01
  3.0995969449E+00  1.1194287763E+01
  3.1116835136E+00  1.1178938622E+01
  3.1237700823E+00  1.1161512521E+01
  3.1358566511E+00  1.1141998264E+01
  3.1479432198E+00  1.1120383452E+01
  3.1600297885E+00  1.1096654530E+01
  3.1721163573E+00  1.1070796824E+01
  3.1842029260E+00  1.1042794593E+01
  3.1962894947E+00  1.1012631076E+01
  3.2083760635E+00  1.0980288547E+01
  3.2204626322E+00  1.0945748371E+01
  3.2325492009E+00  1.0908991069E+01
  3.2446357697E+00  1.0869996377E+01
  3.2567223384E+00  1.0828743317E+01
  3.2688089071E+00  1.0785210266E+01
  3.2808954759E+00  1.0739375027E+01
  3.2929820446E+00  1.1153999800E+01
  3.3050686133E+00  1.1614658956E+01
  3.3171551820E+00  1.2072232127E+01
  3.3292417508E+00  1.2526594514E+01
  3.3413283195E+00  1.2977621917E+01
  3.3534148882E+00  1.3425190789E+01
  3.3655014570E+00  1.3869178287E+01
  3.3775880257E+00  1.4309462324E+01
  3.3896745944E+00  1.4745921635E+01
  3.4017611632E+00  1.5178435832E+01
  3.4138477319E+00  1.5606885471E+01
  3.4259343006E+00  1.6031152117E+01
  3.4380208694E+00  1.6451118412E+01
  3.4501074381E+00  1.6866668150E+01
  3.4621940068E+00  1.7277686348E+01
  3.4742805756E+00  1.7684059322E+01
  3.4863671443E+00  1.8085674767E+01
  3.4984537130E+00  1.8482421835E+01
  3.5105402817E+00  1.8874191217E+01
  3.5226268505E+00  1.9260875227E+01
  3.5347134192E+00  1.9642367885E+01
  3.5467999879E+00  2.0018565004E+01
  3.5588865567E+00  2.0389364270E+01
  3.5709731254E+00  2.0754665336E+01
  3.5830596941E+00  2.1114369899E+01
  3.5951462629E+00  2.1468381791E+01
  3.6072328316E+00  2.1816607059E+01
  3.6072328316E+00  2.1816607059E+01
  3.6297545313E+00  2.1819894435E+01
  3.6522762310E+00  2.1829925739E+01
  3.6747979307E+00  2.1847206999E+01
  3.6973196304E+00  2.1872576075E+01
  3.7198413301E+00  2.1907192578E+01
  3.7423630298E+00  2.1952520034E+01
  3.7648847295E+00  2.2010296470E+01
  3.7874064291E+00  2.2082488550E+01
  3.8099281288E+00  2.2171223876E+01
  3.8324498285E+00  2.2278696645E+01
  3.8549715282E+00  2.2407044277E+01
  3.8774932279E+00  2.2558197489E+01
  3.9000149276E+00  2.2733713493E+01
  3.9225366273E+00  2.2934610190E+01
  3.9450583270E+00  2.3161225601E+01
  3.9675800267E+00  2.3413127829E+01
  3.9901017264E+00  2.3689094398E+01
  4.0126234261E+00  2.3987166641E+01
  4.0351451258E+00  2.4304769238E+01
  4.0576668255E+00  2.4638872648E+01
  4.0801885252E+00  2.4986171100E+01
  4.1027102249E+00  2.5343251398E+01
  4.1252319246E+00  2.5706735439E+01
  4.1477536242E+00  2.6073388391E+01
  4.1702753239E+00  2.6440192027E+01
  4.1927970236E+00  2.6804387554E+01
  4.2153187233E+00  2.7163494437E+01
  4.2378404230E+00  2.7515311958E+01
  4.2603621227E+00  2.7857909430E+01
  4.2828838224E+00  2.8189609685E+01
  4.3054055221E+00  2.8508969189E+01
  4.3279272218E+00  2.8814757032E+01
  4.3504489215E+00  2.9105934171E+01
  4.3729706212E+00  2.9381633676E+01
  4.3954923209E+00  2.9641142309E+01
  4.4180140206E+00  2.9883883458E+01
  4.4405357203E+00  3.0109401335E+01
  4.4630574200E+00  3.0317346205E+01
  4.4855791197E+00  3.0507460438E+01
  4.5081008193E+00  3.0679565183E+01
  4.5306225190E+00  3.0833547510E+01
  4.5531442187E+00  3.0969347963E+01
  4.5756659184E+00  3.1086948531E+01
  4.5981876181E+00  3.1186361138E+01
  4.6207093178E+00  3.1267616850E+01
  4.6432310175E+00  3.1330756023E+01
  4.6657527172E+00  3.1375819699E+01
  4.6882744169E+00  3.1402842520E+01
  4.7107961166E+00  3.1411847453E+01
  4.7107961166E+00  3.1411847453E+01
  4.7237990260E+00  3.1410281695E+01
  4.7368019353E+00  3.1405588493E+01
  4.7498048447E+00  3.1397780060E+01
  4.7628077541E+00  3.1386876711E+01
  4.7758106635E+00  3.1372906813E+01
  4.7888135729E+00  3.1355906717E+01
  4.8018164822E+00  3.1335920676E+01
  4.8148193916E+00  3.1313000760E+01
  4.8278223010E+00  3.1287206770E+01
  4.8408252104E+00  3.1258606157E+01
  4.8538281198E+00  3.1227273962E+01
  4.8668310291E+00  3.1193292773E+01
  4.8798339385E+00  3.1156752718E+01
  4.8928368479E+00  3.1117751493E+01
  4.9058397573E+00  3.1076394439E+01
  4.9188426667E+00  3.1032794674E+01
  4.9318455760E+00  3.0987073275E+01
  4.9448484854E+00  3.0939359534E+01
  4.9578513948E+00  3.0889791271E+01
  4.9708543042E+00  3.0838515220E+01
  4.9838572136E+00  3.0785687468E+01
  4.9968601229E+00  3.0731473967E+01
  5.0098630323E+00  3.0676051082E+01
  5.0228659417E+00  3.0619606181E+01
  5.0358688511E+00  3.0562338230E+01
  5.0488717604E+00  3.0504458389E+01
  5.0618746698E+00  3.0446190534E+01
  5.0748775792E+00  3.0387771706E+01
  5.0878804886E+00  3.0329452380E+01
  5.1008833980E+00  3.0271496520E+01
  5.1138863073E+00  3.0214181316E+01
  5.1268892167E+00  3.0157796506E+01
  5.1398921261E+00  3.0102643181E+01
  5.1528950355E+00  3.0049031941E+01
  5.1658979449E+00  2.9997280296E+01
  5.1789008542E+00  2.9947709200E+01
  5.1919037636E+00  2.9900638615E+01
  5.2049066730E+00  2.9856382075E+01
  5.2179095824E+00  2.9815240251E+01
  5.2309124918E+00  2.9777493618E+01
  5.2439154011E+00  2.9743394397E+01
  5.2569183105E+00  2.9713158096E+01
  5.2699212199E+00  2.9686955037E+01
  5.2829241293E+00  2.9664902372E+01
  5.2959270387E+00  2.9647057126E+01
  5.3089299480E+00  2.9633410811E+01
  5.3219328574E+00  2.9623886083E+01
  5.3349357668E+00  2.9618335767E+01
  5.3479386762E+00  2.9616544427E+01
  5.3479386762E+00  2.9616544427E+01
  5.3739444949E+00  2.9623062063E+01
  5.3999503137E+00  2.9640555522E+01
  5.4259561324E+00  2.9665495744E+01
  5.4519619512E+00  2.9694017360E+01
  5.4779677700E+00  2.9722204897E+01
  5.5039735887E+00  2.9746314701E+01
  5.5299794075E+00  2.9762919397E+01
  5.5559852262E+00  2.9768982398E+01
  5.5819910450E+00  2.9761879808E+01
  5.6079968638E+00  2.9739388445E+01
  5.6340026825E+00  2.9699655592E+01
  5.6600085013E+00  2.9641161671E+01
  5.6860143200E+00  2.9562682984E+01
  5.7120201388E+00  2.9463258623E+01
  5.7380259576E+00  2.9342163622E+01
  5.7640317763E+00  2.9198889222E+01
  5.7900375951E+00  2.9033130475E+01
  5.8160434138E+00  2.8844781153E+01
  5.8420492326E+00  2.8633935860E+01
  5.8680550514E+00  2.8400899294E+01
  5.8940608701E+00  2.8146202683E+01
  5.9200666889E+00  2.7870627383E+01
  5.9460725076E+00  2.7575235593E+01
  5.9720783264E+00  2.7261407748E+01
  5.9980841451E+00  2.6930885621E+01
  6.0240899639E+00  2.6585819041E+01
  6.0500957827E+00  2.6228812501E+01
  6.0761016014E+00  2.5862965469E+01
  6.1021074202E+00  2.5491896983E+01
  6.1281132389E+00  2.5119741242E+01
  6.1541190577E+00  2.4751097483E+01
  6.1801248765E+00  2.4390916052E+01
  6.2061306952E+00  2.4044306324E+01
  6.2321365140E+00  2.3716263880E+01
  6.2581423327E+00  2.3411335377E+01
  6.2841481515E+00  2.3133265666E+01
  6.3101539703E+00  2.2884692620E+01
  6.3361597890E+00  2.2666957444E+01
  6.3621656078E+00  2.2480075012E+01
  6.3881714265E+00  2.2322866967E+01
  6.4141772453E+00  2.2193218905E+01
  6.4401830640E+00  2.2088399786E+01
  6.4661888828E+00  2.2005382968E+01
  6.4921947016E+00  2.1941126429E+01
  6.5182005203E+00  2.1892792694E+01
  6.5442063391E+00  2.1857907297E+01
  6.5702121578E+00  2.1834465013E+01
  6.5962179766E+00  2.1820996491E+01
  6.6222237954E+00  2.1816607059E+01

  0.0000000000E+00  3.0550879898E+01
  2.2521699694E-02  3.0545869127E+01
  4.5043399387E-02  3.0530869283E+01
  6.7565099081E-02  3.0505977852E+01
  9.0086798775E-02  3.0471357653E+01
  1.1260849847E-01  3.0427237446E+01
  1.3513019816E-01  3.0373913028E+01
  1.5765189786E-01  3.0311748989E+01
  1.8017359755E-01  3.0241181414E+01
  2.0269529724E-01  3.0162721795E+01
  2.2521699694E-01  3.0076962489E+01
  2.4773869663E-01  2.9984584026E+01
  2.7026039632E-01  2.9886364605E+01
  2.9278209602E-01  2.9783192045E+01
  3.1530379571E-01  2.9676078388E+01
  3.3782549540E-01  2.9566177142E+01
  3.6034719510E-01  2.9454802814E+01
  3.8286889479E-01  2.9343451770E+01
  4.0539059449E-01  2.9233822450E+01
  4.2791229418E-01  2.9127831409E+01
  4.5043399387E-01  2.9027619465E+01
  4.7295569357E-01  2.8935539373E+01
  4.9547739326E-01  2.8854113501E+01
  5.1799909295E-01  2.8785948213E+01
  5.4052079265E-01  2.8733593392E+01
  5.6304249234E-01  2.8699343934E+01
  5.8556419203E-01  2.8684997119E+01
  6.0808589173E-01  2.8691603029E+01
  6.3060759142E-01  2.8719265150E+01
  6.5312929112E-01  2.8767050616E+01
  6.7565099081E-01  2.8833045315E+01
  6.9817269050E-01  2.8914545578E+01
  7.2069439020E-01  2.9008337078E+01
  7.4321608989E-01  2.9110993744E+01
  7.6573778958E-01  2.9219139193E+01
  7.8825948928E-01  2.9329638915E+01
  8.1078118897E-01  2.9439717397E+01
  8.3330288866E-01  2.9547011277E+01
  8.5582458836E-01  2.9649576189E+01
  8.7834628805E-01  2.9745864420E+01
  9.0086798775E-01  2.9834686676E+01
  9.2338968744E-01  2.9915166824E+01
  9.4591138713E-01  2.9986694707E+01
  9.6843308683E-01  3.0048879480E+01
  9.9095478652E-01  3.0101504293E+01
  1.0134764862E+00  3.0144482513E+01
  1.0359981859E+00  3.0177815730E+01
  1.0585198856E+00  3.0201554466E+01
  1.0810415853E+00  3.0215763348E+01
  1.1035632850E+00  3.0220493284E+01
  1.1035632850E+00  3.0220493284E+01
  1.1165661944E+00  3.0218221125E+01
  1.1295691037E+00  3.0211408330E+01
  1.1425720131E+00  3.0200065937E+01
  1.1555749225E+00  3.0184212288E+01
  1.1685778319E+00  3.0163872952E+01
  1.1815807413E+00  3.0139080617E+01
  1.1945836506E+00  3.0109874962E+01
  1.2075865600E+00  3.0076302507E+01
  1.2205894694E+00  3.0038416445E+01
  1.2335923788E+00  2.9996276476E+01
  1.2465952882E+00  2.9949948623E+01
  1.2595981975E+00  2.9899505073E+01
  1.2726011069E+00  2.9845024012E+01
  1.2856040163E+00  2.9786589499E+01
  1.2986069257E+00  2.9724291360E+01
  1.3116098351E+00  2.9658225127E+01
  1.3246127444E+00  2.9588492029E+01
  1.3376156538E+00  2.9515199045E+01
  1.3506185632E+00  2.9438459030E+01
  1.3636214726E+00  2.9358390934E+01
  1.3766243820E+00  2.9275120121E+01
  1.3896272913E+00  2.9188778807E+01
  1.4026302007E+00  2.9099506643E+01
  1.4156331101E+00  2.9007451457E+01
  1.4286360195E+00  2.8912770180E+01
  1.4416389288E+00  2.8815629993E+01
  1.4546418382E+00  2.8716209715E+01
  1.4676447476E+00  2.8614701482E+01
  1.4806476570E+00  2.8511312744E+01
  1.4936505664E+00  2.8406268636E+01
  1.5066534757E+00  2.8299814748E+01
  1.5196563851E+00  2.8192220357E+01
  1.5326592945E+00  2.8083782119E+01
  1.5456622039E+00  2.7974828240E+01
  1.5586651133E+00  2.7865723078E+01
  1.5716680226E+00  2.7756872048E+01
  1.5846709320E+00  2.7648726592E+01
  1.5976738414E+00  2.7541788793E+01
  1.6106767508E+00  2.7436614951E+01
  1.6236796602E+00  2.7333817091E+01
  1.6366825695E+00  2.7234060976E+01
  1.6496854789E+00  2.7138058757E+01
  1.6626883883E+00  2.7046554111E+01
  1.6756912977E+00  2.6960297838E+01
  1.6886942071E+00  2.6880012829E+01
  1.7016971164E+00  2.6806349988E+01
  1.7147000258E+00  2.6739844699E+01
  1.7277029352E+00  2.6680942672E+01
  1.7407058446E+00  2.6641052598E+01
  1.7407058446E+00  2.6641052598E+01
  1.7667116633E+00  2.6731251131E+01
  1.7927174821E+00  2.6851519025E+01
  1.8187233008E+00  2.6981722114E+01
  1.8447291196E+00  2.7117405566E+01
  1.8707349384E+00  2.7254428532E+01
  1.8967407571E+00  2.7389130528E+01
  1.9227465759E+00  2.7518409964E+01
  1.9487523946E+00  2.7639742187E+01
  1.9747582134E+00  2.7751162592E+01
  2.0007640322E+00  2.7851234183E+01
  2.0267698509E+00  2.7939012400E+01
  2.0527756697E+00  2.8014014714E+01
  2.0787814884E+00  2.8076198683E+01
  2.1047873072E+00  2.8125949484E+01
  2.1307931260E+00  2.8164075856E+01
  2.1567989447E+00  2.8191811394E+01
  2.1828047635E+00  2.8210815904E+01
  2.2088105822E+00  2.8223168832E+01
  2.2348164010E+00  2.8231343935E+01
  2.2608222198E+00  2.8238152194E+01
  2.2868280385E+00  2.8246640152E+01
  2.3128338573E+00  2.8259935664E+01
  2.3388396760E+00  2.8281044059E+01
  2.3648454948E+00  2.8312614273E+01
  2.3908513135E+00  2.8356711291E+01
  2.4168571323E+00  2.8414639822E+01
  2.4428629511E+00  2.8486857104E+01
  2.4688687698E+00  2.8572990429E+01
  2.4948745886E+00  2.8671946939E+01
  2.5208804073E+00  2.8782082156E+01
  2.5468862261E+00  2.8901387400E+01
  2.5728920449E+00  2.9027663297E+01
  2.5988978636E+00  2.9158660165E+01
  2.6249036824E+00  2.9292179242E+01
  2.6509095011E+00  2.9426137708E+01
  2.6769153199E+00  2.9558604787E+01
  2.7029211387E+00  2.9687817179E+01
  2.7289269574E+00  2.9812181113E+01
  2.7549327762E+00  2.9930266722E+01
  2.7809385949E+00  3.0040798787E+01
  2.8069444137E+00  3.0142646550E+01
  2.8329502324E+00  3.0234814229E+01
  2.8589560512E+00  3.0316433142E+01
  2.8849618700E+00  3.0386755797E+01
  2.9109676887E+00  3.0445151953E+01
  2.9369735075E+00  3.0491106402E+01
  2.9629793262E+00  3.0524218084E+01
  2.9889851450E+00  3.0544200061E+01
  3.0149909638E+00  3.0550879898E+01
  3.0149909638E+00  3.0550879898E+01
  3.0270775325E+00  3.0547176963E+01
  3.0391641012E+00  3.0536068120E+01
  3.0512506700E+00  3.0517553264E+01
  3.0633372387E+00  3.0491632239E+01
  3.0754238074E+00  3.0458304874E+01
  3.0875103761E+00  3.0417571025E+01
  3.0995969449E+00  3.0369430636E+01
  3.1116835136E+00  3.0313883802E+01
  3.1237700823E+00  3.0250930853E+01
  3.1358566511E+00  3.0180572443E+01
  3.1479432198E+00  3.0102809647E+01
  3.1600297885E+00  3.0017644070E+01
  3.1721163573E+00  2.9925077963E+01
  3.1842029260E+00  2.9825114342E+01
  3.1962894947E+00  2.9717757116E+01
  3.2083760635E+00  2.9603011220E+01
  3.2204626322E+00  2.9480882743E+01
  3.2325492009E+00  2.9351379071E+01
  3.2446357697E+00  2.9214509018E+01
  3.2567223384E+00  2.9070282966E+01
  3.2688089071E+00  2.8918712997E+01
  3.2808954759E+00  2.8759813027E+01
  3.2929820446E+00  2.8593598933E+01
  3.3050686133E+00  2.8420088676E+01
  3.3171551820E+00  2.8239302425E+01
  3.3292417508E+00  2.8051262660E+01
  3.3413283195E+00  2.7855994287E+01
  3.3534148882E+00  2.7653524726E+01
  3.3655014570E+00  2.7443884008E+01
  3.3775880257E+00  2.7227104849E+01
  3.3896745944E+00  2.7003222725E+01
  3.4017611632E+00  2.6772275932E+01
  3.4138477319E+00  2.6534305641E+01
  3.4259343006E+00  2.6289355936E+01
  3.4380208694E+00  2.6037473849E+01
  3.4501074381E+00  2.5778709383E+01
  3.4621940068E+00  2.5513115524E+01
  3.4742805756E+00  2.5240748249E+01
  3.4863671443E+00  2.4961666517E+01
  3.4984537130E+00  2.4675932254E+01
  3.5105402817E+00  2.4383610337E+01
  3.5226268505E+00  2.4084768559E+01
  3.5347134192E+00  2.3779477593E+01
  3.5467999879E+00  2.3467810949E+01
  3.5588865567E+00  2.3149844922E+01
  3.5709731254E+00  2.2825658535E+01
  3.5830596941E+00  2.2495333480E+01
  3.5951462629E+00  2.2158954047E+01
  3.6072328316E+00  2.1816607059E+01
  3.6072328316E+00  2.1816607059E+01
  3.6297545313E+00  2.1819894435E+01
  3.6522762310E+00  2.1829925739E+01
  3.6747979307E+00  2.1847206999E+01
  3.6973196304E+00  2.1872576075E+01
  3.7198413301E+00  2.1907192578E+01
  3.7423630298E+00  2.1952520034E+01
  3.7648847295E+00  2.2010296470E+01
  3.7874064291E+00  2.2082488550E+01
  3.8099281288E+00  2.2171223876E+01
  3.8324498285E+00  2.2278696645E+01
  3.8549715282E+00  2.2407044277E+01
  3.8774932279E+00  2.2558197489E+01
  3.9000149276E+00  2.2733713493E+01
  3.9225366273E+00  2.2934610190E+01
  3.9450583270E+00  2.3161225601E+01
  3.9675800267E+00  2.3413127829E+01
  3.9901017264E+00  2.3689094398E+01
  4.0126234261E+00  2.3987166641E+01
  4.0351451258E+00  2.4304769238E+01
  4.0576668255E+00  2.4638872648E+01
  4.0801885252E+00  2.4986171100E+01
  4.1027102249E+00  2.5343251398E+01
  4.1252319246E+00  2.5706735439E+01
  4.1477536242E+00  2.6073388391E+01
  4.1702753239E+00  2.6440192027E+01
  4.1927970236E+00  2.6804387554E+01
  4.2153187233E+00  2.7163494437E+01
  4.2378404230E+00  2.7515311958E+01
  4.2603621227E+00  2.7857909430E+01
  4.2828838224E+00  2.8189609685E+01
  4.3054055221E+00  2.8508969189E+01
  4.3279272218E+00  2.8814757032E+01
  4.3504489215E+00  2.9105934171E+01
  4.3729706212E+00  2.9381633676E+01
  4.3954923209E+00  2.9641142309E+01
  4.4180140206E+00  2.9883883458E+01
  4.4405357203E+00  3.0109401335E+01
  4.4630574200E+00  3.0317346205E+01
  4.4855791197E+00  3.0507460438E+01
  4.5081008193E+00  3.0679565183E+01
  4.5306225190E+00  3.0833547510E+01
  4.5531442187E+00  3.0969347963E+01
  4.5756659184E+00  3.1086948531E+01
  4.5981876181E+00  3.1186361138E+01
  4.6207093178E+00  3.1267616850E+01
  4.6432310175E+00  3.1330756023E+01
  4.6657527172E+00  3.1375819699E+01
  4.6882744169E+00  3.1402842520E+01
  4.7107961166E+00  3.1411847453E+01
  4.7107961166E+00  3.1411847453E+01
  4.7237990260E+00  3.1410281695E+01
  4.7368019353E+00  3.1405588493E+01
  4.7498048447E+00  3.1397780060E+01
  4.7628077541E+00  3.1386876711E+01
  4.7758106635E+00  3.1372906813E+01
  4.7888135729E+00  3.1355906717E+01
  4.8018164822E+00  3.1335920676E+01
  4.8148193916E+00  3.1313000760E+01
  4.8278223010E+00  3.1287206770E+01
  4.8408252104E+00  3.1258606157E+01
  4.8538281198E+00  3.1227273962E+01
  4.8668310291E+00  3.1193292773E+01
  4.8798339385E+00  3.1156752718E+01
  4.8928368479E+00  3.1117751493E+01
  4.9058397573E+00  3.1076394439E+01
  4.9188426667E+00  3.1032794674E+01
  4.9318455760E+00  3.0987073275E+01
  4.9448484854E+00  3.0939359534E+01
  4.9578513948E+00  3.0889791271E+01
  4.9708543042E+00  3.0838515220E+01
  4.9838572136E+00  3.0785687468E+01
  4.9968601229E+00  3.0731473967E+01
  5.0098630323E+00  3.0676051082E+01
  5.0228659417E+00  3.0619606181E+01
  5.0358688511E+00  3.0562338230E+01
  5.0488717604E+00  3.0504458389E+01
  5.0618746698E+00  3.0446190534E+01
  5.0748775792E+00  3.0387771706E+01
  5.0878804886E+00  3.0329452380E+01
  5.1008833980E+00  3.0271496520E+01
  5.1138863073E+00  3.0214181316E+01
  5.1268892167E+00  3.0157796506E+01
  5.1398921261E+00  3.0102643181E+01
  5.1528950355E+00  3.0049031941E+01
  5.1658979449E+00  2.9997280296E+01
  5.1789008542E+00  2.9947709200E+01
  5.1919037636E+00  2.9900638615E+01
  5.2049066730E+00  2.9856382075E+01
  5.2179095824E+00  2.9815240251E+01
  5.2309124918E+00  2.9777493618E+01
  5.2439154011E+00  2.9743394397E+01
  5.2569183105E+00  2.9713158096E+01
  5.2699212199E+00  2.9686955037E+01
  5.2829241293E+00  2.9664902372E+01
  5.2959270387E+00  2.9647057126E+01
  5.3089299480E+00  2.9633410811E+01
  5.3219328574E+00  2.9623886083E+01
  5.3349357668E+00  2.9618335767E+01
  5.3479386762E+00  2.9616544427E+01
  5.3479386762E+00  2.9616544427E+01
  5.3739444949E+00  2.9623062063E+01
  5.3999503137E+00  2.9640555522E+01
  5.4259561324E+00  2.9665495744E+01
  5.4519619512E+00  2.9694017360E+01
  5.4779677700E+00  2.9722204897E+01
  5.5039735887E+00  2.9746314701E+01
  5.5299794075E+00  2.9762919397E+01
  5.5559852262E+00  2.9768982398E+01
  5.5819910450E+00  2.9761879808E+01
  5.6079968638E+00  2.9739388445E+01
  5.6340026825E+00  2.9699655592E+01
  5.6600085013E+00  2.9641161671E+01
  5.6860143200E+00  2.9562682984E+01
  5.7120201388E+00  2.9463258623E+01
  5.7380259576E+00  2.9342163622E+01
  5.7640317763E+00  2.9198889222E+01
  5.7900375951E+00  2.9033130475E+01
  5.8160434138E+00  2.8844781153E+01
  5.8420492326E+00  2.8633935860E+01
  5.8680550514E+00  2.8400899294E+01
  5.8940608701E+00  2.8146202683E+01
  5.9200666889E+00  2.7870627383E+01
  5.9460725076E+00  2.7575235593E+01
  5.9720783264E+00  2.7261407748E+01
  5.9980841451E+00  2.6930885621E+01
  6.0240899639E+00  2.6585819041E+01
  6.0500957827E+00  2.6228812501E+01
  6.0761016014E+00  2.5862965469E+01
  6.1021074202E+00  2.5491896983E+01
  6.1281132389E+00  2.5119741242E+01
  6.1541190577E+00  2.4751097483E+01
  6.1801248765E+00  2.4390916052E+01
  6.2061306952E+00  2.4044306324E+01
  6.2321365140E+00  2.3716263880E+01
  6.2581423327E+00  2.3411335377E+01
  6.2841481515E+00  2.3133265666E+01
  6.3101539703E+00  2.2884692620E+01
  6.3361597890E+00  2.2666957444E+01
  6.3621656078E+00  2.2480075012E+01
  6.3881714265E+00  2.2322866967E+01
  6.4141772453E+00  2.2193218905E+01
  6.4401830640E+00  2.2088399786E+01
  6.4661888828E+00  2.2005382968E+01
  6.4921947016E+00  2.1941126429E+01
  6.5182005203E+00  2.1892792694E+01
  6.5442063391E+00  2.1857907297E+01
  6.5702121578E+00  2.1834465013E+01
  6.5962179766E+00  2.1820996491E+01
  6.6222237954E+00  2.1816607059E+01

  0.0000000000E+00  4.3760329790E+01
  2.2521699694E-02  4.3765098597E+01
  4.5043399387E-02  4.3779401895E+01
  6.7565099081E-02  4.3803230239E+01
  9.0086798775E-02  4.3836567678E+01
  1.1260849847E-01  4.3879391411E+01
  1.3513019816E-01  4.3931671319E+01
  1.5765189786E-01  4.3993369331E+01
  1.8017359755E-01  4.4064438638E+01
  2.0269529724E-01  4.4144822736E+01
  2.2521699694E-01  4.4234454304E+01
  2.4773869663E-01  4.4333253917E+01
  2.7026039632E-01  4.4441128591E+01
  2.9278209602E-01  4.4557970191E+01
  3.1530379571E-01  4.4683653681E+01
  3.3782549540E-01  4.4818035269E+01
  3.6034719510E-01  4.4960950433E+01
  3.8286889479E-01  4.5112211864E+01
  4.0539059449E-01  4.5271607337E+01
  4.2791229418E-01  4.5438897524E+01
  4.5043399387E-01  4.5613813776E+01
  4.7295569357E-01  4.5796055863E+01
  4.9547739326E-01  4.5985289698E+01
  5.1799909295E-01  4.6181145019E+01
  5.4052079265E-01  4.6383213021E+01
  5.6304249234E-01  4.6591043894E+01
  5.8556419203E-01  4.6804144212E+01
  6.0808589173E-01  4.7021974074E+01
  6.3060759142E-01  4.7243943897E+01
  6.5312929112E-01  4.7469410681E+01
  6.7565099081E-01  4.7697673577E+01
  6.9817269050E-01  4.7927968513E+01
  7.2069439020E-01  4.8159461627E+01
  7.4321608989E-01  4.8391241221E+01
  7.6573778958E-01  4.8622307966E+01
  7.8825948928E-01  4.8851563135E+01
  8.1078118897E-01  4.9077794755E+01
  8.3330288866E-01  4.9299661819E+01
  8.5582458836E-01  4.9515677097E+01
  8.7834628805E-01  4.9724189774E+01
  9.0086798775E-01  4.9923370154E+01
  9.2338968744E-01  5.0111200127E+01
  9.4591138713E-01  5.0256868205E+01
  9.6843308683E-01  5.0312199536E+01
  9.9095478652E-01  5.0359408234E+01
  1.0134764862E+00  5.0398300386E+01
  1.0359981859E+00  5.0428716399E+01
  1.0585198856E+00  5.0450531570E+01
  1.0810415853E+00  5.0463656513E+01
  1.1035632850E+00  5.0468037474E+01
  1.1035632850E+00  5.0468037474E+01
  1.1165661944E+00  5.0473216298E+01
  1.1295691037E+00  5.0488729962E+01
  1.1425720131E+00  5.0514508337E+01
  1.1555749225E+00  5.0550428018E+01
  1.1685778319E+00  5.0596298963E+01
  1.1815807413E+00  5.0651835530E+01
  1.1945836506E+00  5.0716590375E+01
  1.2075865600E+00  5.0789789322E+01
  1.2205894694E+00  5.0869872741E+01
  1.2335923788E+00  5.0953153278E+01
  1.2465952882E+00  5.1031117504E+01
  1.2595981975E+00  5.1094182968E+01
  1.2726011069E+00  5.1145360342E+01
  1.2856040163E+00  5.1192438870E+01
  1.2986069257E+00  5.1239353766E+01
  1.3116098351E+00  5.1287665219E+01
  1.3246127444E+00  5.1338033521E+01
  1.3376156538E+00  5.1390766538E+01
  1.3506185632E+00  5.1446017788E+01
  1.3636214726E+00  5.1503865466E+01
  1.3766243820E+00  5.1564347382E+01
  1.3896272913E+00  5.1627477824E+01
  1.4026302007E+00  5.1693256325E+01
  1.4156331101E+00  5.1761672497E+01
  1.4286360195E+00  5.1832708832E+01
  1.4416389288E+00  5.1906342401E+01
  1.4546418382E+00  5.1982545925E+01
  1.4676447476E+00  5.2061288459E+01
  1.4806476570E+00  5.2142535862E+01
  1.4936505664E+00  5.2226251119E+01
  1.5066534757E+00  5.2312394570E+01
  1.5196563851E+00  5.2400924088E+01
  1.5326592945E+00  5.2491795213E+01
  1.5456622039E+00  5.2584961265E+01
  1.5586651133E+00  5.2680373446E+01
  1.5716680226E+00  5.2777980930E+01
  1.5846709320E+00  5.2877730947E+01
  1.5976738414E+00  5.2979568871E+01
  1.6106767508E+00  5.3083438304E+01
  1.6236796602E+00  5.3189281167E+01
  1.6366825695E+00  5.3297037781E+01
  1.6496854789E+00  5.3406646968E+01
  1.6626883883E+00  5.3518046140E+01
  1.6756912977E+00  5.3631171394E+01
  1.6886942071E+00  5.3745957611E+01
  1.7016971164E+00  5.3862338551E+01
  1.7147000258E+00  5.3980246949E+01
  1.7277029352E+00  5.4099614609E+01
  1.7407058446E+00  5.4220323592E+01
  1.7407058446E+00  5.4220323592E+01
  1.7667116633E+00  5.3974181443E+01
  1.7927174821E+00  5.3721321686E+01
  1.8187233008E+00  5.3462210310E+01
  1.8447291196E+00  5.3197263498E+01
  1.8707349384E+00  5.2926913656E+01
  1.8967407571E+00  5.2651609921E+01
  1.9227465759E+00  5.2371818432E+01
  1.9487523946E+00  5.2088022374E+01
  1.9747582134E+00  5.1800721815E+01
  2.0007640322E+00  5.1510433357E+01
  2.0267698509E+00  5.1217689598E+01
  2.0527756697E+00  5.0923038419E+01
  2.0787814884E+00  5.0627042097E+01
  2.1047873072E+00  5.0330276243E+01
  2.1307931260E+00  5.0033328584E+01
  2.1567989447E+00  4.9736797554E+01
  2.1828047635E+00  4.9441290722E+01
  2.2088105822E+00  4.9147423032E+01
  2.2348164010E+00  4.8855814849E+01
  2.2608222198E+00  4.8567089805E+01
  2.2868280385E+00  4.8281872445E+01
  2.3128338573E+00  4.8000785670E+01
  2.3388396760E+00  4.7724447986E+01
  2.3648454948E+00  4.7453470592E+01
  2.3908513135E+00  4.7188454322E+01
  2.4168571323E+00  4.6929986505E+01
  2.4428629511E+00  4.6678637801E+01
  2.4688687698E+00  4.6434959077E+01
  2.4948745886E+00  4.6199478416E+01
  2.5208804073E+00  4.5972698336E+01
  2.5468862261E+00  4.5755093306E+01
  2.5728920449E+00  4.5547107650E+01
  2.5988978636E+00  4.5349153881E+01
  2.6249036824E+00  4.5161611550E+01
  2.6509095011E+00  4.4984826611E+01
  2.6769153199E+00  4.4819111331E+01
  2.7029211387E+00  4.4664744728E+01
  2.7289269574E+00  4.4521973496E+01
  2.7549327762E+00  4.4391013369E+01
  2.7809385949E+00  4.4272050852E+01
  2.8069444137E+00  4.4165245225E+01
  2.8329502324E+00  4.4070730742E+01
  2.8589560512E+00  4.3988618921E+01
  2.8849618700E+00  4.3919000829E+01
  2.9109676887E+00  4.3861949264E+01
  2.9369735075E+00  4.3817520773E+01
  2.9629793262E+00  4.3785757393E+01
  2.9889851450E+00  4.3766688084E+01
  3.0149909638E+00  4.3760329790E+01
  3.0149909638E+00  4.6236958769E+01
  3.0270775325E+00  4.6237918549E+01
  3.0391641012E+00  4.6240796890E+01
  3.0512506700E+00  4.6245590791E+01
  3.0633372387E+00  4.6252295253E+01
  3.0754238074E+00  4.6260903284E+01
  3.0875103761E+00  4.6271405901E+01
  3.0995969449E+00  4.6283792144E+01
  3.1116835136E+00  4.6298049077E+01
  3.1237700823E+00  4.6314161805E+01
  3.1358566511E+00  4.6332113483E+01
  3.1479432198E+00  4.6351885330E+01
  3.1600297885E+00  4.6373456646E+01
  3.1721163573E+00  4.6396804832E+01
  3.1842029260E+00  4.6421905402E+01
  3.1962894947E+00  4.6448732016E+01
  3.2083760635E+00  4.6477256493E+01
  3.2204626322E+00  4.6507448845E+01
  3.2325492009E+00  4.6539277297E+01
  3.2446357697E+00  4.6572708326E+01
  3.2567223384E+00  4.6607706686E+01
  3.2688089071E+00  4.6644235444E+01
  3.2808954759E+00  4.6682256020E+01
  3.2929820446E+00  4.6721728222E+01
  3.3050686133E+00  4.6762610289E+01
  3.3171551820E+00  4.6804858936E+01
  3.3292417508E+00  4.6848429395E+01
  3.3413283195E+00  4.6893275469E+01
  3.3534148882E+00  4.6939349579E+01
  3.3655014570E+00  4.6986602818E+01
  3.3775880257E+00  4.7034985002E+01
  3.3896745944E+00  4.7084444733E+01
  3.4017611632E+00  4.7134929453E+01
  3.4138477319E+00  4.7186385507E+01
  3.4259343006E+00  4.7238758204E+01
  3.4380208694E+00  4.7291991884E+01
  3.4501074381E+00  4.7346029983E+01
  3.4621940068E+00  4.7400815098E+01
  3.4742805756E+00  4.7456289059E+01
  3.4863671443E+00  4.7512393001E+01
  3.4984537130E+00  4.7569067430E+01
  3.5105402817E+00  4.7626252298E+01
  3.5226268505E+00  4.7683887079E+01
  3.5347134192E+00  4.7741910836E+01
  3.5467999879E+00  4.7800262304E+01
  3.5588865567E+00  4.7858879954E+01
  3.5709731254E+00  4.7917702078E+01
  3.5830596941E+00  4.7976666856E+01
  3.5951462629E+00  4.8035712432E+01
  3.6072328316E+00  4.8094776991E+01
  3.6072328316E+00  4.8094776991E+01
  3.6297545313E+00  4.8100127010E+01
  3.6522762310E+00  4.8116154182E+01
  3.6747979307E+00  4.8142789951E+01
  3.6973196304E+00  4.8179920382E+01
  3.7198413301E+00  4.8227386660E+01
  3.7423630298E+00  4.8284985779E+01
  3.7648847295E+00  4.8352471430E+01
  3.7874064291E+00  4.8429555084E+01
  3.8099281288E+00  4.8515907277E+01
  3.8324498285E+00  4.8611159077E+01
  3.8549715282E+00  4.8714903745E+01
  3.8774932279E+00  4.8826698584E+01
  3.9000149276E+00  4.8946066954E+01
  3.9225366273E+00  4.9072500464E+01
  3.9450583270E+00  4.9205461317E+01
  3.9675800267E+00  4.9344384797E+01
  3.9901017264E+00  4.9488681891E+01
  4.0126234261E+00  4.9637742019E+01
  4.0351451258E+00  4.9790935862E+01
  4.0576668255E+00  4.9947618271E+01
  4.0801885252E+00  5.0107131224E+01
  4.1027102249E+00  5.0268806827E+01
  4.1252319246E+00  5.0431970331E+01
  4.1477536242E+00  5.0595943145E+01
  4.1702753239E+00  5.0760045824E+01
  4.1927970236E+00  5.0923601021E+01
  4.2153187233E+00  5.1085936378E+01
  4.2378404230E+00  5.1246387344E+01
  4.2603621227E+00  5.1404299907E+01
  4.2828838224E+00  5.1559033225E+01
  4.3054055221E+00  5.1709962147E+01
  4.3279272218E+00  5.1856479615E+01
  4.3504489215E+00  5.1997998945E+01
  4.3729706212E+00  5.2133955970E+01
  4.3954923209E+00  5.2263811057E+01
  4.4180140206E+00  5.2387050982E+01
  4.4405357203E+00  5.2503190672E+01
  4.4630574200E+00  5.2611774812E+01
  4.4855791197E+00  5.2712379309E+01
  4.5081008193E+00  5.2804612637E+01
  4.5306225190E+00  5.2888117033E+01
  4.5531442187E+00  5.2962569585E+01
  4.5756659184E+00  5.3027683178E+01
  4.5981876181E+00  5.3000022419E+01
  4.6207093178E+00  5.2927915575E+01
  4.6432310175E+00  5.2870956502E+01
  4.6657527172E+00  5.2829809394E+01
  4.6882744169E+00  5.2804938334E+01
  4.7107961166E+00  5.2796617715E+01
  4.7107961166E+00  5.2796617715E+01
  4.7237990260E+00  5.2782847031E+01
  4.7368019353E+00  5.2746589908E+01
  4.7498048447E+00  5.2696967471E+01
  4.7628077541E+00  5.2640575088E+01
  4.7758106635E+00  5.2581015704E+01
  4.7888135729E+00  5.2520130755E+01
  4.8018164822E+00  5.2458860249E+01
  4.8148193916E+00  5.2397684601E+01
  4.8278223010E+00  5.2336842856E+01
  4.8408252104E+00  5.2276443715E+01
  4.8538281198E+00  5.2216524784E+01
  4.8668310291E+00  5.2157085756E+01
  4.8798339385E+00  5.2098107829E+01
  4.8928368479E+00  5.2039565480E+01
  4.9058397573E+00  5.1981433787E+01
  4.9188426667E+00  5.1923693042E+01
  4.9318455760E+00  5.1866331656E+01
  4.9448484854E+00  5.1809347938E+01
  4.9578513948E+00  5.1752751115E+01
  4.9708543042E+00  5.1696561828E+01
  4.9838572136E+00  5.1640812256E+01
  4.9968601229E+00  5.1585545973E+01
  5.0098630323E+00  5.1530817610E+01
  5.0228659417E+00  5.1476692385E+01
  5.0358688511E+00  5.1423245519E+01
  5.0488717604E+00  5.1370561585E+01
  5.0618746698E+00  5.1318733802E+01
  5.0748775792E+00  5.1267863292E+01
  5.0878804886E+00  5.1218058308E+01
  5.1008833980E+00  5.1169433446E+01
  5.1138863073E+00  5.1122108845E+01
  5.1268892167E+00  5.1076209384E+01
  5.1398921261E+00  5.1031863873E+01
  5.1528950355E+00  5.0989204250E+01
  5.1658979449E+00  5.0948364777E+01
  5.1789008542E+00  5.0909481243E+01
  5.1919037636E+00  5.0872690179E+01
  5.2049066730E+00  5.0838128079E+01
  5.2179095824E+00  5.0805930630E+01
  5.2309124918E+00  5.0776231957E+01
  5.2439154011E+00  5.0749163885E+01
  5.2569183105E+00  5.0724855204E+01
  5.2699212199E+00  5.0703430968E+01
  5.2829241293E+00  5.0685011790E+01
  5.2959270387E+00  5.0669713166E+01
  5.3089299480E+00  5.0657644813E+01
  5.3219328574E+00  5.0648910023E+01
  5.3349357668E+00  5.0643605027E+01
  5.3479386762E+00  5.0641818378E+01
  5.3479386762E+00  5.0641818378E+01
  5.3739444949E+00  5.0649112290E+01
  5.3999503137E+00  5.0671323604E+01
  5.4259561324E+00  5.0708822640E+01
  5.4519619512E+00  5.0761798249E+01
  5.4779677700E+00  5.0830236159E+01
  5.5039735887E+00  5.0913894078E+01
  5.5299794075E+00  5.1012271529E+01
  5.5559852262E+00  5.1124571613E+01
  5.5819910450E+00  5.1249650903E+01
  5.6079968638E+00  5.1385952152E+01
  5.6340026825E+00  5.1531412508E+01
  5.6600085013E+00  5.1683337275E+01
  5.6860143200E+00  5.1838226718E+01
  5.7120201388E+00  5.1991543537E+01
  5.7380259576E+00  5.2137419580E+01
  5.7640317763E+00  5.2268343697E+01
  5.7900375951E+00  5.2374992230E+01
  5.8160434138E+00  5.2446603536E+01
  5.8420492326E+00  5.2472538253E+01
  5.8680550514E+00  5.2445301866E+01
  5.8940608701E+00  5.2363694453E+01
  5.9200666889E+00  5.2233435272E+01
  5.9460725076E+00  5.2064518018E+01
  5.9720783264E+00  5.1867668925E+01
  5.9980841451E+00  5.1652171332E+01
  6.0240899639E+00  5.1425268033E+01
  6.0500957827E+00  5.1192381483E+01
  6.0761016014E+00  5.0957549007E+01
  6.1021074202E+00  5.0723817845E+01
  6.1281132389E+00  5.0493539908E+01
  6.1541190577E+00  5.0268575646E+01
  6.1801248765E+00  5.0050431004E+01
  6.2061306952E+00  4.9840348829E+01
  6.2321365140E+00  4.9639370265E+01
  6.2581423327E+00  4.9448376635E+01
  6.2841481515E+00  4.9268118707E+01
  6.3101539703E+00  4.9099237810E+01
  6.3361597890E+00  4.8942281662E+01
  6.3621656078E+00  4.8797716770E+01
  6.3881714265E+00  4.8665938547E+01
  6.4141772453E+00  4.8547279882E+01
  6.4401830640E+00  4.8442018585E+01
  6.4661888828E+00  4.8350383956E+01
  6.4921947016E+00  4.8272562587E+01
  6.5182005203E+00  4.8208703460E+01
  6.5442063391E+00  4.8158922320E+01
  6.5702121578E+00  4.8123305330E+01
  6.5962179766E+00  4.8101911943E+01
  6.6222237954E+00  4.8094776991E+01

  0.0000000000E+00  4.6236958769E+01
  2.2521699694E-02  4.6241215475E+01
  4.5043399387E-02  4.6253970190E+01
  6.7565099081E-02  4.6275176684E+01
  9.0086798775E-02  4.6304757862E+01
  1.1260849847E-01  4.6342605704E+01
  1.3513019816E-01  4.6388581220E+01
  1.5765189786E-01  4.6442514429E+01
  1.8017359755E-01  4.6504204399E+01
  2.0269529724E-01  4.6573419385E+01
  2.2521699694E-01  4.6649897076E+01
  2.4773869663E-01  4.6733345005E+01
  2.7026039632E-01  4.6823441118E+01
  2.9278209602E-01  4.6919834545E+01
  3.1530379571E-01  4.7022146564E+01
  3.3782549540E-01  4.7129971787E+01
  3.6034719510E-01  4.7242879548E+01
  3.8286889479E-01  4.7360415500E+01
  4.0539059449E-01  4.7482103415E+01
  4.2791229418E-01  4.7607447154E+01
  4.5043399387E-01  4.7735932818E+01
  4.7295569357E-01  4.7867031031E+01
  4.9547739326E-01  4.8000199354E+01
  5.1799909295E-01  4.8134884798E+01
  5.4052079265E-01  4.8270526412E+01
  5.6304249234E-01  4.8406557924E+01
  5.8556419203E-01  4.8542410414E+01
  6.0808589173E-01  4.8677514986E+01
  6.3060759142E-01  4.8811305438E+01
  6.5312929112E-01  4.8943220889E+01
  6.7565099081E-01  4.9072708358E+01
  6.9817269050E-01  4.9199225272E+01
  7.2069439020E-01  4.9322241900E+01
  7.4321608989E-01  4.9441243684E+01
  7.6573778958E-01  4.9555733472E+01
  7.8825948928E-01  4.9665233632E+01
  8.1078118897E-01  4.9769288056E+01
  8.3330288866E-01  4.9867464026E+01
  8.5582458836E-01  4.9959353964E+01
  8.7834628805E-01  5.0044577041E+01
  9.0086798775E-01  5.0122780657E+01
  9.2338968744E-01  5.0193641790E+01
  9.4591138713E-01  5.0285474916E+01
  9.6843308683E-01  5.0443823605E+01
  9.9095478652E-01  5.0583757370E+01
  1.0134764862E+00  5.0702753968E+01
  1.0359981859E+00  5.0798383258E+01
  1.0585198856E+00  5.0868469872E+01
  1.0810415853E+00  5.0911276199E+01
  1.1035632850E+00  5.0925675296E+01
  1.1035632850E+00  5.0925675296E+01
  1.1165661944E+00  5.0927250448E+01
  1.1295691037E+00  5.0931982914E+01
  1.1425720131E+00  5.0939895525E+01
  1.1555749225E+00  5.0951033173E+01
  1.1685778319E+00  5.0965476639E+01
  1.1815807413E+00  5.0983372191E+01
  1.1945836506E+00  5.1004998500E+01
  1.2075865600E+00  5.1030932714E+01
  1.2205894694E+00  5.1062510164E+01
  1.2335923788E+00  5.1103167832E+01
  1.2465952882E+00  5.1161143989E+01
  1.2595981975E+00  5.1245722503E+01
  1.2726011069E+00  5.1353572116E+01
  1.2856040163E+00  5.1476562441E+01
  1.2986069257E+00  5.1610398038E+01
  1.3116098351E+00  5.1753140870E+01
  1.3246127444E+00  5.1903736623E+01
  1.3376156538E+00  5.2061468657E+01
  1.3506185632E+00  5.2225761290E+01
  1.3636214726E+00  5.2396102079E+01
  1.3766243820E+00  5.2572008123E+01
  1.3896272913E+00  5.2753010333E+01
  1.4026302007E+00  5.2938645719E+01
  1.4156331101E+00  5.3128453473E+01
  1.4286360195E+00  5.3321972953E+01
  1.4416389288E+00  5.3518742595E+01
  1.4546418382E+00  5.3718299260E+01
  1.4676447476E+00  5.3920177699E+01
  1.4806476570E+00  5.4123909907E+01
  1.4936505664E+00  5.4329024196E+01
  1.5066534757E+00  5.4535043751E+01
  1.5196563851E+00  5.4741484406E+01
  1.5326592945E+00  5.4947851207E+01
  1.5456622039E+00  5.5153632993E+01
  1.5586651133E+00  5.5358292599E+01
  1.5716680226E+00  5.5561201951E+01
  1.5846709320E+00  5.5538547386E+01
  1.5976738414E+00  5.5440233222E+01
  1.6106767508E+00  5.5339671020E+01
  1.6236796602E+00  5.5236913245E+01
  1.6366825695E+00  5.5132003436E+01
  1.6496854789E+00  5.5024983779E+01
  1.6626883883E+00  5.4915896213E+01
  1.6756912977E+00  5.4804782851E+01
  1.6886942071E+00  5.4691686214E+01
  1.7016971164E+00  5.4576649400E+01
  1.7147000258E+00  5.4459716205E+01
  1.7277029352E+00  5.4340931219E+01
  1.7407058446E+00  5.4220388793E+01
  1.7407058446E+00  5.4220388793E+01
  1.7667116633E+00  5.4465812940E+01
  1.7927174821E+00  5.4716006951E+01
  1.8187233008E+00  5.4970333488E+01
  1.8447291196E+00  5.5228208483E+01
  1.8707349384E+00  5.5489012922E+01
  1.8967407571E+00  5.5751892948E+01
  1.9227465759E+00  5.5933906196E+01
  1.9487523946E+00  5.5612675315E+01
  1.9747582134E+00  5.5281356736E+01
  2.0007640322E+00  5.4945847060E+01
  2.0267698509E+00  5.4607238214E+01
  2.0527756697E+00  5.4266359517E+01
  2.0787814884E+00  5.3923945408E+01
  2.1047873072E+00  5.3580687439E+01
  2.1307931260E+00  5.3237260152E+01
  2.1567989447E+00  5.2894336592E+01
  2.1828047635E+00  5.2552598471E+01
  2.2088105822E+00  5.2212743047E+01
  2.2348164010E+00  5.1875487641E+01
  2.2608222198E+00  5.1541572177E+01
  2.2868280385E+00  5.1211759887E+01
  2.3128338573E+00  5.0886836208E+01
  2.3388396760E+00  5.0567605862E+01
  2.3648454948E+00  5.0254888126E+01
  2.3908513135E+00  4.9949510343E+01
  2.4168571323E+00  4.9652299833E+01
  2.4428629511E+00  4.9364074404E+01
  2.4688687698E+00  4.9085631803E+01
  2.4948745886E+00  4.8817738490E+01
  2.5208804073E+00  4.8561118187E+01
  2.5468862261E+00  4.8316440681E+01
  2.5728920449E+00  4.8084311332E+01
  2.5988978636E+00  4.7865261699E+01
  2.6249036824E+00  4.7659741584E+01
  2.6509095011E+00  4.7468112733E+01
  2.6769153199E+00  4.7290644284E+01
  2.7029211387E+00  4.7127510015E+01
  2.7289269574E+00  4.6978787399E+01
  2.7549327762E+00  4.6844458548E+01
  2.7809385949E+00  4.6724413244E+01
  2.8069444137E+00  4.6618454524E+01
  2.8329502324E+00  4.6526307502E+01
  2.8589560512E+00  4.6447632378E+01
  2.8849618700E+00  4.6382042570E+01
  2.9109676887E+00  4.6329128579E+01
  2.9369735075E+00  4.6288487297E+01
  2.9629793262E+00  4.6259755130E+01
  2.9889851450E+00  4.6242641594E+01
  3.0149909638E+00  4.6236958769E+01
  3.0149909638E+00  4.6236958769E+01
  3.0270775325E+00  4.6237918549E+01
  3.0391641012E+00  4.6240796890E+01
  3.0512506700E+00  4.6245590791E+01
  3.0633372387E+00  4.6252295253E+01
  3.0754238074E+00  4.6260903284E+01
  3.0875103761E+00  4.6271405901E+01
  3.0995969449E+00  4.6283792144E+01
  3.1116835136E+00  4.6298049077E+01
  3.1237700823E+00  4.6314161805E+01
  3.1358566511E+00  4.6332113483E+01
  3.1479432198E+00  4.6351885330E+01
  3.1600297885E+00  4.6373456646E+01
  3.1721163573E+00  4.6396804832E+01
  3.1842029260E+00  4.6421905402E+01
  3.1962894947E+00  4.6448732016E+01
  3.2083760635E+00  4.6477256493E+01
  3.2204626322E+00  4.6507448845E+01
  3.2325492009E+00  4.6539277297E+01
  3.2446357697E+00  4.6572708326E+01
  3.2567223384E+00  4.6607706686E+01
  3.2688089071E+00  4.6644235444E+01
  3.2808954759E+00  4.6682256020E+01
  3.2929820446E+00  4.6721728222E+01
  3.3050686133E+00  4.6762610289E+01
  3.3171551820E+00  4.6804858936E+01
  3.3292417508E+00  4.6848429395E+01
  3.3413283195E+00  4.6893275469E+01
  3.3534148882E+00  4.6939349579E+01
  3.3655014570E+00  4.6986602818E+01
  3.3775880257E+00  4.7034985002E+01
  3.3896745944E+00  4.7084444733E+01
  3.4017611632E+00  4.7134929453E+01
  3.4138477319E+00  4.7186385507E+01
  3.4259343006E+00  4.7238758204E+01
  3.4380208694E+00  4.7291991884E+01
  3.4501074381E+00  4.7346029983E+01
  3.4621940068E+00  4.7400815098E+01
  3.4742805756E+00  4.7456289059E+01
  3.4863671443E+00  4.7512393001E+01
  3.4984537130E+00  4.7569067430E+01
  3.5105402817E+00  4.7626252298E+01
  3.5226268505E+00  4.7683887079E+01
  3.5347134192E+00  4.7741910836E+01
  3.5467999879E+00  4.7800262304E+01
  3.5588865567E+00  4.7858879954E+01
  3.5709731254E+00  4.7917702078E+01
  3.5830596941E+00  4.7976666856E+01
  3.5951462629E+00  4.8035712432E+01
  3.6072328316E+00  4.8094776991E+01
  3.6072328316E+00  4.8094776991E+01
  3.6297545313E+00  4.8100127010E+01
  3.6522762310E+00  4.8116154182E+01
  3.6747979307E+00  4.8142789951E+01
  3.6973196304E+00  4.8179920382E+01
  3.7198413301E+00  4.8227386660E+01
  3.7423630298E+00  4.8284985779E+01
  3.7648847295E+00  4.8352471430E+01
  3.7874064291E+00  4.8429555084E+01
  3.8099281288E+00  4.8515907277E+01
  3.8324498285E+00  4.8611159077E+01
  3.8549715282E+00  4.8714903745E+01
  3.8774932279E+00  4.8826698584E+01
  3.9000149276E+00  4.8946066954E+01
  3.9225366273E+00  4.9072500464E+01
  3.9450583270E+00  4.9205461317E+01
  3.9675800267E+00  4.9344384797E+01
  3.9901017264E+00  4.9488681891E+01
  4.0126234261E+00  4.9637742019E+01
  4.0351451258E+00  4.9790935862E+01
  4.0576668255E+00  4.9947618271E+01
  4.0801885252E+00  5.0107131224E+01
  4.1027102249E+00  5.0268806827E+01
  4.1252319246E+00  5.0431970331E+01
  4.1477536242E+00  5.0595943145E+01
  4.1702753239E+00  5.0760045824E+01
  4.1927970236E+00  5.0923601021E+01
  4.2153187233E+00  5.1085936378E+01
  4.2378404230E+00  5.1246387344E+01
  4.2603621227E+00  5.1404299907E+01
  4.2828838224E+00  5.1559033225E+01
  4.3054055221E+00  5.1709962147E+01
  4.3279272218E+00  5.1856479615E+01
  4.3504489215E+00  5.1997998945E+01
  4.3729706212E+00  5.2133955970E+01
  4.3954923209E+00  5.2263811057E+01
  4.4180140206E+00  5.2387050982E+01
  4.4405357203E+00  5.2503190672E+01
  4.4630574200E+00  5.2611774812E+01
  4.4855791197E+00  5.2712379309E+01
  4.5081008193E+00  5.2804612637E+01
  4.5306225190E+00  5.2888117033E+01
  4.5531442187E+00  5.2962569585E+01
  4.5756659184E+00  5.3027683178E+01
  4.5981876181E+00  5.3000022419E+01
  4.6207093178E+00  5.2927915575E+01
  4.6432310175E+00  5.2870956502E+01
  4.6657527172E+00  5.2829809394E+01
  4.6882744169E+00  5.2804938334E+01
  4.7107961166E+00  5.2796617715E+01
  4.7107961166E+00  5.2796617715E+01
  4.7237990260E+00  5.2782847031E+01
  4.7368019353E+00  5.2746589908E+01
  4.7498048447E+00  5.2696967471E+01
  4.7628077541E+00  5.2640575088E+01
  4.7758106635E+00  5.2581015704E+01
  4.7888135729E+00  5.2520130755E+01
  4.8018164822E+00  5.2458860249E+01
  4.8148193916E+00  5.2397684601E+01
  4.8278223010E+00  5.2336842856E+01
  4.8408252104E+00  5.2276443715E+01
  4.8538281198E+00  5.2216524784E+01
  4.8668310291E+00  5.2157085756E+01
  4.8798339385E+00  5.2098107829E+01
  4.8928368479E+00  5.2039565480E+01
  4.9058397573E+00  5.1981433787E+01
  4.9188426667E+00  5.1923693042E+01
  4.9318455760E+00  5.1866331656E+01
  4.9448484854E+00  5.1809347938E+01
  4.9578513948E+00  5.1752751115E+01
  4.9708543042E+00  5.1696561828E+01
  4.9838572136E+00  5.1640812256E+01
  4.9968601229E+00  5.1585545973E+01
  5.0098630323E+00  5.1530817610E+01
  5.0228659417E+00  5.1476692385E+01
  5.0358688511E+00  5.1423245519E+01
  5.0488717604E+00  5.1370561585E+01
  5.0618746698E+00  5.1318733802E+01
  5.0748775792E+00  5.1267863292E+01
  5.0878804886E+00  5.1218058308E+01
  5.1008833980E+00  5.1169433446E+01
  5.1138863073E+00  5.1122108845E+01
  5.1268892167E+00  5.1076209384E+01
  5.1398921261E+00  5.1031863873E+01
  5.1528950355E+00  5.0989204250E+01
  5.1658979449E+00  5.0948364777E+01
  5.1789008542E+00  5.0909481243E+01
  5.1919037636E+00  5.0872690179E+01
  5.2049066730E+00  5.0838128079E+01
  5.2179095824E+00  5.0805930630E+01
  5.2309124918E+00  5.0776231957E+01
  5.2439154011E+00  5.0749163885E+01
  5.2569183105E+00  5.0724855204E+01
  5.2699212199E+00  5.0703430968E+01
  5.2829241293E+00  5.0685011790E+01
  5.2959270387E+00  5.0669713166E+01
  5.3089299480E+00  5.0657644813E+01
  5.3219328574E+00  5.0648910023E+01
  5.3349357668E+00  5.0643605027E+01
  5.3479386762E+00  5.0641818378E+01
  5.3479386762E+00  5.0641818378E+01
  5.3739444949E+00  5.0649112290E+01
  5.3999503137E+00  5.0671323604E+01
  5.4259561324E+00  5.0708822640E+01
  5.4519619512E+00  5.0761798249E+01
  5.4779677700E+00  5.0830236159E+01
  5.5039735887E+00  5.0913894078E+01
  5.5299794075E+00  5.1012271529E+01
  5.5559852262E+00  5.1124571613E+01
  5.5819910450E+00  5.1249650903E+01
  5.6079968638E+00  5.1385952152E+01
  5.6340026825E+00  5.1531412508E+01
  5.6600085013E+00  5.1683337275E+01
  5.6860143200E+00  5.1838226718E+01
  5.7120201388E+00  5.1991543537E+01
  5.7380259576E+00  5.2137419580E+01
  5.7640317763E+00  5.2268343697E+01
  5.7900375951E+00  5.2374992230E+01
  5.8160434138E+00  5.2446603536E+01
  5.8420492326E+00  5.2472538253E+01
  5.8680550514E+00  5.2445301866E+01
  5.8940608701E+00  5.2363694453E+01
  5.9200666889E+00  5.2233435272E+01
  5.9460725076E+00  5.2064518018E+01
  5.9720783264E+00  5.1867668925E+01
  5.9980841451E+00  5.1652171332E+01
  6.0240899639E+00  5.1425268033E+01
  6.0500957827E+00  5.1192381483E+01
  6.0761016014E+00  5.0957549007E+01
  6.1021074202E+00  5.0723817845E+01
  6.1281132389E+00  5.0493539908E+01
  6.1541190577E+00  5.0268575646E+01
  6.1801248765E+00  5.0050431004E+01
  6.2061306952E+00  4.9840348829E+01
  6.2321365140E+00  4.9639370265E+01
  6.2581423327E+00  4.9448376635E+01
  6.2841481515E+00  4.9268118707E+01
  6.3101539703E+00  4.9099237810E+01
  6.3361597890E+00  4.8942281662E+01
  6.3621656078E+00  4.8797716770E+01
  6.3881714265E+00  4.8665938547E+01
  6.4141772453E+00  4.8547279882E+01
  6.4401830640E+00  4.8442018585E+01
  6.4661888828E+00  4.8350383956E+01
  6.4921947016E+00  4.8272562587E+01
  6.5182005203E+00  4.8208703460E+01
  6.5442063391E+00  4.8158922320E+01
  6.5702121578E+00  4.8123305330E+01
  6.5962179766E+00  4.8101911943E+01
  6.6222237954E+00  4.8094776991E+01

  0.0000000000E+00  4.9911688984E+01
  2.2521699694E-02  4.9917847177E+01
  4.5043399387E-02  4.9936292419E+01
  6.7565099081E-02  4.9966936911E+01
  9.0086798775E-02  5.0009635041E+01
  1.1260849847E-01  5.0064184435E+01
  1.3513019816E-01  5.0130327411E+01
  1.5765189786E-01  5.0207752791E+01
  1.8017359755E-01  5.0296098042E+01
  2.0269529724E-01  5.0394951713E+01
  2.2521699694E-01  5.0503856131E+01
  2.4773869663E-01  5.0622310302E+01
  2.7026039632E-01  5.0749773005E+01
  2.9278209602E-01  5.0885666018E+01
  3.1530379571E-01  5.1029377469E+01
  3.3782549540E-01  5.1180265257E+01
  3.6034719510E-01  5.1337660536E+01
  3.8286889479E-01  5.1500871227E+01
  4.0539059449E-01  5.1669185544E+01
  4.2791229418E-01  5.1841875501E+01
  4.5043399387E-01  5.2018200402E+01
  4.7295569357E-01  5.2197410272E+01
  4.9547739326E-01  5.2378749243E+01
  5.1799909295E-01  5.2561458853E+01
  5.4052079265E-01  5.2744781268E+01
  5.6304249234E-01  5.2927962397E+01
  5.8556419203E-01  5.3110254907E+01
  6.0808589173E-01  5.3290921119E+01
  6.3060759142E-01  5.3469235773E+01
  6.5312929112E-01  5.3644488672E+01
  6.7565099081E-01  5.3815987186E+01
  6.9817269050E-01  5.3983058616E+01
  7.2069439020E-01  5.4145052426E+01
  7.4321608989E-01  5.4301342319E+01
  7.6573778958E-01  5.4451328189E+01
  7.8825948928E-01  5.4594437921E+01
  8.1078118897E-01  5.4730129058E+01
  8.3330288866E-01  5.4857890337E+01
  8.5582458836E-01  5.4977243084E+01
  8.7834628805E-01  5.5087742498E+01
  9.0086798775E-01  5.5188978791E+01
  9.2338968744E-01  5.5280578232E+01
  9.4591138713E-01  5.5362204056E+01
  9.6843308683E-01  5.5433557279E+01
  9.9095478652E-01  5.5494377401E+01
  1.0134764862E+00  5.5544443000E+01
  1.0359981859E+00  5.5583572243E+01
  1.0585198856E+00  5.5611623286E+01
  1.0810415853E+00  5.5628494589E+01
  1.1035632850E+00  5.5634125141E+01
  1.1035632850E+00  5.5634125141E+01
  1.1165661944E+00  5.5636881793E+01
  1.1295691037E+00  5.5645141974E+01
  1.1425720131E+00  5.5658876337E+01
  1.1555749225E+00  5.5678035884E+01
  1.1685778319E+00  5.5702551821E+01
  1.1815807413E+00  5.5732335314E+01
  1.1945836506E+00  5.5767277096E+01
  1.2075865600E+00  5.5807246850E+01
  1.2205894694E+00  5.5852092232E+01
  1.2335923788E+00  5.5901637332E+01
  1.2465952882E+00  5.5955680189E+01
  1.2595981975E+00  5.6013988735E+01
  1.2726011069E+00  5.6076293928E+01
  1.2856040163E+00  5.6142277698E+01
  1.2986069257E+00  5.6211550711E+01
  1.3116098351E+00  5.6283608714E+01
  1.3246127444E+00  5.6357740061E+01
  1.3376156538E+00  5.6432810929E+01
  1.3506185632E+00  5.6506712108E+01
  1.3636214726E+00  5.6574813781E+01
  1.3766243820E+00  5.6626161654E+01
  1.3896272913E+00  5.6642623943E+01
  1.4026302007E+00  5.6620421653E+01
  1.4156331101E+00  5.6575114025E+01
  1.4286360195E+00  5.6518189840E+01
  1.4416389288E+00  5.6454512123E+01
  1.4546418382E+00  5.6386115376E+01
  1.4676447476E+00  5.6313951304E+01
  1.4806476570E+00  5.6238520076E+01
  1.4936505664E+00  5.6160112993E+01
  1.5066534757E+00  5.6078915697E+01
  1.5196563851E+00  5.5995056392E+01
  1.5326592945E+00  5.5908630318E+01
  1.5456622039E+00  5.5819713266E+01
  1.5586651133E+00  5.5728371207E+01
  1.5716680226E+00  5.5634717895E+01
  1.5846709320E+00  5.5761993942E+01
  1.5976738414E+00  5.5959635721E+01
  1.6106767508E+00  5.6153439323E+01
  1.6236796602E+00  5.6342346955E+01
  1.6366825695E+00  5.6524957294E+01
  1.6496854789E+00  5.6699269532E+01
  1.6626883883E+00  5.6862238152E+01
  1.6756912977E+00  5.7009018280E+01
  1.6886942071E+00  5.7131951561E+01
  1.7016971164E+00  5.7220348129E+01
  1.7147000258E+00  5.7264146480E+01
  1.7277029352E+00  5.7261784102E+01
  1.7407058446E+00  5.7222256518E+01
  1.7407058446E+00  5.7222256518E+01
  1.7667116633E+00  5.7370737790E+01
  1.7927174821E+00  5.7329074431E+01
  1.8187233008E+00  5.7130869387E+01
  1.8447291196E+00  5.6864900743E+01
  1.8707349384E+00  5.6570214398E+01
  1.8967407571E+00  5.6260682002E+01
  1.9227465759E+00  5.6024265491E+01
  1.9487523946E+00  5.6285592138E+01
  1.9747582134E+00  5.6552640373E+01
  2.0007640322E+00  5.6820138217E+01
  2.0267698509E+00  5.6829576014E+01
  2.0527756697E+00  5.6621314370E+01
  2.0787814884E+00  5.6405518677E+01
  2.1047873072E+00  5.6183081654E+01
  2.1307931260E+00  5.5954784658E+01
  2.1567989447E+00  5.5721334296E+01
  2.1828047635E+00  5.5483393436E+01
  2.2088105822E+00  5.5241606680E+01
  2.2348164010E+00  5.4996620530E+01
  2.2608222198E+00  5.4749098564E+01
  2.2868280385E+00  5.4499731995E+01
  2.3128338573E+00  5.4249246008E+01
  2.3388396760E+00  5.3998402299E+01
  2.3648454948E+00  5.3747998313E+01
  2.3908513135E+00  5.3498863675E+01
  2.4168571323E+00  5.3251854379E+01
  2.4428629511E+00  5.3007845289E+01
  2.4688687698E+00  5.2767721503E+01
  2.4948745886E+00  5.2532369123E+01
  2.5208804073E+00  5.2302665915E+01
  2.5468862261E+00  5.2079472284E+01
  2.5728920449E+00  5.1863622916E+01
  2.5988978636E+00  5.1655919355E+01
  2.6249036824E+00  5.1457123704E+01
  2.6509095011E+00  5.1267953540E+01
  2.6769153199E+00  5.1089078080E+01
  2.7029211387E+00  5.0921115561E+01
  2.7289269574E+00  5.0764631724E+01
  2.7549327762E+00  5.0620139300E+01
  2.7809385949E+00  5.0488098320E+01
  2.8069444137E+00  5.0368917090E+01
  2.8329502324E+00  5.0262953658E+01
  2.8589560512E+00  5.0170517600E+01
  2.8849618700E+00  5.0091871979E+01
  2.9109676887E+00  5.0027235320E+01
  2.9369735075E+00  4.9976783490E+01
  2.9629793262E+00  4.9940651381E+01
  2.9889851450E+00  4.9918934295E+01
  3.0149909638E+00  4.9911688984E+01
  3.0149909638E+00  4.9911688984E+01
  3.0270775325E+00  4.9910770535E+01
  3.0391641012E+00  4.9908016025E+01
  3.0512506700E+00  4.9903427972E+01
  3.0633372387E+00  4.9897010570E+01
  3.0754238074E+00  4.9888769691E+01
  3.0875103761E+00  4.9878712877E+01
  3.0995969449E+00  4.9866849344E+01
  3.1116835136E+00  4.9853189978E+01
  3.1237700823E+00  4.9837747326E+01
  3.1358566511E+00  4.9820535597E+01
  3.1479432198E+00  4.9801570655E+01
  3.1600297885E+00  4.9780870014E+01
  3.1721163573E+00  4.9758452829E+01
  3.1842029260E+00  4.9734339888E+01
  3.1962894947E+00  4.9708553609E+01
  3.2083760635E+00  4.9681118023E+01
  3.2204626322E+00  4.9652058767E+01
  3.2325492009E+00  4.9621403072E+01
  3.2446357697E+00  4.9589179749E+01
  3.2567223384E+00  4.9555419174E+01
  3.2688089071E+00  4.9520153274E+01
  3.2808954759E+00  4.9483415507E+01
  3.2929820446E+00  4.9445240845E+01
  3.3050686133E+00  4.9405665751E+01
  3.3171551820E+00  4.9364728159E+01
  3.3292417508E+00  4.9322467450E+01
  3.3413283195E+00  4.9278924423E+01
  3.3534148882E+00  4.9234141271E+01
  3.3655014570E+00  4.9188161548E+01
  3.3775880257E+00  4.9141030137E+01
  3.3896745944E+00  4.9092793220E+01
  3.4017611632E+00  4.9043498236E+01
  3.4138477319E+00  4.8993193849E+01
  3.4259343006E+00  4.8941929900E+01
  3.4380208694E+00  4.8889757373E+01
  3.4501074381E+00  4.8836728344E+01
  3.4621940068E+00  4.8782895933E+01
  3.4742805756E+00  4.8728314263E+01
  3.4863671443E+00  4.8673038399E+01
  3.4984537130E+00  4.8617124300E+01
  3.5105402817E+00  4.8560628761E+01
  3.5226268505E+00  4.8503609359E+01
  3.5347134192E+00  4.8446124388E+01
  3.5467999879E+00  4.8388232801E+01
  3.5588865567E+00  4.8329994148E+01
  3.5709731254E+00  4.8271468507E+01
  3.5830596941E+00  4.8212716420E+01
  3.5951462629E+00  4.8153798827E+01
  3.6072328316E+00  4.8094776991E+01
  3.6072328316E+00  4.8094776991E+01
  3.6297545313E+00  4.8109206226E+01
  3.6522762310E+00  4.8152398166E+01
  3.6747979307E+00  4.8224066071E+01
  3.6973196304E+00  4.8323733845E+01
  3.7198413301E+00  4.8450738544E+01
  3.7423630298E+00  4.8604233480E+01
  3.7648847295E+00  4.8783191570E+01
  3.7874064291E+00  4.8986408439E+01
  3.8099281288E+00  4.9212504778E+01
  3.8324498285E+00  4.9459927319E+01
  3.8549715282E+00  4.9726947785E+01
  3.8774932279E+00  5.0011659016E+01
  3.9000149276E+00  5.0311967446E+01
  3.9225366273E+00  5.0625580923E+01
  3.9450583270E+00  5.0949990837E+01
  3.9675800267E+00  5.1282447422E+01
  3.9901017264E+00  5.1619927301E+01
  4.0126234261E+00  5.1959092883E+01
  4.0351451258E+00  5.2296244616E+01
  4.0576668255E+00  5.2627270004E+01
  4.0801885252E+00  5.2947598648E+01
  4.1027102249E+00  5.3252181588E+01
  4.1252319246E+00  5.3535526084E+01
  4.1477536242E+00  5.3791831536E+01
  4.1702753239E+00  5.4015279421E+01
  4.1927970236E+00  5.4200512863E+01
  4.2153187233E+00  5.4343280121E+01
  4.2378404230E+00  5.4441113828E+01
  4.2603621227E+00  5.4493827926E+01
  4.2828838224E+00  5.4503625165E+01
  4.3054055221E+00  5.4474754437E+01
  4.3279272218E+00  5.4412851196E+01
  4.3504489215E+00  5.4324197370E+01
  4.3729706212E+00  5.4215100177E+01
  4.3954923209E+00  5.4091478420E+01
  4.4180140206E+00  5.3958647955E+01
  4.4405357203E+00  5.3821252129E+01
  4.4630574200E+00  5.3683278428E+01
  4.4855791197E+00  5.3548116613E+01
  4.5081008193E+00  5.3418630473E+01
  4.5306225190E+00  5.3297228311E+01
  4.5531442187E+00  5.3185925565E+01
  4.5756659184E+00  5.3086397543E+01
  4.5981876181E+00  5.3083207334E+01
  4.6207093178E+00  5.3128928916E+01
  4.6432310175E+00  5.3164672739E+01
  4.6657527172E+00  5.3190302044E+01
  4.6882744169E+00  5.3205718881E+01
  4.7107961166E+00  5.3210864374E+01
  4.7107961166E+00  5.3210864374E+01
  4.7237990260E+00  5.3227313531E+01
  4.7368019353E+00  5.3271600116E+01
  4.7498048447E+00  5.3334585178E+01
  4.7628077541E+00  5.3409643764E+01
  4.7758106635E+00  5.3493131780E+01
  4.7888135729E+00  5.3583155335E+01
  4.8018164822E+00  5.3678710986E+01
  4.8148193916E+00  5.3779244291E+01
  4.8278223010E+00  5.3884432023E+01
  4.8408252104E+00  5.3994071629E+01
  4.8538281198E+00  5.4108022497E+01
  4.8668310291E+00  5.4226173319E+01
  4.8798339385E+00  5.4348423233E+01
  4.8928368479E+00  5.4474670618E+01
  4.9058397573E+00  5.4604806336E+01
  4.9188426667E+00  5.4738709666E+01
  4.9318455760E+00  5.4876245929E+01
  4.9448484854E+00  5.5017265204E+01
  4.9578513948E+00  5.5161601753E+01
  4.9708543042E+00  5.5309073924E+01
  4.9838572136E+00  5.5459484355E+01
  4.9968601229E+00  5.5612620370E+01
  5.0098630323E+00  5.5768254469E+01
  5.0228659417E+00  5.5926144857E+01
  5.0358688511E+00  5.6086035934E+01
  5.0488717604E+00  5.6247658716E+01
  5.0618746698E+00  5.6410731104E+01
  5.0748775792E+00  5.6574957961E+01
  5.0878804886E+00  5.6740030921E+01
  5.1008833980E+00  5.6905627824E+01
  5.1138863073E+00  5.7071411671E+01
  5.1268892167E+00  5.7237028925E+01
  5.1398921261E+00  5.7402106912E+01
  5.1528950355E+00  5.7566250011E+01
  5.1658979449E+00  5.7729034115E+01
  5.1789008542E+00  5.7889998688E+01
  5.1919037636E+00  5.8048635325E+01
  5.2049066730E+00  5.8204371268E+01
  5.2179095824E+00  5.8356545499E+01
  5.2309124918E+00  5.8504373885E+01
  5.2439154011E+00  5.8646898247E+01
  5.2569183105E+00  5.8782912255E+01
  5.2699212199E+00  5.8910855818E+01
  5.2829241293E+00  5.9028672366E+01
  5.2959270387E+00  5.9133639928E+01
  5.3089299480E+00  5.9222237798E+01
  5.3219328574E+00  5.9290219652E+01
  5.3349357668E+00  5.9333188614E+01
  5.3479386762E+00  5.9347852503E+01
  5.3479386762E+00  5.9347852503E+01
  5.3739444949E+00  5.9292281426E+01
  5.3999503137E+00  5.9147159251E+01
  5.4259561324E+00  5.8946970406E+01
  5.4519619512E+00  5.8714896539E+01
  5.4779677700E+00  5.8463537976E+01
  5.5039735887E+00  5.8199775892E+01
  5.5299794075E+00  5.7927707820E+01
  5.5559852262E+00  5.7650080567E+01
  5.5819910450E+00  5.7368995064E+01
  5.6079968638E+00  5.7086285546E+01
  5.6340026825E+00  5.6803757790E+01
  5.6600085013E+00  5.6523375077E+01
  5.6860143200E+00  5.6247440025E+01
  5.7120201388E+00  5.5978800929E+01
  5.7380259576E+00  5.5721091678E+01
  5.7640317763E+00  5.5478967998E+01
  5.7900375951E+00  5.5258184683E+01
  5.8160434138E+00  5.5065125249E+01
  5.8420492326E+00  5.4905168864E+01
  5.8680550514E+00  5.4779666641E+01
  5.8940608701E+00  5.4682937805E+01
  5.9200666889E+00  5.4602029193E+01
  5.9460725076E+00  5.4520045172E+01
  5.9720783264E+00  5.4420631870E+01
  5.9980841451E+00  5.4291136646E+01
  6.0240899639E+00  5.4123890320E+01
  6.0500957827E+00  5.3916095323E+01
  6.0761016014E+00  5.3668904563E+01
  6.1021074202E+00  5.3386189817E+01
  6.1281132389E+00  5.3073380282E+01
  6.1541190577E+00  5.2736577911E+01
  6.1801248765E+00  5.2381988732E+01
  6.2061306952E+00  5.2015611351E+01
  6.2321365140E+00  5.1643096911E+01
  6.2581423327E+00  5.1269707112E+01
  6.2841481515E+00  5.0900320176E+01
  6.3101539703E+00  5.0539455099E+01
  6.3361597890E+00  5.0191298454E+01
  6.3621656078E+00  4.9859726396E+01
  6.3881714265E+00  4.9548319036E+01
  6.4141772453E+00  4.9260366710E+01
  6.4401830640E+00  4.8998868774E+01
  6.4661888828E+00  4.8766526110E+01
  6.4921947016E+00  4.8565728771E+01
  6.5182005203E+00  4.8398540373E+01
  6.5442063391E+00  4.8266680908E+01
  6.5702121578E+00  4.8171509680E+01
  6.5962179766E+00  4.8114009984E+01
  6.6222237954E+00  4.8094776991E+01

  0.0000000000E+00  4.9911688984E+01
  2.2521699694E-02  4.9924011708E+01
  4.5043399387E-02  4.9960928769E+01
  6.7565099081E-02  5.0022287119E+01
  9.0086798775E-02  5.0107832606E+01
  1.1260849847E-01  5.0217211340E+01
  1.3513019816E-01  5.0349971527E+01
  1.5765189786E-01  5.0505565730E+01
  1.8017359755E-01  5.0683353493E+01
  2.0269529724E-01  5.0882604279E+01
  2.2521699694E-01  5.1102500681E+01
  2.4773869663E-01  5.1342141884E+01
  2.7026039632E-01  5.1600547375E+01
  2.9278209602E-01  5.1876660917E+01
  3.1530379571E-01  5.2169354807E+01
  3.3782549540E-01  5.2477434465E+01
  3.6034719510E-01  5.2799643389E+01
  3.8286889479E-01  5.3134668504E+01
  4.0539059449E-01  5.3481145949E+01
  4.2791229418E-01  5.3837667279E+01
  4.5043399387E-01  5.4202786093E+01
  4.7295569357E-01  5.4575025025E+01
  4.9547739326E-01  5.4952883033E+01
  5.1799909295E-01  5.5334842876E+01
  5.4052079265E-01  5.5719378611E+01
  5.6304249234E-01  5.6104962886E+01
  5.8556419203E-01  5.6490073647E+01
  6.0808589173E-01  5.6873199599E+01
  6.3060759142E-01  5.7252843036E+01
  6.5312929112E-01  5.7627516694E+01
  6.7565099081E-01  5.7995725014E+01
  6.9817269050E-01  5.8355895739E+01
  7.2069439020E-01  5.8706098839E+01
  7.4321608989E-01  5.9042233674E+01
  7.6573778958E-01  5.9314637476E+01
  7.8825948928E-01  5.9207705513E+01
  8.1078118897E-01  5.9024505456E+01
  8.3330288866E-01  5.8839316054E+01
  8.5582458836E-01  5.8656918560E+01
  8.7834628805E-01  5.8479464728E+01
  9.0086798775E-01  5.8308825755E+01
  9.2338968744E-01  5.8146941337E+01
  9.4591138713E-01  5.7995903503E+01
  9.6843308683E-01  5.7857965171E+01
  9.9095478652E-01  5.7735503952E+01
  1.0134764862E+00  5.7630943391E+01
  1.0359981859E+00  5.7546630487E+01
  1.0585198856E+00  5.7484674725E+01
  1.0810415853E+00  5.7446766095E+01
  1.1035632850E+00  5.7434002771E+01
  1.1035632850E+00  5.7434002771E+01
  1.1165661944E+00  5.7432597340E+01
  1.1295691037E+00  5.7428382124E+01
  1.1425720131E+00  5.7421360394E+01
  1.1555749225E+00  5.7411537724E+01
  1.1685778319E+00  5.7398922206E+01
  1.1815807413E+00  5.7383524764E+01
  1.1945836506E+00  5.7365359654E+01
  1.2075865600E+00  5.7344445190E+01
  1.2205894694E+00  5.7320804834E+01
  1.2335923788E+00  5.7294468868E+01
  1.2465952882E+00  5.7265476978E+01
  1.2595981975E+00  5.7233882425E+01
  1.2726011069E+00  5.7199758983E+01
  1.2856040163E+00  5.7163213042E+01
  1.2986069257E+00  5.7124405845E+01
  1.3116098351E+00  5.7083597096E+01
  1.3246127444E+00  5.7041237307E+01
  1.3376156538E+00  5.6998182388E+01
  1.3506185632E+00  5.6956246553E+01
  1.3636214726E+00  5.6919747133E+01
  1.3766243820E+00  5.6899307896E+01
  1.3896272913E+00  5.6912711383E+01
  1.4026302007E+00  5.6963367767E+01
  1.4156331101E+00  5.7035328377E+01
  1.4286360195E+00  5.7116693161E+01
  1.4416389288E+00  5.7202164547E+01
  1.4546418382E+00  5.7289248551E+01
  1.4676447476E+00  5.7376507186E+01
  1.4806476570E+00  5.7462925100E+01
  1.4936505664E+00  5.7547664591E+01
  1.5066534757E+00  5.7629959845E+01
  1.5196563851E+00  5.7709065866E+01
  1.5326592945E+00  5.7784230781E+01
  1.5456622039E+00  5.7854678575E+01
  1.5586651133E+00  5.7919596153E+01
  1.5716680226E+00  5.7978121216E+01
  1.5846709320E+00  5.8029328660E+01
  1.5976738414E+00  5.8072215032E+01
  1.6106767508E+00  5.8105686683E+01
  1.6236796602E+00  5.8128577090E+01
  1.6366825695E+00  5.8139772890E+01
  1.6496854789E+00  5.8138639033E+01
  1.6626883883E+00  5.8126039503E+01
  1.6756912977E+00  5.8106025891E+01
  1.6886942071E+00  5.8087353314E+01
  1.7016971164E+00  5.8082724202E+01
  1.7147000258E+00  5.8102375594E+01
  1.7277029352E+00  5.8140016872E+01
  1.7407058446E+00  5.8160770158E+01
  1.7407058446E+00  5.8160770158E+01
  1.7667116633E+00  5.8151115418E+01
  1.7927174821E+00  5.8113424927E+01
  1.8187233008E+00  5.8048697232E+01
  1.8447291196E+00  5.7958804709E+01
  1.8707349384E+00  5.7846164851E+01
  1.8967407571E+00  5.7713408090E+01
  1.9227465759E+00  5.7563116448E+01
  1.9487523946E+00  5.7397659144E+01
  1.9747582134E+00  5.7219115160E+01
  2.0007640322E+00  5.7029257770E+01
  2.0267698509E+00  5.7087355216E+01
  2.0527756697E+00  5.7353660973E+01
  2.0787814884E+00  5.7618372211E+01
  2.1047873072E+00  5.7880605300E+01
  2.1307931260E+00  5.8138825988E+01
  2.1567989447E+00  5.8388666874E+01
  2.1828047635E+00  5.8602222894E+01
  2.2088105822E+00  5.8591719466E+01
  2.2348164010E+00  5.8402934927E+01
  2.2608222198E+00  5.8169535221E+01
  2.2868280385E+00  5.7907790591E+01
  2.3128338573E+00  5.7622067765E+01
  2.3388396760E+00  5.7315065660E+01
  2.3648454948E+00  5.6989148985E+01
  2.3908513135E+00  5.6646644771E+01
  2.4168571323E+00  5.6289925139E+01
  2.4428629511E+00  5.5921428843E+01
  2.4688687698E+00  5.5543661015E+01
  2.4948745886E+00  5.5159183880E+01
  2.5208804073E+00  5.4770603401E+01
  2.5468862261E+00  5.4380554145E+01
  2.5728920449E+00  5.3991683580E+01
  2.5988978636E+00  5.3606636584E+01
  2.6249036824E+00  5.3228040665E+01
  2.6509095011E+00  5.2858492219E+01
  2.6769153199E+00  5.2500543968E+01
  2.7029211387E+00  5.2156693579E+01
  2.7289269574E+00  5.1829373209E+01
  2.7549327762E+00  5.1520939536E+01
  2.7809385949E+00  5.1233663542E+01
  2.8069444137E+00  5.0969719055E+01
  2.8329502324E+00  5.0731168807E+01
  2.8589560512E+00  5.0519946653E+01
  2.8849618700E+00  5.0337834702E+01
  2.9109676887E+00  5.0186434638E+01
  2.9369735075E+00  5.0067133573E+01
  2.9629793262E+00  4.9981066284E+01
  2.9889851450E+00  4.9929077464E+01
  3.0149909638E+00  4.9911688984E+01
  3.0149909638E+00  4.9911688984E+01
  3.0270775325E+00  4.9910770535E+01
  3.0391641012E+00  4.9908016025E+01
  3.0512506700E+00  4.9903427972E+01
  3.0633372387E+00  4.9897010570E+01
  3.0754238074E+00  4.9888769691E+01
  3.0875103761E+00  4.9878712877E+01
  3.0995969449E+00  4.9866849344E+01
  3.1116835136E+00  4.9853189978E+01
  3.1237700823E+00  4.9837747326E+01
  3.1358566511E+00  4.9820535597E+01
  3.1479432198E+00  4.9801570655E+01
  3.1600297885E+00  4.9780870014E+01
  3.1721163573E+00  4.9758452829E+01
  3.1842029260E+00  4.9734339888E+01
  3.1962894947E+00  4.9708553609E+01
  3.2083760635E+00  4.9681118023E+01
  3.2204626322E+00  4.9652058767E+01
  3.2325492009E+00  4.9621403072E+01
  3.2446357697E+00  4.9589179749E+01
  3.2567223384E+00  4.9555419174E+01
  3.2688089071E+00  4.9520153274E+01
  3.2808954759E+00  4.9483415507E+01
  3.2929820446E+00  4.9445240845E+01
  3.3050686133E+00  4.9405665751E+01
  3.3171551820E+00  4.9364728159E+01
  3.3292417508E+00  4.9322467450E+01
  3.3413283195E+00  4.9278924423E+01
  3.3534148882E+00  4.9234141271E+01
  3.3655014570E+00  4.9188161548E+01
  3.3775880257E+00  4.9141030137E+01
  3.3896745944E+00  4.9092793220E+01
  3.4017611632E+00  4.9043498236E+01
  3.4138477319E+00  4.8993193849E+01
  3.4259343006E+00  4.8941929900E+01
  3.4380208694E+00  4.8889757373E+01
  3.4501074381E+00  4.8836728344E+01
  3.4621940068E+00  4.8782895933E+01
  3.4742805756E+00  4.8728314263E+01
  3.4863671443E+00  4.8673038399E+01
  3.4984537130E+00  4.8617124300E+01
  3.5105402817E+00  4.8560628761E+01
  3.5226268505E+00  4.8503609359E+01
  3.5347134192E+00  4.8446124388E+01
  3.5467999879E+00  4.8388232801E+01
  3.5588865567E+00  4.8329994148E+01
  3.5709731254E+00  4.8271468507E+01
  3.5830596941E+00  4.8212716420E+01
  3.5951462629E+00  4.8153798827E+01
  3.6072328316E+00  4.8094776991E+01
  3.6072328316E+00  4.8094776991E+01
  3.6297545313E+00  4.8109206226E+01
  3.6522762310E+00  4.8152398166E+01
  3.6747979307E+00  4.8224066071E+01
  3.6973196304E+00  4.8323733845E+01
  3.7198413301E+00  4.8450738544E+01
  3.7423630298E+00  4.8604233480E+01
  3.7648847295E+00  4.8783191570E+01
  3.7874064291E+00  4.8986408439E+01
  3.8099281288E+00  4.9212504778E+01
  3.8324498285E+00  4.9459927319E+01
  3.8549715282E+00  4.9726947785E+01
  3.8774932279E+00  5.0011659016E+01
  3.9000149276E+00  5.0311967446E+01
  3.9225366273E+00  5.0625580923E+01
  3.9450583270E+00  5.0949990837E+01
  3.9675800267E+00  5.1282447422E+01
  3.9901017264E+00  5.1619927301E+01
  4.0126234261E+00  5.1959092883E+01
  4.0351451258E+00  5.2296244616E+01
  4.0576668255E+00  5.2627270004E+01
  4.0801885252E+00  5.2947598648E+01
  4.1027102249E+00  5.3252181588E+01
  4.1252319246E+00  5.3535526084E+01
  4.1477536242E+00  5.3791831536E+01
  4.1702753239E+00  5.4015279421E+01
  4.1927970236E+00  5.4200512863E+01
  4.2153187233E+00  5.4343280121E+01
  4.2378404230E+00  5.4441113828E+01
  4.2603621227E+00  5.4493827926E+01
  4.2828838224E+00  5.4503625165E+01
  4.3054055221E+00  5.4474754437E+01
  4.3279272218E+00  5.4412851196E+01
  4.3504489215E+00  5.4324197370E+01
  4.3729706212E+00  5.4215100177E+01
  4.3954923209E+00  5.4091478420E+01
  4.4180140206E+00  5.3958647955E+01
  4.4405357203E+00  5.3821252129E+01
  4.4630574200E+00  5.3683278428E+01
  4.4855791197E+00  5.3548116613E+01
  4.5081008193E+00  5.3418630473E+01
  4.5306225190E+00  5.3297228311E+01
  4.5531442187E+00  5.3185925565E+01
  4.5756659184E+00  5.3086397543E+01
  4.5981876181E+00  5.3083207334E+01
  4.6207093178E+00  5.3128928916E+01
  4.6432310175E+00  5.3164672739E+01
  4.6657527172E+00  5.3190302044E+01
  4.6882744169E+00  5.3205718881E+01
  4.7107961166E+00  5.3210864374E+01
  4.7107961166E+00  5.3210864374E+01
  4.7237990260E+00  5.3227313531E+01
  4.7368019353E+00  5.3271600116E+01
  4.7498048447E+00  5.3334585178E+01
  4.7628077541E+00  5.3409643764E+01
  4.7758106635E+00  5.3493131780E+01
  4.7888135729E+00  5.3583155335E+01
  4.8018164822E+00  5.3678710986E+01
  4.8148193916E+00  5.3779244291E+01
  4.8278223010E+00  5.3884432023E+01
  4.8408252104E+00  5.3994071629E+01
  4.8538281198E+00  5.4108022497E+01
  4.8668310291E+00  5.4226173319E+01
  4.8798339385E+00  5.4348423233E+01
  4.8928368479E+00  5.4474670618E+01
  4.9058397573E+00  5.4604806336E+01
  4.9188426667E+00  5.4738709666E+01
  4.9318455760E+00  5.4876245929E+01
  4.9448484854E+00  5.5017265204E+01
  4.9578513948E+00  5.5161601753E+01
  4.9708543042E+00  5.5309073924E+01
  4.9838572136E+00  5.5459484355E+01
  4.9968601229E+00  5.5612620370E+01
  5.0098630323E+00  5.5768254469E+01
  5.0228659417E+00  5.5926144857E+01
  5.0358688511E+00  5.6086035934E+01
  5.0488717604E+00  5.6247658716E+01
  5.0618746698E+00  5.6410731104E+01
  5.0748775792E+00  5.6574957961E+01
  5.0878804886E+00  5.6740030921E+01
  5.1008833980E+00  5.6905627824E+01
  5.1138863073E+00  5.7071411671E+01
  5.1268892167E+00  5.7237028925E+01
  5.1398921261E+00  5.7402106912E+01
  5.1528950355E+00  5.7566250011E+01
  5.1658979449E+00  5.7729034115E+01
  5.1789008542E+00  5.7889998688E+01
  5.1919037636E+00  5.8048635325E+01
  5.2049066730E+00  5.8204371268E+01
  5.2179095824E+00  5.8356545499E+01
  5.2309124918E+00  5.8504373885E+01
  5.2439154011E+00  5.8646898247E+01
  5.2569183105E+00  5.8782912255E+01
  5.2699212199E+00  5.8910855818E+01
  5.2829241293E+00  5.9028672366E+01
  5.2959270387E+00  5.9133639928E+01
  5.3089299480E+00  5.9222237798E+01
  5.3219328574E+00  5.9290219652E+01
  5.3349357668E+00  5.9333188614E+01
  5.3479386762E+00  5.9347852503E+01
  5.3479386762E+00  5.9347852503E+01
  5.3739444949E+00  5.9292281426E+01
  5.3999503137E+00  5.9147159251E+01
  5.4259561324E+00  5.8946970406E+01
  5.4519619512E+00  5.8714896539E+01
  5.4779677700E+00  5.8463537976E+01
  5.5039735887E+00  5.8199775892E+01
  5.5299794075E+00  5.7927707820E+01
  5.5559852262E+00  5.7650080567E+01
  5.5819910450E+00  5.7368995064E+01
  5.6079968638E+00  5.7086285546E+01
  5.6340026825E+00  5.6803757790E+01
  5.6600085013E+00  5.6523375077E+01
  5.6860143200E+00  5.6247440025E+01
  5.7120201388E+00  5.5978800929E+01
  5.7380259576E+00  5.5721091678E+01
  5.7640317763E+00  5.5478967998E+01
  5.7900375951E+00  5.5258184683E+01
  5.8160434138E+00  5.5065125249E+01
  5.8420492326E+00  5.4905168864E+01
  5.8680550514E+00  5.4779666641E+01
  5.8940608701E+00  5.4682937805E+01
  5.9200666889E+00  5.4602029193E+01
  5.9460725076E+00  5.4520045172E+01
  5.9720783264E+00  5.4420631870E+01
  5.9980841451E+00  5.4291136646E+01
  6.0240899639E+00  5.4123890320E+01
  6.0500957827E+00  5.3916095323E+01
  6.0761016014E+00  5.3668904563E+01
  6.1021074202E+00  5.3386189817E+01
  6.1281132389E+00  5.3073380282E+01
  6.1541190577E+00  5.2736577911E+01
  6.1801248765E+00  5.2381988732E+01
  6.2061306952E+00  5.2015611351E+01
  6.2321365140E+00  5.1643096911E+01
  6.2581423327E+00  5.1269707112E+01
  6.2841481515E+00  5.0900320176E+01
  6.3101539703E+00  5.0539455099E+01
  6.3361597890E+00  5.0191298454E+01
  6.3621656078E+00  4.9859726396E+01
  6.3881714265E+00  4.9548319036E+01
  6.4141772453E+00  4.9260366710E+01
  6.4401830640E+00  4.8998868774E+01
  6.4661888828E+00  4.8766526110E+01
  6.4921947016E+00  4.8565728771E+01
  6.5182005203E+00  4.8398540373E+01
  6.5442063391E+00  4.8266680908E+01
  6.5702121578E+00  4.8171509680E+01
  6.5962179766E+00  4.8114009984E+01
  6.6222237954E+00  4.8094776991E+01

  0.0000000000E+00  6.2828335303E+01
  2.2521699694E-02  6.2828293854E+01
  4.5043399387E-02  6.2828182370E+01
  6.7565099081E-02  6.2828039238E+01
  9.0086798775E-02  6.2827927763E+01
  1.1260849847E-01  6.2827935162E+01
  1.3513019816E-01  6.2828171127E+01
  1.5765189786E-01  6.2828765976E+01
  1.8017359755E-01  6.2829868288E+01
  2.0269529724E-01  6.2831641808E+01
  2.2521699694E-01  6.2834260308E+01
  2.4773869663E-01  6.2837886495E+01
  2.7026039632E-01  6.2826170663E+01
  2.9278209602E-01  6.2731165323E+01
  3.1530379571E-01  6.2628772686E+01
  3.3782549540E-01  6.2519420753E+01
  3.6034719510E-01  6.2403265929E+01
  3.8286889479E-01  6.2280467575E+01
  4.0539059449E-01  6.2151196547E+01
  4.2791229418E-01  6.2015637405E+01
  4.5043399387E-01  6.1873989910E+01
  4.7295569357E-01  6.1726470530E+01
  4.9547739326E-01  6.1573314196E+01
  5.1799909295E-01  6.1414776419E+01
  5.4052079265E-01  6.1251135904E+01
  5.6304249234E-01  6.1082697887E+01
  5.8556419203E-01  6.0909798495E+01
  6.0808589173E-01  6.0732810800E+01
  6.3060759142E-01  6.0552153905E+01
  6.5312929112E-01  6.0368308410E+01
  6.7565099081E-01  6.0181847869E+01
  6.9817269050E-01  5.9993520319E+01
  7.2069439020E-01  5.9804542879E+01
  7.4321608989E-01  5.9618428469E+01
  7.6573778958E-01  5.9484391452E+01
  7.8825948928E-01  5.9717741552E+01
  8.1078118897E-01  6.0015283014E+01
  8.3330288866E-01  6.0302787947E+01
  8.5582458836E-01  6.0575713835E+01
  8.7834628805E-01  6.0832338849E+01
  9.0086798775E-01  6.1071406801E+01
  9.2338968744E-01  6.1291757298E+01
  9.4591138713E-01  6.1492199836E+01
  9.6843308683E-01  6.1671435461E+01
  9.9095478652E-01  6.1827992686E+01
  1.0134764862E+00  6.1960183502E+01
  1.0359981859E+00  6.2066109061E+01
  1.0585198856E+00  6.2143763186E+01
  1.0810415853E+00  6.2191276563E+01
  1.1035632850E+00  6.2207283021E+01
  1.1035632850E+00  6.2207283021E+01
  1.1165661944E+00  6.2204458042E+01
  1.1295691037E+00  6.2195989224E+01
  1.1425720131E+00  6.2181894908E+01
  1.1555749225E+00  6.2162205598E+01
  1.1685778319E+00  6.2136963861E+01
  1.1815807413E+00  6.2106224200E+01
  1.1945836506E+00  6.2070052879E+01
  1.2075865600E+00  6.2028527722E+01
  1.2205894694E+00  6.1981737872E+01
  1.2335923788E+00  6.1929783531E+01
  1.2465952882E+00  6.1872775655E+01
  1.2595981975E+00  6.1810835647E+01
  1.2726011069E+00  6.1744095008E+01
  1.2856040163E+00  6.1672694987E+01
  1.2986069257E+00  6.1596786215E+01
  1.3116098351E+00  6.1516528336E+01
  1.3246127444E+00  6.1432089636E+01
  1.3376156538E+00  6.1343646695E+01
  1.3506185632E+00  6.1251384049E+01
  1.3636214726E+00  6.1155493899E+01
  1.3766243820E+00  6.1056175865E+01
  1.3896272913E+00  6.0953636817E+01
  1.4026302007E+00  6.0848090809E+01
  1.4156331101E+00  6.0739759151E+01
  1.4286360195E+00  6.0628870663E+01
  1.4416389288E+00  6.0515662186E+01
  1.4546418382E+00  6.0400379438E+01
  1.4676447476E+00  6.0283278335E+01
  1.4806476570E+00  6.0164626973E+01
  1.4936505664E+00  6.0044708523E+01
  1.5066534757E+00  5.9923825428E+01
  1.5196563851E+00  5.9802305468E+01
  1.5326592945E+00  5.9680510554E+01
  1.5456622039E+00  5.9558849523E+01
  1.5586651133E+00  5.9437796857E+01
  1.5716680226E+00  5.9317920115E+01
  1.5846709320E+00  5.9199919910E+01
  1.5976738414E+00  5.9084686668E+01
  1.6106767508E+00  5.8973375682E+01
  1.6236796602E+00  5.8867488230E+01
  1.6366825695E+00  5.8768904382E+01
  1.6496854789E+00  5.8679724723E+01
  1.6626883883E+00  5.8601709288E+01
  1.6756912977E+00  5.8535353781E+01
  1.6886942071E+00  5.8479391491E+01
  1.7016971164E+00  5.8431763967E+01
  1.7147000258E+00  5.8392363267E+01
  1.7277029352E+00  5.8369207263E+01
  1.7407058446E+00  5.8388420115E+01
  1.7407058446E+00  5.8388420115E+01
  1.7667116633E+00  5.8243329529E+01
  1.7927174821E+00  5.8260555768E+01
  1.8187233008E+00  5.8405125132E+01
  1.8447291196E+00  5.8587071125E+01
  1.8707349384E+00  5.8766374347E+01
  1.8967407571E+00  5.8928613232E+01
  1.9227465759E+00  5.9067561189E+01
  1.9487523946E+00  5.9179965328E+01
  1.9747582134E+00  5.9263898473E+01
  2.0007640322E+00  5.9318160297E+01
  2.0267698509E+00  5.9342035494E+01
  2.0527756697E+00  5.9335197795E+01
  2.0787814884E+00  5.9297699014E+01
  2.1047873072E+00  5.9230067548E+01
  2.1307931260E+00  5.9133734795E+01
  2.1567989447E+00  5.9013203046E+01
  2.1828047635E+00  5.8896739318E+01
  2.2088105822E+00  5.8972698163E+01
  2.2348164010E+00  5.9196090632E+01
  2.2608222198E+00  5.9434240729E+01
  2.2868280385E+00  5.9672059217E+01
  2.3128338573E+00  5.9906540999E+01
  2.3388396760E+00  6.0136517908E+01
  2.3648454948E+00  6.0361312447E+01
  2.3908513135E+00  6.0580427449E+01
  2.4168571323E+00  6.0793448401E+01
  2.4428629511E+00  6.1000006035E+01
  2.4688687698E+00  6.1199759960E+01
  2.4948745886E+00  6.1392390802E+01
  2.5208804073E+00  6.1577596209E+01
  2.5468862261E+00  6.1755088758E+01
  2.5728920449E+00  6.1924594878E+01
  2.5988978636E+00  6.2085854340E+01
  2.6249036824E+00  6.2238620087E+01
  2.6509095011E+00  6.2382658261E+01
  2.6769153199E+00  6.2517748350E+01
  2.7029211387E+00  6.2643683422E+01
  2.7289269574E+00  6.2760270383E+01
  2.7549327762E+00  6.2819278978E+01
  2.7809385949E+00  6.2821507738E+01
  2.8069444137E+00  6.2823303712E+01
  2.8329502324E+00  6.2824730679E+01
  2.8589560512E+00  6.2825846145E+01
  2.8849618700E+00  6.2826700978E+01
  2.9109676887E+00  6.2827339027E+01
  2.9369735075E+00  6.2827796759E+01
  2.9629793262E+00  6.2828102920E+01
  2.9889851450E+00  6.2828278255E+01
  3.0149909638E+00  6.2828335303E+01
  3.0149909638E+00  6.3385215733E+01
  3.0270775325E+00  6.3385559587E+01
  3.0391641012E+00  6.3386591665E+01
  3.0512506700E+00  6.3388313502E+01
  3.0633372387E+00  6.3390727642E+01
  3.0754238074E+00  6.3393837594E+01
  3.0875103761E+00  6.3397647800E+01
  3.0995969449E+00  6.3402163566E+01
  3.1116835136E+00  6.3407391006E+01
  3.1237700823E+00  6.3413336952E+01
  3.1358566511E+00  6.3420008872E+01
  3.1479432198E+00  6.3427414773E+01
  3.1600297885E+00  6.3435563086E+01
  3.1721163573E+00  6.3444462560E+01
  3.1842029260E+00  6.3454122140E+01
  3.1962894947E+00  6.3464550838E+01
  3.2083760635E+00  6.3475757607E+01
  3.2204626322E+00  6.3487751207E+01
  3.2325492009E+00  6.3500540070E+01
  3.2446357697E+00  6.3514132165E+01
  3.2567223384E+00  6.3528534865E+01
  3.2688089071E+00  6.3543754809E+01
  3.2808954759E+00  6.3559797780E+01
  3.2929820446E+00  6.3576668568E+01
  3.3050686133E+00  6.3594370857E+01
  3.3171551820E+00  6.3612907101E+01
  3.3292417508E+00  6.3632278421E+01
  3.3413283195E+00  6.3652484496E+01
  3.3534148882E+00  6.3673523472E+01
  3.3655014570E+00  6.3695391872E+01
  3.3775880257E+00  6.3718084520E+01
  3.3896745944E+00  6.3741594476E+01
  3.4017611632E+00  6.3765912970E+01
  3.4138477319E+00  6.3791029359E+01
  3.4259343006E+00  6.3816931085E+01
  3.4380208694E+00  6.3843603649E+01
  3.4501074381E+00  6.3871030590E+01
  3.4621940068E+00  6.3899193477E+01
  3.4742805756E+00  6.3928071907E+01
  3.4863671443E+00  6.3957643521E+01
  3.4984537130E+00  6.3987884019E+01
  3.5105402817E+00  6.4018767189E+01
  3.5226268505E+00  6.4050264945E+01
  3.5347134192E+00  6.4082347370E+01
  3.5467999879E+00  6.4114982771E+01
  3.5588865567E+00  6.4148137735E+01
  3.5709731254E+00  6.4181777195E+01
  3.5830596941E+00  6.4215864504E+01
  3.5951462629E+00  6.4250361511E+01
  3.6072328316E+00  6.4285228643E+01
  3.6072328316E+00  6.4285228643E+01
  3.6297545313E+00  6.4276737841E+01
  3.6522762310E+00  6.4251309989E+01
  3.6747979307E+00  6.4209079120E+01
  3.6973196304E+00  6.4150269849E+01
  3.7198413301E+00  6.4075199283E+01
  3.7423630298E+00  6.3984279820E+01
  3.7648847295E+00  6.3878022982E+01
  3.7874064291E+00  6.3757044469E+01
  3.8099281288E+00  6.3622070708E+01
  3.8324498285E+00  6.3473947222E+01
  3.8549715282E+00  6.3313649274E+01
  3.8774932279E+00  6.3142295343E+01
  3.9000149276E+00  6.2961164138E+01
  3.9225366273E+00  6.2771715995E+01
  3.9450583270E+00  6.2575619647E+01
  3.9675800267E+00  6.2374785409E+01
  3.9901017264E+00  6.2171405686E+01
  4.0126234261E+00  6.1968003148E+01
  4.0351451258E+00  6.1767485551E+01
  4.0576668255E+00  6.1573203254E+01
  4.0801885252E+00  6.1389000113E+01
  4.1027102249E+00  6.1219239467E+01
  4.1252319246E+00  6.1068773955E+01
  4.1477536242E+00  6.0942813471E+01
  4.1702753239E+00  6.0846638253E+01
  4.1927970236E+00  6.0785121469E+01
  4.2153187233E+00  6.0762086950E+01
  4.2378404230E+00  6.0779630194E+01
  4.2603621227E+00  6.0837620704E+01
  4.2828838224E+00  6.0933592777E+01
  4.3054055221E+00  6.1063085535E+01
  4.3279272218E+00  6.1220298995E+01
  4.3504489215E+00  6.1398829911E+01
  4.3729706212E+00  6.1592288082E+01
  4.3954923209E+00  6.1794704733E+01
  4.4180140206E+00  6.2000741469E+01
  4.4405357203E+00  6.2205754209E+01
  4.4630574200E+00  6.2405771063E+01
  4.4855791197E+00  6.2597429092E+01
  4.5081008193E+00  6.2777897989E+01
  4.5306225190E+00  6.2944805718E+01
  4.5531442187E+00  6.3096172786E+01
  4.5756659184E+00  6.3230357239E+01
  4.5981876181E+00  6.3346010157E+01
  4.6207093178E+00  6.3442040530E+01
  4.6432310175E+00  6.3517588130E+01
  4.6657527172E+00  6.3572003088E+01
  4.6882744169E+00  6.3604831098E+01
  4.7107961166E+00  6.3615803419E+01
  4.7107961166E+00  6.3615803419E+01
  4.7237990260E+00  6.3614165568E+01
  4.7368019353E+00  6.3609253117E+01
  4.7498048447E+00  6.3601069372E+01
  4.7628077541E+00  6.3589619846E+01
  4.7758106635E+00  6.3574912255E+01
  4.7888135729E+00  6.3556956522E+01
  4.8018164822E+00  6.3535764778E+01
  4.8148193916E+00  6.3511351366E+01
  4.8278223010E+00  6.3483732844E+01
  4.8408252104E+00  6.3452927995E+01
  4.8538281198E+00  6.3418957838E+01
  4.8668310291E+00  6.3381845640E+01
  4.8798339385E+00  6.3341616942E+01
  4.8928368479E+00  6.3298299585E+01
  4.9058397573E+00  6.3251923748E+01
  4.9188426667E+00  6.3202522000E+01
  4.9318455760E+00  6.3150129360E+01
  4.9448484854E+00  6.3094783384E+01
  4.9578513948E+00  6.3036524268E+01
  4.9708543042E+00  6.2975394984E+01
  4.9838572136E+00  6.2911441446E+01
  4.9968601229E+00  6.2844712725E+01
  5.0098630323E+00  6.2775261321E+01
  5.0228659417E+00  6.2703143502E+01
  5.0358688511E+00  6.2628419739E+01
  5.0488717604E+00  6.2551155251E+01
  5.0618746698E+00  6.2471420711E+01
  5.0748775792E+00  6.2389293138E+01
  5.0878804886E+00  6.2304857056E+01
  5.1008833980E+00  6.2218205994E+01
  5.1138863073E+00  6.2129444448E+01
  5.1268892167E+00  6.2038690476E+01
  5.1398921261E+00  6.1946079146E+01
  5.1528950355E+00  6.1851767185E+01
  5.1658979449E+00  6.1755939311E+01
  5.1789008542E+00  6.1658816958E+01
  5.1919037636E+00  6.1560670455E+01
  5.2049066730E+00  6.1461836236E+01
  5.2179095824E+00  6.1362741445E+01
  5.2309124918E+00  6.1263939466E+01
  5.2439154011E+00  6.1166161522E+01
  5.2569183105E+00  6.1070391412E+01
  5.2699212199E+00  6.0977971762E+01
  5.2829241293E+00  6.0890747359E+01
  5.2959270387E+00  6.0811234679E+01
  5.3089299480E+00  6.0742755834E+01
  5.3219328574E+00  6.0689366051E+01
  5.3349357668E+00  6.0655279217E+01
  5.3479386762E+00  6.0643613232E+01
  5.3479386762E+00  6.0643613232E+01
  5.3739444949E+00  6.0686877598E+01
  5.3999503137E+00  6.0794310087E+01
  5.4259561324E+00  6.0930410584E+01
  5.4519619512E+00  6.1071185294E+01
  5.4779677700E+00  6.1203451134E+01
  5.5039735887E+00  6.1320003608E+01
  5.5299794075E+00  6.1416717367E+01
  5.5559852262E+00  6.1491157929E+01
  5.5819910450E+00  6.1541933646E+01
  5.6079968638E+00  6.1568390626E+01
  5.6340026825E+00  6.1570473119E+01
  5.6600085013E+00  6.1548670569E+01
  5.6860143200E+00  6.1504015710E+01
  5.7120201388E+00  6.1438117439E+01
  5.7380259576E+00  6.1353220880E+01
  5.7640317763E+00  6.1252289957E+01
  5.7900375951E+00  6.1139106298E+01
  5.8160434138E+00  6.1018371512E+01
  5.8420492326E+00  6.0895786116E+01
  5.8680550514E+00  6.0778056241E+01
  5.8940608701E+00  6.0672752452E+01
  5.9200666889E+00  6.0587929278E+01
  5.9460725076E+00  6.0531442243E+01
  5.9720783264E+00  6.0510006099E+01
  5.9980841451E+00  6.0528209490E+01
  6.0240899639E+00  6.0587827103E+01
  6.0500957827E+00  6.0687706034E+01
  6.0761016014E+00  6.0824244462E+01
  6.1021074202E+00  6.0992219113E+01
  6.1281132389E+00  6.1185641225E+01
  6.1541190577E+00  6.1398425178E+01
  6.1801248765E+00  6.1624806909E+01
  6.2061306952E+00  6.1859549750E+01
  6.2321365140E+00  6.2098008083E+01
  6.2581423327E+00  6.2336111832E+01
  6.2841481515E+00  6.2570315035E+01
  6.3101539703E+00  6.2797533654E+01
  6.3361597890E+00  6.3015085339E+01
  6.3621656078E+00  6.3220636503E+01
  6.3881714265E+00  6.3412158171E+01
  6.4141772453E+00  6.3587890272E+01
  6.4401830640E+00  6.3746313278E+01
  6.4661888828E+00  6.3886125983E+01
  6.4921947016E+00  6.4006228246E+01
  6.5182005203E+00  6.4105707730E+01
  6.5442063391E+00  6.4183829831E+01
  6.5702121578E+00  6.4240030174E+01
  6.5962179766E+00  6.4273909222E+01
  6.6222237954E+00  6.4285228643E+01

  0.0000000000E+00  6.3385215733E+01
  2.2521699694E-02  6.3381281506E+01
  4.5043399387E-02  6.3369483398E+01
  6.7565099081E-02  6.3349835143E+01
  9.0086798775E-02  6.3322359658E+01
  1.1260849847E-01  6.3287089102E+01
  1.3513019816E-01  6.3244064955E+01
  1.5765189786E-01  6.3193338162E+01
  1.8017359755E-01  6.3134969396E+01
  2.0269529724E-01  6.3069029694E+01
  2.2521699694E-01  6.2995602784E+01
  2.4773869663E-01  6.2914803021E+01
  2.7026039632E-01  6.2843273276E+01
  2.9278209602E-01  6.2849266557E+01
  3.1530379571E-01  6.2857194539E+01
  3.3782549540E-01  6.2866947306E+01
  3.6034719510E-01  6.2878686441E+01
  3.8286889479E-01  6.2892566137E+01
  4.0539059449E-01  6.2908720390E+01
  4.2791229418E-01  6.2927256667E+01
  4.5043399387E-01  6.2948250608E+01
  4.7295569357E-01  6.2971741160E+01
  4.9547739326E-01  6.2997726090E+01
  5.1799909295E-01  6.3026157978E+01
  5.4052079265E-01  6.3056940780E+01
  5.6304249234E-01  6.3089927096E+01
  5.8556419203E-01  6.3124916247E+01
  6.0808589173E-01  6.3161653296E+01
  6.3060759142E-01  6.3199829115E+01
  6.5312929112E-01  6.3239081614E+01
  6.7565099081E-01  6.3278998236E+01
  6.9817269050E-01  6.3319119833E+01
  7.2069439020E-01  6.3358946059E+01
  7.4321608989E-01  6.3397942437E+01
  7.6573778958E-01  6.3435549330E+01
  7.8825948928E-01  6.3471193111E+01
  8.1078118897E-01  6.3504299999E+01
  8.3330288866E-01  6.3534313155E+01
  8.5582458836E-01  6.3560713931E+01
  8.7834628805E-01  6.3583048393E+01
  9.0086798775E-01  6.3600960534E+01
  9.2338968744E-01  6.3614233657E+01
  9.4591138713E-01  6.3622840845E+01
  9.6843308683E-01  6.3627003432E+01
  9.9095478652E-01  6.3627251242E+01
  1.0134764862E+00  6.3624467972E+01
  1.0359981859E+00  6.3619888536E+01
  1.0585198856E+00  6.3614998796E+01
  1.0810415853E+00  6.3611294218E+01
  1.1035632850E+00  6.3609915766E+01
  1.1035632850E+00  6.3609915766E+01
  1.1165661944E+00  6.3608196157E+01
  1.1295691037E+00  6.3603041295E+01
  1.1425720131E+00  6.3594463078E+01
  1.1555749225E+00  6.3582481355E+01
  1.1685778319E+00  6.3567123940E+01
  1.1815807413E+00  6.3548426650E+01
  1.1945836506E+00  6.3526433351E+01
  1.2075865600E+00  6.3501196014E+01
  1.2205894694E+00  6.3472774796E+01
  1.2335923788E+00  6.3441238143E+01
  1.2465952882E+00  6.3406662911E+01
  1.2595981975E+00  6.3369134528E+01
  1.2726011069E+00  6.3328747186E+01
  1.2856040163E+00  6.3285604083E+01
  1.2986069257E+00  6.3239817711E+01
  1.3116098351E+00  6.3191510203E+01
  1.3246127444E+00  6.3140813753E+01
  1.3376156538E+00  6.3087871107E+01
  1.3506185632E+00  6.3032836147E+01
  1.3636214726E+00  6.2975874561E+01
  1.3766243820E+00  6.2917164629E+01
  1.3896272913E+00  6.2856898113E+01
  1.4026302007E+00  6.2795281257E+01
  1.4156331101E+00  6.2732535909E+01
  1.4286360195E+00  6.2668900730E+01
  1.4416389288E+00  6.2604632482E+01
  1.4546418382E+00  6.2540007349E+01
  1.4676447476E+00  6.2475322214E+01
  1.4806476570E+00  6.2410895797E+01
  1.4936505664E+00  6.2347069500E+01
  1.5066534757E+00  6.2284207749E+01
  1.5196563851E+00  6.2222697575E+01
  1.5326592945E+00  6.2162947076E+01
  1.5456622039E+00  6.2105382369E+01
  1.5586651133E+00  6.2050442565E+01
  1.5716680226E+00  6.1998572341E+01
  1.5846709320E+00  6.1950211728E+01
  1.5976738414E+00  6.1905782981E+01
  1.6106767508E+00  6.1865674689E+01
  1.6236796602E+00  6.1830223805E+01
  1.6366825695E+00  6.1799696793E+01
  1.6496854789E+00  6.1774271641E+01
  1.6626883883E+00  6.1754022802E+01
  1.6756912977E+00  6.1738911114E+01
  1.6886942071E+00  6.1728780312E+01
  1.7016971164E+00  6.1723360880E+01
  1.7147000258E+00  6.1722280954E+01
  1.7277029352E+00  6.1725082987E+01
  1.7407058446E+00  6.1731244175E+01
  1.7407058446E+00  6.1731244175E+01
  1.7667116633E+00  6.1709782973E+01
  1.7927174821E+00  6.1706274426E+01
  1.8187233008E+00  6.1719418818E+01
  1.8447291196E+00  6.1747106244E+01
  1.8707349384E+00  6.1786744181E+01
  1.8967407571E+00  6.1835588817E+01
  1.9227465759E+00  6.1891005899E+01
  1.9487523946E+00  6.1950635001E+01
  1.9747582134E+00  6.2012467244E+01
  2.0007640322E+00  6.2074861434E+01
  2.0267698509E+00  6.2136523599E+01
  2.0527756697E+00  6.2196468594E+01
  2.0787814884E+00  6.2253975552E+01
  2.1047873072E+00  6.2308543707E+01
  2.1307931260E+00  6.2359851727E+01
  2.1567989447E+00  6.2407721744E+01
  2.1828047635E+00  6.2452088313E+01
  2.2088105822E+00  6.2492972049E+01
  2.2348164010E+00  6.2530457537E+01
  2.2608222198E+00  6.2564675066E+01
  2.2868280385E+00  6.2595785746E+01
  2.3128338573E+00  6.2623969616E+01
  2.3388396760E+00  6.2649416333E+01
  2.3648454948E+00  6.2672318123E+01
  2.3908513135E+00  6.2692864627E+01
  2.4168571323E+00  6.2711239336E+01
  2.4428629511E+00  6.2727617324E+01
  2.4688687698E+00  6.2742163997E+01
  2.4948745886E+00  6.2755034614E+01
  2.5208804073E+00  6.2766374367E+01
  2.5468862261E+00  6.2776318822E+01
  2.5728920449E+00  6.2784994583E+01
  2.5988978636E+00  6.2792520041E+01
  2.6249036824E+00  6.2799006118E+01
  2.6509095011E+00  6.2804556940E+01
  2.6769153199E+00  6.2809270385E+01
  2.7029211387E+00  6.2813238490E+01
  2.7289269574E+00  6.2816547702E+01
  2.7549327762E+00  6.2867330266E+01
  2.7809385949E+00  6.2964698529E+01
  2.8069444137E+00  6.3052225333E+01
  2.8329502324E+00  6.3129775820E+01
  2.8589560512E+00  6.3197230365E+01
  2.8849618700E+00  6.3254484808E+01
  2.9109676887E+00  6.3301450660E+01
  2.9369735075E+00  6.3338055272E+01
  2.9629793262E+00  6.3364241991E+01
  2.9889851450E+00  6.3379970266E+01
  3.0149909638E+00  6.3385215733E+01
  3.0149909638E+00  6.5514219250E+01
  3.0270775325E+00  6.5513528683E+01
  3.0391641012E+00  6.5511458001E+01
  3.0512506700E+00  6.5508010256E+01
  3.0633372387E+00  6.5503190528E+01
  3.0754238074E+00  6.5497005921E+01
  3.0875103761E+00  6.5489465547E+01
  3.0995969449E+00  6.5480580516E+01
  3.1116835136E+00  6.5470363916E+01
  3.1237700823E+00  6.5458830795E+01
  3.1358566511E+00  6.5445998134E+01
  3.1479432198E+00  6.5431884823E+01
  3.1600297885E+00  6.5416511632E+01
  3.1721163573E+00  6.5399901175E+01
  3.1842029260E+00  6.5382077876E+01
  3.1962894947E+00  6.5363067928E+01
  3.2083760635E+00  6.5342899255E+01
  3.2204626322E+00  6.5321601462E+01
  3.2325492009E+00  6.5299205786E+01
  3.2446357697E+00  6.5275745052E+01
  3.2567223384E+00  6.5251253608E+01
  3.2688089071E+00  6.5225767277E+01
  3.2808954759E+00  6.5199323289E+01
  3.2929820446E+00  6.5171960222E+01
  3.3050686133E+00  6.5143717936E+01
  3.3171551820E+00  6.5114637498E+01
  3.3292417508E+00  6.5084761116E+01
  3.3413283195E+00  6.5054132062E+01
  3.3534148882E+00  6.5022794591E+01
  3.3655014570E+00  6.4990793868E+01
  3.3775880257E+00  6.4958175874E+01
  3.3896745944E+00  6.4924987331E+01
  3.4017611632E+00  6.4891275608E+01
  3.4138477319E+00  6.4857088631E+01
  3.4259343006E+00  6.4822474791E+01
  3.4380208694E+00  6.4787482851E+01
  3.4501074381E+00  6.4752161845E+01
  3.4621940068E+00  6.4716560986E+01
  3.4742805756E+00  6.4680729558E+01
  3.4863671443E+00  6.4644716821E+01
  3.4984537130E+00  6.4608571906E+01
  3.5105402817E+00  6.4572343710E+01
  3.5226268505E+00  6.4536080796E+01
  3.5347134192E+00  6.4499831284E+01
  3.5467999879E+00  6.4463642749E+01
  3.5588865567E+00  6.4427562117E+01
  3.5709731254E+00  6.4391635561E+01
  3.5830596941E+00  6.4355908398E+01
  3.5951462629E+00  6.4320424990E+01
  3.6072328316E+00  6.4285228643E+01
  3.6072328316E+00  6.4285228643E+01
  3.6297545313E+00  6.4276737841E+01
  3.6522762310E+00  6.4251309989E+01
  3.6747979307E+00  6.4209079120E+01
  3.6973196304E+00  6.4150269849E+01
  3.7198413301E+00  6.4075199283E+01
  3.7423630298E+00  6.3984279820E+01
  3.7648847295E+00  6.3878022982E+01
  3.7874064291E+00  6.3757044469E+01
  3.8099281288E+00  6.3622070708E+01
  3.8324498285E+00  6.3473947222E+01
  3.8549715282E+00  6.3313649274E+01
  3.8774932279E+00  6.3142295343E+01
  3.9000149276E+00  6.2961164138E+01
  3.9225366273E+00  6.2771715995E+01
  3.9450583270E+00  6.2575619647E+01
  3.9675800267E+00  6.2374785409E+01
  3.9901017264E+00  6.2171405686E+01
  4.0126234261E+00  6.1968003148E+01
  4.0351451258E+00  6.1767485551E+01
  4.0576668255E+00  6.1573203254E+01
  4.0801885252E+00  6.1389000113E+01
  4.1027102249E+00  6.1219239467E+01
  4.1252319246E+00  6.1068773955E+01
  4.1477536242E+00  6.0942813471E+01
  4.1702753239E+00  6.0846638253E+01
  4.1927970236E+00  6.0785121469E+01
  4.2153187233E+00  6.0762086950E+01
  4.2378404230E+00  6.0779630194E+01
  4.2603621227E+00  6.0837620704E+01
  4.2828838224E+00  6.0933592777E+01
  4.3054055221E+00  6.1063085535E+01
  4.3279272218E+00  6.1220298995E+01
  4.3504489215E+00  6.1398829911E+01
  4.3729706212E+00  6.1592288082E+01
  4.3954923209E+00  6.1794704733E+01
  4.4180140206E+00  6.2000741469E+01
  4.4405357203E+00  6.2205754209E+01
  4.4630574200E+00  6.2405771063E+01
  4.4855791197E+00  6.2597429092E+01
  4.5081008193E+00  6.2777897989E+01
  4.5306225190E+00  6.2944805718E+01
  4.5531442187E+00  6.3096172786E+01
  4.5756659184E+00  6.3230357239E+01
  4.5981876181E+00  6.3346010157E+01
  4.6207093178E+00  6.3442040530E+01
  4.6432310175E+00  6.3517588130E+01
  4.6657527172E+00  6.3572003088E+01
  4.6882744169E+00  6.3604831098E+01
  4.7107961166E+00  6.3615803419E+01
  4.7107961166E+00  6.3615803419E+01
  4.7237990260E+00  6.3614165568E+01
  4.7368019353E+00  6.3609253117E+01
  4.7498048447E+00  6.3601069372E+01
  4.7628077541E+00  6.3589619846E+01
  4.7758106635E+00  6.3574912255E+01
  4.7888135729E+00  6.3556956522E+01
  4.8018164822E+00  6.3535764778E+01
  4.8148193916E+00  6.3511351366E+01
  4.8278223010E+00  6.3483732844E+01
  4.8408252104E+00  6.3452927995E+01
  4.8538281198E+00  6.3418957838E+01
  4.8668310291E+00  6.3381845640E+01
  4.8798339385E+00  6.3341616942E+01
  4.8928368479E+00  6.3298299585E+01
  4.9058397573E+00  6.3251923748E+01
  4.9188426667E+00  6.3202522000E+01
  4.9318455760E+00  6.3150129360E+01
  4.9448484854E+00  6.3094783384E+01
  4.9578513948E+00  6.3036524268E+01
  4.9708543042E+00  6.2975394984E+01
  4.9838572136E+00  6.2911441446E+01
  4.9968601229E+00  6.2844712725E+01
  5.0098630323E+00  6.2775261321E+01
  5.0228659417E+00  6.2703143502E+01
  5.0358688511E+00  6.2628419739E+01
  5.0488717604E+00  6.2551155251E+01
  5.0618746698E+00  6.2471420711E+01
  5.0748775792E+00  6.2389293138E+01
  5.0878804886E+00  6.2304857056E+01
  5.1008833980E+00  6.2218205994E+01
  5.1138863073E+00  6.2129444448E+01
  5.1268892167E+00  6.2038690476E+01
  5.1398921261E+00  6.1946079146E+01
  5.1528950355E+00  6.1851767185E+01
  5.1658979449E+00  6.1755939311E+01
  5.1789008542E+00  6.1658816958E+01
  5.1919037636E+00  6.1560670455E+01
  5.2049066730E+00  6.1461836236E+01
  5.2179095824E+00  6.1362741445E+01
  5.2309124918E+00  6.1263939466E+01
  5.2439154011E+00  6.1166161522E+01
  5.2569183105E+00  6.1070391412E+01
  5.2699212199E+00  6.0977971762E+01
  5.2829241293E+00  6.0890747359E+01
  5.2959270387E+00  6.0811234679E+01
  5.3089299480E+00  6.0742755834E+01
  5.3219328574E+00  6.0689366051E+01
  5.3349357668E+00  6.0655279217E+01
  5.3479386762E+00  6.0643613232E+01
  5.3479386762E+00  6.0643613232E+01
  5.3739444949E+00  6.0686877598E+01
  5.3999503137E+00  6.0794310087E+01
  5.4259561324E+00  6.0930410584E+01
  5.4519619512E+00  6.1071185294E+01
  5.4779677700E+00  6.1203451134E+01
  5.5039735887E+00  6.1320003608E+01
  5.5299794075E+00  6.1416717367E+01
  5.5559852262E+00  6.1491157929E+01
  5.5819910450E+00  6.1541933646E+01
  5.6079968638E+00  6.1568390626E+01
  5.6340026825E+00  6.1570473119E+01
  5.6600085013E+00  6.1548670569E+01
  5.6860143200E+00  6.1504015710E+01
  5.7120201388E+00  6.1438117439E+01
  5.7380259576E+00  6.1353220880E+01
  5.7640317763E+00  6.1252289957E+01
  5.7900375951E+00  6.1139106298E+01
  5.8160434138E+00  6.1018371512E+01
  5.8420492326E+00  6.0895786116E+01
  5.8680550514E+00  6.0778056241E+01
  5.8940608701E+00  6.0672752452E+01
  5.9200666889E+00  6.0587929278E+01
  5.9460725076E+00  6.0531442243E+01
  5.9720783264E+00  6.0510006099E+01
  5.9980841451E+00  6.0528209490E+01
  6.0240899639E+00  6.0587827103E+01
  6.0500957827E+00  6.0687706034E+01
  6.0761016014E+00  6.0824244462E+01
  6.1021074202E+00  6.0992219113E+01
  6.1281132389E+00  6.1185641225E+01
  6.1541190577E+00  6.1398425178E+01
  6.1801248765E+00  6.1624806909E+01
  6.2061306952E+00  6.1859549750E+01
  6.2321365140E+00  6.2098008083E+01
  6.2581423327E+00  6.2336111832E+01
  6.2841481515E+00  6.2570315035E+01
  6.3101539703E+00  6.2797533654E+01
  6.3361597890E+00  6.3015085339E+01
  6.3621656078E+00  6.3220636503E+01
  6.3881714265E+00  6.3412158171E+01
  6.4141772453E+00  6.3587890272E+01
  6.4401830640E+00  6.3746313278E+01
  6.4661888828E+00  6.3886125983E+01
  6.4921947016E+00  6.4006228246E+01
  6.5182005203E+00  6.4105707730E+01
  6.5442063391E+00  6.4183829831E+01
  6.5702121578E+00  6.4240030174E+01
  6.5962179766E+00  6.4273909222E+01
  6.6222237954E+00  6.4285228643E+01

