           #qpath      Energy(meV)
  0.0000000000E+00 -1.6075105008E-06
  9.6546137462E-03  5.9341808984E-02
  1.9309227492E-02  1.1956703797E-01
  2.8963841239E-02  1.8152675907E-01
  3.8618454985E-02  2.4601086500E-01
  4.8273068731E-02  3.1372548699E-01
  5.7927682477E-02  3.8527811538E-01
  6.7582296223E-02  4.6117052495E-01
  7.7236909970E-02  5.4179854156E-01
  8.6891523716E-02  6.2745708422E-01
  9.6546137462E-02  7.1834875909E-01
  1.0620075121E-01  8.1459444360E-01
  1.1585536495E-01  9.1624462112E-01
  1.2550997870E-01  1.0232905870E+00
  1.3516459245E-01  1.1356749684E+00
  1.4481920619E-01  1.2533012502E+00
  1.5447381994E-01  1.3760421795E+00
  1.6412843369E-01  1.5037470337E+00
  1.7378304743E-01  1.6362478084E+00
  1.8343766118E-01  1.7733644144E+00
  1.9309227492E-01  1.9149089904E+00
  2.0274688867E-01  2.0606894400E+00
  2.1240150242E-01  2.2105122948E+00
  2.2205611616E-01  2.3641850006E+00
  2.3171072991E-01  2.5215177108E+00
  2.4136534365E-01  2.6823246636E+00
  2.5101995740E-01  2.8464252092E+00
  2.6067457115E-01  3.0136445446E+00
  2.7032918489E-01  3.1838142061E+00
  2.7998379864E-01  3.3567723619E+00
  2.8963841239E-01  3.5323639432E+00
  2.9929302613E-01  3.7104406428E+00
  3.0894763988E-01  3.8908608103E+00
  3.1860225362E-01  4.0734892650E+00
  3.2825686737E-01  4.2581970461E+00
  3.3791148112E-01  4.4448611165E+00
  3.4756609486E-01  4.6333640326E+00
  3.5722070861E-01  4.8235935920E+00
  3.6687532236E-01  5.0154424678E+00
  3.7652993610E-01  5.2088078365E+00
  3.8618454985E-01  5.4035910063E+00
  3.9583916359E-01  5.5996970495E+00
  4.0549377734E-01  5.7970344440E+00
  4.1514839109E-01  5.9955147252E+00
  4.2480300483E-01  6.1950521516E+00
  4.3445761858E-01  6.3955633852E+00
  4.4411223232E-01  6.5969671878E+00
  4.5376684607E-01  6.7991841335E+00
  4.6342145982E-01  7.0021363381E+00
  4.7307607356E-01  7.2057472053E+00
  4.8273068731E-01  7.4099411892E+00
  4.9238530106E-01  7.6146435728E+00
  5.0203991480E-01  7.8197802620E+00
  5.1169452855E-01  8.0252775941E+00
  5.2134914229E-01  8.2310621609E+00
  5.3100375604E-01  8.4370606439E+00
  5.4065836979E-01  8.6431996623E+00
  5.5031298353E-01  8.8494056318E+00
  5.5996759728E-01  9.0556046336E+00
  5.6962221103E-01  9.2617222922E+00
  5.7927682477E-01  9.4676836609E+00
  5.8893143852E-01  9.6734131143E+00
  5.9858605226E-01  9.8788342464E+00
  6.0824066601E-01  1.0083869772E+01
  6.1789527976E-01  1.0288441430E+01
  6.2754989350E-01  1.0492469895E+01
  6.3720450725E-01  1.0695874677E+01
  6.4685912099E-01  1.0898574030E+01
  6.5651373474E-01  1.1100484853E+01
  6.6616834849E-01  1.1301522589E+01
  6.7582296223E-01  1.1501601111E+01
  6.8547757598E-01  1.1700632611E+01
  6.9513218973E-01  1.1898527463E+01
  7.0478680347E-01  1.2095194090E+01
  7.1444141722E-01  1.2290538798E+01
  7.2409603096E-01  1.2484465609E+01
  7.3375064471E-01  1.2676876060E+01
  7.4340525846E-01  1.2867668981E+01
  7.5305987220E-01  1.3056740249E+01
  7.6271448595E-01  1.3243982503E+01
  7.7236909970E-01  1.3429284826E+01
  7.8202371344E-01  1.3612532388E+01
  7.9167832719E-01  1.3793606032E+01
  8.0133294093E-01  1.3972381823E+01
  8.1098755468E-01  1.4148730522E+01
  8.2064216843E-01  1.4322517005E+01
  8.3029678217E-01  1.4493599602E+01
  8.3995139592E-01  1.4661829366E+01
  8.4960600966E-01  1.4827049241E+01
  8.5926062341E-01  1.4989093151E+01
  8.6891523716E-01  1.5147784973E+01
  8.7856985090E-01  1.5302937419E+01
  8.8822446465E-01  1.5454350806E+01
  8.9787907840E-01  1.5601811716E+01
  9.0753369214E-01  1.5745091569E+01
  9.1718830589E-01  1.5883945111E+01
  9.2684291963E-01  1.6018108846E+01
  9.3649753338E-01  1.6147299462E+01
  9.4615214713E-01  1.6271212313E+01
  9.5580676087E-01  1.6389520036E+01
  9.5580676087E-01  1.6389520036E+01
  9.6269107812E-01  1.6390138062E+01
  9.6957539537E-01  1.6391991392E+01
  9.7645971262E-01  1.6395077781E+01
  9.8334402986E-01  1.6399393492E+01
  9.9022834711E-01  1.6404933304E+01
  9.9711266436E-01  1.6411690522E+01
  1.0039969816E+00  1.6419656992E+01
  1.0108812989E+00  1.6428823115E+01
  1.0177656161E+00  1.6439177865E+01
  1.0246499333E+00  1.6450708816E+01
  1.0315342506E+00  1.6463402160E+01
  1.0384185678E+00  1.6477242736E+01
  1.0453028851E+00  1.6492214063E+01
  1.0521872023E+00  1.6508298363E+01
  1.0590715196E+00  1.6525476602E+01
  1.0659558368E+00  1.6543728523E+01
  1.0728401541E+00  1.6563032681E+01
  1.0797244713E+00  1.6583366483E+01
  1.0866087886E+00  1.6604706231E+01
  1.0934931058E+00  1.6627027160E+01
  1.1003774231E+00  1.6650303483E+01
  1.1072617403E+00  1.6674508432E+01
  1.1141460576E+00  1.6699614307E+01
  1.1210303748E+00  1.6725592517E+01
  1.1279146921E+00  1.6752413627E+01
  1.1347990093E+00  1.6780047408E+01
  1.1416833266E+00  1.6808462874E+01
  1.1485676438E+00  1.6837628337E+01
  1.1554519610E+00  1.6867511448E+01
  1.1623362783E+00  1.6898079243E+01
  1.1692205955E+00  1.6929298186E+01
  1.1761049128E+00  1.6961134218E+01
  1.1829892300E+00  1.6993552790E+01
  1.1898735473E+00  1.7026518913E+01
  1.1967578645E+00  1.7059997188E+01
  1.2036421818E+00  1.7093951849E+01
  1.2105264990E+00  1.7128346793E+01
  1.2174108163E+00  1.7163145604E+01
  1.2242951335E+00  1.7198311584E+01
  1.2311794508E+00  1.7233807761E+01
  1.2380637680E+00  1.7269596893E+01
  1.2449480853E+00  1.7305641460E+01
  1.2518324025E+00  1.7341903622E+01
  1.2587167198E+00  1.7378345152E+01
  1.2656010370E+00  1.7414927294E+01
  1.2724853543E+00  1.7451610538E+01
  1.2793696715E+00  1.7488354206E+01
  1.2862539887E+00  1.7525115716E+01
  1.2931383060E+00  1.7561849209E+01
  1.3000226232E+00  1.7598502793E+01
  1.3069069405E+00  1.7635012572E+01
  1.3137912577E+00  1.7671288048E+01
  1.3206755750E+00  1.7707170074E+01
  1.3275598922E+00  1.7742275134E+01
  1.3344442095E+00  1.7775106457E+01
  1.3413285267E+00  1.7791741728E+01
  1.3482128440E+00  1.7734514937E+01
  1.3550971612E+00  1.7651591618E+01
  1.3619814785E+00  1.7566673268E+01
  1.3688657957E+00  1.7481984031E+01
  1.3757501130E+00  1.7398041057E+01
  1.3826344302E+00  1.7315060307E+01
  1.3895187475E+00  1.7233171640E+01
  1.3964030647E+00  1.7152472880E+01
  1.4032873820E+00  1.7073047746E+01
  1.4101716992E+00  1.6994972953E+01
  1.4170560164E+00  1.6918321373E+01
  1.4239403337E+00  1.6843163570E+01
  1.4308246509E+00  1.6769568575E+01
  1.4377089682E+00  1.6697604286E+01
  1.4445932854E+00  1.6627337656E+01
  1.4514776027E+00  1.6558834774E+01
  1.4583619199E+00  1.6492160868E+01
  1.4652462372E+00  1.6427380263E+01
  1.4721305544E+00  1.6364556319E+01
  1.4790148717E+00  1.6303751334E+01
  1.4858991889E+00  1.6245026444E+01
  1.4927835062E+00  1.6188441507E+01
  1.4996678234E+00  1.6134054979E+01
  1.5065521407E+00  1.6081923792E+01
  1.5134364579E+00  1.6032103214E+01
  1.5203207752E+00  1.5984646722E+01
  1.5272050924E+00  1.5939605863E+01
  1.5340894097E+00  1.5897030120E+01
  1.5409737269E+00  1.5856966777E+01
  1.5478580441E+00  1.5819460787E+01
  1.5547423614E+00  1.5784554646E+01
  1.5616266786E+00  1.5752288262E+01
  1.5685109959E+00  1.5722698840E+01
  1.5753953131E+00  1.5695820766E+01
  1.5822796304E+00  1.5671685498E+01
  1.5891639476E+00  1.5650321469E+01
  1.5960482649E+00  1.5631753993E+01
  1.6029325821E+00  1.5616005183E+01
  1.6098168994E+00  1.5603093875E+01
  1.6167012166E+00  1.5593035571E+01
  1.6235855339E+00  1.5585842382E+01
  1.6304698511E+00  1.5581522989E+01
  1.6373541684E+00  1.5580082610E+01
  1.6373541684E+00  1.5580082610E+01
  1.6492118828E+00  1.5580839294E+01
  1.6610695971E+00  1.5583073636E+01
  1.6729273115E+00  1.5586678125E+01
  1.6847850259E+00  1.5591472321E+01
  1.6966427403E+00  1.5597201112E+01
  1.7085004547E+00  1.5603532583E+01
  1.7203581691E+00  1.5610055873E+01
  1.7322158835E+00  1.5616279585E+01
  1.7440735979E+00  1.5621631591E+01
  1.7559313123E+00  1.5625461356E+01
  1.7677890267E+00  1.5627046224E+01
  1.7796467410E+00  1.5625603295E+01
  1.7915044554E+00  1.5620308497E+01
  1.8033621698E+00  1.5610323938E+01
  1.8152198842E+00  1.5594833532E+01
  1.8270775986E+00  1.5573085085E+01
  1.8389353130E+00  1.5544434913E+01
  1.8507930274E+00  1.5508389178E+01
  1.8626507418E+00  1.5464635411E+01
  1.8745084562E+00  1.5413058720E+01
  1.8863661706E+00  1.5353739947E+01
  1.8982238849E+00  1.5286936714E+01
  1.9100815993E+00  1.5213051476E+01
  1.9219393137E+00  1.5132592531E+01
  1.9337970281E+00  1.5046133884E+01
  1.9456547425E+00  1.4954278602E+01
  1.9575124569E+00  1.4857628387E+01
  1.9693701713E+00  1.4697039967E+01
  1.9812278857E+00  1.4474251791E+01
  1.9930856001E+00  1.4248377619E+01
  2.0049433145E+00  1.4019764710E+01
  2.0168010288E+00  1.3788708891E+01
  2.0286587432E+00  1.3555467680E+01
  2.0405164576E+00  1.3320268964E+01
  2.0523741720E+00  1.3083316945E+01
  2.0642318864E+00  1.2844796384E+01
  2.0760896008E+00  1.2604875728E+01
  2.0879473152E+00  1.2363709498E+01
  2.0998050296E+00  1.2121440180E+01
  2.1116627440E+00  1.1878199757E+01
  2.1235204583E+00  1.1634111002E+01
  2.1353781727E+00  1.1389288594E+01
  2.1472358871E+00  1.1143840106E+01
  2.1590936015E+00  1.0897866906E+01
  2.1709513159E+00  1.0651464983E+01
  2.1828090303E+00  1.0404725742E+01
  2.1946667447E+00  1.0157736746E+01
  2.2065244591E+00  9.9105824521E+00
  2.2183821735E+00  9.6633449208E+00
  2.2302398879E+00  9.4161045216E+00
  2.2420976022E+00  9.1689406312E+00
  2.2539553166E+00  8.9219323296E+00
  2.2658130310E+00  8.6751590968E+00
  2.2776707454E+00  8.4287015110E+00
  2.2895284598E+00  8.1826419495E+00
  2.3013861742E+00  7.9370652920E+00
  2.3132438886E+00  7.6920596277E+00
  2.3251016030E+00  7.4477169637E+00
  2.3369593174E+00  7.2041339355E+00
  2.3488170318E+00  6.9614125161E+00
  2.3606747461E+00  6.7196607230E+00
  2.3725324605E+00  6.4789933191E+00
  2.3843901749E+00  6.2395325045E+00
  2.3962478893E+00  6.0014085932E+00
  2.4081056037E+00  5.7647606691E+00
  2.4199633181E+00  5.5297372133E+00
  2.4318210325E+00  5.2964966936E+00
  2.4436787469E+00  5.0652081021E+00
  2.4555364613E+00  4.8360514295E+00
  2.4673941757E+00  4.6092180535E+00
  2.4792518900E+00  4.3849110239E+00
  2.4911096044E+00  4.1633452135E+00
  2.5029673188E+00  3.9447473060E+00
  2.5148250332E+00  3.7293555803E+00
  2.5266827476E+00  3.5174194464E+00
  2.5385404620E+00  3.3091986800E+00
  2.5503981764E+00  3.1049622912E+00
  2.5622558908E+00  2.9049869560E+00
  2.5741136052E+00  2.7095549263E+00
  2.5859713196E+00  2.5189513230E+00
  2.5978290339E+00  2.3334607080E+00
  2.6096867483E+00  2.1533628179E+00
  2.6215444627E+00  1.9789273392E+00
  2.6334021771E+00  1.8104076002E+00
  2.6452598915E+00  1.6480330656E+00
  2.6571176059E+00  1.4920005416E+00
  2.6689753203E+00  1.3424640413E+00
  2.6808330347E+00  1.1995233416E+00
  2.6926907491E+00  1.0632113745E+00
  2.7045484635E+00  9.3348077096E-01
  2.7164061778E+00  8.1019010538E-01
  2.7282638922E+00  6.9309067680E-01
  2.7401216066E+00  5.8181498555E-01
  2.7519793210E+00  4.7586837222E-01
  2.7638370354E+00  3.7462549149E-01
  2.7756947498E+00  2.7733328607E-01
  2.7875524642E+00  1.8312179255E-01
  2.7994101786E+00  9.1023386249E-02
  2.8112678930E+00 -1.3781427473E-06
  2.8112678930E+00 -1.6075105008E-06
  2.8181522102E+00  6.8918197388E-02
  2.8250365275E+00  1.3788607569E-01
  2.8319208447E+00  2.0695327975E-01
  2.8388051619E+00  2.7616938158E-01
  2.8456894792E+00  3.4558384161E-01
  2.8525737964E+00  4.1524596749E-01
  2.8594581137E+00  4.8520486954E-01
  2.8663424309E+00  5.5550941220E-01
  2.8732267482E+00  6.2620816086E-01
  2.8801110654E+00  6.9734932361E-01
  2.8869953827E+00  7.6898068773E-01
  2.8938796999E+00  8.4114955039E-01
  2.9007640172E+00  9.1390264387E-01
  2.9076483344E+00  9.8728605505E-01
  2.9145326517E+00  1.0613451397E+00
  2.9214169689E+00  1.1361244314E+00
  2.9283012862E+00  1.2116675468E+00
  2.9351856034E+00  1.2880170857E+00
  2.9420699207E+00  1.3652145290E+00
  2.9489542379E+00  1.4433001342E+00
  2.9558385552E+00  1.5223128286E+00
  2.9627228724E+00  1.6022901030E+00
  2.9696071896E+00  1.6832679056E+00
  2.9764915069E+00  1.7652805366E+00
  2.9833758241E+00  1.8483605468E+00
  2.9902601414E+00  1.9325386386E+00
  2.9971444586E+00  2.0178435718E+00
  3.0040287759E+00  2.1043020749E+00
  3.0109130931E+00  2.1919387629E+00
  3.0177974104E+00  2.2807760617E+00
  3.0246817276E+00  2.3708341404E+00
  3.0315660449E+00  2.4621308524E+00
  3.0384503621E+00  2.5546816842E+00
  3.0453346794E+00  2.6484997147E+00
  3.0522189966E+00  2.7435955828E+00
  3.0591033139E+00  2.8399774655E+00
  3.0659876311E+00  2.9376510644E+00
  3.0728719484E+00  3.0366196031E+00
  3.0797562656E+00  3.1368838331E+00
  3.0866405829E+00  3.2384420485E+00
  3.0935249001E+00  3.3412901106E+00
  3.1004092174E+00  3.4454214794E+00
  3.1072935346E+00  3.5508272540E+00
  3.1141778518E+00  3.6574962195E+00
  3.1210621691E+00  3.7654149010E+00
  3.1279464863E+00  3.8745676230E+00
  3.1348308036E+00  3.9849365752E+00
  3.1417151208E+00  4.0965018813E+00
  3.1485994381E+00  4.2092416735E+00
  3.1554837553E+00  4.3231321685E+00
  3.1623680726E+00  4.4381477474E+00
  3.1692523898E+00  4.5542610366E+00
  3.1761367071E+00  4.6714429896E+00
  3.1830210243E+00  4.7896629702E+00
  3.1899053416E+00  4.9088888346E+00
  3.1967896588E+00  5.0290870129E+00
  3.2036739761E+00  5.1502225896E+00
  3.2105582933E+00  5.2722593813E+00
  3.2174426106E+00  5.3951600132E+00
  3.2243269278E+00  5.5188859911E+00
  3.2312112451E+00  5.6433977710E+00
  3.2380955623E+00  5.7686548246E+00
  3.2449798795E+00  5.8946157003E+00
  3.2518641968E+00  6.0212380800E+00
  3.2587485140E+00  6.1484788300E+00
  3.2656328313E+00  6.2762940481E+00
  3.2725171485E+00  6.4046391031E+00
  3.2794014658E+00  6.5334686706E+00
  3.2862857830E+00  6.6627367607E+00
  3.2931701003E+00  6.7923967407E+00
  3.3000544175E+00  6.9224013502E+00
  3.3069387348E+00  7.0527027102E+00
  3.3138230520E+00  7.1832523242E+00
  3.3207073693E+00  7.3140010728E+00
  3.3275916865E+00  7.4448992004E+00
  3.3344760038E+00  7.5758962940E+00
  3.3413603210E+00  7.7069412543E+00
  3.3482446383E+00  7.8379822585E+00
  3.3551289555E+00  7.9689667145E+00
  3.3620132728E+00  8.0998412064E+00
  3.3688975900E+00  8.2305514308E+00
  3.3757819072E+00  8.3610421242E+00
  3.3826662245E+00  8.4912569800E+00
  3.3895505417E+00  8.6211385562E+00
  3.3964348590E+00  8.7506281719E+00
  3.4033191762E+00  8.8796657934E+00
  3.4102034935E+00  9.0081899094E+00
  3.4170878107E+00  9.1361373932E+00
  3.4239721280E+00  9.2634433544E+00
  3.4308564452E+00  9.3900409767E+00
  3.4377407625E+00  9.5158613426E+00
  3.4446250797E+00  9.6408332455E+00
  3.4515093970E+00  9.7648829863E+00
  3.4583937142E+00  9.8879341562E+00
  3.4652780315E+00  1.0009907405E+01
  3.4721623487E+00  1.0130720193E+01
  3.4790466660E+00  1.0250286527E+01
  3.4859309832E+00  1.0368516685E+01
  3.4928153005E+00  1.0485316919E+01
  3.4928153005E+00  1.0485316919E+01
  3.5024699142E+00  1.0485489590E+01
  3.5121245279E+00  1.0486019419E+01
  3.5217791417E+00  1.0486941501E+01
  3.5314337554E+00  1.0488313188E+01
  3.5410883692E+00  1.0490212460E+01
  3.5507429829E+00  1.0492735764E+01
  3.5603975967E+00  1.0495995466E+01
  3.5700522104E+00  1.0500117026E+01
  3.5797068242E+00  1.0505236044E+01
  3.5893614379E+00  1.0511495295E+01
  3.5990160517E+00  1.0519041867E+01
  3.6086706654E+00  1.0528024485E+01
  3.6183252792E+00  1.0538591099E+01
  3.6279798929E+00  1.0550886762E+01
  3.6376345066E+00  1.0565051829E+01
  3.6472891204E+00  1.0581220482E+01
  3.6569437341E+00  1.0599519558E+01
  3.6665983479E+00  1.0620067675E+01
  3.6762529616E+00  1.0642974606E+01
  3.6859075754E+00  1.0668340890E+01
  3.6955621891E+00  1.0696257627E+01
  3.7052168029E+00  1.0726806438E+01
  3.7148714166E+00  1.0760059551E+01
  3.7245260304E+00  1.0796079987E+01
  3.7341806441E+00  1.0834921823E+01
  3.7438352579E+00  1.0876630502E+01
  3.7534898716E+00  1.0921243186E+01
  3.7631444853E+00  1.0968789123E+01
  3.7727990991E+00  1.1019290023E+01
  3.7824537128E+00  1.1072760434E+01
  3.7921083266E+00  1.1129208103E+01
  3.8017629403E+00  1.1188634325E+01
  3.8114175541E+00  1.1251034268E+01
  3.8210721678E+00  1.1316397274E+01
  3.8307267816E+00  1.1384707136E+01
  3.8403813953E+00  1.1455942337E+01
  3.8500360091E+00  1.1530076262E+01
  3.8596906228E+00  1.1607077376E+01
  3.8693452366E+00  1.1686909363E+01
  3.8789998503E+00  1.1769531230E+01
  3.8886544640E+00  1.1854897364E+01
  3.8983090778E+00  1.1942957548E+01
  3.9079636915E+00  1.2033656932E+01
  3.9176183053E+00  1.2126935947E+01
  3.9272729190E+00  1.2222730158E+01
  3.9369275328E+00  1.2320970060E+01
  3.9465821465E+00  1.2421580796E+01
  3.9562367603E+00  1.2524481789E+01
  3.9658913740E+00  1.2629586285E+01
  3.9755459878E+00  1.2736800783E+01
  3.9852006015E+00  1.2846024338E+01
  3.9948552153E+00  1.2957147710E+01
  4.0045098290E+00  1.3070052347E+01
  4.0141644427E+00  1.3184609152E+01
  4.0238190565E+00  1.3300677002E+01
  4.0334736702E+00  1.3418100981E+01
  4.0431282840E+00  1.3536710246E+01
  4.0527828977E+00  1.3656315484E+01
  4.0624375115E+00  1.3776705851E+01
  4.0720921252E+00  1.3897645317E+01
  4.0817467390E+00  1.4018868298E+01
  4.0914013527E+00  1.4140074462E+01
  4.1010559665E+00  1.4260922603E+01
  4.1107105802E+00  1.4381023519E+01
  4.1203651940E+00  1.4499931882E+01
  4.1300198077E+00  1.4617137309E+01
  4.1396744214E+00  1.4732055097E+01
  4.1493290352E+00  1.4844017657E+01
  4.1589836489E+00  1.4952268461E+01
  4.1686382627E+00  1.5055961481E+01
  4.1782928764E+00  1.5154170510E+01
  4.1879474902E+00  1.5245913923E+01
  4.1976021039E+00  1.5330200598E+01
  4.2072567177E+00  1.5406100185E+01
  4.2169113314E+00  1.5472834528E+01
  4.2265659452E+00  1.5529877002E+01
  4.2362205589E+00  1.5577036756E+01
  4.2458751727E+00  1.5614502163E+01
  4.2555297864E+00  1.5642827219E+01
  4.2651844001E+00  1.5662863460E+01
  4.2748390139E+00  1.5675657846E+01
  4.2844936276E+00  1.5682344269E+01
  4.2941482414E+00  1.5684051145E+01
  4.3038028551E+00  1.5681836202E+01
  4.3134574689E+00  1.5676649068E+01
  4.3231120826E+00  1.5669316187E+01
  4.3327666964E+00  1.5660540882E+01
  4.3424213101E+00  1.5650912144E+01
  4.3520759239E+00  1.5640917497E+01
  4.3617305376E+00  1.5630956939E+01
  4.3713851514E+00  1.5621356313E+01
  4.3810397651E+00  1.5612379266E+01
  4.3906943788E+00  1.5604237514E+01
  4.4003489926E+00  1.5597099404E+01
  4.4100036063E+00  1.5591096868E+01
  4.4196582201E+00  1.5586330964E+01
  4.4293128338E+00  1.5582876147E+01
  4.4389674476E+00  1.5580783440E+01
  4.4486220613E+00  1.5580082610E+01

  0.0000000000E+00 -9.2205262056E-07
  9.6546137462E-03  2.8447194626E-01
  1.9309227492E-02  5.6883881971E-01
  2.8963841239E-02  8.5299571145E-01
  3.8618454985E-02  1.1368380408E+00
  4.8273068731E-02  1.4202617203E+00
  5.7927682477E-02  1.7031633224E+00
  6.7582296223E-02  1.9854402466E+00
  7.7236909970E-02  2.2669908897E+00
  8.6891523716E-02  2.5477148174E+00
  9.6546137462E-02  2.8275129383E+00
  1.0620075121E-01  3.1062876809E+00
  1.1585536495E-01  3.3839431723E+00
  1.2550997870E-01  3.6603854203E+00
  1.3516459245E-01  3.9355224978E+00
  1.4481920619E-01  4.2092647295E+00
  1.5447381994E-01  4.4815248801E+00
  1.6412843369E-01  4.7522183452E+00
  1.7378304743E-01  5.0212633424E+00
  1.8343766118E-01  5.2885811035E+00
  1.9309227492E-01  5.5540960654E+00
  2.0274688867E-01  5.8177360607E+00
  2.1240150242E-01  6.0794325054E+00
  2.2205611616E-01  6.3391205825E+00
  2.3171072991E-01  6.5967394212E+00
  2.4136534365E-01  6.8522322682E+00
  2.5101995740E-01  7.1055466520E+00
  2.6067457115E-01  7.3566345348E+00
  2.7032918489E-01  7.6054524533E+00
  2.7998379864E-01  7.8519616432E+00
  2.8963841239E-01  8.0961281473E+00
  2.9929302613E-01  8.3379229026E+00
  3.0894763988E-01  8.5773218051E+00
  3.1860225362E-01  8.8143057481E+00
  3.2825686737E-01  9.0488606322E+00
  3.3791148112E-01  9.2809773426E+00
  3.4756609486E-01  9.5106516910E+00
  3.5722070861E-01  9.7378843188E+00
  3.6687532236E-01  9.9626805578E+00
  3.7652993610E-01  1.0185050244E+01
  3.8618454985E-01  1.0405007484E+01
  3.9583916359E-01  1.0622570363E+01
  4.0549377734E-01  1.0837760601E+01
  4.1514839109E-01  1.1050603147E+01
  4.2480300483E-01  1.1261125699E+01
  4.3445761858E-01  1.1469358169E+01
  4.4411223232E-01  1.1675332064E+01
  4.5376684607E-01  1.1879079788E+01
  4.6342145982E-01  1.2080633869E+01
  4.7307607356E-01  1.2280026089E+01
  4.8273068731E-01  1.2477286528E+01
  4.9238530106E-01  1.2672442505E+01
  5.0203991480E-01  1.2865517412E+01
  5.1169452855E-01  1.3056529444E+01
  5.2134914229E-01  1.3245490202E+01
  5.3100375604E-01  1.3432403170E+01
  5.4065836979E-01  1.3617262071E+01
  5.5031298353E-01  1.3800049060E+01
  5.5996759728E-01  1.3980732789E+01
  5.6962221103E-01  1.4159266302E+01
  5.7927682477E-01  1.4335584776E+01
  5.8893143852E-01  1.4509603100E+01
  5.9858605226E-01  1.4681213298E+01
  6.0824066601E-01  1.4850281805E+01
  6.1789527976E-01  1.5016646626E+01
  6.2754989350E-01  1.5180114408E+01
  6.3720450725E-01  1.5340457498E+01
  6.4685912099E-01  1.5497411073E+01
  6.5651373474E-01  1.5650670469E+01
  6.6616834849E-01  1.5799888890E+01
  6.7582296223E-01  1.5944675716E+01
  6.8547757598E-01  1.6084595718E+01
  6.9513218973E-01  1.6219169501E+01
  7.0478680347E-01  1.6347875612E+01
  7.1444141722E-01  1.6470154701E+01
  7.2409603096E-01  1.6585416189E+01
  7.3375064471E-01  1.6693047750E+01
  7.4340525846E-01  1.6792427783E+01
  7.5305987220E-01  1.6882940791E+01
  7.6271448595E-01  1.6963995210E+01
  7.7236909970E-01  1.7035042830E+01
  7.8202371344E-01  1.7095598547E+01
  7.9167832719E-01  1.7145258879E+01
  8.0133294093E-01  1.7183717558E+01
  8.1098755468E-01  1.7210776682E+01
  8.2064216843E-01  1.7226352322E+01
  8.3029678217E-01  1.7230474102E+01
  8.3995139592E-01  1.7223279005E+01
  8.4960600966E-01  1.7205000297E+01
  8.5926062341E-01  1.7175952916E+01
  8.6891523716E-01  1.7136516891E+01
  8.7856985090E-01  1.7087120269E+01
  8.8822446465E-01  1.7028222841E+01
  8.9787907840E-01  1.6960301541E+01
  9.0753369214E-01  1.6883838075E+01
  9.1718830589E-01  1.6799308971E+01
  9.2684291963E-01  1.6707178016E+01
  9.3649753338E-01  1.6607890856E+01
  9.4615214713E-01  1.6501871447E+01
  9.5580676087E-01  1.6389520036E+01
  9.5580676087E-01  1.6389520036E+01
  9.6269107812E-01  1.6390138062E+01
  9.6957539537E-01  1.6391991392E+01
  9.7645971262E-01  1.6395077781E+01
  9.8334402986E-01  1.6399393492E+01
  9.9022834711E-01  1.6404933304E+01
  9.9711266436E-01  1.6411690522E+01
  1.0039969816E+00  1.6419656992E+01
  1.0108812989E+00  1.6428823115E+01
  1.0177656161E+00  1.6439177865E+01
  1.0246499333E+00  1.6450708816E+01
  1.0315342506E+00  1.6463402160E+01
  1.0384185678E+00  1.6477242736E+01
  1.0453028851E+00  1.6492214063E+01
  1.0521872023E+00  1.6508298363E+01
  1.0590715196E+00  1.6525476602E+01
  1.0659558368E+00  1.6543728523E+01
  1.0728401541E+00  1.6563032681E+01
  1.0797244713E+00  1.6583366483E+01
  1.0866087886E+00  1.6604706231E+01
  1.0934931058E+00  1.6627027160E+01
  1.1003774231E+00  1.6650303483E+01
  1.1072617403E+00  1.6674508432E+01
  1.1141460576E+00  1.6699614307E+01
  1.1210303748E+00  1.6725592517E+01
  1.1279146921E+00  1.6752413627E+01
  1.1347990093E+00  1.6780047408E+01
  1.1416833266E+00  1.6808462874E+01
  1.1485676438E+00  1.6837628337E+01
  1.1554519610E+00  1.6867511448E+01
  1.1623362783E+00  1.6898079243E+01
  1.1692205955E+00  1.6929298186E+01
  1.1761049128E+00  1.6961134218E+01
  1.1829892300E+00  1.6993552790E+01
  1.1898735473E+00  1.7026518913E+01
  1.1967578645E+00  1.7059997188E+01
  1.2036421818E+00  1.7093951849E+01
  1.2105264990E+00  1.7128346793E+01
  1.2174108163E+00  1.7163145604E+01
  1.2242951335E+00  1.7198311584E+01
  1.2311794508E+00  1.7233807761E+01
  1.2380637680E+00  1.7269596893E+01
  1.2449480853E+00  1.7305641460E+01
  1.2518324025E+00  1.7341903622E+01
  1.2587167198E+00  1.7378345152E+01
  1.2656010370E+00  1.7414927294E+01
  1.2724853543E+00  1.7451610538E+01
  1.2793696715E+00  1.7488354206E+01
  1.2862539887E+00  1.7525115716E+01
  1.2931383060E+00  1.7561849209E+01
  1.3000226232E+00  1.7598502793E+01
  1.3069069405E+00  1.7635012572E+01
  1.3137912577E+00  1.7671288048E+01
  1.3206755750E+00  1.7707170074E+01
  1.3275598922E+00  1.7742275134E+01
  1.3344442095E+00  1.7775106457E+01
  1.3413285267E+00  1.7791741728E+01
  1.3482128440E+00  1.7734514937E+01
  1.3550971612E+00  1.7651591618E+01
  1.3619814785E+00  1.7566673268E+01
  1.3688657957E+00  1.7481984031E+01
  1.3757501130E+00  1.7398041057E+01
  1.3826344302E+00  1.7315060307E+01
  1.3895187475E+00  1.7233171640E+01
  1.3964030647E+00  1.7152472880E+01
  1.4032873820E+00  1.7073047746E+01
  1.4101716992E+00  1.6994972953E+01
  1.4170560164E+00  1.6918321373E+01
  1.4239403337E+00  1.6843163570E+01
  1.4308246509E+00  1.6769568575E+01
  1.4377089682E+00  1.6697604286E+01
  1.4445932854E+00  1.6627337656E+01
  1.4514776027E+00  1.6558834774E+01
  1.4583619199E+00  1.6492160868E+01
  1.4652462372E+00  1.6427380263E+01
  1.4721305544E+00  1.6364556319E+01
  1.4790148717E+00  1.6303751334E+01
  1.4858991889E+00  1.6245026444E+01
  1.4927835062E+00  1.6188441507E+01
  1.4996678234E+00  1.6134054979E+01
  1.5065521407E+00  1.6081923792E+01
  1.5134364579E+00  1.6032103214E+01
  1.5203207752E+00  1.5984646722E+01
  1.5272050924E+00  1.5939605863E+01
  1.5340894097E+00  1.5897030120E+01
  1.5409737269E+00  1.5856966777E+01
  1.5478580441E+00  1.5819460787E+01
  1.5547423614E+00  1.5784554646E+01
  1.5616266786E+00  1.5752288262E+01
  1.5685109959E+00  1.5722698840E+01
  1.5753953131E+00  1.5695820766E+01
  1.5822796304E+00  1.5671685498E+01
  1.5891639476E+00  1.5650321469E+01
  1.5960482649E+00  1.5631753993E+01
  1.6029325821E+00  1.5616005183E+01
  1.6098168994E+00  1.5603093875E+01
  1.6167012166E+00  1.5593035571E+01
  1.6235855339E+00  1.5585842382E+01
  1.6304698511E+00  1.5581522989E+01
  1.6373541684E+00  1.5580082610E+01
  1.6373541684E+00  1.5580082610E+01
  1.6492118828E+00  1.5583606846E+01
  1.6610695971E+00  1.5594174231E+01
  1.6729273115E+00  1.5611768237E+01
  1.6847850259E+00  1.5636359398E+01
  1.6966427403E+00  1.5667902152E+01
  1.7085004547E+00  1.5706329802E+01
  1.7203581691E+00  1.5751546743E+01
  1.7322158835E+00  1.5803416434E+01
  1.7440735979E+00  1.5861742373E+01
  1.7559313123E+00  1.5926236845E+01
  1.7677890267E+00  1.5996467271E+01
  1.7796467410E+00  1.6071759046E+01
  1.7915044554E+00  1.6151009029E+01
  1.8033621698E+00  1.6232304584E+01
  1.8152198842E+00  1.6312100603E+01
  1.8270775986E+00  1.6383411096E+01
  1.8389353130E+00  1.6432376670E+01
  1.8507930274E+00  1.6436221416E+01
  1.8626507418E+00  1.6376536465E+01
  1.8745084562E+00  1.6260199789E+01
  1.8863661706E+00  1.6107367864E+01
  1.8982238849E+00  1.5932857561E+01
  1.9100815993E+00  1.5744650309E+01
  1.9219393137E+00  1.5546944957E+01
  1.9337970281E+00  1.5342103467E+01
  1.9456547425E+00  1.5131574346E+01
  1.9575124569E+00  1.4916322737E+01
  1.9693701713E+00  1.4756760355E+01
  1.9812278857E+00  1.4652210727E+01
  1.9930856001E+00  1.4544464446E+01
  2.0049433145E+00  1.4433949450E+01
  2.0168010288E+00  1.4321034395E+01
  2.0286587432E+00  1.4206028787E+01
  2.0405164576E+00  1.4089184702E+01
  2.0523741720E+00  1.3970699520E+01
  2.0642318864E+00  1.3850719234E+01
  2.0760896008E+00  1.3729342079E+01
  2.0879473152E+00  1.3606622297E+01
  2.0998050296E+00  1.3482573931E+01
  2.1116627440E+00  1.3357174597E+01
  2.1235204583E+00  1.3230369187E+01
  2.1353781727E+00  1.3102073507E+01
  2.1472358871E+00  1.2972177816E+01
  2.1590936015E+00  1.2840550298E+01
  2.1709513159E+00  1.2707040423E+01
  2.1828090303E+00  1.2571482222E+01
  2.1946667447E+00  1.2433697459E+01
  2.2065244591E+00  1.2293498683E+01
  2.2183821735E+00  1.2150692161E+01
  2.2302398879E+00  1.2005080675E+01
  2.2420976022E+00  1.1856466160E+01
  2.2539553166E+00  1.1704652190E+01
  2.2658130310E+00  1.1549446278E+01
  2.2776707454E+00  1.1390661995E+01
  2.2895284598E+00  1.1228120885E+01
  2.3013861742E+00  1.1061654188E+01
  2.3132438886E+00  1.0891104339E+01
  2.3251016030E+00  1.0716326272E+01
  2.3369593174E+00  1.0537188502E+01
  2.3488170318E+00  1.0353574011E+01
  2.3606747461E+00  1.0165380930E+01
  2.3725324605E+00  9.9725230354E+00
  2.3843901749E+00  9.7749300619E+00
  2.3962478893E+00  9.5725478527E+00
  2.4081056037E+00  9.3653383563E+00
  2.4199633181E+00  9.1532794863E+00
  2.4318210325E+00  8.9363648601E+00
  2.4436787469E+00  8.7146034315E+00
  2.4555364613E+00  8.4880190340E+00
  2.4673941757E+00  8.2566498486E+00
  2.4792518900E+00  8.0205478124E+00
  2.4911096044E+00  7.7797779807E+00
  2.5029673188E+00  7.5344178552E+00
  2.5148250332E+00  7.2845566909E+00
  2.5266827476E+00  7.0302947913E+00
  2.5385404620E+00  6.7717428008E+00
  2.5503981764E+00  6.5090210037E+00
  2.5622558908E+00  6.2422586343E+00
  2.5741136052E+00  5.9715932056E+00
  2.5859713196E+00  5.6971698606E+00
  2.5978290339E+00  5.4191407484E+00
  2.6096867483E+00  5.1376644295E+00
  2.6215444627E+00  4.8529053112E+00
  2.6334021771E+00  4.5650331135E+00
  2.6452598915E+00  4.2742223671E+00
  2.6571176059E+00  3.9806519424E+00
  2.6689753203E+00  3.6845046090E+00
  2.6808330347E+00  3.3859666249E+00
  2.6926907491E+00  3.0852273547E+00
  2.7045484635E+00  2.7824789128E+00
  2.7164061778E+00  2.4779158331E+00
  2.7282638922E+00  2.1717347606E+00
  2.7401216066E+00  1.8641341639E+00
  2.7519793210E+00  1.5553140665E+00
  2.7638370354E+00  1.2454757941E+00
  2.7756947498E+00  9.3482173612E-01
  2.7875524642E+00  6.2355511904E-01
  2.7994101786E+00  3.1187978868E-01
  2.8112678930E+00 -9.3247984261E-07
  2.8112678930E+00 -9.2205262056E-07
  2.8181522102E+00  2.1044099270E-01
  2.8250365275E+00  4.2084974333E-01
  2.8319208447E+00  6.3119402719E-01
  2.8388051619E+00  8.4144165432E-01
  2.8456894792E+00  1.0515604868E+00
  2.8525737964E+00  1.2615184562E+00
  2.8594581137E+00  1.4712835804E+00
  2.8663424309E+00  1.6808239811E+00
  2.8732267482E+00  1.8901079006E+00
  2.8801110654E+00  2.0991037189E+00
  2.8869953827E+00  2.3077799702E+00
  2.8938796999E+00  2.5161053598E+00
  2.9007640172E+00  2.7240487803E+00
  2.9076483344E+00  2.9315793279E+00
  2.9145326517E+00  3.1386663185E+00
  2.9214169689E+00  3.3452793037E+00
  2.9283012862E+00  3.5513880858E+00
  2.9351856034E+00  3.7569627340E+00
  2.9420699207E+00  3.9619735987E+00
  2.9489542379E+00  4.1663913266E+00
  2.9558385552E+00  4.3701868753E+00
  2.9627228724E+00  4.5733315273E+00
  2.9696071896E+00  4.7757969039E+00
  2.9764915069E+00  4.9775549787E+00
  2.9833758241E+00  5.1785780907E+00
  2.9902601414E+00  5.3788389571E+00
  2.9971444586E+00  5.5783106856E+00
  3.0040287759E+00  5.7769667866E+00
  3.0109130931E+00  5.9747811844E+00
  3.0177974104E+00  6.1717282288E+00
  3.0246817276E+00  6.3677827052E+00
  3.0315660449E+00  6.5629198457E+00
  3.0384503621E+00  6.7571153378E+00
  3.0453346794E+00  6.9503453346E+00
  3.0522189966E+00  7.1425864635E+00
  3.0591033139E+00  7.3338158339E+00
  3.0659876311E+00  7.5240110459E+00
  3.0728719484E+00  7.7131501971E+00
  3.0797562656E+00  7.9012118894E+00
  3.0866405829E+00  8.0881752357E+00
  3.0935249001E+00  8.2740198650E+00
  3.1004092174E+00  8.4587259285E+00
  3.1072935346E+00  8.6422741033E+00
  3.1141778518E+00  8.8246455972E+00
  3.1210621691E+00  9.0058221523E+00
  3.1279464863E+00  9.1857860474E+00
  3.1348308036E+00  9.3645201012E+00
  3.1417151208E+00  9.5420076740E+00
  3.1485994381E+00  9.7182326687E+00
  3.1554837553E+00  9.8931795323E+00
  3.1623680726E+00  1.0066833256E+01
  3.1692523898E+00  1.0239179373E+01
  3.1761367071E+00  1.0410203963E+01
  3.1830210243E+00  1.0579893644E+01
  3.1899053416E+00  1.0748235575E+01
  3.1967896588E+00  1.0915217453E+01
  3.2036739761E+00  1.1080827509E+01
  3.2105582933E+00  1.1245054504E+01
  3.2174426106E+00  1.1407887728E+01
  3.2243269278E+00  1.1569316995E+01
  3.2312112451E+00  1.1729332632E+01
  3.2380955623E+00  1.1887925485E+01
  3.2449798795E+00  1.2045086904E+01
  3.2518641968E+00  1.2200808740E+01
  3.2587485140E+00  1.2355083338E+01
  3.2656328313E+00  1.2507903534E+01
  3.2725171485E+00  1.2589988205E+01
  3.2794014658E+00  1.2604887621E+01
  3.2862857830E+00  1.2612404894E+01
  3.2931701003E+00  1.2612712697E+01
  3.3000544175E+00  1.2606003357E+01
  3.3069387348E+00  1.2592485888E+01
  3.3138230520E+00  1.2572382968E+01
  3.3207073693E+00  1.2545927927E+01
  3.3275916865E+00  1.2513361847E+01
  3.3344760038E+00  1.2474930830E+01
  3.3413603210E+00  1.2430883498E+01
  3.3482446383E+00  1.2381468736E+01
  3.3551289555E+00  1.2326933720E+01
  3.3620132728E+00  1.2267522225E+01
  3.3688975900E+00  1.2203473213E+01
  3.3757819072E+00  1.2135019677E+01
  3.3826662245E+00  1.2062387748E+01
  3.3895505417E+00  1.1985796009E+01
  3.3964348590E+00  1.1905455021E+01
  3.4033191762E+00  1.1821567016E+01
  3.4102034935E+00  1.1734325743E+01
  3.4170878107E+00  1.1643916436E+01
  3.4239721280E+00  1.1550515891E+01
  3.4308564452E+00  1.1454292616E+01
  3.4377407625E+00  1.1355407060E+01
  3.4446250797E+00  1.1254011884E+01
  3.4515093970E+00  1.1150252270E+01
  3.4583937142E+00  1.1044266260E+01
  3.4652780315E+00  1.0936185108E+01
  3.4721623487E+00  1.0826133643E+01
  3.4790466660E+00  1.0714230632E+01
  3.4859309832E+00  1.0600589147E+01
  3.4928153005E+00  1.0485316919E+01
  3.4928153005E+00  1.0485316919E+01
  3.5024699142E+00  1.0485489590E+01
  3.5121245279E+00  1.0486019419E+01
  3.5217791417E+00  1.0486941501E+01
  3.5314337554E+00  1.0488313188E+01
  3.5410883692E+00  1.0490212460E+01
  3.5507429829E+00  1.0492735764E+01
  3.5603975967E+00  1.0495995466E+01
  3.5700522104E+00  1.0500117026E+01
  3.5797068242E+00  1.0505236044E+01
  3.5893614379E+00  1.0511495295E+01
  3.5990160517E+00  1.0519041867E+01
  3.6086706654E+00  1.0528024485E+01
  3.6183252792E+00  1.0538591099E+01
  3.6279798929E+00  1.0550886762E+01
  3.6376345066E+00  1.0565051829E+01
  3.6472891204E+00  1.0581220482E+01
  3.6569437341E+00  1.0599519558E+01
  3.6665983479E+00  1.0620067675E+01
  3.6762529616E+00  1.0642974606E+01
  3.6859075754E+00  1.0668340890E+01
  3.6955621891E+00  1.0696257627E+01
  3.7052168029E+00  1.0726806438E+01
  3.7148714166E+00  1.0760059551E+01
  3.7245260304E+00  1.0796079987E+01
  3.7341806441E+00  1.0834921823E+01
  3.7438352579E+00  1.0876630502E+01
  3.7534898716E+00  1.0921243186E+01
  3.7631444853E+00  1.0968789123E+01
  3.7727990991E+00  1.1019290023E+01
  3.7824537128E+00  1.1072760434E+01
  3.7921083266E+00  1.1129208103E+01
  3.8017629403E+00  1.1188634325E+01
  3.8114175541E+00  1.1251034268E+01
  3.8210721678E+00  1.1316397274E+01
  3.8307267816E+00  1.1384707136E+01
  3.8403813953E+00  1.1455942337E+01
  3.8500360091E+00  1.1530076262E+01
  3.8596906228E+00  1.1607077376E+01
  3.8693452366E+00  1.1686909363E+01
  3.8789998503E+00  1.1769531230E+01
  3.8886544640E+00  1.1854897364E+01
  3.8983090778E+00  1.1942957548E+01
  3.9079636915E+00  1.2033656932E+01
  3.9176183053E+00  1.2126935947E+01
  3.9272729190E+00  1.2222730158E+01
  3.9369275328E+00  1.2320970060E+01
  3.9465821465E+00  1.2421580796E+01
  3.9562367603E+00  1.2524481789E+01
  3.9658913740E+00  1.2629586285E+01
  3.9755459878E+00  1.2736800783E+01
  3.9852006015E+00  1.2846024338E+01
  3.9948552153E+00  1.2957147710E+01
  4.0045098290E+00  1.3070052347E+01
  4.0141644427E+00  1.3184609152E+01
  4.0238190565E+00  1.3300677002E+01
  4.0334736702E+00  1.3418100981E+01
  4.0431282840E+00  1.3536710246E+01
  4.0527828977E+00  1.3656315484E+01
  4.0624375115E+00  1.3776705851E+01
  4.0720921252E+00  1.3897645317E+01
  4.0817467390E+00  1.4018868298E+01
  4.0914013527E+00  1.4140074462E+01
  4.1010559665E+00  1.4260922603E+01
  4.1107105802E+00  1.4381023519E+01
  4.1203651940E+00  1.4499931882E+01
  4.1300198077E+00  1.4617137309E+01
  4.1396744214E+00  1.4732055097E+01
  4.1493290352E+00  1.4844017657E+01
  4.1589836489E+00  1.4952268461E+01
  4.1686382627E+00  1.5055961481E+01
  4.1782928764E+00  1.5154170510E+01
  4.1879474902E+00  1.5245913923E+01
  4.1976021039E+00  1.5330200598E+01
  4.2072567177E+00  1.5406100185E+01
  4.2169113314E+00  1.5472834528E+01
  4.2265659452E+00  1.5529877002E+01
  4.2362205589E+00  1.5577036756E+01
  4.2458751727E+00  1.5614502163E+01
  4.2555297864E+00  1.5642827219E+01
  4.2651844001E+00  1.5662863460E+01
  4.2748390139E+00  1.5675657846E+01
  4.2844936276E+00  1.5682344269E+01
  4.2941482414E+00  1.5684051145E+01
  4.3038028551E+00  1.5681836202E+01
  4.3134574689E+00  1.5676649068E+01
  4.3231120826E+00  1.5669316187E+01
  4.3327666964E+00  1.5660540882E+01
  4.3424213101E+00  1.5650912144E+01
  4.3520759239E+00  1.5640917497E+01
  4.3617305376E+00  1.5630956939E+01
  4.3713851514E+00  1.5621356313E+01
  4.3810397651E+00  1.5612379266E+01
  4.3906943788E+00  1.5604237514E+01
  4.4003489926E+00  1.5597099404E+01
  4.4100036063E+00  1.5591096868E+01
  4.4196582201E+00  1.5586330964E+01
  4.4293128338E+00  1.5582876147E+01
  4.4389674476E+00  1.5580783440E+01
  4.4486220613E+00  1.5580082610E+01

  0.0000000000E+00 -7.1137205941E-07
  9.6546137462E-03  4.7932522707E-01
  1.9309227492E-02  9.5849171153E-01
  2.8963841239E-02  1.4373405714E+00
  3.8618454985E-02  1.9157126452E+00
  4.8273068731E-02  2.3934483513E+00
  5.7927682477E-02  2.8703875443E+00
  6.7582296223E-02  3.3463693701E+00
  7.7236909970E-02  3.8212321179E+00
  8.6891523716E-02  4.2948130687E+00
  9.6546137462E-02  4.7669483399E+00
  1.0620075121E-01  5.2374727266E+00
  1.1585536495E-01  5.7062195381E+00
  1.2550997870E-01  6.1730204295E+00
  1.3516459245E-01  6.6377052296E+00
  1.4481920619E-01  7.1001017642E+00
  1.5447381994E-01  7.5600356744E+00
  1.6412843369E-01  8.0173302323E+00
  1.7378304743E-01  8.4718061522E+00
  1.8343766118E-01  8.9232814002E+00
  1.9309227492E-01  9.3715710023E+00
  2.0274688867E-01  9.8164868515E+00
  2.1240150242E-01  1.0257837518E+01
  2.2205611616E-01  1.0695428059E+01
  2.3171072991E-01  1.1129059843E+01
  2.4136534365E-01  1.1558530369E+01
  2.5101995740E-01  1.1983633111E+01
  2.6067457115E-01  1.2404157367E+01
  2.7032918489E-01  1.2819888137E+01
  2.7998379864E-01  1.3230606019E+01
  2.8963841239E-01  1.3636087133E+01
  2.9929302613E-01  1.4036103091E+01
  3.0894763988E-01  1.4430421000E+01
  3.1860225362E-01  1.4818803519E+01
  3.2825686737E-01  1.5201008974E+01
  3.3791148112E-01  1.5576791543E+01
  3.4756609486E-01  1.5945901510E+01
  3.5722070861E-01  1.6308085617E+01
  3.6687532236E-01  1.6663087501E+01
  3.7652993610E-01  1.7010648243E+01
  3.8618454985E-01  1.7350507039E+01
  3.9583916359E-01  1.7682401985E+01
  4.0549377734E-01  1.8006071012E+01
  4.1514839109E-01  1.8321252949E+01
  4.2480300483E-01  1.8627688751E+01
  4.3445761858E-01  1.8925122862E+01
  4.4411223232E-01  1.9213304742E+01
  4.5376684607E-01  1.9491990534E+01
  4.6342145982E-01  1.9760944879E+01
  4.7307607356E-01  2.0019942847E+01
  4.8273068731E-01  2.0268771991E+01
  4.9238530106E-01  2.0507234476E+01
  5.0203991480E-01  2.0735149266E+01
  5.1169452855E-01  2.0952354337E+01
  5.2134914229E-01  2.1158708870E+01
  5.3100375604E-01  2.1354095377E+01
  5.4065836979E-01  2.1538421731E+01
  5.5031298353E-01  2.1711623030E+01
  5.5996759728E-01  2.1873663266E+01
  5.6962221103E-01  2.2024536744E+01
  5.7927682477E-01  2.2164269222E+01
  5.8893143852E-01  2.2292918721E+01
  5.9858605226E-01  2.2410576001E+01
  6.0824066601E-01  2.2517364672E+01
  6.1789527976E-01  2.2613440942E+01
  6.2754989350E-01  2.2678739399E+01
  6.3720450725E-01  2.2587733739E+01
  6.4685912099E-01  2.2499619942E+01
  6.5651373474E-01  2.2414604063E+01
  6.6616834849E-01  2.2332885421E+01
  6.7582296223E-01  2.2254655678E+01
  6.8547757598E-01  2.2180097931E+01
  6.9513218973E-01  2.2109385823E+01
  7.0478680347E-01  2.2042682682E+01
  7.1444141722E-01  2.1980140684E+01
  7.2409603096E-01  2.1921900055E+01
  7.3375064471E-01  2.1868088306E+01
  7.4340525846E-01  2.1818819516E+01
  7.5305987220E-01  2.1774193657E+01
  7.6271448595E-01  2.1734295974E+01
  7.7236909970E-01  2.1699196416E+01
  7.8202371344E-01  2.1668949125E+01
  7.9167832719E-01  2.1643591989E+01
  8.0133294093E-01  2.1623146250E+01
  8.1098755468E-01  2.1607616180E+01
  8.2064216843E-01  2.1596988821E+01
  8.3029678217E-01  2.1591233782E+01
  8.3995139592E-01  2.1590303112E+01
  8.4960600966E-01  2.1594131219E+01
  8.5926062341E-01  2.1602634863E+01
  8.6891523716E-01  2.1615713195E+01
  8.7856985090E-01  2.1633247855E+01
  8.8822446465E-01  2.1655103122E+01
  8.9787907840E-01  2.1681126101E+01
  9.0753369214E-01  2.1711146963E+01
  9.1718830589E-01  2.1744979211E+01
  9.2684291963E-01  2.1782419990E+01
  9.3649753338E-01  2.1823250411E+01
  9.4615214713E-01  2.1867235912E+01
  9.5580676087E-01  2.1914126632E+01
  9.5580676087E-01  2.1914126632E+01
  9.6269107812E-01  2.1911511448E+01
  9.6957539537E-01  2.1903685130E+01
  9.7645971262E-01  2.1890704639E+01
  9.8334402986E-01  2.1872662522E+01
  9.9022834711E-01  2.1849683542E+01
  9.9711266436E-01  2.1821920381E+01
  1.0039969816E+00  2.1789548725E+01
  1.0108812989E+00  2.1752762097E+01
  1.0177656161E+00  2.1711766737E+01
  1.0246499333E+00  2.1666776789E+01
  1.0315342506E+00  2.1618009986E+01
  1.0384185678E+00  2.1565683940E+01
  1.0453028851E+00  2.1510013097E+01
  1.0521872023E+00  2.1451206336E+01
  1.0590715196E+00  2.1389465185E+01
  1.0659558368E+00  2.1324982580E+01
  1.0728401541E+00  2.1257942091E+01
  1.0797244713E+00  2.1188517530E+01
  1.0866087886E+00  2.1116872866E+01
  1.0934931058E+00  2.1043162376E+01
  1.1003774231E+00  2.0967530971E+01
  1.1072617403E+00  2.0890114643E+01
  1.1141460576E+00  2.0811040992E+01
  1.1210303748E+00  2.0730429807E+01
  1.1279146921E+00  2.0648393660E+01
  1.1347990093E+00  2.0565038514E+01
  1.1416833266E+00  2.0480464312E+01
  1.1485676438E+00  2.0394765552E+01
  1.1554519610E+00  2.0308031827E+01
  1.1623362783E+00  2.0220348350E+01
  1.1692205955E+00  2.0131796427E+01
  1.1761049128E+00  2.0042453915E+01
  1.1829892300E+00  1.9952395631E+01
  1.1898735473E+00  1.9861693745E+01
  1.1967578645E+00  1.9770418131E+01
  1.2036421818E+00  1.9678636698E+01
  1.2105264990E+00  1.9586415688E+01
  1.2174108163E+00  1.9493819958E+01
  1.2242951335E+00  1.9400913243E+01
  1.2311794508E+00  1.9307758395E+01
  1.2380637680E+00  1.9214417619E+01
  1.2449480853E+00  1.9120952704E+01
  1.2518324025E+00  1.9027425251E+01
  1.2587167198E+00  1.8933896933E+01
  1.2656010370E+00  1.8840429786E+01
  1.2724853543E+00  1.8747086591E+01
  1.2793696715E+00  1.8653931418E+01
  1.2862539887E+00  1.8561030477E+01
  1.2931383060E+00  1.8468453603E+01
  1.3000226232E+00  1.8376277100E+01
  1.3069069405E+00  1.8284589798E+01
  1.3137912577E+00  1.8193507718E+01
  1.3206755750E+00  1.8103216182E+01
  1.3275598922E+00  1.8014125583E+01
  1.3344442095E+00  1.7927760306E+01
  1.3413285267E+00  1.7858071054E+01
  1.3482128440E+00  1.7862753018E+01
  1.3550971612E+00  1.7893670649E+01
  1.3619814785E+00  1.7927153246E+01
  1.3688657957E+00  1.7961008266E+01
  1.3757501130E+00  1.7994750952E+01
  1.3826344302E+00  1.8028198508E+01
  1.3895187475E+00  1.8061254986E+01
  1.3964030647E+00  1.8093857183E+01
  1.4032873820E+00  1.8125956663E+01
  1.4101716992E+00  1.8157512614E+01
  1.4170560164E+00  1.8188488624E+01
  1.4239403337E+00  1.8218851085E+01
  1.4308246509E+00  1.8248568349E+01
  1.4377089682E+00  1.8277610250E+01
  1.4445932854E+00  1.8305947836E+01
  1.4514776027E+00  1.8333553198E+01
  1.4583619199E+00  1.8360399379E+01
  1.4652462372E+00  1.8386460309E+01
  1.4721305544E+00  1.8411710780E+01
  1.4790148717E+00  1.8436126424E+01
  1.4858991889E+00  1.8459683710E+01
  1.4927835062E+00  1.8482359947E+01
  1.4996678234E+00  1.8504133290E+01
  1.5065521407E+00  1.8524982753E+01
  1.5134364579E+00  1.8544888221E+01
  1.5203207752E+00  1.8563830468E+01
  1.5272050924E+00  1.8581791172E+01
  1.5340894097E+00  1.8598752933E+01
  1.5409737269E+00  1.8614699292E+01
  1.5478580441E+00  1.8629614749E+01
  1.5547423614E+00  1.8643484778E+01
  1.5616266786E+00  1.8656295851E+01
  1.5685109959E+00  1.8668035449E+01
  1.5753953131E+00  1.8678692081E+01
  1.5822796304E+00  1.8688255301E+01
  1.5891639476E+00  1.8696715719E+01
  1.5960482649E+00  1.8704065018E+01
  1.6029325821E+00  1.8710295964E+01
  1.6098168994E+00  1.8715402417E+01
  1.6167012166E+00  1.8719379340E+01
  1.6235855339E+00  1.8722222809E+01
  1.6304698511E+00  1.8723930014E+01
  1.6373541684E+00  1.8724499270E+01
  1.6373541684E+00  1.8724499270E+01
  1.6492118828E+00  1.8717951819E+01
  1.6610695971E+00  1.8698358853E+01
  1.6729273115E+00  1.8665867504E+01
  1.6847850259E+00  1.8620719739E+01
  1.6966427403E+00  1.8563248169E+01
  1.7085004547E+00  1.8493871552E+01
  1.7203581691E+00  1.8413091481E+01
  1.7322158835E+00  1.8321492447E+01
  1.7440735979E+00  1.8219748681E+01
  1.7559313123E+00  1.8108643527E+01
  1.7677890267E+00  1.7989112007E+01
  1.7796467410E+00  1.7862327962E+01
  1.7915044554E+00  1.7729881827E+01
  1.8033621698E+00  1.7594154208E+01
  1.8152198842E+00  1.7459132820E+01
  1.8270775986E+00  1.7332216142E+01
  1.8389353130E+00  1.7227642354E+01
  1.8507930274E+00  1.7168529899E+01
  1.8626507418E+00  1.7173592278E+01
  1.8745084562E+00  1.7236217370E+01
  1.8863661706E+00  1.7336475510E+01
  1.8982238849E+00  1.7459737874E+01
  1.9100815993E+00  1.7598173004E+01
  1.9219393137E+00  1.7747694967E+01
  1.9337970281E+00  1.7906018946E+01
  1.9456547425E+00  1.8071739285E+01
  1.9575124569E+00  1.8243901028E+01
  1.9693701713E+00  1.8421792105E+01
  1.9812278857E+00  1.8594554748E+01
  1.9930856001E+00  1.8658296152E+01
  2.0049433145E+00  1.8724909643E+01
  2.0168010288E+00  1.8793852056E+01
  2.0286587432E+00  1.8864603338E+01
  2.0405164576E+00  1.8936663074E+01
  2.0523741720E+00  1.9009545538E+01
  2.0642318864E+00  1.9082773544E+01
  2.0760896008E+00  1.9155871219E+01
  2.0879473152E+00  1.9228355638E+01
  2.0998050296E+00  1.9299727190E+01
  2.1116627440E+00  1.9369458394E+01
  2.1235204583E+00  1.9436980813E+01
  2.1353781727E+00  1.9501669635E+01
  2.1472358871E+00  1.9562825396E+01
  2.1590936015E+00  1.9619652354E+01
  2.1709513159E+00  1.9671233059E+01
  2.1828090303E+00  1.9716498969E+01
  2.1946667447E+00  1.9754197561E+01
  2.2065244591E+00  1.9782857561E+01
  2.2183821735E+00  1.9800755987E+01
  2.2302398879E+00  1.9805893832E+01
  2.2420976022E+00  1.9795991546E+01
  2.2539553166E+00  1.9768520052E+01
  2.2658130310E+00  1.9720785476E+01
  2.2776707454E+00  1.9650081744E+01
  2.2895284598E+00  1.9553909895E+01
  2.3013861742E+00  1.9430235690E+01
  2.3132438886E+00  1.9277727877E+01
  2.3251016030E+00  1.9095907736E+01
  2.3369593174E+00  1.8885162048E+01
  2.3488170318E+00  1.8646619932E+01
  2.3606747461E+00  1.8381940616E+01
  2.3725324605E+00  1.8093078048E+01
  2.3843901749E+00  1.7782075896E+01
  2.3962478893E+00  1.7450919389E+01
  2.4081056037E+00  1.7101446135E+01
  2.4199633181E+00  1.6735304553E+01
  2.4318210325E+00  1.6353944792E+01
  2.4436787469E+00  1.5958628815E+01
  2.4555364613E+00  1.5550449984E+01
  2.4673941757E+00  1.5130355992E+01
  2.4792518900E+00  1.4699171632E+01
  2.4911096044E+00  1.4257619669E+01
  2.5029673188E+00  1.3806339113E+01
  2.5148250332E+00  1.3345900775E+01
  2.5266827476E+00  1.2876820300E+01
  2.5385404620E+00  1.2399568950E+01
  2.5503981764E+00  1.1914582481E+01
  2.5622558908E+00  1.1422268412E+01
  2.5741136052E+00  1.0923011959E+01
  2.5859713196E+00  1.0417180884E+01
  2.5978290339E+00  9.9051294303E+00
  2.6096867483E+00  9.3872015346E+00
  2.6215444627E+00  8.8637334201E+00
  2.6334021771E+00  8.3350556969E+00
  2.6452598915E+00  7.8014950485E+00
  2.6571176059E+00  7.2633755766E+00
  2.6689753203E+00  6.7210198627E+00
  2.6808330347E+00  6.1747497933E+00
  2.6926907491E+00  5.6248871875E+00
  2.7045484635E+00  5.0717542586E+00
  2.7164061778E+00  4.5156739382E+00
  2.7282638922E+00  3.9569700827E+00
  2.7401216066E+00  3.3959675836E+00
  2.7519793210E+00  2.8329923961E+00
  2.7638370354E+00  2.2683715008E+00
  2.7756947498E+00  1.7024328109E+00
  2.7875524642E+00  1.1355050357E+00
  2.7994101786E+00  5.6791751026E-01
  2.8112678930E+00 -6.1924220858E-07
  2.8112678930E+00 -7.1137205941E-07
  2.8181522102E+00  2.5471195046E-01
  2.8250365275E+00  5.0936613743E-01
  2.8319208447E+00  7.6390468542E-01
  2.8388051619E+00  1.0182694945E+00
  2.8456894792E+00  1.2724021267E+00
  2.8525737964E+00  1.5262436912E+00
  2.8594581137E+00  1.7797347273E+00
  2.8663424309E+00  2.0328150850E+00
  2.8732267482E+00  2.2854238026E+00
  2.8801110654E+00  2.5374989805E+00
  2.8869953827E+00  2.7889776514E+00
  2.8938796999E+00  3.0397956455E+00
  2.9007640172E+00  3.2898874509E+00
  2.9076483344E+00  3.5391860676E+00
  2.9145326517E+00  3.7876228566E+00
  2.9214169689E+00  4.0351273805E+00
  2.9283012862E+00  4.2816272383E+00
  2.9351856034E+00  4.5270478911E+00
  2.9420699207E+00  4.7713124802E+00
  2.9489542379E+00  5.0143416360E+00
  2.9558385552E+00  5.2560532774E+00
  2.9627228724E+00  5.4963624021E+00
  2.9696071896E+00  5.7351808659E+00
  2.9764915069E+00  5.9724171527E+00
  2.9833758241E+00  6.2079761338E+00
  2.9902601414E+00  6.4417588176E+00
  2.9971444586E+00  6.6736620886E+00
  3.0040287759E+00  6.9035784389E+00
  3.0109130931E+00  7.1313956903E+00
  3.0177974104E+00  7.3569967107E+00
  3.0246817276E+00  7.5802591260E+00
  3.0315660449E+00  7.8010550304E+00
  3.0384503621E+00  8.0192506977E+00
  3.0453346794E+00  8.2347062995E+00
  3.0522189966E+00  8.4472756349E+00
  3.0591033139E+00  8.6568058778E+00
  3.0659876311E+00  8.8631373509E+00
  3.0728719484E+00  9.0661033361E+00
  3.0797562656E+00  9.2655299316E+00
  3.0866405829E+00  9.4612359695E+00
  3.0935249001E+00  9.6530330100E+00
  3.1004092174E+00  9.8407254281E+00
  3.1072935346E+00  1.0024110612E+01
  3.1141778518E+00  1.0202979293E+01
  3.1210621691E+00  1.0377116037E+01
  3.1279464863E+00  1.0546299900E+01
  3.1348308036E+00  1.0710305296E+01
  3.1417151208E+00  1.0868903081E+01
  3.1485994381E+00  1.1021861872E+01
  3.1554837553E+00  1.1168949624E+01
  3.1623680726E+00  1.1309935460E+01
  3.1692523898E+00  1.1444591763E+01
  3.1761367071E+00  1.1572696504E+01
  3.1830210243E+00  1.1694035792E+01
  3.1899053416E+00  1.1808406598E+01
  3.1967896588E+00  1.1915619594E+01
  3.2036739761E+00  1.2015502044E+01
  3.2105582933E+00  1.2107900653E+01
  3.2174426106E+00  1.2192684291E+01
  3.2243269278E+00  1.2269746473E+01
  3.2312112451E+00  1.2339007521E+01
  3.2380955623E+00  1.2400416285E+01
  3.2449798795E+00  1.2453951367E+01
  3.2518641968E+00  1.2499621780E+01
  3.2587485140E+00  1.2537467002E+01
  3.2656328313E+00  1.2567556421E+01
  3.2725171485E+00  1.2659262641E+01
  3.2794014658E+00  1.2809154445E+01
  3.2862857830E+00  1.2957573200E+01
  3.2931701003E+00  1.3104513613E+01
  3.3000544175E+00  1.3249970843E+01
  3.3069387348E+00  1.3393940485E+01
  3.3138230520E+00  1.3536418567E+01
  3.3207073693E+00  1.3677401539E+01
  3.3275916865E+00  1.3816886260E+01
  3.3344760038E+00  1.3954869996E+01
  3.3413603210E+00  1.4091350403E+01
  3.3482446383E+00  1.4226325521E+01
  3.3551289555E+00  1.4359793766E+01
  3.3620132728E+00  1.4491753916E+01
  3.3688975900E+00  1.4622205103E+01
  3.3757819072E+00  1.4751146805E+01
  3.3826662245E+00  1.4878578833E+01
  3.3895505417E+00  1.5004501325E+01
  3.3964348590E+00  1.5128914732E+01
  3.4033191762E+00  1.5251819813E+01
  3.4102034935E+00  1.5373217622E+01
  3.4170878107E+00  1.5493109503E+01
  3.4239721280E+00  1.5611497077E+01
  3.4308564452E+00  1.5728382234E+01
  3.4377407625E+00  1.5843767127E+01
  3.4446250797E+00  1.5957654162E+01
  3.4515093970E+00  1.6070045988E+01
  3.4583937142E+00  1.6180945495E+01
  3.4652780315E+00  1.6290355800E+01
  3.4721623487E+00  1.6398280245E+01
  3.4790466660E+00  1.6504722387E+01
  3.4859309832E+00  1.6609685996E+01
  3.4928153005E+00  1.6713175042E+01
  3.4928153005E+00  1.6713175042E+01
  3.5024699142E+00  1.6717985971E+01
  3.5121245279E+00  1.6732392551E+01
  3.5217791417E+00  1.6756316467E+01
  3.5314337554E+00  1.6789628215E+01
  3.5410883692E+00  1.6832148542E+01
  3.5507429829E+00  1.6883650324E+01
  3.5603975967E+00  1.6943860729E+01
  3.5700522104E+00  1.7012463519E+01
  3.5797068242E+00  1.7089101335E+01
  3.5893614379E+00  1.7173377810E+01
  3.5990160517E+00  1.7264859367E+01
  3.6086706654E+00  1.7363076579E+01
  3.6183252792E+00  1.7467525002E+01
  3.6279798929E+00  1.7577665399E+01
  3.6376345066E+00  1.7692923314E+01
  3.6472891204E+00  1.7812687987E+01
  3.6569437341E+00  1.7936310616E+01
  3.6665983479E+00  1.8063102051E+01
  3.6762529616E+00  1.8192330013E+01
  3.6859075754E+00  1.8323216032E+01
  3.6955621891E+00  1.8454932391E+01
  3.7052168029E+00  1.8586599458E+01
  3.7148714166E+00  1.8717283970E+01
  3.7245260304E+00  1.8845998990E+01
  3.7341806441E+00  1.8971706439E+01
  3.7438352579E+00  1.9093323293E+01
  3.7534898716E+00  1.9209732587E+01
  3.7631444853E+00  1.9319800311E+01
  3.7727990991E+00  1.9422398937E+01
  3.7824537128E+00  1.9516437637E+01
  3.7921083266E+00  1.9600898217E+01
  3.8017629403E+00  1.9674874488E+01
  3.8114175541E+00  1.9737611492E+01
  3.8210721678E+00  1.9788540090E+01
  3.8307267816E+00  1.9827302325E+01
  3.8403813953E+00  1.9853763898E+01
  3.8500360091E+00  1.9868011984E+01
  3.8596906228E+00  1.9870338967E+01
  3.8693452366E+00  1.9861214807E+01
  3.8789998503E+00  1.9841252180E+01
  3.8886544640E+00  1.9811168908E+01
  3.8983090778E+00  1.9771751634E+01
  3.9079636915E+00  1.9723823625E+01
  3.9176183053E+00  1.9668218298E+01
  3.9272729190E+00  1.9605758955E+01
  3.9369275328E+00  1.9537244398E+01
  3.9465821465E+00  1.9463439652E+01
  3.9562367603E+00  1.9385070780E+01
  3.9658913740E+00  1.9302822837E+01
  3.9755459878E+00  1.9217340085E+01
  3.9852006015E+00  1.9129227752E+01
  3.9948552153E+00  1.9039054817E+01
  4.0045098290E+00  1.8947357413E+01
  4.0141644427E+00  1.8854642595E+01
  4.0238190565E+00  1.8761392326E+01
  4.0334736702E+00  1.8668067598E+01
  4.0431282840E+00  1.8575112669E+01
  4.0527828977E+00  1.8482959461E+01
  4.0624375115E+00  1.8392032194E+01
  4.0720921252E+00  1.8302752334E+01
  4.0817467390E+00  1.8215544013E+01
  4.0914013527E+00  1.8130840024E+01
  4.1010559665E+00  1.8049088535E+01
  4.1107105802E+00  1.7970760626E+01
  4.1203651940E+00  1.7896358642E+01
  4.1300198077E+00  1.7826425226E+01
  4.1396744214E+00  1.7761552549E+01
  4.1493290352E+00  1.7702390754E+01
  4.1589836489E+00  1.7649653798E+01
  4.1686382627E+00  1.7604119737E+01
  4.1782928764E+00  1.7566621102E+01
  4.1879474902E+00  1.7538019787E+01
  4.1976021039E+00  1.7519160793E+01
  4.2072567177E+00  1.7510801622E+01
  4.2169113314E+00  1.7513520565E+01
  4.2265659452E+00  1.7527617137E+01
  4.2362205589E+00  1.7553027700E+01
  4.2458751727E+00  1.7589282003E+01
  4.2555297864E+00  1.7635516942E+01
  4.2651844001E+00  1.7690545029E+01
  4.2748390139E+00  1.7752957149E+01
  4.2844936276E+00  1.7821232047E+01
  4.2941482414E+00  1.7893830122E+01
  4.3038028551E+00  1.7969260514E+01
  4.3134574689E+00  1.8046120964E+01
  4.3231120826E+00  1.8123115972E+01
  4.3327666964E+00  1.8199060546E+01
  4.3424213101E+00  1.8272875998E+01
  4.3520759239E+00  1.8343582484E+01
  4.3617305376E+00  1.8410291287E+01
  4.3713851514E+00  1.8472198458E+01
  4.3810397651E+00  1.8528580537E+01
  4.3906943788E+00  1.8578792487E+01
  4.4003489926E+00  1.8622267617E+01
  4.4100036063E+00  1.8658519081E+01
  4.4196582201E+00  1.8687142440E+01
  4.4293128338E+00  1.8707818722E+01
  4.4389674476E+00  1.8720317467E+01
  4.4486220613E+00  1.8724499270E+01

  0.0000000000E+00  2.0986840891E+01
  9.6546137462E-03  2.0993265542E+01
  1.9309227492E-02  2.1012515366E+01
  2.8963841239E-02  2.1044518282E+01
  3.8618454985E-02  2.1089155128E+01
  4.8273068731E-02  2.1146261100E+01
  5.7927682477E-02  2.1215627676E+01
  6.7582296223E-02  2.1297004992E+01
  7.7236909970E-02  2.1390104563E+01
  8.6891523716E-02  2.1494602279E+01
  9.6546137462E-02  2.1610141594E+01
  1.0620075121E-01  2.1736336802E+01
  1.1585536495E-01  2.1872776342E+01
  1.2550997870E-01  2.2019026036E+01
  1.3516459245E-01  2.2174632214E+01
  1.4481920619E-01  2.2339124663E+01
  1.5447381994E-01  2.2512019367E+01
  1.6412843369E-01  2.2692820997E+01
  1.7378304743E-01  2.2881025150E+01
  1.8343766118E-01  2.3076120309E+01
  1.9309227492E-01  2.3277589540E+01
  2.0274688867E-01  2.3484911917E+01
  2.1240150242E-01  2.3697563699E+01
  2.2205611616E-01  2.3915019270E+01
  2.3171072991E-01  2.4136751860E+01
  2.4136534365E-01  2.4362234064E+01
  2.5101995740E-01  2.4403781480E+01
  2.6067457115E-01  2.4390623442E+01
  2.7032918489E-01  2.4376697149E+01
  2.7998379864E-01  2.4361979015E+01
  2.8963841239E-01  2.4346445852E+01
  2.9929302613E-01  2.4330075017E+01
  3.0894763988E-01  2.4312844573E+01
  3.1860225362E-01  2.4294733446E+01
  3.2825686737E-01  2.4275721603E+01
  3.3791148112E-01  2.4255790230E+01
  3.4756609486E-01  2.4234921930E+01
  3.5722070861E-01  2.4213100919E+01
  3.6687532236E-01  2.4190313251E+01
  3.7652993610E-01  2.4166547044E+01
  3.8618454985E-01  2.4141792729E+01
  3.9583916359E-01  2.4116043314E+01
  4.0549377734E-01  2.4089294669E+01
  4.1514839109E-01  2.4061545838E+01
  4.2480300483E-01  2.4032799371E+01
  4.3445761858E-01  2.4003061691E+01
  4.4411223232E-01  2.3972343494E+01
  4.5376684607E-01  2.3940660190E+01
  4.6342145982E-01  2.3908032386E+01
  4.7307607356E-01  2.3874486425E+01
  4.8273068731E-01  2.3840054978E+01
  4.9238530106E-01  2.3804777704E+01
  5.0203991480E-01  2.3768701988E+01
  5.1169452855E-01  2.3731883761E+01
  5.2134914229E-01  2.3694388411E+01
  5.3100375604E-01  2.3656291805E+01
  5.4065836979E-01  2.3591793360E+01
  5.5031298353E-01  2.3484682667E+01
  5.5996759728E-01  2.3378460013E+01
  5.6962221103E-01  2.3273350316E+01
  5.7927682477E-01  2.3169580000E+01
  5.8893143852E-01  2.3067376141E+01
  5.9858605226E-01  2.2966965577E+01
  6.0824066601E-01  2.2868574004E+01
  6.1789527976E-01  2.2772425062E+01
  6.2754989350E-01  2.2698992996E+01
  6.3720450725E-01  2.2774240045E+01
  6.4685912099E-01  2.2839431038E+01
  6.5651373474E-01  2.2894843098E+01
  6.6616834849E-01  2.2940779705E+01
  6.7582296223E-01  2.2977568680E+01
  6.8547757598E-01  2.3005560007E+01
  6.9513218973E-01  2.3025123554E+01
  7.0478680347E-01  2.3036646725E+01
  7.1444141722E-01  2.3040532099E+01
  7.2409603096E-01  2.3037195086E+01
  7.3375064471E-01  2.3027061642E+01
  7.4340525846E-01  2.3010566063E+01
  7.5305987220E-01  2.2988148892E+01
  7.6271448595E-01  2.2960254940E+01
  7.7236909970E-01  2.2927331447E+01
  7.8202371344E-01  2.2889826380E+01
  7.9167832719E-01  2.2848186876E+01
  8.0133294093E-01  2.2802857817E+01
  8.1098755468E-01  2.2754280541E+01
  8.2064216843E-01  2.2702891677E+01
  8.3029678217E-01  2.2649122101E+01
  8.3995139592E-01  2.2593395982E+01
  8.4960600966E-01  2.2536129938E+01
  8.5926062341E-01  2.2477732256E+01
  8.6891523716E-01  2.2418602199E+01
  8.7856985090E-01  2.2359129358E+01
  8.8822446465E-01  2.2299693055E+01
  8.9787907840E-01  2.2240661799E+01
  9.0753369214E-01  2.2182392753E+01
  9.1718830589E-01  2.2125231247E+01
  9.2684291963E-01  2.2069510296E+01
  9.3649753338E-01  2.2015550140E+01
  9.4615214713E-01  2.1963657799E+01
  9.5580676087E-01  2.1914126632E+01
  9.5580676087E-01  2.1914126632E+01
  9.6269107812E-01  2.1911511448E+01
  9.6957539537E-01  2.1903685130E+01
  9.7645971262E-01  2.1890704639E+01
  9.8334402986E-01  2.1872662522E+01
  9.9022834711E-01  2.1849683542E+01
  9.9711266436E-01  2.1821920381E+01
  1.0039969816E+00  2.1789548725E+01
  1.0108812989E+00  2.1752762097E+01
  1.0177656161E+00  2.1711766737E+01
  1.0246499333E+00  2.1666776789E+01
  1.0315342506E+00  2.1618009986E+01
  1.0384185678E+00  2.1565683940E+01
  1.0453028851E+00  2.1510013097E+01
  1.0521872023E+00  2.1451206336E+01
  1.0590715196E+00  2.1389465185E+01
  1.0659558368E+00  2.1324982580E+01
  1.0728401541E+00  2.1257942091E+01
  1.0797244713E+00  2.1188517530E+01
  1.0866087886E+00  2.1116872866E+01
  1.0934931058E+00  2.1043162376E+01
  1.1003774231E+00  2.0967530971E+01
  1.1072617403E+00  2.0890114643E+01
  1.1141460576E+00  2.0811040992E+01
  1.1210303748E+00  2.0730429807E+01
  1.1279146921E+00  2.0648393660E+01
  1.1347990093E+00  2.0565038514E+01
  1.1416833266E+00  2.0480464312E+01
  1.1485676438E+00  2.0394765552E+01
  1.1554519610E+00  2.0308031827E+01
  1.1623362783E+00  2.0220348350E+01
  1.1692205955E+00  2.0131796427E+01
  1.1761049128E+00  2.0042453915E+01
  1.1829892300E+00  1.9952395631E+01
  1.1898735473E+00  1.9861693745E+01
  1.1967578645E+00  1.9770418131E+01
  1.2036421818E+00  1.9678636698E+01
  1.2105264990E+00  1.9586415688E+01
  1.2174108163E+00  1.9493819958E+01
  1.2242951335E+00  1.9400913243E+01
  1.2311794508E+00  1.9307758395E+01
  1.2380637680E+00  1.9214417619E+01
  1.2449480853E+00  1.9120952704E+01
  1.2518324025E+00  1.9027425251E+01
  1.2587167198E+00  1.8933896933E+01
  1.2656010370E+00  1.8840429786E+01
  1.2724853543E+00  1.8747086591E+01
  1.2793696715E+00  1.8653931418E+01
  1.2862539887E+00  1.8561030477E+01
  1.2931383060E+00  1.8468453603E+01
  1.3000226232E+00  1.8376277100E+01
  1.3069069405E+00  1.8284589798E+01
  1.3137912577E+00  1.8193507718E+01
  1.3206755750E+00  1.8103216182E+01
  1.3275598922E+00  1.8014125583E+01
  1.3344442095E+00  1.7927760306E+01
  1.3413285267E+00  1.7858071054E+01
  1.3482128440E+00  1.7862753018E+01
  1.3550971612E+00  1.7893670649E+01
  1.3619814785E+00  1.7927153246E+01
  1.3688657957E+00  1.7961008266E+01
  1.3757501130E+00  1.7994750952E+01
  1.3826344302E+00  1.8028198508E+01
  1.3895187475E+00  1.8061254986E+01
  1.3964030647E+00  1.8093857183E+01
  1.4032873820E+00  1.8125956663E+01
  1.4101716992E+00  1.8157512614E+01
  1.4170560164E+00  1.8188488624E+01
  1.4239403337E+00  1.8218851085E+01
  1.4308246509E+00  1.8248568349E+01
  1.4377089682E+00  1.8277610250E+01
  1.4445932854E+00  1.8305947836E+01
  1.4514776027E+00  1.8333553198E+01
  1.4583619199E+00  1.8360399379E+01
  1.4652462372E+00  1.8386460309E+01
  1.4721305544E+00  1.8411710780E+01
  1.4790148717E+00  1.8436126424E+01
  1.4858991889E+00  1.8459683710E+01
  1.4927835062E+00  1.8482359947E+01
  1.4996678234E+00  1.8504133290E+01
  1.5065521407E+00  1.8524982753E+01
  1.5134364579E+00  1.8544888221E+01
  1.5203207752E+00  1.8563830468E+01
  1.5272050924E+00  1.8581791172E+01
  1.5340894097E+00  1.8598752933E+01
  1.5409737269E+00  1.8614699292E+01
  1.5478580441E+00  1.8629614749E+01
  1.5547423614E+00  1.8643484778E+01
  1.5616266786E+00  1.8656295851E+01
  1.5685109959E+00  1.8668035449E+01
  1.5753953131E+00  1.8678692081E+01
  1.5822796304E+00  1.8688255301E+01
  1.5891639476E+00  1.8696715719E+01
  1.5960482649E+00  1.8704065018E+01
  1.6029325821E+00  1.8710295964E+01
  1.6098168994E+00  1.8715402417E+01
  1.6167012166E+00  1.8719379340E+01
  1.6235855339E+00  1.8722222809E+01
  1.6304698511E+00  1.8723930014E+01
  1.6373541684E+00  1.8724499270E+01
  1.6373541684E+00  1.8724499270E+01
  1.6492118828E+00  1.8721545831E+01
  1.6610695971E+00  1.8712745303E+01
  1.6729273115E+00  1.8698276760E+01
  1.6847850259E+00  1.8678437697E+01
  1.6966427403E+00  1.8653642582E+01
  1.7085004547E+00  1.8624420748E+01
  1.7203581691E+00  1.8591413501E+01
  1.7322158835E+00  1.8555370066E+01
  1.7440735979E+00  1.8517141824E+01
  1.7559313123E+00  1.8477673911E+01
  1.7677890267E+00  1.8437992970E+01
  1.7796467410E+00  1.8399189569E+01
  1.7915044554E+00  1.8362393836E+01
  1.8033621698E+00  1.8328743291E+01
  1.8152198842E+00  1.8299342940E+01
  1.8270775986E+00  1.8275219462E+01
  1.8389353130E+00  1.8257273399E+01
  1.8507930274E+00  1.8246235127E+01
  1.8626507418E+00  1.8242631107E+01
  1.8745084562E+00  1.8246765852E+01
  1.8863661706E+00  1.8258722277E+01
  1.8982238849E+00  1.8278379465E+01
  1.9100815993E+00  1.8305443631E+01
  1.9219393137E+00  1.8339486323E+01
  1.9337970281E+00  1.8379983869E+01
  1.9456547425E+00  1.8426353425E+01
  1.9575124569E+00  1.8477982827E+01
  1.9693701713E+00  1.8534253224E+01
  1.9812278857E+00  1.8604836892E+01
  1.9930856001E+00  1.8792538831E+01
  2.0049433145E+00  1.8984448119E+01
  2.0168010288E+00  1.9180142864E+01
  2.0286587432E+00  1.9379217836E+01
  2.0405164576E+00  1.9581277656E+01
  2.0523741720E+00  1.9785932684E+01
  2.0642318864E+00  1.9992796592E+01
  2.0760896008E+00  2.0201485018E+01
  2.0879473152E+00  2.0411614941E+01
  2.0998050296E+00  2.0622804516E+01
  2.1116627440E+00  2.0834673245E+01
  2.1235204583E+00  2.1046842357E+01
  2.1353781727E+00  2.1258935348E+01
  2.1472358871E+00  2.1470578608E+01
  2.1590936015E+00  2.1681402127E+01
  2.1709513159E+00  2.1891040219E+01
  2.1828090303E+00  2.2099132263E+01
  2.1946667447E+00  2.2305323412E+01
  2.2065244591E+00  2.2509265253E+01
  2.2183821735E+00  2.2710616365E+01
  2.2302398879E+00  2.2909042716E+01
  2.2420976022E+00  2.3104217822E+01
  2.2539553166E+00  2.3295822525E+01
  2.2658130310E+00  2.3483544194E+01
  2.2776707454E+00  2.3667075030E+01
  2.2895284598E+00  2.3764565670E+01
  2.3013861742E+00  2.3637343281E+01
  2.3132438886E+00  2.3529892836E+01
  2.3251016030E+00  2.3442738211E+01
  2.3369593174E+00  2.3375536625E+01
  2.3488170318E+00  2.3327201762E+01
  2.3606747461E+00  2.3296116082E+01
  2.3725324605E+00  2.3280366420E+01
  2.3843901749E+00  2.3277949296E+01
  2.3962478893E+00  2.3286919470E+01
  2.4081056037E+00  2.3305479585E+01
  2.4199633181E+00  2.3332022272E+01
  2.4318210325E+00  2.3365139787E+01
  2.4436787469E+00  2.3403614532E+01
  2.4555364613E+00  2.3446400084E+01
  2.4673941757E+00  2.3492598891E+01
  2.4792518900E+00  2.3541440122E+01
  2.4911096044E+00  2.3592259421E+01
  2.5029673188E+00  2.3644481230E+01
  2.5148250332E+00  2.3697603816E+01
  2.5266827476E+00  2.3751186797E+01
  2.5385404620E+00  2.3633397585E+01
  2.5503981764E+00  2.3446036814E+01
  2.5622558908E+00  2.3261386929E+01
  2.5741136052E+00  2.3080038813E+01
  2.5859713196E+00  2.2902569645E+01
  2.5978290339E+00  2.2729550526E+01
  2.6096867483E+00  2.2561550419E+01
  2.6215444627E+00  2.2399137722E+01
  2.6334021771E+00  2.2242880180E+01
  2.6452598915E+00  2.2093343582E+01
  2.6571176059E+00  2.1951089471E+01
  2.6689753203E+00  2.1816672052E+01
  2.6808330347E+00  2.1690634410E+01
  2.6926907491E+00  2.1573504157E+01
  2.7045484635E+00  2.1465788592E+01
  2.7164061778E+00  2.1367969515E+01
  2.7282638922E+00  2.1280497795E+01
  2.7401216066E+00  2.1203787858E+01
  2.7519793210E+00  2.1138212242E+01
  2.7638370354E+00  2.1084096394E+01
  2.7756947498E+00  2.1041713881E+01
  2.7875524642E+00  2.1011282183E+01
  2.7994101786E+00  2.0992959245E+01
  2.8112678930E+00  2.0986840891E+01
  2.8112678930E+00  2.0986840891E+01
  2.8181522102E+00  2.0986535242E+01
  2.8250365275E+00  2.0985618039E+01
  2.8319208447E+00  2.0984088518E+01
  2.8388051619E+00  2.0981945408E+01
  2.8456894792E+00  2.0979186931E+01
  2.8525737964E+00  2.0975810809E+01
  2.8594581137E+00  2.0971814264E+01
  2.8663424309E+00  2.0967194025E+01
  2.8732267482E+00  2.0961946335E+01
  2.8801110654E+00  2.0956066957E+01
  2.8869953827E+00  2.0949551178E+01
  2.8938796999E+00  2.0942393826E+01
  2.9007640172E+00  2.0934589268E+01
  2.9076483344E+00  2.0926131431E+01
  2.9145326517E+00  2.0917013805E+01
  2.9214169689E+00  2.0907229455E+01
  2.9283012862E+00  2.0896771040E+01
  2.9351856034E+00  2.0885630816E+01
  2.9420699207E+00  2.0873800657E+01
  2.9489542379E+00  2.0861272064E+01
  2.9558385552E+00  2.0848036182E+01
  2.9627228724E+00  2.0834083813E+01
  2.9696071896E+00  2.0819405433E+01
  2.9764915069E+00  2.0803991206E+01
  2.9833758241E+00  2.0787831001E+01
  2.9902601414E+00  2.0770914408E+01
  2.9971444586E+00  2.0753230754E+01
  3.0040287759E+00  2.0734769119E+01
  3.0109130931E+00  2.0715518354E+01
  3.0177974104E+00  2.0695467098E+01
  3.0246817276E+00  2.0674603794E+01
  3.0315660449E+00  2.0652916707E+01
  3.0384503621E+00  2.0630393938E+01
  3.0453346794E+00  2.0607023445E+01
  3.0522189966E+00  2.0582793057E+01
  3.0591033139E+00  2.0557690489E+01
  3.0659876311E+00  2.0531703363E+01
  3.0728719484E+00  2.0504819220E+01
  3.0797562656E+00  2.0477025537E+01
  3.0866405829E+00  2.0448309741E+01
  3.0935249001E+00  2.0418659228E+01
  3.1004092174E+00  2.0388061371E+01
  3.1072935346E+00  2.0356503542E+01
  3.1141778518E+00  2.0323973119E+01
  3.1210621691E+00  2.0290457503E+01
  3.1279464863E+00  2.0255944129E+01
  3.1348308036E+00  2.0220420478E+01
  3.1417151208E+00  2.0183874092E+01
  3.1485994381E+00  2.0146292580E+01
  3.1554837553E+00  2.0107663632E+01
  3.1623680726E+00  2.0067975028E+01
  3.1692523898E+00  2.0027214646E+01
  3.1761367071E+00  1.9985370473E+01
  3.1830210243E+00  1.9942430612E+01
  3.1899053416E+00  1.9898383289E+01
  3.1967896588E+00  1.9853216860E+01
  3.2036739761E+00  1.9806919820E+01
  3.2105582933E+00  1.9759480803E+01
  3.2174426106E+00  1.9710888593E+01
  3.2243269278E+00  1.9661132125E+01
  3.2312112451E+00  1.9610200492E+01
  3.2380955623E+00  1.9558082945E+01
  3.2449798795E+00  1.9504768898E+01
  3.2518641968E+00  1.9450247932E+01
  3.2587485140E+00  1.9394509794E+01
  3.2656328313E+00  1.9337544401E+01
  3.2725171485E+00  1.9279341840E+01
  3.2794014658E+00  1.9219892369E+01
  3.2862857830E+00  1.9159186419E+01
  3.2931701003E+00  1.9097214592E+01
  3.3000544175E+00  1.9033967662E+01
  3.3069387348E+00  1.8969436575E+01
  3.3138230520E+00  1.8903612449E+01
  3.3207073693E+00  1.8836486572E+01
  3.3275916865E+00  1.8768050401E+01
  3.3344760038E+00  1.8698295563E+01
  3.3413603210E+00  1.8627213850E+01
  3.3482446383E+00  1.8554797223E+01
  3.3551289555E+00  1.8481037809E+01
  3.3620132728E+00  1.8405927897E+01
  3.3688975900E+00  1.8329459941E+01
  3.3757819072E+00  1.8251626558E+01
  3.3826662245E+00  1.8172420523E+01
  3.3895505417E+00  1.8091834777E+01
  3.3964348590E+00  1.8009862419E+01
  3.4033191762E+00  1.7926496707E+01
  3.4102034935E+00  1.7841731062E+01
  3.4170878107E+00  1.7755559063E+01
  3.4239721280E+00  1.7667974450E+01
  3.4308564452E+00  1.7578971126E+01
  3.4377407625E+00  1.7488543157E+01
  3.4446250797E+00  1.7396684770E+01
  3.4515093970E+00  1.7303390360E+01
  3.4583937142E+00  1.7208654491E+01
  3.4652780315E+00  1.7112471895E+01
  3.4721623487E+00  1.7014837479E+01
  3.4790466660E+00  1.6915746325E+01
  3.4859309832E+00  1.6815193697E+01
  3.4928153005E+00  1.6713175042E+01
  3.4928153005E+00  1.6713175042E+01
  3.5024699142E+00  1.6717985971E+01
  3.5121245279E+00  1.6732392551E+01
  3.5217791417E+00  1.6756316467E+01
  3.5314337554E+00  1.6789628215E+01
  3.5410883692E+00  1.6832148542E+01
  3.5507429829E+00  1.6883650324E+01
  3.5603975967E+00  1.6943860729E+01
  3.5700522104E+00  1.7012463519E+01
  3.5797068242E+00  1.7089101335E+01
  3.5893614379E+00  1.7173377810E+01
  3.5990160517E+00  1.7264859367E+01
  3.6086706654E+00  1.7363076579E+01
  3.6183252792E+00  1.7467525002E+01
  3.6279798929E+00  1.7577665399E+01
  3.6376345066E+00  1.7692923314E+01
  3.6472891204E+00  1.7812687987E+01
  3.6569437341E+00  1.7936310616E+01
  3.6665983479E+00  1.8063102051E+01
  3.6762529616E+00  1.8192330013E+01
  3.6859075754E+00  1.8323216032E+01
  3.6955621891E+00  1.8454932391E+01
  3.7052168029E+00  1.8586599458E+01
  3.7148714166E+00  1.8717283970E+01
  3.7245260304E+00  1.8845998990E+01
  3.7341806441E+00  1.8971706439E+01
  3.7438352579E+00  1.9093323293E+01
  3.7534898716E+00  1.9209732587E+01
  3.7631444853E+00  1.9319800311E+01
  3.7727990991E+00  1.9422398937E+01
  3.7824537128E+00  1.9516437637E+01
  3.7921083266E+00  1.9600898217E+01
  3.8017629403E+00  1.9674874488E+01
  3.8114175541E+00  1.9737611492E+01
  3.8210721678E+00  1.9788540090E+01
  3.8307267816E+00  1.9827302325E+01
  3.8403813953E+00  1.9853763898E+01
  3.8500360091E+00  1.9868011984E+01
  3.8596906228E+00  1.9870338967E+01
  3.8693452366E+00  1.9861214807E+01
  3.8789998503E+00  1.9841252180E+01
  3.8886544640E+00  1.9811168908E+01
  3.8983090778E+00  1.9771751634E+01
  3.9079636915E+00  1.9723823625E+01
  3.9176183053E+00  1.9668218298E+01
  3.9272729190E+00  1.9605758955E+01
  3.9369275328E+00  1.9537244398E+01
  3.9465821465E+00  1.9463439652E+01
  3.9562367603E+00  1.9385070780E+01
  3.9658913740E+00  1.9302822837E+01
  3.9755459878E+00  1.9217340085E+01
  3.9852006015E+00  1.9129227752E+01
  3.9948552153E+00  1.9039054817E+01
  4.0045098290E+00  1.8947357413E+01
  4.0141644427E+00  1.8854642595E+01
  4.0238190565E+00  1.8761392326E+01
  4.0334736702E+00  1.8668067598E+01
  4.0431282840E+00  1.8575112669E+01
  4.0527828977E+00  1.8482959461E+01
  4.0624375115E+00  1.8392032194E+01
  4.0720921252E+00  1.8302752334E+01
  4.0817467390E+00  1.8215544013E+01
  4.0914013527E+00  1.8130840024E+01
  4.1010559665E+00  1.8049088535E+01
  4.1107105802E+00  1.7970760626E+01
  4.1203651940E+00  1.7896358642E+01
  4.1300198077E+00  1.7826425226E+01
  4.1396744214E+00  1.7761552549E+01
  4.1493290352E+00  1.7702390754E+01
  4.1589836489E+00  1.7649653798E+01
  4.1686382627E+00  1.7604119737E+01
  4.1782928764E+00  1.7566621102E+01
  4.1879474902E+00  1.7538019787E+01
  4.1976021039E+00  1.7519160793E+01
  4.2072567177E+00  1.7510801622E+01
  4.2169113314E+00  1.7513520565E+01
  4.2265659452E+00  1.7527617137E+01
  4.2362205589E+00  1.7553027700E+01
  4.2458751727E+00  1.7589282003E+01
  4.2555297864E+00  1.7635516942E+01
  4.2651844001E+00  1.7690545029E+01
  4.2748390139E+00  1.7752957149E+01
  4.2844936276E+00  1.7821232047E+01
  4.2941482414E+00  1.7893830122E+01
  4.3038028551E+00  1.7969260514E+01
  4.3134574689E+00  1.8046120964E+01
  4.3231120826E+00  1.8123115972E+01
  4.3327666964E+00  1.8199060546E+01
  4.3424213101E+00  1.8272875998E+01
  4.3520759239E+00  1.8343582484E+01
  4.3617305376E+00  1.8410291287E+01
  4.3713851514E+00  1.8472198458E+01
  4.3810397651E+00  1.8528580537E+01
  4.3906943788E+00  1.8578792487E+01
  4.4003489926E+00  1.8622267617E+01
  4.4100036063E+00  1.8658519081E+01
  4.4196582201E+00  1.8687142440E+01
  4.4293128338E+00  1.8707818722E+01
  4.4389674476E+00  1.8720317467E+01
  4.4486220613E+00  1.8724499270E+01

  0.0000000000E+00  2.4546717581E+01
  9.6546137462E-03  2.4546543118E+01
  1.9309227492E-02  2.4546019026E+01
  2.8963841239E-02  2.4545143197E+01
  3.8618454985E-02  2.4543912126E+01
  4.8273068731E-02  2.4542320917E+01
  5.7927682477E-02  2.4540363303E+01
  6.7582296223E-02  2.4538031656E+01
  7.7236909970E-02  2.4535317016E+01
  8.6891523716E-02  2.4532209113E+01
  9.6546137462E-02  2.4528696399E+01
  1.0620075121E-01  2.4524766083E+01
  1.1585536495E-01  2.4520404169E+01
  1.2550997870E-01  2.4515595500E+01
  1.3516459245E-01  2.4510323809E+01
  1.4481920619E-01  2.4504571768E+01
  1.5447381994E-01  2.4498321050E+01
  1.6412843369E-01  2.4491552390E+01
  1.7378304743E-01  2.4484245652E+01
  1.8343766118E-01  2.4476379908E+01
  1.9309227492E-01  2.4467933512E+01
  2.0274688867E-01  2.4458884185E+01
  2.1240150242E-01  2.4449209109E+01
  2.2205611616E-01  2.4438885016E+01
  2.3171072991E-01  2.4427888298E+01
  2.4136534365E-01  2.4416195109E+01
  2.5101995740E-01  2.4590938196E+01
  2.6067457115E-01  2.4822336479E+01
  2.7032918489E-01  2.5055901114E+01
  2.7998379864E-01  2.5291104237E+01
  2.8963841239E-01  2.5527417800E+01
  2.9929302613E-01  2.5764313384E+01
  3.0894763988E-01  2.5937876760E+01
  3.1860225362E-01  2.5861624753E+01
  3.2825686737E-01  2.5782853449E+01
  3.3791148112E-01  2.5701603720E+01
  3.4756609486E-01  2.5617924867E+01
  3.5722070861E-01  2.5531874943E+01
  3.6687532236E-01  2.5443521032E+01
  3.7652993610E-01  2.5352939483E+01
  3.8618454985E-01  2.5260216095E+01
  3.9583916359E-01  2.5165446250E+01
  4.0549377734E-01  2.5068734986E+01
  4.1514839109E-01  2.4970197017E+01
  4.2480300483E-01  2.4869956696E+01
  4.3445761858E-01  2.4768147910E+01
  4.4411223232E-01  2.4664913924E+01
  4.5376684607E-01  2.4560407159E+01
  4.6342145982E-01  2.4454788911E+01
  4.7307607356E-01  2.4348229013E+01
  4.8273068731E-01  2.4240905435E+01
  4.9238530106E-01  2.4133003834E+01
  5.0203991480E-01  2.4024717046E+01
  5.1169452855E-01  2.3916244527E+01
  5.2134914229E-01  2.3807791743E+01
  5.3100375604E-01  2.3699569525E+01
  5.4065836979E-01  2.3617681425E+01
  5.5031298353E-01  2.3578657635E+01
  5.5996759728E-01  2.3539335088E+01
  5.6962221103E-01  2.3499844281E+01
  5.7927682477E-01  2.3460333273E+01
  5.8893143852E-01  2.3420969572E+01
  5.9858605226E-01  2.3381942179E+01
  6.0824066601E-01  2.3343463795E+01
  6.1789527976E-01  2.3305773162E+01
  6.2754989350E-01  2.3269137510E+01
  6.3720450725E-01  2.3233855035E+01
  6.4685912099E-01  2.3200257344E+01
  6.5651373474E-01  2.3168711711E+01
  6.6616834849E-01  2.3139623000E+01
  6.7582296223E-01  2.3113435003E+01
  6.8547757598E-01  2.3090630922E+01
  6.9513218973E-01  2.3071732634E+01
  7.0478680347E-01  2.3057298347E+01
  7.1444141722E-01  2.3047918212E+01
  7.2409603096E-01  2.3044207477E+01
  7.3375064471E-01  2.3046796851E+01
  7.4340525846E-01  2.3056319902E+01
  7.5305987220E-01  2.3073397581E+01
  7.6271448595E-01  2.3098620318E+01
  7.7236909970E-01  2.3132528551E+01
  7.8202371344E-01  2.3175592934E+01
  7.9167832719E-01  2.3228195810E+01
  8.0133294093E-01  2.3290615612E+01
  8.1098755468E-01  2.3363015717E+01
  8.2064216843E-01  2.3445438855E+01
  8.3029678217E-01  2.3537807545E+01
  8.3995139592E-01  2.3639930307E+01
  8.4960600966E-01  2.3751512757E+01
  8.5926062341E-01  2.3872172224E+01
  8.6891523716E-01  2.4001454346E+01
  8.7856985090E-01  2.4138850118E+01
  8.8822446465E-01  2.4283812160E+01
  8.9787907840E-01  2.4435769278E+01
  9.0753369214E-01  2.4594138777E+01
  9.1718830589E-01  2.4758336340E+01
  9.2684291963E-01  2.4927783494E+01
  9.3649753338E-01  2.5101912897E+01
  9.4615214713E-01  2.5280171733E+01
  9.5580676087E-01  2.5462023579E+01
  9.5580676087E-01  2.5462023579E+01
  9.6269107812E-01  2.5464032300E+01
  9.6957539537E-01  2.5470039179E+01
  9.7645971262E-01  2.5479987101E+01
  9.8334402986E-01  2.5493783273E+01
  9.9022834711E-01  2.5511302599E+01
  9.9711266436E-01  2.5532391997E+01
  1.0039969816E+00  2.5556875324E+01
  1.0108812989E+00  2.5584558572E+01
  1.0177656161E+00  2.5615235010E+01
  1.0246499333E+00  2.5648690030E+01
  1.0315342506E+00  2.5684705492E+01
  1.0384185678E+00  2.5723063469E+01
  1.0453028851E+00  2.5763549341E+01
  1.0521872023E+00  2.5805954232E+01
  1.0590715196E+00  2.5850076841E+01
  1.0659558368E+00  2.5895724738E+01
  1.0728401541E+00  2.5942715189E+01
  1.0797244713E+00  2.5990875603E+01
  1.0866087886E+00  2.6040043675E+01
  1.0934931058E+00  2.6090067300E+01
  1.1003774231E+00  2.6140804307E+01
  1.1072617403E+00  2.6192122077E+01
  1.1141460576E+00  2.6243897086E+01
  1.1210303748E+00  2.6296014393E+01
  1.1279146921E+00  2.6348367114E+01
  1.1347990093E+00  2.6400855889E+01
  1.1416833266E+00  2.6453388364E+01
  1.1485676438E+00  2.6505878690E+01
  1.1554519610E+00  2.6558247058E+01
  1.1623362783E+00  2.6610419249E+01
  1.1692205955E+00  2.6662326235E+01
  1.1761049128E+00  2.6713903798E+01
  1.1829892300E+00  2.6765092190E+01
  1.1898735473E+00  2.6815835825E+01
  1.1967578645E+00  2.6866082993E+01
  1.2036421818E+00  2.6915785609E+01
  1.2105264990E+00  2.6964898988E+01
  1.2174108163E+00  2.7013381635E+01
  1.2242951335E+00  2.7061195068E+01
  1.2311794508E+00  2.7108303653E+01
  1.2380637680E+00  2.7154674455E+01
  1.2449480853E+00  2.7200277113E+01
  1.2518324025E+00  2.7245083718E+01
  1.2587167198E+00  2.7289068711E+01
  1.2656010370E+00  2.7332208786E+01
  1.2724853543E+00  2.7374482809E+01
  1.2793696715E+00  2.7415871734E+01
  1.2862539887E+00  2.7456358539E+01
  1.2931383060E+00  2.7495928152E+01
  1.3000226232E+00  2.7534567398E+01
  1.3069069405E+00  2.7572264935E+01
  1.3137912577E+00  2.7609011203E+01
  1.3206755750E+00  2.7644798367E+01
  1.3275598922E+00  2.7679620269E+01
  1.3344442095E+00  2.7713472374E+01
  1.3413285267E+00  2.7746351722E+01
  1.3482128440E+00  2.7778256874E+01
  1.3550971612E+00  2.7809187860E+01
  1.3619814785E+00  2.7839146131E+01
  1.3688657957E+00  2.7868134500E+01
  1.3757501130E+00  2.7896157085E+01
  1.3826344302E+00  2.7923219258E+01
  1.3895187475E+00  2.7949327580E+01
  1.3964030647E+00  2.7974489741E+01
  1.4032873820E+00  2.7998714499E+01
  1.4101716992E+00  2.8022011609E+01
  1.4170560164E+00  2.8044391762E+01
  1.4239403337E+00  2.8065866508E+01
  1.4308246509E+00  2.8086448190E+01
  1.4377089682E+00  2.8106149867E+01
  1.4445932854E+00  2.8124985240E+01
  1.4514776027E+00  2.8142968574E+01
  1.4583619199E+00  2.8160114617E+01
  1.4652462372E+00  2.8176438526E+01
  1.4721305544E+00  2.8191955780E+01
  1.4790148717E+00  2.8206682103E+01
  1.4858991889E+00  2.8220633379E+01
  1.4927835062E+00  2.8233825569E+01
  1.4996678234E+00  2.8246274634E+01
  1.5065521407E+00  2.8257996446E+01
  1.5134364579E+00  2.8269006714E+01
  1.5203207752E+00  2.8279320897E+01
  1.5272050924E+00  2.8288954133E+01
  1.5340894097E+00  2.8297921157E+01
  1.5409737269E+00  2.8306236228E+01
  1.5478580441E+00  2.8313913057E+01
  1.5547423614E+00  2.8320964739E+01
  1.5616266786E+00  2.8327403682E+01
  1.5685109959E+00  2.8333241551E+01
  1.5753953131E+00  2.8338489203E+01
  1.5822796304E+00  2.8343156637E+01
  1.5891639476E+00  2.8347252939E+01
  1.5960482649E+00  2.8350786238E+01
  1.6029325821E+00  2.8353763666E+01
  1.6098168994E+00  2.8356191318E+01
  1.6167012166E+00  2.8358074226E+01
  1.6235855339E+00  2.8359416329E+01
  1.6304698511E+00  2.8360220455E+01
  1.6373541684E+00  2.8360488308E+01
  1.6373541684E+00  2.8360488308E+01
  1.6492118828E+00  2.8361735560E+01
  1.6610695971E+00  2.8365441574E+01
  1.6729273115E+00  2.8371499859E+01
  1.6847850259E+00  2.8379735382E+01
  1.6966427403E+00  2.8389908106E+01
  1.7085004547E+00  2.8401717709E+01
  1.7203581691E+00  2.8414809249E+01
  1.7322158835E+00  2.8428779549E+01
  1.7440735979E+00  2.8443184050E+01
  1.7559313123E+00  2.8457543891E+01
  1.7677890267E+00  2.8471353004E+01
  1.7796467410E+00  2.8484085066E+01
  1.7915044554E+00  2.8495200149E+01
  1.8033621698E+00  2.8504150990E+01
  1.8152198842E+00  2.8510388812E+01
  1.8270775986E+00  2.8513368676E+01
  1.8389353130E+00  2.8512554355E+01
  1.8507930274E+00  2.8507422746E+01
  1.8626507418E+00  2.8497467844E+01
  1.8745084562E+00  2.8482204322E+01
  1.8863661706E+00  2.8461170730E+01
  1.8982238849E+00  2.8433932363E+01
  1.9100815993E+00  2.8400083822E+01
  1.9219393137E+00  2.8359251286E+01
  1.9337970281E+00  2.8311094533E+01
  1.9456547425E+00  2.8255308718E+01
  1.9575124569E+00  2.8191625940E+01
  1.9693701713E+00  2.8119816618E+01
  1.9812278857E+00  2.8039690712E+01
  1.9930856001E+00  2.7951098829E+01
  2.0049433145E+00  2.7853933263E+01
  2.0168010288E+00  2.7748129048E+01
  2.0286587432E+00  2.7633665099E+01
  2.0405164576E+00  2.7510565569E+01
  2.0523741720E+00  2.7378901537E+01
  2.0642318864E+00  2.7238793216E+01
  2.0760896008E+00  2.7090412878E+01
  2.0879473152E+00  2.6933988739E+01
  2.0998050296E+00  2.6769810115E+01
  2.1116627440E+00  2.6598234204E+01
  2.1235204583E+00  2.6419694900E+01
  2.1353781727E+00  2.6234714142E+01
  2.1472358871E+00  2.6043916323E+01
  2.1590936015E+00  2.5848046276E+01
  2.1709513159E+00  2.5647991322E+01
  2.1828090303E+00  2.5444807506E+01
  2.1946667447E+00  2.5239749609E+01
  2.2065244591E+00  2.5034303283E+01
  2.2183821735E+00  2.4830215649E+01
  2.2302398879E+00  2.4629517493E+01
  2.2420976022E+00  2.4434525918E+01
  2.2539553166E+00  2.4247811710E+01
  2.2658130310E+00  2.4072113227E+01
  2.2776707454E+00  2.3910182636E+01
  2.2895284598E+00  2.3846108924E+01
  2.3013861742E+00  2.4020335953E+01
  2.3132438886E+00  2.4189432833E+01
  2.3251016030E+00  2.4353046191E+01
  2.3369593174E+00  2.4510762395E+01
  2.3488170318E+00  2.4662050690E+01
  2.3606747461E+00  2.4806149480E+01
  2.3725324605E+00  2.4941821262E+01
  2.3843901749E+00  2.5066775175E+01
  2.3962478893E+00  2.5176174379E+01
  2.4081056037E+00  2.5258639423E+01
  2.4199633181E+00  2.5288655769E+01
  2.4318210325E+00  2.5235999385E+01
  2.4436787469E+00  2.5111481933E+01
  2.4555364613E+00  2.4949954631E+01
  2.4673941757E+00  2.4771896574E+01
  2.4792518900E+00  2.4586070893E+01
  2.4911096044E+00  2.4396479650E+01
  2.5029673188E+00  2.4205254429E+01
  2.5148250332E+00  2.4013726071E+01
  2.5266827476E+00  2.3822850876E+01
  2.5385404620E+00  2.3804840886E+01
  2.5503981764E+00  2.3858219524E+01
  2.5622558908E+00  2.3911012078E+01
  2.5741136052E+00  2.3962938345E+01
  2.5859713196E+00  2.4013744125E+01
  2.5978290339E+00  2.4063197649E+01
  2.6096867483E+00  2.4111086732E+01
  2.6215444627E+00  2.4157216493E+01
  2.6334021771E+00  2.4201407546E+01
  2.6452598915E+00  2.4243494579E+01
  2.6571176059E+00  2.4283325243E+01
  2.6689753203E+00  2.4320759299E+01
  2.6808330347E+00  2.4355667968E+01
  2.6926907491E+00  2.4387933455E+01
  2.7045484635E+00  2.4417448602E+01
  2.7164061778E+00  2.4444116661E+01
  2.7282638922E+00  2.4467851136E+01
  2.7401216066E+00  2.4488575698E+01
  2.7519793210E+00  2.4506224149E+01
  2.7638370354E+00  2.4520740414E+01
  2.7756947498E+00  2.4532078561E+01
  2.7875524642E+00  2.4540202818E+01
  2.7994101786E+00  2.4545087610E+01
  2.8112678930E+00  2.4546717581E+01
  2.8112678930E+00  2.4546717581E+01
  2.8181522102E+00  2.4545261870E+01
  2.8250365275E+00  2.4540898133E+01
  2.8319208447E+00  2.4533636537E+01
  2.8388051619E+00  2.4523493987E+01
  2.8456894792E+00  2.4510494062E+01
  2.8525737964E+00  2.4494666925E+01
  2.8594581137E+00  2.4476049216E+01
  2.8663424309E+00  2.4454683926E+01
  2.8732267482E+00  2.4430620245E+01
  2.8801110654E+00  2.4403913406E+01
  2.8869953827E+00  2.4374624511E+01
  2.8938796999E+00  2.4342820351E+01
  2.9007640172E+00  2.4308573218E+01
  2.9076483344E+00  2.4271960720E+01
  2.9145326517E+00  2.4233065595E+01
  2.9214169689E+00  2.4191975526E+01
  2.9283012862E+00  2.4148782973E+01
  2.9351856034E+00  2.4103585011E+01
  2.9420699207E+00  2.4056483177E+01
  2.9489542379E+00  2.4007583347E+01
  2.9558385552E+00  2.3956995615E+01
  2.9627228724E+00  2.3904834211E+01
  2.9696071896E+00  2.3851217424E+01
  2.9764915069E+00  2.3796267563E+01
  2.9833758241E+00  2.3740110935E+01
  2.9902601414E+00  2.3682877851E+01
  2.9971444586E+00  2.3624702655E+01
  3.0040287759E+00  2.3565723785E+01
  3.0109130931E+00  2.3506083846E+01
  3.0177974104E+00  2.3445929721E+01
  3.0246817276E+00  2.3385412687E+01
  3.0315660449E+00  2.3324688558E+01
  3.0384503621E+00  2.3263917840E+01
  3.0453346794E+00  2.3203265889E+01
  3.0522189966E+00  2.3142903080E+01
  3.0591033139E+00  2.3083004964E+01
  3.0659876311E+00  2.3023752412E+01
  3.0728719484E+00  2.2965331743E+01
  3.0797562656E+00  2.2907934804E+01
  3.0866405829E+00  2.2851759011E+01
  3.0935249001E+00  2.2797007313E+01
  3.1004092174E+00  2.2743888087E+01
  3.1072935346E+00  2.2692614915E+01
  3.1141778518E+00  2.2643406246E+01
  3.1210621691E+00  2.2596484907E+01
  3.1279464863E+00  2.2552077445E+01
  3.1348308036E+00  2.2510413274E+01
  3.1417151208E+00  2.2471723610E+01
  3.1485994381E+00  2.2436240172E+01
  3.1554837553E+00  2.2404193638E+01
  3.1623680726E+00  2.2375811840E+01
  3.1692523898E+00  2.2351317719E+01
  3.1761367071E+00  2.2330927030E+01
  3.1830210243E+00  2.2314845844E+01
  3.1899053416E+00  2.2303267872E+01
  3.1967896588E+00  2.2296371676E+01
  3.2036739761E+00  2.2294317838E+01
  3.2105582933E+00  2.2297246165E+01
  3.2174426106E+00  2.2305273034E+01
  3.2243269278E+00  2.2318488969E+01
  3.2312112451E+00  2.2336956556E+01
  3.2380955623E+00  2.2360708783E+01
  3.2449798795E+00  2.2389747890E+01
  3.2518641968E+00  2.2424044793E+01
  3.2587485140E+00  2.2463539096E+01
  3.2656328313E+00  2.2508139731E+01
  3.2725171485E+00  2.2557726172E+01
  3.2794014658E+00  2.2612150195E+01
  3.2862857830E+00  2.2671238101E+01
  3.2931701003E+00  2.2734793324E+01
  3.3000544175E+00  2.2802599309E+01
  3.3069387348E+00  2.2874422562E+01
  3.3138230520E+00  2.2950015780E+01
  3.3207073693E+00  2.3029120949E+01
  3.3275916865E+00  2.3111472340E+01
  3.3344760038E+00  2.3196799339E+01
  3.3413603210E+00  2.3284829048E+01
  3.3482446383E+00  2.3375288639E+01
  3.3551289555E+00  2.3467907427E+01
  3.3620132728E+00  2.3562418667E+01
  3.3688975900E+00  2.3658561067E+01
  3.3757819072E+00  2.3756080044E+01
  3.3826662245E+00  2.3854728729E+01
  3.3895505417E+00  2.3954268748E+01
  3.3964348590E+00  2.4054470809E+01
  3.4033191762E+00  2.4155115107E+01
  3.4102034935E+00  2.4255991590E+01
  3.4170878107E+00  2.4356900084E+01
  3.4239721280E+00  2.4457650334E+01
  3.4308564452E+00  2.4558061941E+01
  3.4377407625E+00  2.4657964245E+01
  3.4446250797E+00  2.4757196152E+01
  3.4515093970E+00  2.4855605920E+01
  3.4583937142E+00  2.4953050920E+01
  3.4652780315E+00  2.5049397377E+01
  3.4721623487E+00  2.5144520099E+01
  3.4790466660E+00  2.5238302199E+01
  3.4859309832E+00  2.5330634824E+01
  3.4928153005E+00  2.5421416873E+01
  3.4928153005E+00  2.5421416873E+01
  3.5024699142E+00  2.5419981460E+01
  3.5121245279E+00  2.5415682530E+01
  3.5217791417E+00  2.5408542090E+01
  3.5314337554E+00  2.5398597095E+01
  3.5410883692E+00  2.5385899868E+01
  3.5507429829E+00  2.5370518698E+01
  3.5603975967E+00  2.5352538628E+01
  3.5700522104E+00  2.5332062441E+01
  3.5797068242E+00  2.5309211873E+01
  3.5893614379E+00  2.5284129052E+01
  3.5990160517E+00  2.5256978207E+01
  3.6086706654E+00  2.5227947643E+01
  3.6183252792E+00  2.5197252035E+01
  3.6279798929E+00  2.5165135030E+01
  3.6376345066E+00  2.5131872191E+01
  3.6472891204E+00  2.5097774274E+01
  3.6569437341E+00  2.5063190828E+01
  3.6665983479E+00  2.5028514062E+01
  3.6762529616E+00  2.4994182891E+01
  3.6859075754E+00  2.4960687000E+01
  3.6955621891E+00  2.4928570676E+01
  3.7052168029E+00  2.4898436039E+01
  3.7148714166E+00  2.4870945144E+01
  3.7245260304E+00  2.4846820270E+01
  3.7341806441E+00  2.4826841491E+01
  3.7438352579E+00  2.4811840483E+01
  3.7534898716E+00  2.4802689439E+01
  3.7631444853E+00  2.4800284006E+01
  3.7727990991E+00  2.4805519551E+01
  3.7824537128E+00  2.4819260666E+01
  3.7921083266E+00  2.4842304938E+01
  3.8017629403E+00  2.4875343244E+01
  3.8114175541E+00  2.4918920173E+01
  3.8210721678E+00  2.4973399071E+01
  3.8307267816E+00  2.5038936312E+01
  3.8403813953E+00  2.5115468450E+01
  3.8500360091E+00  2.5202714042E+01
  3.8596906228E+00  2.5300189578E+01
  3.8693452366E+00  2.5407236796E+01
  3.8789998503E+00  2.5523057259E+01
  3.8886544640E+00  2.5646749702E+01
  3.8983090778E+00  2.5777346181E+01
  3.9079636915E+00  2.5913844177E+01
  3.9176183053E+00  2.6055233059E+01
  3.9272729190E+00  2.6200514458E+01
  3.9369275328E+00  2.6348716869E+01
  3.9465821465E+00  2.6498905321E+01
  3.9562367603E+00  2.6650187106E+01
  3.9658913740E+00  2.6801714582E+01
  3.9755459878E+00  2.6952685946E+01
  3.9852006015E+00  2.7102344717E+01
  3.9948552153E+00  2.7249978504E+01
  4.0045098290E+00  2.7394917476E+01
  4.0141644427E+00  2.7536532853E+01
  4.0238190565E+00  2.7674235592E+01
  4.0334736702E+00  2.7807475412E+01
  4.0431282840E+00  2.7935740213E+01
  4.0527828977E+00  2.8058555911E+01
  4.0624375115E+00  2.8175486693E+01
  4.0720921252E+00  2.8286135637E+01
  4.0817467390E+00  2.8390145671E+01
  4.0914013527E+00  2.8487200791E+01
  4.1010559665E+00  2.8577027469E+01
  4.1107105802E+00  2.8659396179E+01
  4.1203651940E+00  2.8734122943E+01
  4.1300198077E+00  2.8801070834E+01
  4.1396744214E+00  2.8860151339E+01
  4.1493290352E+00  2.8911325513E+01
  4.1589836489E+00  2.8954604869E+01
  4.1686382627E+00  2.8990051932E+01
  4.1782928764E+00  2.9017780432E+01
  4.1879474902E+00  2.9037955099E+01
  4.1976021039E+00  2.9050791059E+01
  4.2072567177E+00  2.9056552821E+01
  4.2169113314E+00  2.9055552873E+01
  4.2265659452E+00  2.9048149910E+01
  4.2362205589E+00  2.9034746717E+01
  4.2458751727E+00  2.9015787736E+01
  4.2555297864E+00  2.8991756338E+01
  4.2651844001E+00  2.8963171817E+01
  4.2748390139E+00  2.8930586114E+01
  4.2844936276E+00  2.8894580252E+01
  4.2941482414E+00  2.8855760480E+01
  4.3038028551E+00  2.8814754054E+01
  4.3134574689E+00  2.8772204639E+01
  4.3231120826E+00  2.8728767244E+01
  4.3327666964E+00  2.8685102644E+01
  4.3424213101E+00  2.8641871226E+01
  4.3520759239E+00  2.8599726211E+01
  4.3617305376E+00  2.8559306258E+01
  4.3713851514E+00  2.8521227463E+01
  4.3810397651E+00  2.8486074852E+01
  4.3906943788E+00  2.8454393505E+01
  4.4003489926E+00  2.8426679530E+01
  4.4100036063E+00  2.8403371176E+01
  4.4196582201E+00  2.8384840406E+01
  4.4293128338E+00  2.8371385307E+01
  4.4389674476E+00  2.8363223703E+01
  4.4486220613E+00  2.8360488308E+01

  0.0000000000E+00  2.7075902879E+01
  9.6546137462E-03  2.7074886733E+01
  1.9309227492E-02  2.7071836762E+01
  2.8963841239E-02  2.7066748384E+01
  3.8618454985E-02  2.7059614002E+01
  4.8273068731E-02  2.7050423064E+01
  5.7927682477E-02  2.7039162150E+01
  6.7582296223E-02  2.7025815079E+01
  7.7236909970E-02  2.7010363044E+01
  8.6891523716E-02  2.6992784771E+01
  9.6546137462E-02  2.6973056703E+01
  1.0620075121E-01  2.6951153208E+01
  1.1585536495E-01  2.6927046813E+01
  1.2550997870E-01  2.6900708463E+01
  1.3516459245E-01  2.6872107808E+01
  1.4481920619E-01  2.6841213507E+01
  1.5447381994E-01  2.6807993567E+01
  1.6412843369E-01  2.6772415694E+01
  1.7378304743E-01  2.6734447683E+01
  1.8343766118E-01  2.6694057811E+01
  1.9309227492E-01  2.6651215269E+01
  2.0274688867E-01  2.6605890601E+01
  2.1240150242E-01  2.6558056167E+01
  2.2205611616E-01  2.6507686621E+01
  2.3171072991E-01  2.6454759398E+01
  2.4136534365E-01  2.6399255220E+01
  2.5101995740E-01  2.6341158598E+01
  2.6067457115E-01  2.6280458350E+01
  2.7032918489E-01  2.6217148110E+01
  2.7998379864E-01  2.6151226836E+01
  2.8963841239E-01  2.6082699319E+01
  2.9929302613E-01  2.6011576661E+01
  3.0894763988E-01  2.6001261978E+01
  3.1860225362E-01  2.6237733752E+01
  3.2825686737E-01  2.6473197828E+01
  3.3791148112E-01  2.6707122100E+01
  3.4756609486E-01  2.6938973102E+01
  3.5722070861E-01  2.7168215979E+01
  3.6687532236E-01  2.7394314565E+01
  3.7652993610E-01  2.7616731608E+01
  3.8618454985E-01  2.7834929174E+01
  3.9583916359E-01  2.8048369261E+01
  4.0549377734E-01  2.8256514643E+01
  4.1514839109E-01  2.8458829992E+01
  4.2480300483E-01  2.8654783294E+01
  4.3445761858E-01  2.8843847579E+01
  4.4411223232E-01  2.9025503000E+01
  4.5376684607E-01  2.9199239256E+01
  4.6342145982E-01  2.9364558363E+01
  4.7307607356E-01  2.9520977762E+01
  4.8273068731E-01  2.9668033737E+01
  4.9238530106E-01  2.9805285091E+01
  5.0203991480E-01  2.9932317023E+01
  5.1169452855E-01  3.0048745122E+01
  5.2134914229E-01  3.0154219372E+01
  5.3100375604E-01  3.0248428068E+01
  5.4065836979E-01  3.0331101503E+01
  5.5031298353E-01  3.0402015305E+01
  5.5996759728E-01  3.0460993300E+01
  5.6962221103E-01  3.0507909776E+01
  5.7927682477E-01  3.0542691054E+01
  5.8893143852E-01  3.0565316296E+01
  5.9858605226E-01  3.0575817502E+01
  6.0824066601E-01  3.0574278680E+01
  6.1789527976E-01  3.0560834234E+01
  6.2754989350E-01  3.0535666610E+01
  6.3720450725E-01  3.0499003295E+01
  6.4685912099E-01  3.0451113285E+01
  6.5651373474E-01  3.0392303135E+01
  6.6616834849E-01  3.0322912741E+01
  6.7582296223E-01  3.0243310975E+01
  6.8547757598E-01  3.0153891305E+01
  6.9513218973E-01  3.0055067516E+01
  7.0478680347E-01  2.9947269622E+01
  7.1444141722E-01  2.9830940059E+01
  7.2409603096E-01  2.9706530205E+01
  7.3375064471E-01  2.9574497285E+01
  7.4340525846E-01  2.9435301665E+01
  7.5305987220E-01  2.9289404560E+01
  7.6271448595E-01  2.9137266154E+01
  7.7236909970E-01  2.8979344098E+01
  7.8202371344E-01  2.8816092396E+01
  7.9167832719E-01  2.8647960639E+01
  8.0133294093E-01  2.8475393560E+01
  8.1098755468E-01  2.8298830895E+01
  8.2064216843E-01  2.8118707512E+01
  8.3029678217E-01  2.7935453799E+01
  8.3995139592E-01  2.7749496270E+01
  8.4960600966E-01  2.7561258390E+01
  8.5926062341E-01  2.7371161588E+01
  8.6891523716E-01  2.7179626442E+01
  8.7856985090E-01  2.6987074042E+01
  8.8822446465E-01  2.6793927480E+01
  8.9787907840E-01  2.6600613495E+01
  9.0753369214E-01  2.6407564212E+01
  9.1718830589E-01  2.6215218983E+01
  9.2684291963E-01  2.6024026270E+01
  9.3649753338E-01  2.5834445532E+01
  9.4615214713E-01  2.5646949049E+01
  9.5580676087E-01  2.5462023579E+01
  9.5580676087E-01  2.5462023579E+01
  9.6269107812E-01  2.5464032300E+01
  9.6957539537E-01  2.5470039179E+01
  9.7645971262E-01  2.5479987101E+01
  9.8334402986E-01  2.5493783273E+01
  9.9022834711E-01  2.5511302599E+01
  9.9711266436E-01  2.5532391997E+01
  1.0039969816E+00  2.5556875324E+01
  1.0108812989E+00  2.5584558572E+01
  1.0177656161E+00  2.5615235010E+01
  1.0246499333E+00  2.5648690030E+01
  1.0315342506E+00  2.5684705492E+01
  1.0384185678E+00  2.5723063469E+01
  1.0453028851E+00  2.5763549341E+01
  1.0521872023E+00  2.5805954232E+01
  1.0590715196E+00  2.5850076841E+01
  1.0659558368E+00  2.5895724738E+01
  1.0728401541E+00  2.5942715189E+01
  1.0797244713E+00  2.5990875603E+01
  1.0866087886E+00  2.6040043675E+01
  1.0934931058E+00  2.6090067300E+01
  1.1003774231E+00  2.6140804307E+01
  1.1072617403E+00  2.6192122077E+01
  1.1141460576E+00  2.6243897086E+01
  1.1210303748E+00  2.6296014393E+01
  1.1279146921E+00  2.6348367114E+01
  1.1347990093E+00  2.6400855889E+01
  1.1416833266E+00  2.6453388364E+01
  1.1485676438E+00  2.6505878690E+01
  1.1554519610E+00  2.6558247058E+01
  1.1623362783E+00  2.6610419249E+01
  1.1692205955E+00  2.6662326235E+01
  1.1761049128E+00  2.6713903798E+01
  1.1829892300E+00  2.6765092190E+01
  1.1898735473E+00  2.6815835825E+01
  1.1967578645E+00  2.6866082993E+01
  1.2036421818E+00  2.6915785609E+01
  1.2105264990E+00  2.6964898988E+01
  1.2174108163E+00  2.7013381635E+01
  1.2242951335E+00  2.7061195068E+01
  1.2311794508E+00  2.7108303653E+01
  1.2380637680E+00  2.7154674455E+01
  1.2449480853E+00  2.7200277113E+01
  1.2518324025E+00  2.7245083718E+01
  1.2587167198E+00  2.7289068711E+01
  1.2656010370E+00  2.7332208786E+01
  1.2724853543E+00  2.7374482809E+01
  1.2793696715E+00  2.7415871734E+01
  1.2862539887E+00  2.7456358539E+01
  1.2931383060E+00  2.7495928152E+01
  1.3000226232E+00  2.7534567398E+01
  1.3069069405E+00  2.7572264935E+01
  1.3137912577E+00  2.7609011203E+01
  1.3206755750E+00  2.7644798367E+01
  1.3275598922E+00  2.7679620269E+01
  1.3344442095E+00  2.7713472374E+01
  1.3413285267E+00  2.7746351722E+01
  1.3482128440E+00  2.7778256874E+01
  1.3550971612E+00  2.7809187860E+01
  1.3619814785E+00  2.7839146131E+01
  1.3688657957E+00  2.7868134500E+01
  1.3757501130E+00  2.7896157085E+01
  1.3826344302E+00  2.7923219258E+01
  1.3895187475E+00  2.7949327580E+01
  1.3964030647E+00  2.7974489741E+01
  1.4032873820E+00  2.7998714499E+01
  1.4101716992E+00  2.8022011609E+01
  1.4170560164E+00  2.8044391762E+01
  1.4239403337E+00  2.8065866508E+01
  1.4308246509E+00  2.8086448190E+01
  1.4377089682E+00  2.8106149867E+01
  1.4445932854E+00  2.8124985240E+01
  1.4514776027E+00  2.8142968574E+01
  1.4583619199E+00  2.8160114617E+01
  1.4652462372E+00  2.8176438526E+01
  1.4721305544E+00  2.8191955780E+01
  1.4790148717E+00  2.8206682103E+01
  1.4858991889E+00  2.8220633379E+01
  1.4927835062E+00  2.8233825569E+01
  1.4996678234E+00  2.8246274634E+01
  1.5065521407E+00  2.8257996446E+01
  1.5134364579E+00  2.8269006714E+01
  1.5203207752E+00  2.8279320897E+01
  1.5272050924E+00  2.8288954133E+01
  1.5340894097E+00  2.8297921157E+01
  1.5409737269E+00  2.8306236228E+01
  1.5478580441E+00  2.8313913058E+01
  1.5547423614E+00  2.8320964739E+01
  1.5616266786E+00  2.8327403682E+01
  1.5685109959E+00  2.8333241551E+01
  1.5753953131E+00  2.8338489203E+01
  1.5822796304E+00  2.8343156637E+01
  1.5891639476E+00  2.8347252939E+01
  1.5960482649E+00  2.8350786238E+01
  1.6029325821E+00  2.8353763666E+01
  1.6098168994E+00  2.8356191318E+01
  1.6167012166E+00  2.8358074226E+01
  1.6235855339E+00  2.8359416329E+01
  1.6304698511E+00  2.8360220455E+01
  1.6373541684E+00  2.8360488308E+01
  1.6373541684E+00  2.8360488308E+01
  1.6492118828E+00  2.8364176441E+01
  1.6610695971E+00  2.8375189927E+01
  1.6729273115E+00  2.8393377537E+01
  1.6847850259E+00  2.8418492182E+01
  1.6966427403E+00  2.8450197937E+01
  1.7085004547E+00  2.8488079162E+01
  1.7203581691E+00  2.8531651078E+01
  1.7322158835E+00  2.8580371169E+01
  1.7440735979E+00  2.8633650785E+01
  1.7559313123E+00  2.8690866426E+01
  1.7677890267E+00  2.8751370299E+01
  1.7796467410E+00  2.8814499870E+01
  1.7915044554E+00  2.8879586242E+01
  1.8033621698E+00  2.8945961338E+01
  1.8152198842E+00  2.9012963904E+01
  1.8270775986E+00  2.9079944427E+01
  1.8389353130E+00  2.9146269118E+01
  1.8507930274E+00  2.9211323087E+01
  1.8626507418E+00  2.9274512863E+01
  1.8745084562E+00  2.9335268403E+01
  1.8863661706E+00  2.9393044713E+01
  1.8982238849E+00  2.9447323169E+01
  1.9100815993E+00  2.9497612643E+01
  1.9219393137E+00  2.9543450469E+01
  1.9337970281E+00  2.9584403313E+01
  1.9456547425E+00  2.9620067955E+01
  1.9575124569E+00  2.9650072000E+01
  1.9693701713E+00  2.9674074517E+01
  1.9812278857E+00  2.9691766590E+01
  1.9930856001E+00  2.9702871762E+01
  2.0049433145E+00  2.9707146364E+01
  2.0168010288E+00  2.9704379683E+01
  2.0286587432E+00  2.9694393983E+01
  2.0405164576E+00  2.9677044318E+01
  2.0523741720E+00  2.9652218166E+01
  2.0642318864E+00  2.9619834849E+01
  2.0760896008E+00  2.9579844752E+01
  2.0879473152E+00  2.9532228343E+01
  2.0998050296E+00  2.9476995017E+01
  2.1116627440E+00  2.9414181773E+01
  2.1235204583E+00  2.9343851760E+01
  2.1353781727E+00  2.9266092726E+01
  2.1472358871E+00  2.9181015401E+01
  2.1590936015E+00  2.9088751855E+01
  2.1709513159E+00  2.8989453888E+01
  2.1828090303E+00  2.8883291468E+01
  2.1946667447E+00  2.8770451305E+01
  2.2065244591E+00  2.8651135578E+01
  2.2183821735E+00  2.8525560900E+01
  2.2302398879E+00  2.8393957585E+01
  2.2420976022E+00  2.8256569318E+01
  2.2539553166E+00  2.8113653360E+01
  2.2658130310E+00  2.7965481495E+01
  2.2776707454E+00  2.7812342033E+01
  2.2895284598E+00  2.7654543413E+01
  2.3013861742E+00  2.7492420301E+01
  2.3132438886E+00  2.7326343851E+01
  2.3251016030E+00  2.7156739254E+01
  2.3369593174E+00  2.6984116792E+01
  2.3488170318E+00  2.6809129653E+01
  2.3606747461E+00  2.6632688613E+01
  2.3725324605E+00  2.6456208070E+01
  2.3843901749E+00  2.6282184427E+01
  2.3962478893E+00  2.6115689586E+01
  2.4081056037E+00  2.5968368373E+01
  2.4199633181E+00  2.5866031698E+01
  2.4318210325E+00  2.5839231495E+01
  2.4436787469E+00  2.5877515938E+01
  2.4555364613E+00  2.5946425782E+01
  2.4673941757E+00  2.6025906070E+01
  2.4792518900E+00  2.6107649780E+01
  2.4911096044E+00  2.6188142526E+01
  2.5029673188E+00  2.6265771313E+01
  2.5148250332E+00  2.6339753908E+01
  2.5266827476E+00  2.6409711486E+01
  2.5385404620E+00  2.6475480210E+01
  2.5503981764E+00  2.6537020084E+01
  2.5622558908E+00  2.6594367064E+01
  2.5741136052E+00  2.6647605950E+01
  2.5859713196E+00  2.6696853942E+01
  2.5978290339E+00  2.6742249989E+01
  2.6096867483E+00  2.6783947458E+01
  2.6215444627E+00  2.6822108786E+01
  2.6334021771E+00  2.6856901379E+01
  2.6452598915E+00  2.6888494334E+01
  2.6571176059E+00  2.6917055730E+01
  2.6689753203E+00  2.6942750320E+01
  2.6808330347E+00  2.6965737552E+01
  2.6926907491E+00  2.6986169827E+01
  2.7045484635E+00  2.7004190980E+01
  2.7164061778E+00  2.7019934928E+01
  2.7282638922E+00  2.7033524499E+01
  2.7401216066E+00  2.7045070396E+01
  2.7519793210E+00  2.7054670307E+01
  2.7638370354E+00  2.7062408147E+01
  2.7756947498E+00  2.7068353424E+01
  2.7875524642E+00  2.7072560724E+01
  2.7994101786E+00  2.7075069318E+01
  2.8112678930E+00  2.7075902879E+01
  2.8112678930E+00  2.7075902879E+01
  2.8181522102E+00  2.7076085992E+01
  2.8250365275E+00  2.7076635279E+01
  2.8319208447E+00  2.7077550580E+01
  2.8388051619E+00  2.7078831611E+01
  2.8456894792E+00  2.7080477941E+01
  2.8525737964E+00  2.7082488959E+01
  2.8594581137E+00  2.7084863830E+01
  2.8663424309E+00  2.7087601445E+01
  2.8732267482E+00  2.7090700363E+01
  2.8801110654E+00  2.7094158744E+01
  2.8869953827E+00  2.7097974277E+01
  2.8938796999E+00  2.7102144098E+01
  2.9007640172E+00  2.7106664713E+01
  2.9076483344E+00  2.7111531904E+01
  2.9145326517E+00  2.7116740641E+01
  2.9214169689E+00  2.7122284986E+01
  2.9283012862E+00  2.7128158004E+01
  2.9351856034E+00  2.7134351659E+01
  2.9420699207E+00  2.7140856729E+01
  2.9489542379E+00  2.7147662704E+01
  2.9558385552E+00  2.7154757702E+01
  2.9627228724E+00  2.7162128378E+01
  2.9696071896E+00  2.7169759841E+01
  2.9764915069E+00  2.7177635578E+01
  2.9833758241E+00  2.7185737379E+01
  2.9902601414E+00  2.7194045272E+01
  2.9971444586E+00  2.7202537462E+01
  3.0040287759E+00  2.7211190285E+01
  3.0109130931E+00  2.7219978157E+01
  3.0177974104E+00  2.7228873547E+01
  3.0246817276E+00  2.7237846943E+01
  3.0315660449E+00  2.7246866844E+01
  3.0384503621E+00  2.7255899745E+01
  3.0453346794E+00  2.7264910142E+01
  3.0522189966E+00  2.7273860546E+01
  3.0591033139E+00  2.7282711499E+01
  3.0659876311E+00  2.7291421610E+01
  3.0728719484E+00  2.7299947590E+01
  3.0797562656E+00  2.7308244303E+01
  3.0866405829E+00  2.7316264823E+01
  3.0935249001E+00  2.7323960505E+01
  3.1004092174E+00  2.7331281051E+01
  3.1072935346E+00  2.7338174600E+01
  3.1141778518E+00  2.7344587815E+01
  3.1210621691E+00  2.7350465980E+01
  3.1279464863E+00  2.7355753106E+01
  3.1348308036E+00  2.7360392038E+01
  3.1417151208E+00  2.7364324576E+01
  3.1485994381E+00  2.7367491590E+01
  3.1554837553E+00  2.7369833151E+01
  3.1623680726E+00  2.7371288659E+01
  3.1692523898E+00  2.7371796981E+01
  3.1761367071E+00  2.7371296584E+01
  3.1830210243E+00  2.7369725680E+01
  3.1899053416E+00  2.7367022370E+01
  3.1967896588E+00  2.7363124787E+01
  3.2036739761E+00  2.7357971247E+01
  3.2105582933E+00  2.7351500396E+01
  3.2174426106E+00  2.7343651364E+01
  3.2243269278E+00  2.7334363913E+01
  3.2312112451E+00  2.7323578588E+01
  3.2380955623E+00  2.7311236874E+01
  3.2449798795E+00  2.7297281342E+01
  3.2518641968E+00  2.7281655804E+01
  3.2587485140E+00  2.7264305466E+01
  3.2656328313E+00  2.7245177070E+01
  3.2725171485E+00  2.7224219053E+01
  3.2794014658E+00  2.7201381690E+01
  3.2862857830E+00  2.7176617241E+01
  3.2931701003E+00  2.7149880098E+01
  3.3000544175E+00  2.7121126930E+01
  3.3069387348E+00  2.7090316826E+01
  3.3138230520E+00  2.7057411434E+01
  3.3207073693E+00  2.7022375106E+01
  3.3275916865E+00  2.6985175035E+01
  3.3344760038E+00  2.6945781392E+01
  3.3413603210E+00  2.6904167467E+01
  3.3482446383E+00  2.6860309802E+01
  3.3551289555E+00  2.6814188329E+01
  3.3620132728E+00  2.6765786505E+01
  3.3688975900E+00  2.6715091450E+01
  3.3757819072E+00  2.6662094079E+01
  3.3826662245E+00  2.6606789245E+01
  3.3895505417E+00  2.6549175875E+01
  3.3964348590E+00  2.6489257107E+01
  3.4033191762E+00  2.6427040441E+01
  3.4102034935E+00  2.6362537875E+01
  3.4170878107E+00  2.6295766064E+01
  3.4239721280E+00  2.6226746466E+01
  3.4308564452E+00  2.6155505506E+01
  3.4377407625E+00  2.6082074736E+01
  3.4446250797E+00  2.6006491012E+01
  3.4515093970E+00  2.5928796663E+01
  3.4583937142E+00  2.5849039685E+01
  3.4652780315E+00  2.5767273930E+01
  3.4721623487E+00  2.5683559311E+01
  3.4790466660E+00  2.5597962018E+01
  3.4859309832E+00  2.5510554734E+01
  3.4928153005E+00  2.5421416873E+01
  3.4928153005E+00  2.5421416873E+01
  3.5024699142E+00  2.5419981460E+01
  3.5121245279E+00  2.5415682530E+01
  3.5217791417E+00  2.5408542090E+01
  3.5314337554E+00  2.5398597095E+01
  3.5410883692E+00  2.5385899868E+01
  3.5507429829E+00  2.5370518698E+01
  3.5603975967E+00  2.5352538628E+01
  3.5700522104E+00  2.5332062441E+01
  3.5797068242E+00  2.5309211873E+01
  3.5893614379E+00  2.5284129052E+01
  3.5990160517E+00  2.5256978207E+01
  3.6086706654E+00  2.5227947643E+01
  3.6183252792E+00  2.5197252035E+01
  3.6279798929E+00  2.5165135030E+01
  3.6376345066E+00  2.5131872191E+01
  3.6472891204E+00  2.5097774274E+01
  3.6569437341E+00  2.5063190828E+01
  3.6665983479E+00  2.5028514062E+01
  3.6762529616E+00  2.4994182891E+01
  3.6859075754E+00  2.4960687000E+01
  3.6955621891E+00  2.4928570676E+01
  3.7052168029E+00  2.4898436039E+01
  3.7148714166E+00  2.4870945144E+01
  3.7245260304E+00  2.4846820270E+01
  3.7341806441E+00  2.4826841491E+01
  3.7438352579E+00  2.4811840483E+01
  3.7534898716E+00  2.4802689439E+01
  3.7631444853E+00  2.4800284006E+01
  3.7727990991E+00  2.4805519551E+01
  3.7824537128E+00  2.4819260666E+01
  3.7921083266E+00  2.4842304938E+01
  3.8017629403E+00  2.4875343244E+01
  3.8114175541E+00  2.4918920173E+01
  3.8210721678E+00  2.4973399071E+01
  3.8307267816E+00  2.5038936312E+01
  3.8403813953E+00  2.5115468450E+01
  3.8500360091E+00  2.5202714042E+01
  3.8596906228E+00  2.5300189578E+01
  3.8693452366E+00  2.5407236796E+01
  3.8789998503E+00  2.5523057259E+01
  3.8886544640E+00  2.5646749702E+01
  3.8983090778E+00  2.5777346181E+01
  3.9079636915E+00  2.5913844177E+01
  3.9176183053E+00  2.6055233059E+01
  3.9272729190E+00  2.6200514458E+01
  3.9369275328E+00  2.6348716869E+01
  3.9465821465E+00  2.6498905321E+01
  3.9562367603E+00  2.6650187106E+01
  3.9658913740E+00  2.6801714582E+01
  3.9755459878E+00  2.6952685946E+01
  3.9852006015E+00  2.7102344717E+01
  3.9948552153E+00  2.7249978504E+01
  4.0045098290E+00  2.7394917476E+01
  4.0141644427E+00  2.7536532853E+01
  4.0238190565E+00  2.7674235592E+01
  4.0334736702E+00  2.7807475412E+01
  4.0431282840E+00  2.7935740213E+01
  4.0527828977E+00  2.8058555911E+01
  4.0624375115E+00  2.8175486693E+01
  4.0720921252E+00  2.8286135637E+01
  4.0817467390E+00  2.8390145671E+01
  4.0914013527E+00  2.8487200791E+01
  4.1010559665E+00  2.8577027469E+01
  4.1107105802E+00  2.8659396179E+01
  4.1203651940E+00  2.8734122943E+01
  4.1300198077E+00  2.8801070834E+01
  4.1396744214E+00  2.8860151339E+01
  4.1493290352E+00  2.8911325513E+01
  4.1589836489E+00  2.8954604869E+01
  4.1686382627E+00  2.8990051932E+01
  4.1782928764E+00  2.9017780432E+01
  4.1879474902E+00  2.9037955099E+01
  4.1976021039E+00  2.9050791059E+01
  4.2072567177E+00  2.9056552821E+01
  4.2169113314E+00  2.9055552873E+01
  4.2265659452E+00  2.9048149910E+01
  4.2362205589E+00  2.9034746717E+01
  4.2458751727E+00  2.9015787736E+01
  4.2555297864E+00  2.8991756338E+01
  4.2651844001E+00  2.8963171817E+01
  4.2748390139E+00  2.8930586114E+01
  4.2844936276E+00  2.8894580252E+01
  4.2941482414E+00  2.8855760480E+01
  4.3038028551E+00  2.8814754054E+01
  4.3134574689E+00  2.8772204639E+01
  4.3231120826E+00  2.8728767244E+01
  4.3327666964E+00  2.8685102644E+01
  4.3424213101E+00  2.8641871226E+01
  4.3520759239E+00  2.8599726211E+01
  4.3617305376E+00  2.8559306258E+01
  4.3713851514E+00  2.8521227463E+01
  4.3810397651E+00  2.8486074852E+01
  4.3906943788E+00  2.8454393505E+01
  4.4003489926E+00  2.8426679530E+01
  4.4100036063E+00  2.8403371176E+01
  4.4196582201E+00  2.8384840406E+01
  4.4293128338E+00  2.8371385307E+01
  4.4389674476E+00  2.8363223703E+01
  4.4486220613E+00  2.8360488308E+01

  0.0000000000E+00  4.2486800341E+01
  9.6546137462E-03  4.2486504885E+01
  1.9309227492E-02  4.2485618602E+01
  2.8963841239E-02  4.2484141755E+01
  3.8618454985E-02  4.2482074815E+01
  4.8273068731E-02  4.2479418506E+01
  5.7927682477E-02  4.2476173868E+01
  6.7582296223E-02  4.2472342342E+01
  7.7236909970E-02  4.2467925871E+01
  8.6891523716E-02  4.2462927025E+01
  9.6546137462E-02  4.2457349139E+01
  1.0620075121E-01  4.2451196477E+01
  1.1585536495E-01  4.2444474412E+01
  1.2550997870E-01  4.2437189631E+01
  1.3516459245E-01  4.2429350358E+01
  1.4481920619E-01  4.2420966598E+01
  1.5447381994E-01  4.2412050400E+01
  1.6412843369E-01  4.2402616149E+01
  1.7378304743E-01  4.2392680867E+01
  1.8343766118E-01  4.2382264542E+01
  1.9309227492E-01  4.2371390470E+01
  2.0274688867E-01  4.2360085619E+01
  2.1240150242E-01  4.2348381007E+01
  2.2205611616E-01  4.2336312089E+01
  2.3171072991E-01  4.2323919160E+01
  2.4136534365E-01  4.2311247764E+01
  2.5101995740E-01  4.2298349100E+01
  2.6067457115E-01  4.2285280434E+01
  2.7032918489E-01  4.2272105502E+01
  2.7998379864E-01  4.2258894891E+01
  2.8963841239E-01  4.2245726410E+01
  2.9929302613E-01  4.2232685427E+01
  3.0894763988E-01  4.2219865166E+01
  3.1860225362E-01  4.2207366958E+01
  3.2825686737E-01  4.2195300440E+01
  3.3791148112E-01  4.2183783670E+01
  3.4756609486E-01  4.2172943179E+01
  3.5722070861E-01  4.2162913913E+01
  3.6687532236E-01  4.2153839080E+01
  3.7652993610E-01  4.2145869871E+01
  3.8618454985E-01  4.2139165059E+01
  3.9583916359E-01  4.2133890445E+01
  4.0549377734E-01  4.2130218159E+01
  4.1514839109E-01  4.2128325796E+01
  4.2480300483E-01  4.2128395386E+01
  4.3445761858E-01  4.2130612191E+01
  4.4411223232E-01  4.2135163330E+01
  4.5376684607E-01  4.2142236238E+01
  4.6342145982E-01  4.2152016961E+01
  4.7307607356E-01  4.2164688310E+01
  4.8273068731E-01  4.2180427884E+01
  4.9238530106E-01  4.2199405996E+01
  5.0203991480E-01  4.2221783526E+01
  5.1169452855E-01  4.2247709737E+01
  5.2134914229E-01  4.2277320108E+01
  5.3100375604E-01  4.2310734211E+01
  5.4065836979E-01  4.2348053696E+01
  5.5031298353E-01  4.2389360420E+01
  5.5996759728E-01  4.2434714788E+01
  5.6962221103E-01  4.2484154327E+01
  5.7927682477E-01  4.2537692557E+01
  5.8893143852E-01  4.2595318182E+01
  5.9858605226E-01  4.2656994628E+01
  6.0824066601E-01  4.2722659950E+01
  6.1789527976E-01  4.2792227106E+01
  6.2754989350E-01  4.2865584606E+01
  6.3720450725E-01  4.2942597508E+01
  6.4685912099E-01  4.3023108737E+01
  6.5651373474E-01  4.3106940700E+01
  6.6616834849E-01  4.3193897155E+01
  6.7582296223E-01  4.3283765277E+01
  6.8547757598E-01  4.3376317886E+01
  6.9513218973E-01  4.3471315776E+01
  7.0478680347E-01  4.3568510106E+01
  7.1444141722E-01  4.3667644790E+01
  7.2409603096E-01  4.3768458865E+01
  7.3375064471E-01  4.3870688780E+01
  7.4340525846E-01  4.3974070588E+01
  7.5305987220E-01  4.4078341994E+01
  7.6271448595E-01  4.4183244272E+01
  7.7236909970E-01  4.4288523996E+01
  7.8202371344E-01  4.4393934611E+01
  7.9167832719E-01  4.4499237806E+01
  8.0133294093E-01  4.4604204725E+01
  8.1098755468E-01  4.4708616975E+01
  8.2064216843E-01  4.4812267477E+01
  8.3029678217E-01  4.4914961141E+01
  8.3995139592E-01  4.5016515381E+01
  8.4960600966E-01  4.5116760489E+01
  8.5926062341E-01  4.5215539860E+01
  8.6891523716E-01  4.5312710110E+01
  8.7856985090E-01  4.5408141060E+01
  8.8822446465E-01  4.5501715636E+01
  8.9787907840E-01  4.5593329676E+01
  9.0753369214E-01  4.5682891652E+01
  9.1718830589E-01  4.5770322341E+01
  9.2684291963E-01  4.5855554432E+01
  9.3649753338E-01  4.5938532092E+01
  9.4615214713E-01  4.6019210501E+01
  9.5580676087E-01  4.6097555361E+01
  9.5580676087E-01  4.6097555361E+01
  9.6269107812E-01  4.6097499356E+01
  9.6957539537E-01  4.6097331462E+01
  9.7645971262E-01  4.6097052042E+01
  9.8334402986E-01  4.6096661697E+01
  9.9022834711E-01  4.6096161270E+01
  9.9711266436E-01  4.6095551839E+01
  1.0039969816E+00  4.6094834713E+01
  1.0108812989E+00  4.6094011431E+01
  1.0177656161E+00  4.6093083758E+01
  1.0246499333E+00  4.6092053675E+01
  1.0315342506E+00  4.6090923376E+01
  1.0384185678E+00  4.6089695262E+01
  1.0453028851E+00  4.6088371930E+01
  1.0521872023E+00  4.6086956169E+01
  1.0590715196E+00  4.6085450946E+01
  1.0659558368E+00  4.6083859400E+01
  1.0728401541E+00  4.6082184830E+01
  1.0797244713E+00  4.6080430685E+01
  1.0866087886E+00  4.6078600549E+01
  1.0934931058E+00  4.6076698134E+01
  1.1003774231E+00  4.6074727262E+01
  1.1072617403E+00  4.6072691852E+01
  1.1141460576E+00  4.6070595910E+01
  1.1210303748E+00  4.6068443509E+01
  1.1279146921E+00  4.6066238777E+01
  1.1347990093E+00  4.6063985884E+01
  1.1416833266E+00  4.6061689019E+01
  1.1485676438E+00  4.6059352381E+01
  1.1554519610E+00  4.6056980162E+01
  1.1623362783E+00  4.6054576527E+01
  1.1692205955E+00  4.6052145604E+01
  1.1761049128E+00  4.6049691462E+01
  1.1829892300E+00  4.6047218100E+01
  1.1898735473E+00  4.6044729431E+01
  1.1967578645E+00  4.6042229267E+01
  1.2036421818E+00  4.6039721305E+01
  1.2105264990E+00  4.6037209112E+01
  1.2174108163E+00  4.6034696116E+01
  1.2242951335E+00  4.6032185592E+01
  1.2311794508E+00  4.6029680655E+01
  1.2380637680E+00  4.6027184246E+01
  1.2449480853E+00  4.6024699128E+01
  1.2518324025E+00  4.6022227877E+01
  1.2587167198E+00  4.6019772881E+01
  1.2656010370E+00  4.6017336332E+01
  1.2724853543E+00  4.6014920228E+01
  1.2793696715E+00  4.6012526372E+01
  1.2862539887E+00  4.6010156372E+01
  1.2931383060E+00  4.6007811649E+01
  1.3000226232E+00  4.6005493437E+01
  1.3069069405E+00  4.6003202796E+01
  1.3137912577E+00  4.6000940615E+01
  1.3206755750E+00  4.5998707627E+01
  1.3275598922E+00  4.5996504422E+01
  1.3344442095E+00  4.5994331454E+01
  1.3413285267E+00  4.5992189066E+01
  1.3482128440E+00  4.5990077496E+01
  1.3550971612E+00  4.5987996902E+01
  1.3619814785E+00  4.5985947378E+01
  1.3688657957E+00  4.5983928970E+01
  1.3757501130E+00  4.5981941701E+01
  1.3826344302E+00  4.5979985584E+01
  1.3895187475E+00  4.5978060644E+01
  1.3964030647E+00  4.5976166941E+01
  1.4032873820E+00  4.5974304580E+01
  1.4101716992E+00  4.5972473737E+01
  1.4170560164E+00  4.5970674668E+01
  1.4239403337E+00  4.5968907731E+01
  1.4308246509E+00  4.5967173394E+01
  1.4377089682E+00  4.5965472247E+01
  1.4445932854E+00  4.5963805015E+01
  1.4514776027E+00  4.5962172563E+01
  1.4583619199E+00  4.5960575899E+01
  1.4652462372E+00  4.5959016180E+01
  1.4721305544E+00  4.5957494711E+01
  1.4790148717E+00  4.5956012940E+01
  1.4858991889E+00  4.5954572455E+01
  1.4927835062E+00  4.5953174976E+01
  1.4996678234E+00  4.5951822345E+01
  1.5065521407E+00  4.5950516513E+01
  1.5134364579E+00  4.5949259524E+01
  1.5203207752E+00  4.5948053503E+01
  1.5272050924E+00  4.5946900632E+01
  1.5340894097E+00  4.5945803132E+01
  1.5409737269E+00  4.5944763246E+01
  1.5478580441E+00  4.5943783211E+01
  1.5547423614E+00  4.5942865238E+01
  1.5616266786E+00  4.5942011492E+01
  1.5685109959E+00  4.5941224064E+01
  1.5753953131E+00  4.5940504953E+01
  1.5822796304E+00  4.5939856040E+01
  1.5891639476E+00  4.5939279071E+01
  1.5960482649E+00  4.5938775639E+01
  1.6029325821E+00  4.5938347158E+01
  1.6098168994E+00  4.5937994858E+01
  1.6167012166E+00  4.5937719762E+01
  1.6235855339E+00  4.5937522678E+01
  1.6304698511E+00  4.5937404193E+01
  1.6373541684E+00  4.5937364658E+01
  1.6373541684E+00  4.5937364658E+01
  1.6492118828E+00  4.5934164938E+01
  1.6610695971E+00  4.5924614277E+01
  1.6729273115E+00  4.5908855533E+01
  1.6847850259E+00  4.5887118351E+01
  1.6966427403E+00  4.5859707729E+01
  1.7085004547E+00  4.5826990132E+01
  1.7203581691E+00  4.5789378700E+01
  1.7322158835E+00  4.5747318897E+01
  1.7440735979E+00  4.5701275549E+01
  1.7559313123E+00  4.5651721859E+01
  1.7677890267E+00  4.5599130562E+01
  1.7796467410E+00  4.5543967136E+01
  1.7915044554E+00  4.5486684799E+01
  1.8033621698E+00  4.5427720945E+01
  1.8152198842E+00  4.5367494684E+01
  1.8270775986E+00  4.5306405143E+01
  1.8389353130E+00  4.5244830295E+01
  1.8507930274E+00  4.5183126089E+01
  1.8626507418E+00  4.5121625754E+01
  1.8745084562E+00  4.5060639177E+01
  1.8863661706E+00  4.5000452296E+01
  1.8982238849E+00  4.4941326497E+01
  1.9100815993E+00  4.4883498016E+01
  1.9219393137E+00  4.4827177354E+01
  1.9337970281E+00  4.4772548752E+01
  1.9456547425E+00  4.4719769744E+01
  1.9575124569E+00  4.4668970846E+01
  1.9693701713E+00  4.4620255397E+01
  1.9812278857E+00  4.4573699594E+01
  1.9930856001E+00  4.4529352746E+01
  2.0049433145E+00  4.4487237763E+01
  2.0168010288E+00  4.4447351888E+01
  2.0286587432E+00  4.4409667674E+01
  2.0405164576E+00  4.4374134197E+01
  2.0523741720E+00  4.4340678494E+01
  2.0642318864E+00  4.4309207185E+01
  2.0760896008E+00  4.4279608284E+01
  2.0879473152E+00  4.4251753137E+01
  2.0998050296E+00  4.4225498471E+01
  2.1116627440E+00  4.4200688514E+01
  2.1235204583E+00  4.4177157160E+01
  2.1353781727E+00  4.4154730147E+01
  2.1472358871E+00  4.4133227211E+01
  2.1590936015E+00  4.4112464219E+01
  2.1709513159E+00  4.4092255227E+01
  2.1828090303E+00  4.4072414476E+01
  2.1946667447E+00  4.4052758302E+01
  2.2065244591E+00  4.4033106952E+01
  2.2183821735E+00  4.4013286291E+01
  2.2302398879E+00  4.3993129414E+01
  2.2420976022E+00  4.3972478139E+01
  2.2539553166E+00  4.3951184387E+01
  2.2658130310E+00  4.3929111440E+01
  2.2776707454E+00  4.3906135081E+01
  2.2895284598E+00  4.3882144594E+01
  2.3013861742E+00  4.3857043647E+01
  2.3132438886E+00  4.3830751017E+01
  2.3251016030E+00  4.3803201187E+01
  2.3369593174E+00  4.3774344780E+01
  2.3488170318E+00  4.3744148858E+01
  2.3606747461E+00  4.3712597050E+01
  2.3725324605E+00  4.3679689540E+01
  2.3843901749E+00  4.3645442896E+01
  2.3962478893E+00  4.3609889760E+01
  2.4081056037E+00  4.3573078391E+01
  2.4199633181E+00  4.3535072085E+01
  2.4318210325E+00  4.3495948477E+01
  2.4436787469E+00  4.3455798728E+01
  2.4555364613E+00  4.3414726636E+01
  2.4673941757E+00  4.3372847656E+01
  2.4792518900E+00  4.3330287864E+01
  2.4911096044E+00  4.3287182875E+01
  2.5029673188E+00  4.3243676718E+01
  2.5148250332E+00  4.3199920700E+01
  2.5266827476E+00  4.3156072247E+01
  2.5385404620E+00  4.3112293754E+01
  2.5503981764E+00  4.3068751432E+01
  2.5622558908E+00  4.3025614176E+01
  2.5741136052E+00  4.2983052448E+01
  2.5859713196E+00  4.2941237183E+01
  2.5978290339E+00  4.2900338721E+01
  2.6096867483E+00  4.2860525770E+01
  2.6215444627E+00  4.2821964394E+01
  2.6334021771E+00  4.2784817041E+01
  2.6452598915E+00  4.2749241600E+01
  2.6571176059E+00  4.2715390491E+01
  2.6689753203E+00  4.2683409799E+01
  2.6808330347E+00  4.2653438441E+01
  2.6926907491E+00  4.2625607380E+01
  2.7045484635E+00  4.2600038877E+01
  2.7164061778E+00  4.2576845796E+01
  2.7282638922E+00  4.2556130957E+01
  2.7401216066E+00  4.2537986546E+01
  2.7519793210E+00  4.2522493579E+01
  2.7638370354E+00  4.2509721431E+01
  2.7756947498E+00  4.2499727432E+01
  2.7875524642E+00  4.2492556527E+01
  2.7994101786E+00  4.2488241012E+01
  2.8112678930E+00  4.2486800341E+01
  2.8112678930E+00  4.2486800341E+01
  2.8181522102E+00  4.2488536774E+01
  2.8250365275E+00  4.2493743158E+01
  2.8319208447E+00  4.2502410762E+01
  2.8388051619E+00  4.2514525096E+01
  2.8456894792E+00  4.2530065988E+01
  2.8525737964E+00  4.2549007705E+01
  2.8594581137E+00  4.2571319098E+01
  2.8663424309E+00  4.2596963776E+01
  2.8732267482E+00  4.2625900308E+01
  2.8801110654E+00  4.2658082449E+01
  2.8869953827E+00  4.2693459383E+01
  2.8938796999E+00  4.2731975986E+01
  2.9007640172E+00  4.2773573109E+01
  2.9076483344E+00  4.2818187860E+01
  2.9145326517E+00  4.2865753908E+01
  2.9214169689E+00  4.2916201785E+01
  2.9283012862E+00  4.2969459190E+01
  2.9351856034E+00  4.3025451298E+01
  2.9420699207E+00  4.3084101062E+01
  2.9489542379E+00  4.3145329514E+01
  2.9558385552E+00  4.3209056053E+01
  2.9627228724E+00  4.3275198731E+01
  2.9696071896E+00  4.3343674523E+01
  2.9764915069E+00  4.3414399592E+01
  2.9833758241E+00  4.3487289533E+01
  2.9902601414E+00  4.3562259609E+01
  2.9971444586E+00  4.3639224974E+01
  3.0040287759E+00  4.3718100876E+01
  3.0109130931E+00  4.3798802851E+01
  3.0177974104E+00  4.3881246898E+01
  3.0246817276E+00  4.3965349642E+01
  3.0315660449E+00  4.4051028485E+01
  3.0384503621E+00  4.4138201735E+01
  3.0453346794E+00  4.4226788729E+01
  3.0522189966E+00  4.4316709944E+01
  3.0591033139E+00  4.4407887087E+01
  3.0659876311E+00  4.4500243182E+01
  3.0728719484E+00  4.4593702641E+01
  3.0797562656E+00  4.4688191328E+01
  3.0866405829E+00  4.4783636610E+01
  3.0935249001E+00  4.4879967400E+01
  3.1004092174E+00  4.4977114195E+01
  3.1072935346E+00  4.5075009098E+01
  3.1141778518E+00  4.5173585843E+01
  3.1210621691E+00  4.5272779807E+01
  3.1279464863E+00  4.5372528015E+01
  3.1348308036E+00  4.5472769149E+01
  3.1417151208E+00  4.5573443535E+01
  3.1485994381E+00  4.5674493147E+01
  3.1554837553E+00  4.5775861588E+01
  3.1623680726E+00  4.5877494078E+01
  3.1692523898E+00  4.5979337437E+01
  3.1761367071E+00  4.6081340065E+01
  3.1830210243E+00  4.6183451915E+01
  3.1899053416E+00  4.6285624473E+01
  3.1967896588E+00  4.6387810728E+01
  3.2036739761E+00  4.6489965146E+01
  3.2105582933E+00  4.6592043634E+01
  3.2174426106E+00  4.6694003519E+01
  3.2243269278E+00  4.6795803505E+01
  3.2312112451E+00  4.6897403649E+01
  3.2380955623E+00  4.6998765323E+01
  3.2449798795E+00  4.7099851182E+01
  3.2518641968E+00  4.7200625129E+01
  3.2587485140E+00  4.7301052280E+01
  3.2656328313E+00  4.7401098933E+01
  3.2725171485E+00  4.7500732530E+01
  3.2794014658E+00  4.7599921626E+01
  3.2862857830E+00  4.7698635852E+01
  3.2931701003E+00  4.7796845885E+01
  3.3000544175E+00  4.7894523412E+01
  3.3069387348E+00  4.7991641099E+01
  3.3138230520E+00  4.8088172558E+01
  3.3207073693E+00  4.8184092316E+01
  3.3275916865E+00  4.8279375786E+01
  3.3344760038E+00  4.8373999234E+01
  3.3413603210E+00  4.8467939751E+01
  3.3482446383E+00  4.8561175227E+01
  3.3551289555E+00  4.8653684319E+01
  3.3620132728E+00  4.8745446430E+01
  3.3688975900E+00  4.8836441679E+01
  3.3757819072E+00  4.8926650881E+01
  3.3826662245E+00  4.9016055518E+01
  3.3895505417E+00  4.9104637724E+01
  3.3964348590E+00  4.9192380260E+01
  3.4033191762E+00  4.9279266494E+01
  3.4102034935E+00  4.9365280385E+01
  3.4170878107E+00  4.9450406465E+01
  3.4239721280E+00  4.9534629824E+01
  3.4308564452E+00  4.9617936093E+01
  3.4377407625E+00  4.9700311434E+01
  3.4446250797E+00  4.9781742528E+01
  3.4515093970E+00  4.9862216562E+01
  3.4583937142E+00  4.9941721224E+01
  3.4652780315E+00  5.0020244690E+01
  3.4721623487E+00  5.0097775622E+01
  3.4790466660E+00  5.0174303159E+01
  3.4859309832E+00  5.0249816914E+01
  3.4928153005E+00  5.0324306969E+01
  3.4928153005E+00  5.0324306969E+01
  3.5024699142E+00  5.0320099619E+01
  3.5121245279E+00  5.0307783975E+01
  3.5217791417E+00  5.0288165615E+01
  3.5314337554E+00  5.0262294898E+01
  3.5410883692E+00  5.0231229890E+01
  3.5507429829E+00  5.0195900055E+01
  3.5603975967E+00  5.0157062642E+01
  3.5700522104E+00  5.0115311112E+01
  3.5797068242E+00  5.0071102798E+01
  3.5893614379E+00  5.0024788675E+01
  3.5990160517E+00  4.9976638773E+01
  3.6086706654E+00  4.9926861933E+01
  3.6183252792E+00  4.9875620497E+01
  3.6279798929E+00  4.9823041015E+01
  3.6376345066E+00  4.9769221981E+01
  3.6472891204E+00  4.9714239402E+01
  3.6569437341E+00  4.9658150816E+01
  3.6665983479E+00  4.9600998186E+01
  3.6762529616E+00  4.9542809988E+01
  3.6859075754E+00  4.9483602729E+01
  3.6955621891E+00  4.9423382061E+01
  3.7052168029E+00  4.9362143628E+01
  3.7148714166E+00  4.9299873731E+01
  3.7245260304E+00  4.9236549934E+01
  3.7341806441E+00  4.9172141654E+01
  3.7438352579E+00  4.9106610826E+01
  3.7534898716E+00  4.9039912721E+01
  3.7631444853E+00  4.8971996949E+01
  3.7727990991E+00  4.8902808752E+01
  3.7824537128E+00  4.8832290599E+01
  3.7921083266E+00  4.8760384145E+01
  3.8017629403E+00  4.8687032558E+01
  3.8114175541E+00  4.8612183215E+01
  3.8210721678E+00  4.8535790703E+01
  3.8307267816E+00  4.8457820069E+01
  3.8403813953E+00  4.8378250174E+01
  3.8500360091E+00  4.8297077012E+01
  3.8596906228E+00  4.8214316816E+01
  3.8693452366E+00  4.8130008775E+01
  3.8789998503E+00  4.8044217200E+01
  3.8886544640E+00  4.7957033001E+01
  3.8983090778E+00  4.7868574412E+01
  3.9079636915E+00  4.7778986925E+01
  3.9176183053E+00  4.7688442467E+01
  3.9272729190E+00  4.7597137926E+01
  3.9369275328E+00  4.7505293100E+01
  3.9465821465E+00  4.7413148239E+01
  3.9562367603E+00  4.7320961285E+01
  3.9658913740E+00  4.7229004946E+01
  3.9755459878E+00  4.7137563678E+01
  3.9852006015E+00  4.7046930666E+01
  3.9948552153E+00  4.6957404828E+01
  4.0045098290E+00  4.6869287881E+01
  4.0141644427E+00  4.6782881450E+01
  4.0238190565E+00  4.6698484235E+01
  4.0334736702E+00  4.6616389211E+01
  4.0431282840E+00  4.6536880848E+01
  4.0527828977E+00  4.6460232356E+01
  4.0624375115E+00  4.6386702932E+01
  4.0720921252E+00  4.6316535039E+01
  4.0817467390E+00  4.6249951729E+01
  4.0914013527E+00  4.6187154033E+01
  4.1010559665E+00  4.6128318469E+01
  4.1107105802E+00  4.6073594714E+01
  4.1203651940E+00  4.6023103487E+01
  4.1300198077E+00  4.5976934715E+01
  4.1396744214E+00  4.5935146026E+01
  4.1493290352E+00  4.5897761635E+01
  4.1589836489E+00  4.5864771667E+01
  4.1686382627E+00  4.5836131951E+01
  4.1782928764E+00  4.5811764319E+01
  4.1879474902E+00  4.5791557417E+01
  4.1976021039E+00  4.5775368015E+01
  4.2072567177E+00  4.5763022813E+01
  4.2169113314E+00  4.5754320694E+01
  4.2265659452E+00  4.5749035371E+01
  4.2362205589E+00  4.5746918390E+01
  4.2458751727E+00  4.5747702393E+01
  4.2555297864E+00  4.5751104590E+01
  4.2651844001E+00  4.5756830358E+01
  4.2748390139E+00  4.5764576883E+01
  4.2844936276E+00  4.5774036789E+01
  4.2941482414E+00  4.5784901683E+01
  4.3038028551E+00  4.5796865549E+01
  4.3134574689E+00  4.5809627952E+01
  4.3231120826E+00  4.5822897008E+01
  4.3327666964E+00  4.5836392079E+01
  4.3424213101E+00  4.5849846187E+01
  4.3520759239E+00  4.5863008122E+01
  4.3617305376E+00  4.5875644246E+01
  4.3713851514E+00  4.5887540007E+01
  4.3810397651E+00  4.5898501165E+01
  4.3906943788E+00  4.5908354767E+01
  4.4003489926E+00  4.5916949889E+01
  4.4100036063E+00  4.5924158186E+01
  4.4196582201E+00  4.5929874272E+01
  4.4293128338E+00  4.5934015985E+01
  4.4389674476E+00  4.5936524547E+01
  4.4486220613E+00  4.5937364658E+01

  0.0000000000E+00  4.9926722765E+01
  9.6546137462E-03  4.9925271678E+01
  1.9309227492E-02  4.9920923537E+01
  2.8963841239E-02  4.9913693671E+01
  3.8618454985E-02  4.9903607511E+01
  4.8273068731E-02  4.9890700426E+01
  5.7927682477E-02  4.9875017484E+01
  6.7582296223E-02  4.9856613167E+01
  7.7236909970E-02  4.9835551022E+01
  8.6891523716E-02  4.9811903271E+01
  9.6546137462E-02  4.9785750373E+01
  1.0620075121E-01  4.9757180557E+01
  1.1585536495E-01  4.9726289316E+01
  1.2550997870E-01  4.9693178882E+01
  1.3516459245E-01  4.9657957680E+01
  1.4481920619E-01  4.9620739761E+01
  1.5447381994E-01  4.9581644228E+01
  1.6412843369E-01  4.9540794645E+01
  1.7378304743E-01  4.9498318444E+01
  1.8343766118E-01  4.9454346322E+01
  1.9309227492E-01  4.9409011635E+01
  2.0274688867E-01  4.9362449784E+01
  2.1240150242E-01  4.9314797603E+01
  2.2205611616E-01  4.9266192741E+01
  2.3171072991E-01  4.9216773046E+01
  2.4136534365E-01  4.9166675946E+01
  2.5101995740E-01  4.9116037832E+01
  2.6067457115E-01  4.9064993451E+01
  2.7032918489E-01  4.9013675291E+01
  2.7998379864E-01  4.8962212988E+01
  2.8963841239E-01  4.8910732738E+01
  2.9929302613E-01  4.8859356716E+01
  3.0894763988E-01  4.8808202528E+01
  3.1860225362E-01  4.8757382666E+01
  3.2825686737E-01  4.8707004001E+01
  3.3791148112E-01  4.8657167297E+01
  3.4756609486E-01  4.8607966761E+01
  3.5722070861E-01  4.8559489623E+01
  3.6687532236E-01  4.8511815757E+01
  3.7652993610E-01  4.8465017350E+01
  3.8618454985E-01  4.8419158606E+01
  3.9583916359E-01  4.8374295503E+01
  4.0549377734E-01  4.8330475598E+01
  4.1514839109E-01  4.8287737880E+01
  4.2480300483E-01  4.8246112682E+01
  4.3445761858E-01  4.8205621632E+01
  4.4411223232E-01  4.8166277666E+01
  4.5376684607E-01  4.8128085093E+01
  4.6342145982E-01  4.8091039695E+01
  4.7307607356E-01  4.8047010040E+01
  4.8273068731E-01  4.7986591359E+01
  4.9238530106E-01  4.7931356353E+01
  5.0203991480E-01  4.7881607088E+01
  5.1169452855E-01  4.7837622921E+01
  5.2134914229E-01  4.7799656409E+01
  5.3100375604E-01  4.7767929326E+01
  5.4065836979E-01  4.7742628919E+01
  5.5031298353E-01  4.7723904521E+01
  5.5996759728E-01  4.7711864648E+01
  5.6962221103E-01  4.7706574716E+01
  5.7927682477E-01  4.7708055441E+01
  5.8893143852E-01  4.7697882646E+01
  5.9858605226E-01  4.7672295185E+01
  6.0824066601E-01  4.7646962317E+01
  6.1789527976E-01  4.7621787223E+01
  6.2754989350E-01  4.7596670921E+01
  6.3720450725E-01  4.7571512696E+01
  6.4685912099E-01  4.7546210504E+01
  6.5651373474E-01  4.7520661372E+01
  6.6616834849E-01  4.7494761770E+01
  6.7582296223E-01  4.7468407967E+01
  6.8547757598E-01  4.7441496374E+01
  6.9513218973E-01  4.7413923858E+01
  7.0478680347E-01  4.7385588039E+01
  7.1444141722E-01  4.7356387577E+01
  7.2409603096E-01  4.7326222431E+01
  7.3375064471E-01  4.7294994105E+01
  7.4340525846E-01  4.7262605885E+01
  7.5305987220E-01  4.7228963054E+01
  7.6271448595E-01  4.7193973110E+01
  7.7236909970E-01  4.7157545965E+01
  7.8202371344E-01  4.7119594146E+01
  7.9167832719E-01  4.7080032996E+01
  8.0133294093E-01  4.7038780871E+01
  8.1098755468E-01  4.6995759348E+01
  8.2064216843E-01  4.6950893439E+01
  8.3029678217E-01  4.6904111815E+01
  8.3995139592E-01  4.6855347045E+01
  8.4960600966E-01  4.6804535854E+01
  8.5926062341E-01  4.6751619397E+01
  8.6891523716E-01  4.6696543560E+01
  8.7856985090E-01  4.6639259273E+01
  8.8822446465E-01  4.6579722865E+01
  8.9787907840E-01  4.6517896426E+01
  9.0753369214E-01  4.6453748208E+01
  9.1718830589E-01  4.6387253044E+01
  9.2684291963E-01  4.6318392791E+01
  9.3649753338E-01  4.6247156797E+01
  9.4615214713E-01  4.6173542388E+01
  9.5580676087E-01  4.6097555361E+01
  9.5580676087E-01  4.6097555361E+01
  9.6269107812E-01  4.6097499356E+01
  9.6957539537E-01  4.6097331462E+01
  9.7645971262E-01  4.6097052042E+01
  9.8334402986E-01  4.6096661697E+01
  9.9022834711E-01  4.6096161270E+01
  9.9711266436E-01  4.6095551839E+01
  1.0039969816E+00  4.6094834713E+01
  1.0108812989E+00  4.6094011431E+01
  1.0177656161E+00  4.6093083758E+01
  1.0246499333E+00  4.6092053675E+01
  1.0315342506E+00  4.6090923376E+01
  1.0384185678E+00  4.6089695262E+01
  1.0453028851E+00  4.6088371930E+01
  1.0521872023E+00  4.6086956169E+01
  1.0590715196E+00  4.6085450946E+01
  1.0659558368E+00  4.6083859400E+01
  1.0728401541E+00  4.6082184830E+01
  1.0797244713E+00  4.6080430685E+01
  1.0866087886E+00  4.6078600549E+01
  1.0934931058E+00  4.6076698134E+01
  1.1003774231E+00  4.6074727262E+01
  1.1072617403E+00  4.6072691852E+01
  1.1141460576E+00  4.6070595910E+01
  1.1210303748E+00  4.6068443509E+01
  1.1279146921E+00  4.6066238777E+01
  1.1347990093E+00  4.6063985884E+01
  1.1416833266E+00  4.6061689019E+01
  1.1485676438E+00  4.6059352381E+01
  1.1554519610E+00  4.6056980162E+01
  1.1623362783E+00  4.6054576527E+01
  1.1692205955E+00  4.6052145604E+01
  1.1761049128E+00  4.6049691462E+01
  1.1829892300E+00  4.6047218100E+01
  1.1898735473E+00  4.6044729431E+01
  1.1967578645E+00  4.6042229267E+01
  1.2036421818E+00  4.6039721305E+01
  1.2105264990E+00  4.6037209112E+01
  1.2174108163E+00  4.6034696116E+01
  1.2242951335E+00  4.6032185592E+01
  1.2311794508E+00  4.6029680655E+01
  1.2380637680E+00  4.6027184246E+01
  1.2449480853E+00  4.6024699128E+01
  1.2518324025E+00  4.6022227877E+01
  1.2587167198E+00  4.6019772881E+01
  1.2656010370E+00  4.6017336332E+01
  1.2724853543E+00  4.6014920228E+01
  1.2793696715E+00  4.6012526372E+01
  1.2862539887E+00  4.6010156372E+01
  1.2931383060E+00  4.6007811649E+01
  1.3000226232E+00  4.6005493437E+01
  1.3069069405E+00  4.6003202796E+01
  1.3137912577E+00  4.6000940615E+01
  1.3206755750E+00  4.5998707627E+01
  1.3275598922E+00  4.5996504422E+01
  1.3344442095E+00  4.5994331454E+01
  1.3413285267E+00  4.5992189066E+01
  1.3482128440E+00  4.5990077496E+01
  1.3550971612E+00  4.5987996902E+01
  1.3619814785E+00  4.5985947378E+01
  1.3688657957E+00  4.5983928970E+01
  1.3757501130E+00  4.5981941701E+01
  1.3826344302E+00  4.5979985584E+01
  1.3895187475E+00  4.5978060644E+01
  1.3964030647E+00  4.5976166941E+01
  1.4032873820E+00  4.5974304580E+01
  1.4101716992E+00  4.5972473737E+01
  1.4170560164E+00  4.5970674668E+01
  1.4239403337E+00  4.5968907731E+01
  1.4308246509E+00  4.5967173394E+01
  1.4377089682E+00  4.5965472247E+01
  1.4445932854E+00  4.5963805015E+01
  1.4514776027E+00  4.5962172563E+01
  1.4583619199E+00  4.5960575899E+01
  1.4652462372E+00  4.5959016180E+01
  1.4721305544E+00  4.5957494711E+01
  1.4790148717E+00  4.5956012940E+01
  1.4858991889E+00  4.5954572455E+01
  1.4927835062E+00  4.5953174976E+01
  1.4996678234E+00  4.5951822345E+01
  1.5065521407E+00  4.5950516513E+01
  1.5134364579E+00  4.5949259524E+01
  1.5203207752E+00  4.5948053503E+01
  1.5272050924E+00  4.5946900632E+01
  1.5340894097E+00  4.5945803132E+01
  1.5409737269E+00  4.5944763246E+01
  1.5478580441E+00  4.5943783211E+01
  1.5547423614E+00  4.5942865238E+01
  1.5616266786E+00  4.5942011492E+01
  1.5685109959E+00  4.5941224064E+01
  1.5753953131E+00  4.5940504953E+01
  1.5822796304E+00  4.5939856040E+01
  1.5891639476E+00  4.5939279071E+01
  1.5960482649E+00  4.5938775639E+01
  1.6029325821E+00  4.5938347158E+01
  1.6098168994E+00  4.5937994858E+01
  1.6167012166E+00  4.5937719762E+01
  1.6235855339E+00  4.5937522678E+01
  1.6304698511E+00  4.5937404193E+01
  1.6373541684E+00  4.5937364658E+01
  1.6373541684E+00  4.5937364658E+01
  1.6492118828E+00  4.5938964953E+01
  1.6610695971E+00  4.5943761021E+01
  1.6729273115E+00  4.5951738441E+01
  1.6847850259E+00  4.5962873303E+01
  1.6966427403E+00  4.5977132376E+01
  1.7085004547E+00  4.5994473354E+01
  1.7203581691E+00  4.6014845157E+01
  1.7322158835E+00  4.6038188281E+01
  1.7440735979E+00  4.6064435203E+01
  1.7559313123E+00  4.6093510810E+01
  1.7677890267E+00  4.6125332863E+01
  1.7796467410E+00  4.6159812471E+01
  1.7915044554E+00  4.6196854564E+01
  1.8033621698E+00  4.6236358354E+01
  1.8152198842E+00  4.6278217769E+01
  1.8270775986E+00  4.6322321833E+01
  1.8389353130E+00  4.6368554984E+01
  1.8507930274E+00  4.6416797295E+01
  1.8626507418E+00  4.6466924572E+01
  1.8745084562E+00  4.6518808296E+01
  1.8863661706E+00  4.6572315359E+01
  1.8982238849E+00  4.6627307546E+01
  1.9100815993E+00  4.6683640681E+01
  1.9219393137E+00  4.6741163354E+01
  1.9337970281E+00  4.6799715125E+01
  1.9456547425E+00  4.6859124058E+01
  1.9575124569E+00  4.6919203461E+01
  1.9693701713E+00  4.6979747697E+01
  1.9812278857E+00  4.7040527031E+01
  1.9930856001E+00  4.7101281718E+01
  2.0049433145E+00  4.7161716028E+01
  2.0168010288E+00  4.7221493927E+01
  2.0286587432E+00  4.7280239746E+01
  2.0405164576E+00  4.7337549328E+01
  2.0523741720E+00  4.7393018650E+01
  2.0642318864E+00  4.7446294935E+01
  2.0760896008E+00  4.7497145980E+01
  2.0879473152E+00  4.7545527393E+01
  2.0998050296E+00  4.7591615684E+01
  2.1116627440E+00  4.7635784411E+01
  2.1235204583E+00  4.7678530374E+01
  2.1353781727E+00  4.7720382742E+01
  2.1472358871E+00  4.7761828536E+01
  2.1590936015E+00  4.7803269661E+01
  2.1709513159E+00  4.7845008869E+01
  2.1828090303E+00  4.7887254457E+01
  2.1946667447E+00  4.7930133973E+01
  2.2065244591E+00  4.7973710534E+01
  2.2183821735E+00  4.8017998410E+01
  2.2302398879E+00  4.8062976554E+01
  2.2420976022E+00  4.8108599756E+01
  2.2539553166E+00  4.8154807565E+01
  2.2658130310E+00  4.8201531265E+01
  2.2776707454E+00  4.8248699204E+01
  2.2895284598E+00  4.8296240754E+01
  2.3013861742E+00  4.8344089101E+01
  2.3132438886E+00  4.8392183079E+01
  2.3251016030E+00  4.8440468179E+01
  2.3369593174E+00  4.8488896885E+01
  2.3488170318E+00  4.8537428443E+01
  2.3606747461E+00  4.8586028185E+01
  2.3725324605E+00  4.8634666501E+01
  2.3843901749E+00  4.8683317552E+01
  2.3962478893E+00  4.8731957823E+01
  2.4081056037E+00  4.8780564573E+01
  2.4199633181E+00  4.8829114272E+01
  2.4318210325E+00  4.8877581086E+01
  2.4436787469E+00  4.8925935441E+01
  2.4555364613E+00  4.8974142746E+01
  2.4673941757E+00  4.9022162277E+01
  2.4792518900E+00  4.9069946265E+01
  2.4911096044E+00  4.9117439204E+01
  2.5029673188E+00  4.9164577384E+01
  2.5148250332E+00  4.9211288650E+01
  2.5266827476E+00  4.9257492392E+01
  2.5385404620E+00  4.9303099744E+01
  2.5503981764E+00  4.9348013983E+01
  2.5622558908E+00  4.9392131116E+01
  2.5741136052E+00  4.9435340623E+01
  2.5859713196E+00  4.9477526338E+01
  2.5978290339E+00  4.9518567453E+01
  2.6096867483E+00  4.9558339609E+01
  2.6215444627E+00  4.9596716058E+01
  2.6334021771E+00  4.9633568873E+01
  2.6452598915E+00  4.9668770183E+01
  2.6571176059E+00  4.9702193419E+01
  2.6689753203E+00  4.9733714544E+01
  2.6808330347E+00  4.9763213260E+01
  2.6926907491E+00  4.9790574172E+01
  2.7045484635E+00  4.9815687899E+01
  2.7164061778E+00  4.9838452120E+01
  2.7282638922E+00  4.9858772545E+01
  2.7401216066E+00  4.9876563805E+01
  2.7519793210E+00  4.9891750249E+01
  2.7638370354E+00  4.9904266646E+01
  2.7756947498E+00  4.9914058793E+01
  2.7875524642E+00  4.9921084008E+01
  2.7994101786E+00  4.9925311523E+01
  2.8112678930E+00  4.9926722765E+01
  2.8112678930E+00  4.9926722765E+01
  2.8181522102E+00  4.9926762530E+01
  2.8250365275E+00  4.9926881951E+01
  2.8319208447E+00  4.9927081404E+01
  2.8388051619E+00  4.9927361517E+01
  2.8456894792E+00  4.9927723164E+01
  2.8525737964E+00  4.9928167469E+01
  2.8594581137E+00  4.9928695798E+01
  2.8663424309E+00  4.9929309756E+01
  2.8732267482E+00  4.9930011186E+01
  2.8801110654E+00  4.9930802163E+01
  2.8869953827E+00  4.9931684989E+01
  2.8938796999E+00  4.9932662186E+01
  2.9007640172E+00  4.9933736493E+01
  2.9076483344E+00  4.9934910856E+01
  2.9145326517E+00  4.9936188421E+01
  2.9214169689E+00  4.9937572531E+01
  2.9283012862E+00  4.9939066712E+01
  2.9351856034E+00  4.9940674667E+01
  2.9420699207E+00  4.9942400267E+01
  2.9489542379E+00  4.9944247543E+01
  2.9558385552E+00  4.9946220672E+01
  2.9627228724E+00  4.9948323973E+01
  2.9696071896E+00  4.9950561890E+01
  2.9764915069E+00  4.9952938987E+01
  2.9833758241E+00  4.9955459935E+01
  2.9902601414E+00  4.9958129498E+01
  2.9971444586E+00  4.9960952526E+01
  3.0040287759E+00  4.9963933943E+01
  3.0109130931E+00  4.9967078731E+01
  3.0177974104E+00  4.9970391925E+01
  3.0246817276E+00  4.9973878595E+01
  3.0315660449E+00  4.9977543836E+01
  3.0384503621E+00  4.9981392760E+01
  3.0453346794E+00  4.9985430478E+01
  3.0522189966E+00  4.9989662093E+01
  3.0591033139E+00  4.9994092686E+01
  3.0659876311E+00  4.9998727303E+01
  3.0728719484E+00  5.0003570949E+01
  3.0797562656E+00  5.0008628569E+01
  3.0866405829E+00  5.0013905045E+01
  3.0935249001E+00  5.0019405178E+01
  3.1004092174E+00  5.0025133681E+01
  3.1072935346E+00  5.0031095169E+01
  3.1141778518E+00  5.0037294148E+01
  3.1210621691E+00  5.0043735003E+01
  3.1279464863E+00  5.0050421995E+01
  3.1348308036E+00  5.0057359243E+01
  3.1417151208E+00  5.0064550723E+01
  3.1485994381E+00  5.0072000256E+01
  3.1554837553E+00  5.0079711500E+01
  3.1623680726E+00  5.0087687944E+01
  3.1692523898E+00  5.0095932899E+01
  3.1761367071E+00  5.0104449495E+01
  3.1830210243E+00  5.0113240669E+01
  3.1899053416E+00  5.0122309165E+01
  3.1967896588E+00  5.0131657526E+01
  3.2036739761E+00  5.0141288088E+01
  3.2105582933E+00  5.0151202978E+01
  3.2174426106E+00  5.0161404108E+01
  3.2243269278E+00  5.0171893173E+01
  3.2312112451E+00  5.0182671649E+01
  3.2380955623E+00  5.0193740787E+01
  3.2449798795E+00  5.0205101612E+01
  3.2518641968E+00  5.0216754924E+01
  3.2587485140E+00  5.0228701292E+01
  3.2656328313E+00  5.0240941059E+01
  3.2725171485E+00  5.0253474334E+01
  3.2794014658E+00  5.0266300999E+01
  3.2862857830E+00  5.0279420704E+01
  3.2931701003E+00  5.0292832870E+01
  3.3000544175E+00  5.0306536691E+01
  3.3069387348E+00  5.0320531131E+01
  3.3138230520E+00  5.0334814930E+01
  3.3207073693E+00  5.0349386603E+01
  3.3275916865E+00  5.0364244442E+01
  3.3344760038E+00  5.0379386521E+01
  3.3413603210E+00  5.0394810695E+01
  3.3482446383E+00  5.0410514605E+01
  3.3551289555E+00  5.0426495679E+01
  3.3620132728E+00  5.0442751137E+01
  3.3688975900E+00  5.0459277993E+01
  3.3757819072E+00  5.0476073059E+01
  3.3826662245E+00  5.0493132947E+01
  3.3895505417E+00  5.0510454076E+01
  3.3964348590E+00  5.0528032669E+01
  3.4033191762E+00  5.0545864765E+01
  3.4102034935E+00  5.0563946217E+01
  3.4170878107E+00  5.0582272696E+01
  3.4239721280E+00  5.0600839697E+01
  3.4308564452E+00  5.0619642543E+01
  3.4377407625E+00  5.0638676387E+01
  3.4446250797E+00  5.0657936215E+01
  3.4515093970E+00  5.0677416854E+01
  3.4583937142E+00  5.0681087111E+01
  3.4652780315E+00  5.0611848098E+01
  3.4721623487E+00  5.0541542735E+01
  3.4790466660E+00  5.0470178636E+01
  3.4859309832E+00  5.0397763872E+01
  3.4928153005E+00  5.0324306969E+01
  3.4928153005E+00  5.0324306969E+01
  3.5024699142E+00  5.0320099619E+01
  3.5121245279E+00  5.0307783975E+01
  3.5217791417E+00  5.0288165615E+01
  3.5314337554E+00  5.0262294898E+01
  3.5410883692E+00  5.0231229890E+01
  3.5507429829E+00  5.0195900055E+01
  3.5603975967E+00  5.0157062642E+01
  3.5700522104E+00  5.0115311112E+01
  3.5797068242E+00  5.0071102798E+01
  3.5893614379E+00  5.0024788675E+01
  3.5990160517E+00  4.9976638773E+01
  3.6086706654E+00  4.9926861933E+01
  3.6183252792E+00  4.9875620497E+01
  3.6279798929E+00  4.9823041015E+01
  3.6376345066E+00  4.9769221981E+01
  3.6472891204E+00  4.9714239402E+01
  3.6569437341E+00  4.9658150816E+01
  3.6665983479E+00  4.9600998186E+01
  3.6762529616E+00  4.9542809988E+01
  3.6859075754E+00  4.9483602729E+01
  3.6955621891E+00  4.9423382061E+01
  3.7052168029E+00  4.9362143628E+01
  3.7148714166E+00  4.9299873731E+01
  3.7245260304E+00  4.9236549934E+01
  3.7341806441E+00  4.9172141654E+01
  3.7438352579E+00  4.9106610826E+01
  3.7534898716E+00  4.9039912721E+01
  3.7631444853E+00  4.8971996949E+01
  3.7727990991E+00  4.8902808752E+01
  3.7824537128E+00  4.8832290599E+01
  3.7921083266E+00  4.8760384145E+01
  3.8017629403E+00  4.8687032558E+01
  3.8114175541E+00  4.8612183215E+01
  3.8210721678E+00  4.8535790703E+01
  3.8307267816E+00  4.8457820069E+01
  3.8403813953E+00  4.8378250174E+01
  3.8500360091E+00  4.8297077012E+01
  3.8596906228E+00  4.8214316816E+01
  3.8693452366E+00  4.8130008775E+01
  3.8789998503E+00  4.8044217200E+01
  3.8886544640E+00  4.7957033001E+01
  3.8983090778E+00  4.7868574412E+01
  3.9079636915E+00  4.7778986925E+01
  3.9176183053E+00  4.7688442467E+01
  3.9272729190E+00  4.7597137926E+01
  3.9369275328E+00  4.7505293100E+01
  3.9465821465E+00  4.7413148239E+01
  3.9562367603E+00  4.7320961285E+01
  3.9658913740E+00  4.7229004946E+01
  3.9755459878E+00  4.7137563678E+01
  3.9852006015E+00  4.7046930666E+01
  3.9948552153E+00  4.6957404828E+01
  4.0045098290E+00  4.6869287881E+01
  4.0141644427E+00  4.6782881450E+01
  4.0238190565E+00  4.6698484235E+01
  4.0334736702E+00  4.6616389211E+01
  4.0431282840E+00  4.6536880848E+01
  4.0527828977E+00  4.6460232356E+01
  4.0624375115E+00  4.6386702932E+01
  4.0720921252E+00  4.6316535039E+01
  4.0817467390E+00  4.6249951729E+01
  4.0914013527E+00  4.6187154033E+01
  4.1010559665E+00  4.6128318469E+01
  4.1107105802E+00  4.6073594714E+01
  4.1203651940E+00  4.6023103487E+01
  4.1300198077E+00  4.5976934715E+01
  4.1396744214E+00  4.5935146026E+01
  4.1493290352E+00  4.5897761635E+01
  4.1589836489E+00  4.5864771667E+01
  4.1686382627E+00  4.5836131951E+01
  4.1782928764E+00  4.5811764319E+01
  4.1879474902E+00  4.5791557417E+01
  4.1976021039E+00  4.5775368015E+01
  4.2072567177E+00  4.5763022813E+01
  4.2169113314E+00  4.5754320694E+01
  4.2265659452E+00  4.5749035371E+01
  4.2362205589E+00  4.5746918390E+01
  4.2458751727E+00  4.5747702393E+01
  4.2555297864E+00  4.5751104590E+01
  4.2651844001E+00  4.5756830358E+01
  4.2748390139E+00  4.5764576883E+01
  4.2844936276E+00  4.5774036789E+01
  4.2941482414E+00  4.5784901683E+01
  4.3038028551E+00  4.5796865549E+01
  4.3134574689E+00  4.5809627952E+01
  4.3231120826E+00  4.5822897008E+01
  4.3327666964E+00  4.5836392079E+01
  4.3424213101E+00  4.5849846187E+01
  4.3520759239E+00  4.5863008122E+01
  4.3617305376E+00  4.5875644246E+01
  4.3713851514E+00  4.5887540007E+01
  4.3810397651E+00  4.5898501165E+01
  4.3906943788E+00  4.5908354767E+01
  4.4003489926E+00  4.5916949889E+01
  4.4100036063E+00  4.5924158186E+01
  4.4196582201E+00  4.5929874272E+01
  4.4293128338E+00  4.5934015985E+01
  4.4389674476E+00  4.5936524547E+01
  4.4486220613E+00  4.5937364658E+01

  0.0000000000E+00  5.1357605297E+01
  9.6546137462E-03  5.1355571910E+01
  1.9309227492E-02  5.1349474497E+01
  2.8963841239E-02  5.1339321313E+01
  3.8618454985E-02  5.1325126136E+01
  4.8273068731E-02  5.1306908304E+01
  5.7927682477E-02  5.1284692759E+01
  6.7582296223E-02  5.1258510107E+01
  7.7236909970E-02  5.1228396694E+01
  8.6891523716E-02  5.1194394691E+01
  9.6546137462E-02  5.1156552199E+01
  1.0620075121E-01  5.1114923361E+01
  1.1585536495E-01  5.1069568496E+01
  1.2550997870E-01  5.1020554242E+01
  1.3516459245E-01  5.0967953719E+01
  1.4481920619E-01  5.0911846702E+01
  1.5447381994E-01  5.0852319812E+01
  1.6412843369E-01  5.0789466722E+01
  1.7378304743E-01  5.0723388380E+01
  1.8343766118E-01  5.0654193245E+01
  1.9309227492E-01  5.0581997536E+01
  2.0274688867E-01  5.0506925501E+01
  2.1240150242E-01  5.0429109694E+01
  2.2205611616E-01  5.0348691269E+01
  2.3171072991E-01  5.0265820279E+01
  2.4136534365E-01  5.0180655989E+01
  2.5101995740E-01  5.0093367192E+01
  2.6067457115E-01  5.0004132529E+01
  2.7032918489E-01  4.9913140805E+01
  2.7998379864E-01  4.9820591299E+01
  2.8963841239E-01  4.9726694063E+01
  2.9929302613E-01  4.9631670191E+01
  3.0894763988E-01  4.9535752067E+01
  3.1860225362E-01  4.9439183559E+01
  3.2825686737E-01  4.9342220172E+01
  3.3791148112E-01  4.9245129111E+01
  3.4756609486E-01  4.9148189271E+01
  3.5722070861E-01  4.9051691114E+01
  3.6687532236E-01  4.8955936405E+01
  3.7652993610E-01  4.8861237811E+01
  3.8618454985E-01  4.8767918301E+01
  3.9583916359E-01  4.8676310349E+01
  4.0549377734E-01  4.8586754893E+01
  4.1514839109E-01  4.8499600032E+01
  4.2480300483E-01  4.8415199434E+01
  4.3445761858E-01  4.8333910425E+01
  4.4411223232E-01  4.8256091753E+01
  4.5376684607E-01  4.8182101007E+01
  4.6342145982E-01  4.8112291703E+01
  4.7307607356E-01  4.8055128891E+01
  4.8273068731E-01  4.8020331940E+01
  4.9238530106E-01  4.7986620180E+01
  5.0203991480E-01  4.7953957315E+01
  5.1169452855E-01  4.7922299736E+01
  5.2134914229E-01  4.7891596868E+01
  5.3100375604E-01  4.7861791551E+01
  5.4065836979E-01  4.7832820443E+01
  5.5031298353E-01  4.7804614443E+01
  5.5996759728E-01  4.7777099124E+01
  5.6962221103E-01  4.7750195190E+01
  5.7927682477E-01  4.7723818922E+01
  5.8893143852E-01  4.7716282035E+01
  5.9858605226E-01  4.7731184212E+01
  6.0824066601E-01  4.7752647024E+01
  6.1789527976E-01  4.7780512510E+01
  6.2754989350E-01  4.7814582077E+01
  6.3720450725E-01  4.7854619555E+01
  6.4685912099E-01  4.7900354786E+01
  6.5651373474E-01  4.7951487644E+01
  6.6616834849E-01  4.8007692339E+01
  6.7582296223E-01  4.8068621881E+01
  6.8547757598E-01  4.8133912568E+01
  6.9513218973E-01  4.8203188399E+01
  7.0478680347E-01  4.8276065304E+01
  7.1444141722E-01  4.8352155115E+01
  7.2409603096E-01  4.8431069229E+01
  7.3375064471E-01  4.8512421914E+01
  7.4340525846E-01  4.8595833241E+01
  7.5305987220E-01  4.8680931635E+01
  7.6271448595E-01  4.8767356052E+01
  7.7236909970E-01  4.8854757794E+01
  7.8202371344E-01  4.8942801990E+01
  7.9167832719E-01  4.9031168768E+01
  8.0133294093E-01  4.9119554146E+01
  8.1098755468E-01  4.9207670680E+01
  8.2064216843E-01  4.9295247892E+01
  8.3029678217E-01  4.9382032515E+01
  8.3995139592E-01  4.9467788579E+01
  8.4960600966E-01  4.9552297367E+01
  8.5926062341E-01  4.9635357255E+01
  8.6891523716E-01  4.9716783475E+01
  8.7856985090E-01  4.9796407795E+01
  8.8822446465E-01  4.9874078153E+01
  8.9787907840E-01  4.9949658245E+01
  9.0753369214E-01  5.0023027079E+01
  9.1718830589E-01  5.0094078514E+01
  9.2684291963E-01  5.0162720775E+01
  9.3649753338E-01  5.0228875969E+01
  9.4615214713E-01  5.0292479585E+01
  9.5580676087E-01  5.0353480007E+01
  9.5580676087E-01  5.0353480007E+01
  9.6269107812E-01  5.0352701440E+01
  9.6957539537E-01  5.0350369161E+01
  9.7645971262E-01  5.0346493371E+01
  9.8334402986E-01  5.0341090846E+01
  9.9022834711E-01  5.0334184615E+01
  9.9711266436E-01  5.0325803529E+01
  1.0039969816E+00  5.0315981747E+01
  1.0108812989E+00  5.0304758144E+01
  1.0177656161E+00  5.0292175697E+01
  1.0246499333E+00  5.0278280837E+01
  1.0315342506E+00  5.0263122812E+01
  1.0384185678E+00  5.0246753070E+01
  1.0453028851E+00  5.0229224676E+01
  1.0521872023E+00  5.0210591781E+01
  1.0590715196E+00  5.0190909139E+01
  1.0659558368E+00  5.0170231687E+01
  1.0728401541E+00  5.0148614187E+01
  1.0797244713E+00  5.0126110919E+01
  1.0866087886E+00  5.0102775437E+01
  1.0934931058E+00  5.0078660370E+01
  1.1003774231E+00  5.0053817275E+01
  1.1072617403E+00  5.0028296527E+01
  1.1141460576E+00  5.0002147242E+01
  1.1210303748E+00  4.9975417235E+01
  1.1279146921E+00  4.9948152998E+01
  1.1347990093E+00  4.9920399699E+01
  1.1416833266E+00  4.9892201199E+01
  1.1485676438E+00  4.9863600076E+01
  1.1554519610E+00  4.9834637666E+01
  1.1623362783E+00  4.9805354098E+01
  1.1692205955E+00  4.9775788346E+01
  1.1761049128E+00  4.9745978274E+01
  1.1829892300E+00  4.9715960685E+01
  1.1898735473E+00  4.9685771367E+01
  1.1967578645E+00  4.9655445145E+01
  1.2036421818E+00  4.9625015915E+01
  1.2105264990E+00  4.9594516695E+01
  1.2174108163E+00  4.9563979656E+01
  1.2242951335E+00  4.9533436156E+01
  1.2311794508E+00  4.9502916773E+01
  1.2380637680E+00  4.9472451330E+01
  1.2449480853E+00  4.9442068918E+01
  1.2518324025E+00  4.9411797914E+01
  1.2587167198E+00  4.9381665994E+01
  1.2656010370E+00  4.9351700152E+01
  1.2724853543E+00  4.9321926699E+01
  1.2793696715E+00  4.9292371276E+01
  1.2862539887E+00  4.9263058851E+01
  1.2931383060E+00  4.9234013723E+01
  1.3000226232E+00  4.9205259515E+01
  1.3069069405E+00  4.9176819173E+01
  1.3137912577E+00  4.9148714957E+01
  1.3206755750E+00  4.9120968434E+01
  1.3275598922E+00  4.9093600467E+01
  1.3344442095E+00  4.9066631206E+01
  1.3413285267E+00  4.9040080075E+01
  1.3482128440E+00  4.9013965762E+01
  1.3550971612E+00  4.8988306206E+01
  1.3619814785E+00  4.8963118585E+01
  1.3688657957E+00  4.8938419306E+01
  1.3757501130E+00  4.8914223996E+01
  1.3826344302E+00  4.8890547490E+01
  1.3895187475E+00  4.8867403825E+01
  1.3964030647E+00  4.8844806234E+01
  1.4032873820E+00  4.8822767143E+01
  1.4101716992E+00  4.8801298167E+01
  1.4170560164E+00  4.8780410114E+01
  1.4239403337E+00  4.8760112985E+01
  1.4308246509E+00  4.8740415985E+01
  1.4377089682E+00  4.8721327527E+01
  1.4445932854E+00  4.8702855251E+01
  1.4514776027E+00  4.8685006034E+01
  1.4583619199E+00  4.8667786013E+01
  1.4652462372E+00  4.8651200604E+01
  1.4721305544E+00  4.8635254533E+01
  1.4790148717E+00  4.8619951859E+01
  1.4858991889E+00  4.8605296009E+01
  1.4927835062E+00  4.8591289813E+01
  1.4996678234E+00  4.8577935540E+01
  1.5065521407E+00  4.8565234937E+01
  1.5134364579E+00  4.8553189272E+01
  1.5203207752E+00  4.8541799377E+01
  1.5272050924E+00  4.8531065690E+01
  1.5340894097E+00  4.8520988308E+01
  1.5409737269E+00  4.8511567024E+01
  1.5478580441E+00  4.8502801378E+01
  1.5547423614E+00  4.8494690705E+01
  1.5616266786E+00  4.8487234176E+01
  1.5685109959E+00  4.8480430842E+01
  1.5753953131E+00  4.8474279681E+01
  1.5822796304E+00  4.8468779634E+01
  1.5891639476E+00  4.8463929643E+01
  1.5960482649E+00  4.8459728689E+01
  1.6029325821E+00  4.8456175820E+01
  1.6098168994E+00  4.8453270182E+01
  1.6167012166E+00  4.8451011040E+01
  1.6235855339E+00  4.8449397805E+01
  1.6304698511E+00  4.8448430040E+01
  1.6373541684E+00  4.8448107482E+01
  1.6373541684E+00  4.8448107482E+01
  1.6492118828E+00  4.8446613829E+01
  1.6610695971E+00  4.8442146868E+01
  1.6729273115E+00  4.8434748434E+01
  1.6847850259E+00  4.8424487745E+01
  1.6966427403E+00  4.8411460646E+01
  1.7085004547E+00  4.8395788597E+01
  1.7203581691E+00  4.8377617418E+01
  1.7322158835E+00  4.8357115836E+01
  1.7440735979E+00  4.8334473858E+01
  1.7559313123E+00  4.8309901033E+01
  1.7677890267E+00  4.8283624604E+01
  1.7796467410E+00  4.8255887612E+01
  1.7915044554E+00  4.8226946973E+01
  1.8033621698E+00  4.8197071542E+01
  1.8152198842E+00  4.8166540205E+01
  1.8270775986E+00  4.8135640007E+01
  1.8389353130E+00  4.8104664339E+01
  1.8507930274E+00  4.8073911207E+01
  1.8626507418E+00  4.8043681609E+01
  1.8745084562E+00  4.8014278050E+01
  1.8863661706E+00  4.7986003242E+01
  1.8982238849E+00  4.7959159049E+01
  1.9100815993E+00  4.7934045741E+01
  1.9219393137E+00  4.7910961682E+01
  1.9337970281E+00  4.7890203548E+01
  1.9456547425E+00  4.7872067245E+01
  1.9575124569E+00  4.7856849691E+01
  1.9693701713E+00  4.7844851597E+01
  1.9812278857E+00  4.7836381333E+01
  1.9930856001E+00  4.7831759704E+01
  2.0049433145E+00  4.7831324955E+01
  2.0168010288E+00  4.7835436325E+01
  2.0286587432E+00  4.7844472852E+01
  2.0405164576E+00  4.7858821946E+01
  2.0523741720E+00  4.7878850750E+01
  2.0642318864E+00  4.7904855297E+01
  2.0760896008E+00  4.7936991712E+01
  2.0879473152E+00  4.7975209798E+01
  2.0998050296E+00  4.8019220998E+01
  2.1116627440E+00  4.8068523564E+01
  2.1235204583E+00  4.8122477859E+01
  2.1353781727E+00  4.8180398928E+01
  2.1472358871E+00  4.8241632825E+01
  2.1590936015E+00  4.8305601507E+01
  2.1709513159E+00  4.8371818846E+01
  2.1828090303E+00  4.8439887911E+01
  2.1946667447E+00  4.8509489216E+01
  2.2065244591E+00  4.8580366288E+01
  2.2183821735E+00  4.8652311848E+01
  2.2302398879E+00  4.8725155902E+01
  2.2420976022E+00  4.8798756031E+01
  2.2539553166E+00  4.8872989700E+01
  2.2658130310E+00  4.8947748290E+01
  2.2776707454E+00  4.9022932518E+01
  2.2895284598E+00  4.9098448988E+01
  2.3013861742E+00  4.9174207624E+01
  2.3132438886E+00  4.9250119819E+01
  2.3251016030E+00  4.9326097149E+01
  2.3369593174E+00  4.9402050524E+01
  2.3488170318E+00  4.9477889696E+01
  2.3606747461E+00  4.9553523017E+01
  2.3725324605E+00  4.9628857409E+01
  2.3843901749E+00  4.9703798459E+01
  2.3962478893E+00  4.9778250616E+01
  2.4081056037E+00  4.9852117433E+01
  2.4199633181E+00  4.9925301841E+01
  2.4318210325E+00  4.9997706418E+01
  2.4436787469E+00  5.0069233646E+01
  2.4555364613E+00  5.0139786142E+01
  2.4673941757E+00  5.0209266855E+01
  2.4792518900E+00  5.0277579233E+01
  2.4911096044E+00  5.0344627352E+01
  2.5029673188E+00  5.0410316014E+01
  2.5148250332E+00  5.0474550820E+01
  2.5266827476E+00  5.0537238220E+01
  2.5385404620E+00  5.0598285550E+01
  2.5503981764E+00  5.0657601058E+01
  2.5622558908E+00  5.0715093932E+01
  2.5741136052E+00  5.0770674334E+01
  2.5859713196E+00  5.0824253443E+01
  2.5978290339E+00  5.0875743527E+01
  2.6096867483E+00  5.0925058040E+01
  2.6215444627E+00  5.0972111748E+01
  2.6334021771E+00  5.1016820907E+01
  2.6452598915E+00  5.1059103480E+01
  2.6571176059E+00  5.1098879405E+01
  2.6689753203E+00  5.1136070919E+01
  2.6808330347E+00  5.1170602936E+01
  2.6926907491E+00  5.1202403476E+01
  2.7045484635E+00  5.1231404148E+01
  2.7164061778E+00  5.1257540667E+01
  2.7282638922E+00  5.1280753409E+01
  2.7401216066E+00  5.1300987983E+01
  2.7519793210E+00  5.1318195800E+01
  2.7638370354E+00  5.1332334633E+01
  2.7756947498E+00  5.1343369130E+01
  2.7875524642E+00  5.1351271272E+01
  2.7994101786E+00  5.1356020761E+01
  2.8112678930E+00  5.1357605297E+01
  2.8112678930E+00  5.1357605297E+01
  2.8181522102E+00  5.1358053939E+01
  2.8250365275E+00  5.1359398724E+01
  2.8319208447E+00  5.1361636243E+01
  2.8388051619E+00  5.1364760827E+01
  2.8456894792E+00  5.1368764572E+01
  2.8525737964E+00  5.1373637377E+01
  2.8594581137E+00  5.1379366979E+01
  2.8663424309E+00  5.1385939013E+01
  2.8732267482E+00  5.1393337065E+01
  2.8801110654E+00  5.1401542746E+01
  2.8869953827E+00  5.1410535763E+01
  2.8938796999E+00  5.1420294008E+01
  2.9007640172E+00  5.1430793647E+01
  2.9076483344E+00  5.1442009216E+01
  2.9145326517E+00  5.1453913727E+01
  2.9214169689E+00  5.1466478772E+01
  2.9283012862E+00  5.1479674642E+01
  2.9351856034E+00  5.1493470442E+01
  2.9420699207E+00  5.1507834209E+01
  2.9489542379E+00  5.1522733040E+01
  2.9558385552E+00  5.1538133219E+01
  2.9627228724E+00  5.1554000337E+01
  2.9696071896E+00  5.1570299429E+01
  2.9764915069E+00  5.1586995098E+01
  2.9833758241E+00  5.1604051644E+01
  2.9902601414E+00  5.1621433189E+01
  2.9971444586E+00  5.1639103806E+01
  3.0040287759E+00  5.1657027640E+01
  3.0109130931E+00  5.1675169025E+01
  3.0177974104E+00  5.1693492602E+01
  3.0246817276E+00  5.1711963430E+01
  3.0315660449E+00  5.1730547093E+01
  3.0384503621E+00  5.1749209796E+01
  3.0453346794E+00  5.1767918462E+01
  3.0522189966E+00  5.1786640818E+01
  3.0591033139E+00  5.1805345471E+01
  3.0659876311E+00  5.1824001977E+01
  3.0728719484E+00  5.1842580899E+01
  3.0797562656E+00  5.1861053855E+01
  3.0866405829E+00  5.1879393547E+01
  3.0935249001E+00  5.1897573784E+01
  3.1004092174E+00  5.1915569478E+01
  3.1072935346E+00  5.1933356626E+01
  3.1141778518E+00  5.1950912260E+01
  3.1210621691E+00  5.1968214367E+01
  3.1279464863E+00  5.1964151802E+01
  3.1348308036E+00  5.1944817994E+01
  3.1417151208E+00  5.1925229421E+01
  3.1485994381E+00  5.1905394962E+01
  3.1554837553E+00  5.1885323555E+01
  3.1623680726E+00  5.1865024190E+01
  3.1692523898E+00  5.1844505901E+01
  3.1761367071E+00  5.1823777761E+01
  3.1830210243E+00  5.1802848880E+01
  3.1899053416E+00  5.1781728393E+01
  3.1967896588E+00  5.1760425461E+01
  3.2036739761E+00  5.1738949261E+01
  3.2105582933E+00  5.1717308983E+01
  3.2174426106E+00  5.1695513825E+01
  3.2243269278E+00  5.1673572988E+01
  3.2312112451E+00  5.1651495669E+01
  3.2380955623E+00  5.1629291059E+01
  3.2449798795E+00  5.1606968338E+01
  3.2518641968E+00  5.1584536669E+01
  3.2587485140E+00  5.1562005195E+01
  3.2656328313E+00  5.1539383034E+01
  3.2725171485E+00  5.1516679275E+01
  3.2794014658E+00  5.1493902975E+01
  3.2862857830E+00  5.1471063151E+01
  3.2931701003E+00  5.1448168785E+01
  3.3000544175E+00  5.1425228809E+01
  3.3069387348E+00  5.1402252111E+01
  3.3138230520E+00  5.1379247527E+01
  3.3207073693E+00  5.1356223836E+01
  3.3275916865E+00  5.1333189763E+01
  3.3344760038E+00  5.1310153968E+01
  3.3413603210E+00  5.1287125049E+01
  3.3482446383E+00  5.1264111538E+01
  3.3551289555E+00  5.1241121892E+01
  3.3620132728E+00  5.1218164501E+01
  3.3688975900E+00  5.1195247673E+01
  3.3757819072E+00  5.1172379643E+01
  3.3826662245E+00  5.1149568560E+01
  3.3895505417E+00  5.1126822490E+01
  3.3964348590E+00  5.1104149413E+01
  3.4033191762E+00  5.1081557218E+01
  3.4102034935E+00  5.1059053702E+01
  3.4170878107E+00  5.1036646568E+01
  3.4239721280E+00  5.1011051509E+01
  3.4308564452E+00  5.0947242985E+01
  3.4377407625E+00  5.0882336621E+01
  3.4446250797E+00  5.0816337875E+01
  3.4515093970E+00  5.0749252610E+01
  3.4583937142E+00  5.0697112970E+01
  3.4652780315E+00  5.0717019076E+01
  3.4721623487E+00  5.0737129535E+01
  3.4790466660E+00  5.0757438562E+01
  3.4859309832E+00  5.0777940227E+01
  3.4928153005E+00  5.0798628463E+01
  3.4928153005E+00  5.0798628463E+01
  3.5024699142E+00  5.0801178479E+01
  3.5121245279E+00  5.0808508539E+01
  3.5217791417E+00  5.0819772298E+01
  3.5314337554E+00  5.0833851437E+01
  3.5410883692E+00  5.0849592810E+01
  3.5507429829E+00  5.0865945068E+01
  3.5603975967E+00  5.0882003055E+01
  3.5700522104E+00  5.0897000878E+01
  3.5797068242E+00  5.0910286811E+01
  3.5893614379E+00  5.0921297476E+01
  3.5990160517E+00  5.0929538041E+01
  3.6086706654E+00  5.0934569951E+01
  3.6183252792E+00  5.0936005510E+01
  3.6279798929E+00  5.0933507915E+01
  3.6376345066E+00  5.0926795005E+01
  3.6472891204E+00  5.0915644917E+01
  3.6569437341E+00  5.0899901826E+01
  3.6665983479E+00  5.0879480195E+01
  3.6762529616E+00  5.0854366375E+01
  3.6859075754E+00  5.0824616999E+01
  3.6955621891E+00  5.0790354256E+01
  3.7052168029E+00  5.0751758647E+01
  3.7148714166E+00  5.0709060177E+01
  3.7245260304E+00  5.0662528945E+01
  3.7341806441E+00  5.0612466009E+01
  3.7438352579E+00  5.0559195098E+01
  3.7534898716E+00  5.0503055477E+01
  3.7631444853E+00  5.0444396017E+01
  3.7727990991E+00  5.0383570355E+01
  3.7824537128E+00  5.0320932908E+01
  3.7921083266E+00  5.0256835501E+01
  3.8017629403E+00  5.0191624368E+01
  3.8114175541E+00  5.0125637327E+01
  3.8210721678E+00  5.0059201027E+01
  3.8307267816E+00  4.9992628195E+01
  3.8403813953E+00  4.9926214908E+01
  3.8500360091E+00  4.9860237974E+01
  3.8596906228E+00  4.9794952529E+01
  3.8693452366E+00  4.9730589994E+01
  3.8789998503E+00  4.9667356533E+01
  3.8886544640E+00  4.9605432107E+01
  3.8983090778E+00  4.9544970210E+01
  3.9079636915E+00  4.9486098272E+01
  3.9176183053E+00  4.9428918712E+01
  3.9272729190E+00  4.9373510534E+01
  3.9369275328E+00  4.9319931348E+01
  3.9465821465E+00  4.9268219666E+01
  3.9562367603E+00  4.9218397355E+01
  3.9658913740E+00  4.9170472090E+01
  3.9755459878E+00  4.9124439727E+01
  3.9852006015E+00  4.9080286504E+01
  3.9948552153E+00  4.9037991026E+01
  4.0045098290E+00  4.8997526000E+01
  4.0141644427E+00  4.8958859723E+01
  4.0238190565E+00  4.8921957319E+01
  4.0334736702E+00  4.8886781754E+01
  4.0431282840E+00  4.8853294644E+01
  4.0527828977E+00  4.8821456885E+01
  4.0624375115E+00  4.8791229131E+01
  4.0720921252E+00  4.8762572147E+01
  4.0817467390E+00  4.8735447051E+01
  4.0914013527E+00  4.8709815472E+01
  4.1010559665E+00  4.8685639637E+01
  4.1107105802E+00  4.8662882402E+01
  4.1203651940E+00  4.8641507233E+01
  4.1300198077E+00  4.8621478146E+01
  4.1396744214E+00  4.8602759619E+01
  4.1493290352E+00  4.8585316472E+01
  4.1589836489E+00  4.8569113726E+01
  4.1686382627E+00  4.8554116433E+01
  4.1782928764E+00  4.8540289494E+01
  4.1879474902E+00  4.8527597457E+01
  4.1976021039E+00  4.8516004297E+01
  4.2072567177E+00  4.8505473187E+01
  4.2169113314E+00  4.8495966262E+01
  4.2265659452E+00  4.8487444376E+01
  4.2362205589E+00  4.8479866866E+01
  4.2458751727E+00  4.8473191323E+01
  4.2555297864E+00  4.8467373386E+01
  4.2651844001E+00  4.8462366567E+01
  4.2748390139E+00  4.8458122120E+01
  4.2844936276E+00  4.8454588968E+01
  4.2941482414E+00  4.8451713700E+01
  4.3038028551E+00  4.8449440661E+01
  4.3134574689E+00  4.8447712132E+01
  4.3231120826E+00  4.8446468632E+01
  4.3327666964E+00  4.8445649337E+01
  4.3424213101E+00  4.8445192619E+01
  4.3520759239E+00  4.8445036712E+01
  4.3617305376E+00  4.8445120496E+01
  4.3713851514E+00  4.8445384372E+01
  4.3810397651E+00  4.8445771227E+01
  4.3906943788E+00  4.8446227440E+01
  4.4003489926E+00  4.8446703910E+01
  4.4100036063E+00  4.8447157055E+01
  4.4196582201E+00  4.8447549758E+01
  4.4293128338E+00  4.8447852196E+01
  4.4389674476E+00  4.8448042542E+01
  4.4486220613E+00  4.8448107482E+01

  0.0000000000E+00  5.2240000471E+01
  9.6546137462E-03  5.2239192280E+01
  1.9309227492E-02  5.2236770150E+01
  2.8963841239E-02  5.2232741405E+01
  3.8618454985E-02  5.2227118234E+01
  4.8273068731E-02  5.2219917668E+01
  5.7927682477E-02  5.2211161542E+01
  6.7582296223E-02  5.2200876450E+01
  7.7236909970E-02  5.2189093689E+01
  8.6891523716E-02  5.2175849186E+01
  9.6546137462E-02  5.2161183425E+01
  1.0620075121E-01  5.2145141347E+01
  1.1585536495E-01  5.2127772251E+01
  1.2550997870E-01  5.2109129670E+01
  1.3516459245E-01  5.2089271243E+01
  1.4481920619E-01  5.2068258566E+01
  1.5447381994E-01  5.2046157030E+01
  1.6412843369E-01  5.2023035645E+01
  1.7378304743E-01  5.1998966850E+01
  1.8343766118E-01  5.1974026300E+01
  1.9309227492E-01  5.1948292645E+01
  2.0274688867E-01  5.1921847290E+01
  2.1240150242E-01  5.1894774137E+01
  2.2205611616E-01  5.1867159316E+01
  2.3171072991E-01  5.1839090898E+01
  2.4136534365E-01  5.1810658593E+01
  2.5101995740E-01  5.1781953440E+01
  2.6067457115E-01  5.1753067481E+01
  2.7032918489E-01  5.1724093426E+01
  2.7998379864E-01  5.1695124307E+01
  2.8963841239E-01  5.1666253133E+01
  2.9929302613E-01  5.1637572531E+01
  3.0894763988E-01  5.1609174396E+01
  3.1860225362E-01  5.1581149532E+01
  3.2825686737E-01  5.1553587299E+01
  3.3791148112E-01  5.1526575276E+01
  3.4756609486E-01  5.1500198920E+01
  3.5722070861E-01  5.1474541242E+01
  3.6687532236E-01  5.1449682505E+01
  3.7652993610E-01  5.1425699928E+01
  3.8618454985E-01  5.1402667418E+01
  3.9583916359E-01  5.1380655325E+01
  4.0549377734E-01  5.1359730214E+01
  4.1514839109E-01  5.1339954669E+01
  4.2480300483E-01  5.1321387127E+01
  4.3445761858E-01  5.1304081728E+01
  4.4411223232E-01  5.1288088209E+01
  4.5376684607E-01  5.1273451814E+01
  4.6342145982E-01  5.1260213239E+01
  4.7307607356E-01  5.1248408599E+01
  4.8273068731E-01  5.1238069429E+01
  4.9238530106E-01  5.1229222700E+01
  5.0203991480E-01  5.1218716493E+01
  5.1169452855E-01  5.1206401461E+01
  5.2134914229E-01  5.1195202028E+01
  5.3100375604E-01  5.1185072129E+01
  5.4065836979E-01  5.1175958501E+01
  5.5031298353E-01  5.1167800888E+01
  5.5996759728E-01  5.1160532287E+01
  5.6962221103E-01  5.1154079223E+01
  5.7927682477E-01  5.1148362049E+01
  5.8893143852E-01  5.1143295270E+01
  5.9858605226E-01  5.1138787895E+01
  6.0824066601E-01  5.1134743809E+01
  6.1789527976E-01  5.1131062160E+01
  6.2754989350E-01  5.1127637765E+01
  6.3720450725E-01  5.1124361537E+01
  6.4685912099E-01  5.1121120911E+01
  6.5651373474E-01  5.1117800294E+01
  6.6616834849E-01  5.1114281514E+01
  6.7582296223E-01  5.1110444280E+01
  6.8547757598E-01  5.1106166646E+01
  6.9513218973E-01  5.1101325475E+01
  7.0478680347E-01  5.1095796913E+01
  7.1444141722E-01  5.1089456853E+01
  7.2409603096E-01  5.1082181408E+01
  7.3375064471E-01  5.1073847374E+01
  7.4340525846E-01  5.1064332699E+01
  7.5305987220E-01  5.1053516944E+01
  7.6271448595E-01  5.1041281737E+01
  7.7236909970E-01  5.1027511238E+01
  7.8202371344E-01  5.1012092581E+01
  7.9167832719E-01  5.0994916328E+01
  8.0133294093E-01  5.0975876909E+01
  8.1098755468E-01  5.0954873067E+01
  8.2064216843E-01  5.0931808291E+01
  8.3029678217E-01  5.0906591257E+01
  8.3995139592E-01  5.0879136258E+01
  8.4960600966E-01  5.0849363636E+01
  8.5926062341E-01  5.0817200217E+01
  8.6891523716E-01  5.0782579740E+01
  8.7856985090E-01  5.0745443292E+01
  8.8822446465E-01  5.0705739743E+01
  8.9787907840E-01  5.0663426185E+01
  9.0753369214E-01  5.0618468372E+01
  9.1718830589E-01  5.0570841168E+01
  9.2684291963E-01  5.0520528998E+01
  9.3649753338E-01  5.0467526305E+01
  9.4615214713E-01  5.0411838016E+01
  9.5580676087E-01  5.0353480007E+01
  9.5580676087E-01  5.0353480007E+01
  9.6269107812E-01  5.0352701440E+01
  9.6957539537E-01  5.0350369161E+01
  9.7645971262E-01  5.0346493371E+01
  9.8334402986E-01  5.0341090846E+01
  9.9022834711E-01  5.0334184615E+01
  9.9711266436E-01  5.0325803529E+01
  1.0039969816E+00  5.0315981747E+01
  1.0108812989E+00  5.0304758144E+01
  1.0177656161E+00  5.0292175697E+01
  1.0246499333E+00  5.0278280837E+01
  1.0315342506E+00  5.0263122812E+01
  1.0384185678E+00  5.0246753070E+01
  1.0453028851E+00  5.0229224676E+01
  1.0521872023E+00  5.0210591781E+01
  1.0590715196E+00  5.0190909139E+01
  1.0659558368E+00  5.0170231687E+01
  1.0728401541E+00  5.0148614187E+01
  1.0797244713E+00  5.0126110919E+01
  1.0866087886E+00  5.0102775437E+01
  1.0934931058E+00  5.0078660370E+01
  1.1003774231E+00  5.0053817275E+01
  1.1072617403E+00  5.0028296527E+01
  1.1141460576E+00  5.0002147242E+01
  1.1210303748E+00  4.9975417235E+01
  1.1279146921E+00  4.9948152998E+01
  1.1347990093E+00  4.9920399699E+01
  1.1416833266E+00  4.9892201199E+01
  1.1485676438E+00  4.9863600076E+01
  1.1554519610E+00  4.9834637666E+01
  1.1623362783E+00  4.9805354098E+01
  1.1692205955E+00  4.9775788346E+01
  1.1761049128E+00  4.9745978274E+01
  1.1829892300E+00  4.9715960685E+01
  1.1898735473E+00  4.9685771367E+01
  1.1967578645E+00  4.9655445145E+01
  1.2036421818E+00  4.9625015915E+01
  1.2105264990E+00  4.9594516695E+01
  1.2174108163E+00  4.9563979656E+01
  1.2242951335E+00  4.9533436156E+01
  1.2311794508E+00  4.9502916773E+01
  1.2380637680E+00  4.9472451330E+01
  1.2449480853E+00  4.9442068918E+01
  1.2518324025E+00  4.9411797914E+01
  1.2587167198E+00  4.9381665994E+01
  1.2656010370E+00  4.9351700152E+01
  1.2724853543E+00  4.9321926699E+01
  1.2793696715E+00  4.9292371276E+01
  1.2862539887E+00  4.9263058851E+01
  1.2931383060E+00  4.9234013723E+01
  1.3000226232E+00  4.9205259515E+01
  1.3069069405E+00  4.9176819173E+01
  1.3137912577E+00  4.9148714957E+01
  1.3206755750E+00  4.9120968434E+01
  1.3275598922E+00  4.9093600467E+01
  1.3344442095E+00  4.9066631206E+01
  1.3413285267E+00  4.9040080075E+01
  1.3482128440E+00  4.9013965762E+01
  1.3550971612E+00  4.8988306206E+01
  1.3619814785E+00  4.8963118585E+01
  1.3688657957E+00  4.8938419306E+01
  1.3757501130E+00  4.8914223996E+01
  1.3826344302E+00  4.8890547490E+01
  1.3895187475E+00  4.8867403825E+01
  1.3964030647E+00  4.8844806234E+01
  1.4032873820E+00  4.8822767143E+01
  1.4101716992E+00  4.8801298167E+01
  1.4170560164E+00  4.8780410114E+01
  1.4239403337E+00  4.8760112985E+01
  1.4308246509E+00  4.8740415985E+01
  1.4377089682E+00  4.8721327527E+01
  1.4445932854E+00  4.8702855251E+01
  1.4514776027E+00  4.8685006034E+01
  1.4583619199E+00  4.8667786013E+01
  1.4652462372E+00  4.8651200604E+01
  1.4721305544E+00  4.8635254533E+01
  1.4790148717E+00  4.8619951859E+01
  1.4858991889E+00  4.8605296009E+01
  1.4927835062E+00  4.8591289813E+01
  1.4996678234E+00  4.8577935540E+01
  1.5065521407E+00  4.8565234937E+01
  1.5134364579E+00  4.8553189272E+01
  1.5203207752E+00  4.8541799377E+01
  1.5272050924E+00  4.8531065690E+01
  1.5340894097E+00  4.8520988308E+01
  1.5409737269E+00  4.8511567024E+01
  1.5478580441E+00  4.8502801378E+01
  1.5547423614E+00  4.8494690705E+01
  1.5616266786E+00  4.8487234176E+01
  1.5685109959E+00  4.8480430842E+01
  1.5753953131E+00  4.8474279681E+01
  1.5822796304E+00  4.8468779634E+01
  1.5891639476E+00  4.8463929643E+01
  1.5960482649E+00  4.8459728689E+01
  1.6029325821E+00  4.8456175820E+01
  1.6098168994E+00  4.8453270182E+01
  1.6167012166E+00  4.8451011040E+01
  1.6235855339E+00  4.8449397805E+01
  1.6304698511E+00  4.8448430040E+01
  1.6373541684E+00  4.8448107482E+01
  1.6373541684E+00  4.8448107482E+01
  1.6492118828E+00  4.8450113720E+01
  1.6610695971E+00  4.8456096102E+01
  1.6729273115E+00  4.8465948170E+01
  1.6847850259E+00  4.8479500588E+01
  1.6966427403E+00  4.8496532049E+01
  1.7085004547E+00  4.8516782426E+01
  1.7203581691E+00  4.8539966614E+01
  1.7322158835E+00  4.8565787750E+01
  1.7440735979E+00  4.8593948831E+01
  1.7559313123E+00  4.8624162178E+01
  1.7677890267E+00  4.8656156580E+01
  1.7796467410E+00  4.8689682212E+01
  1.7915044554E+00  4.8724513606E+01
  1.8033621698E+00  4.8760451040E+01
  1.8152198842E+00  4.8797320698E+01
  1.8270775986E+00  4.8834973943E+01
  1.8389353130E+00  4.8873285988E+01
  1.8507930274E+00  4.8912154180E+01
  1.8626507418E+00  4.8951496087E+01
  1.8745084562E+00  4.8991247489E+01
  1.8863661706E+00  4.9031360376E+01
  1.8982238849E+00  4.9071801003E+01
  1.9100815993E+00  4.9112548044E+01
  1.9219393137E+00  4.9153590849E+01
  1.9337970281E+00  4.9194927834E+01
  1.9456547425E+00  4.9236564984E+01
  1.9575124569E+00  4.9278514483E+01
  1.9693701713E+00  4.9320793452E+01
  1.9812278857E+00  4.9363422798E+01
  1.9930856001E+00  4.9406426156E+01
  2.0049433145E+00  4.9449828930E+01
  2.0168010288E+00  4.9493657413E+01
  2.0286587432E+00  4.9537937987E+01
  2.0405164576E+00  4.9582696400E+01
  2.0523741720E+00  4.9627957112E+01
  2.0642318864E+00  4.9673742710E+01
  2.0760896008E+00  4.9720073387E+01
  2.0879473152E+00  4.9766966484E+01
  2.0998050296E+00  4.9814436106E+01
  2.1116627440E+00  4.9862492784E+01
  2.1235204583E+00  4.9911143214E+01
  2.1353781727E+00  4.9960390049E+01
  2.1472358871E+00  5.0010231758E+01
  2.1590936015E+00  5.0060662538E+01
  2.1709513159E+00  5.0111672289E+01
  2.1828090303E+00  5.0163246638E+01
  2.1946667447E+00  5.0215367017E+01
  2.2065244591E+00  5.0268010790E+01
  2.2183821735E+00  5.0321151414E+01
  2.2302398879E+00  5.0374758643E+01
  2.2420976022E+00  5.0428798747E+01
  2.2539553166E+00  5.0483234769E+01
  2.2658130310E+00  5.0538026772E+01
  2.2776707454E+00  5.0593132104E+01
  2.2895284598E+00  5.0648505648E+01
  2.3013861742E+00  5.0704100051E+01
  2.3132438886E+00  5.0759865933E+01
  2.3251016030E+00  5.0815752056E+01
  2.3369593174E+00  5.0871705444E+01
  2.3488170318E+00  5.0927671452E+01
  2.3606747461E+00  5.0983593776E+01
  2.3725324605E+00  5.1039414387E+01
  2.3843901749E+00  5.1095073402E+01
  2.3962478893E+00  5.1150508872E+01
  2.4081056037E+00  5.1205656489E+01
  2.4199633181E+00  5.1260449210E+01
  2.4318210325E+00  5.1314816795E+01
  2.4436787469E+00  5.1368685239E+01
  2.4555364613E+00  5.1421976108E+01
  2.4673941757E+00  5.1474605741E+01
  2.4792518900E+00  5.1526484300E+01
  2.4911096044E+00  5.1577514621E+01
  2.5029673188E+00  5.1627590814E+01
  2.5148250332E+00  5.1676596528E+01
  2.5266827476E+00  5.1724402815E+01
  2.5385404620E+00  5.1770865523E+01
  2.5503981764E+00  5.1815822280E+01
  2.5622558908E+00  5.1859089375E+01
  2.5741136052E+00  5.1900459449E+01
  2.5859713196E+00  5.1939702000E+01
  2.5978290339E+00  5.1976570305E+01
  2.6096867483E+00  5.2010819697E+01
  2.6215444627E+00  5.2042240707E+01
  2.6334021771E+00  5.2070703050E+01
  2.6452598915E+00  5.2096193807E+01
  2.6571176059E+00  5.2118827009E+01
  2.6689753203E+00  5.2138815095E+01
  2.6808330347E+00  5.2156417089E+01
  2.6926907491E+00  5.2171889291E+01
  2.7045484635E+00  5.2185454525E+01
  2.7164061778E+00  5.2197290811E+01
  2.7282638922E+00  5.2207532643E+01
  2.7401216066E+00  5.2216277882E+01
  2.7519793210E+00  5.2223595859E+01
  2.7638370354E+00  5.2229534645E+01
  2.7756947498E+00  5.2234126859E+01
  2.7875524642E+00  5.2237393988E+01
  2.7994101786E+00  5.2239349428E+01
  2.8112678930E+00  5.2240000471E+01
  2.8112678930E+00  5.2240000471E+01
  2.8181522102E+00  5.2240157983E+01
  2.8250365275E+00  5.2240630180E+01
  2.8319208447E+00  5.2241416047E+01
  2.8388051619E+00  5.2242513895E+01
  2.8456894792E+00  5.2243921365E+01
  2.8525737964E+00  5.2245635435E+01
  2.8594581137E+00  5.2247652431E+01
  2.8663424309E+00  5.2249968029E+01
  2.8732267482E+00  5.2252577275E+01
  2.8801110654E+00  5.2255474595E+01
  2.8869953827E+00  5.2258653808E+01
  2.8938796999E+00  5.2262108144E+01
  2.9007640172E+00  5.2265830264E+01
  2.9076483344E+00  5.2269812276E+01
  2.9145326517E+00  5.2274045758E+01
  2.9214169689E+00  5.2278521779E+01
  2.9283012862E+00  5.2283230925E+01
  2.9351856034E+00  5.2288163319E+01
  2.9420699207E+00  5.2293308653E+01
  2.9489542379E+00  5.2298656208E+01
  2.9558385552E+00  5.2304194888E+01
  2.9627228724E+00  5.2309913245E+01
  2.9696071896E+00  5.2315799509E+01
  2.9764915069E+00  5.2308183234E+01
  2.9833758241E+00  5.2296509205E+01
  2.9902601414E+00  5.2284411719E+01
  2.9971444586E+00  5.2271896872E+01
  3.0040287759E+00  5.2258970948E+01
  3.0109130931E+00  5.2245640414E+01
  3.0177974104E+00  5.2231911915E+01
  3.0246817276E+00  5.2217792266E+01
  3.0315660449E+00  5.2203288450E+01
  3.0384503621E+00  5.2188407609E+01
  3.0453346794E+00  5.2173157040E+01
  3.0522189966E+00  5.2157544189E+01
  3.0591033139E+00  5.2141576641E+01
  3.0659876311E+00  5.2125262123E+01
  3.0728719484E+00  5.2108608488E+01
  3.0797562656E+00  5.2091623713E+01
  3.0866405829E+00  5.2074315897E+01
  3.0935249001E+00  5.2056693246E+01
  3.1004092174E+00  5.2038764074E+01
  3.1072935346E+00  5.2020536794E+01
  3.1141778518E+00  5.2002019913E+01
  3.1210621691E+00  5.1983222024E+01
  3.1279464863E+00  5.1985241771E+01
  3.1348308036E+00  5.2001973956E+01
  3.1417151208E+00  5.2018390817E+01
  3.1485994381E+00  5.2034472312E+01
  3.1554837553E+00  5.2050197970E+01
  3.1623680726E+00  5.2065546182E+01
  3.1692523898E+00  5.2080493191E+01
  3.1761367071E+00  5.2095011574E+01
  3.1830210243E+00  5.2109067969E+01
  3.1899053416E+00  5.2122619502E+01
  3.1967896588E+00  5.2135608054E+01
  3.2036739761E+00  5.2147950678E+01
  3.2105582933E+00  5.2159522995E+01
  3.2174426106E+00  5.2170129251E+01
  3.2243269278E+00  5.2179446519E+01
  3.2312112451E+00  5.2186919324E+01
  3.2380955623E+00  5.2191570984E+01
  3.2449798795E+00  5.2191748950E+01
  3.2518641968E+00  5.2185149726E+01
  3.2587485140E+00  5.2169955747E+01
  3.2656328313E+00  5.2146488304E+01
  3.2725171485E+00  5.2116750203E+01
  3.2794014658E+00  5.2082717077E+01
  3.2862857830E+00  5.2045685619E+01
  3.2931701003E+00  5.2006405770E+01
  3.3000544175E+00  5.1965305158E+01
  3.3069387348E+00  5.1922633843E+01
  3.3138230520E+00  5.1878543268E+01
  3.3207073693E+00  5.1833128369E+01
  3.3275916865E+00  5.1786450517E+01
  3.3344760038E+00  5.1738550462E+01
  3.3413603210E+00  5.1689455922E+01
  3.3482446383E+00  5.1639186183E+01
  3.3551289555E+00  5.1587754988E+01
  3.3620132728E+00  5.1535172402E+01
  3.3688975900E+00  5.1481446052E+01
  3.3757819072E+00  5.1426581968E+01
  3.3826662245E+00  5.1370585157E+01
  3.3895505417E+00  5.1313460019E+01
  3.3964348590E+00  5.1255210637E+01
  3.4033191762E+00  5.1195840984E+01
  3.4102034935E+00  5.1135355084E+01
  3.4170878107E+00  5.1073757118E+01
  3.4239721280E+00  5.1014343418E+01
  3.4308564452E+00  5.0992151757E+01
  3.4377407625E+00  5.0970078986E+01
  3.4446250797E+00  5.0948132396E+01
  3.4515093970E+00  5.0926319174E+01
  3.4583937142E+00  5.0904646394E+01
  3.4652780315E+00  5.0883121012E+01
  3.4721623487E+00  5.0861749870E+01
  3.4790466660E+00  5.0840539689E+01
  3.4859309832E+00  5.0819497063E+01
  3.4928153005E+00  5.0798628463E+01
  3.4928153005E+00  5.0798628463E+01
  3.5024699142E+00  5.0801178479E+01
  3.5121245279E+00  5.0808508539E+01
  3.5217791417E+00  5.0819772298E+01
  3.5314337554E+00  5.0833851437E+01
  3.5410883692E+00  5.0849592810E+01
  3.5507429829E+00  5.0865945068E+01
  3.5603975967E+00  5.0882003055E+01
  3.5700522104E+00  5.0897000878E+01
  3.5797068242E+00  5.0910286811E+01
  3.5893614379E+00  5.0921297476E+01
  3.5990160517E+00  5.0929538041E+01
  3.6086706654E+00  5.0934569951E+01
  3.6183252792E+00  5.0936005510E+01
  3.6279798929E+00  5.0933507915E+01
  3.6376345066E+00  5.0926795005E+01
  3.6472891204E+00  5.0915644917E+01
  3.6569437341E+00  5.0899901826E+01
  3.6665983479E+00  5.0879480195E+01
  3.6762529616E+00  5.0854366375E+01
  3.6859075754E+00  5.0824616999E+01
  3.6955621891E+00  5.0790354256E+01
  3.7052168029E+00  5.0751758647E+01
  3.7148714166E+00  5.0709060177E+01
  3.7245260304E+00  5.0662528945E+01
  3.7341806441E+00  5.0612466009E+01
  3.7438352579E+00  5.0559195098E+01
  3.7534898716E+00  5.0503055477E+01
  3.7631444853E+00  5.0444396017E+01
  3.7727990991E+00  5.0383570355E+01
  3.7824537128E+00  5.0320932908E+01
  3.7921083266E+00  5.0256835501E+01
  3.8017629403E+00  5.0191624368E+01
  3.8114175541E+00  5.0125637327E+01
  3.8210721678E+00  5.0059201027E+01
  3.8307267816E+00  4.9992628195E+01
  3.8403813953E+00  4.9926214908E+01
  3.8500360091E+00  4.9860237974E+01
  3.8596906228E+00  4.9794952529E+01
  3.8693452366E+00  4.9730589994E+01
  3.8789998503E+00  4.9667356533E+01
  3.8886544640E+00  4.9605432107E+01
  3.8983090778E+00  4.9544970210E+01
  3.9079636915E+00  4.9486098272E+01
  3.9176183053E+00  4.9428918712E+01
  3.9272729190E+00  4.9373510534E+01
  3.9369275328E+00  4.9319931348E+01
  3.9465821465E+00  4.9268219666E+01
  3.9562367603E+00  4.9218397355E+01
  3.9658913740E+00  4.9170472090E+01
  3.9755459878E+00  4.9124439727E+01
  3.9852006015E+00  4.9080286504E+01
  3.9948552153E+00  4.9037991026E+01
  4.0045098290E+00  4.8997526000E+01
  4.0141644427E+00  4.8958859723E+01
  4.0238190565E+00  4.8921957319E+01
  4.0334736702E+00  4.8886781754E+01
  4.0431282840E+00  4.8853294644E+01
  4.0527828977E+00  4.8821456885E+01
  4.0624375115E+00  4.8791229131E+01
  4.0720921252E+00  4.8762572147E+01
  4.0817467390E+00  4.8735447051E+01
  4.0914013527E+00  4.8709815472E+01
  4.1010559665E+00  4.8685639637E+01
  4.1107105802E+00  4.8662882402E+01
  4.1203651940E+00  4.8641507233E+01
  4.1300198077E+00  4.8621478146E+01
  4.1396744214E+00  4.8602759619E+01
  4.1493290352E+00  4.8585316472E+01
  4.1589836489E+00  4.8569113726E+01
  4.1686382627E+00  4.8554116433E+01
  4.1782928764E+00  4.8540289494E+01
  4.1879474902E+00  4.8527597457E+01
  4.1976021039E+00  4.8516004297E+01
  4.2072567177E+00  4.8505473187E+01
  4.2169113314E+00  4.8495966262E+01
  4.2265659452E+00  4.8487444376E+01
  4.2362205589E+00  4.8479866866E+01
  4.2458751727E+00  4.8473191323E+01
  4.2555297864E+00  4.8467373386E+01
  4.2651844001E+00  4.8462366567E+01
  4.2748390139E+00  4.8458122120E+01
  4.2844936276E+00  4.8454588968E+01
  4.2941482414E+00  4.8451713700E+01
  4.3038028551E+00  4.8449440661E+01
  4.3134574689E+00  4.8447712132E+01
  4.3231120826E+00  4.8446468632E+01
  4.3327666964E+00  4.8445649337E+01
  4.3424213101E+00  4.8445192619E+01
  4.3520759239E+00  4.8445036712E+01
  4.3617305376E+00  4.8445120496E+01
  4.3713851514E+00  4.8445384372E+01
  4.3810397651E+00  4.8445771227E+01
  4.3906943788E+00  4.8446227440E+01
  4.4003489926E+00  4.8446703910E+01
  4.4100036063E+00  4.8447157055E+01
  4.4196582201E+00  4.8447549758E+01
  4.4293128338E+00  4.8447852196E+01
  4.4389674476E+00  4.8448042542E+01
  4.4486220613E+00  4.8448107482E+01

  0.0000000000E+00  5.2449235301E+01
  9.6546137462E-03  5.2448265447E+01
  1.9309227492E-02  5.2445359087E+01
  2.8963841239E-02  5.2440525817E+01
  3.8618454985E-02  5.2433781590E+01
  4.8273068731E-02  5.2425148668E+01
  5.7927682477E-02  5.2414655540E+01
  6.7582296223E-02  5.2402336828E+01
  7.7236909970E-02  5.2388233164E+01
  8.6891523716E-02  5.2372391050E+01
  9.6546137462E-02  5.2354862696E+01
  1.0620075121E-01  5.2335705835E+01
  1.1585536495E-01  5.2314983514E+01
  1.2550997870E-01  5.2292763873E+01
  1.3516459245E-01  5.2269119894E+01
  1.4481920619E-01  5.2244129132E+01
  1.5447381994E-01  5.2217873431E+01
  1.6412843369E-01  5.2190438612E+01
  1.7378304743E-01  5.2161914146E+01
  1.8343766118E-01  5.2132392812E+01
  1.9309227492E-01  5.2101970332E+01
  2.0274688867E-01  5.2070744990E+01
  2.1240150242E-01  5.2038817237E+01
  2.2205611616E-01  5.2006289281E+01
  2.3171072991E-01  5.1973264663E+01
  2.4136534365E-01  5.1939847819E+01
  2.5101995740E-01  5.1906143635E+01
  2.6067457115E-01  5.1872256990E+01
  2.7032918489E-01  5.1838292297E+01
  2.7998379864E-01  5.1804353030E+01
  2.8963841239E-01  5.1770541255E+01
  2.9929302613E-01  5.1736957162E+01
  3.0894763988E-01  5.1703698589E+01
  3.1860225362E-01  5.1670860561E+01
  3.2825686737E-01  5.1638534828E+01
  3.3791148112E-01  5.1606809415E+01
  3.4756609486E-01  5.1575768185E+01
  3.5722070861E-01  5.1545490411E+01
  3.6687532236E-01  5.1516050371E+01
  3.7652993610E-01  5.1487516961E+01
  3.8618454985E-01  5.1459953326E+01
  3.9583916359E-01  5.1433416524E+01
  4.0549377734E-01  5.1407957206E+01
  4.1514839109E-01  5.1383619334E+01
  4.2480300483E-01  5.1360439924E+01
  4.3445761858E-01  5.1338448827E+01
  4.4411223232E-01  5.1317668539E+01
  4.5376684607E-01  5.1298114053E+01
  4.6342145982E-01  5.1279792737E+01
  4.7307607356E-01  5.1262704261E+01
  4.8273068731E-01  5.1246840555E+01
  4.9238530106E-01  5.1232185806E+01
  5.0203991480E-01  5.1221890865E+01
  5.1169452855E-01  5.1216091922E+01
  5.2134914229E-01  5.1211839497E+01
  5.3100375604E-01  5.1209142940E+01
  5.4065836979E-01  5.1208007442E+01
  5.5031298353E-01  5.1208434150E+01
  5.5996759728E-01  5.1210420305E+01
  5.6962221103E-01  5.1213959375E+01
  5.7927682477E-01  5.1219041195E+01
  5.8893143852E-01  5.1225652110E+01
  5.9858605226E-01  5.1233775116E+01
  6.0824066601E-01  5.1243389998E+01
  6.1789527976E-01  5.1254473463E+01
  6.2754989350E-01  5.1266999271E+01
  6.3720450725E-01  5.1280938355E+01
  6.4685912099E-01  5.1296258939E+01
  6.5651373474E-01  5.1312926645E+01
  6.6616834849E-01  5.1330904592E+01
  6.7582296223E-01  5.1350153493E+01
  6.8547757598E-01  5.1370631739E+01
  6.9513218973E-01  5.1392295479E+01
  7.0478680347E-01  5.1415098698E+01
  7.1444141722E-01  5.1438993290E+01
  7.2409603096E-01  5.1463929126E+01
  7.3375064471E-01  5.1489854126E+01
  7.4340525846E-01  5.1516714335E+01
  7.5305987220E-01  5.1544453995E+01
  7.6271448595E-01  5.1573015629E+01
  7.7236909970E-01  5.1602340137E+01
  7.8202371344E-01  5.1632366894E+01
  7.9167832719E-01  5.1663033865E+01
  8.0133294093E-01  5.1694277734E+01
  8.1098755468E-01  5.1726034052E+01
  8.2064216843E-01  5.1758237396E+01
  8.3029678217E-01  5.1790821550E+01
  8.3995139592E-01  5.1823719705E+01
  8.4960600966E-01  5.1856864677E+01
  8.5926062341E-01  5.1890189140E+01
  8.6891523716E-01  5.1923625882E+01
  8.7856985090E-01  5.1957108073E+01
  8.8822446465E-01  5.1990569541E+01
  8.9787907840E-01  5.2023945075E+01
  9.0753369214E-01  5.2057170714E+01
  9.1718830589E-01  5.2090184059E+01
  9.2684291963E-01  5.2122924575E+01
  9.3649753338E-01  5.2155333896E+01
  9.4615214713E-01  5.2187356115E+01
  9.5580676087E-01  5.2218938073E+01
  9.5580676087E-01  5.2218938073E+01
  9.6269107812E-01  5.2219476119E+01
  9.6957539537E-01  5.2221087151E+01
  9.7645971262E-01  5.2223761918E+01
  9.8334402986E-01  5.2227485225E+01
  9.9022834711E-01  5.2232236252E+01
  9.9711266436E-01  5.2237988986E+01
  1.0039969816E+00  5.2244712728E+01
  1.0108812989E+00  5.2252372679E+01
  1.0177656161E+00  5.2260930551E+01
  1.0246499333E+00  5.2270345209E+01
  1.0315342506E+00  5.2280573299E+01
  1.0384185678E+00  5.2291569857E+01
  1.0453028851E+00  5.2303288884E+01
  1.0521872023E+00  5.2315683868E+01
  1.0590715196E+00  5.2328708254E+01
  1.0659558368E+00  5.2342315854E+01
  1.0728401541E+00  5.2356461196E+01
  1.0797244713E+00  5.2371099812E+01
  1.0866087886E+00  5.2386188474E+01
  1.0934931058E+00  5.2401685374E+01
  1.1003774231E+00  5.2417550260E+01
  1.1072617403E+00  5.2433744527E+01
  1.1141460576E+00  5.2450231279E+01
  1.1210303748E+00  5.2466975354E+01
  1.1279146921E+00  5.2483943324E+01
  1.1347990093E+00  5.2501103482E+01
  1.1416833266E+00  5.2518425803E+01
  1.1485676438E+00  5.2535881898E+01
  1.1554519610E+00  5.2553444957E+01
  1.1623362783E+00  5.2571089685E+01
  1.1692205955E+00  5.2588792235E+01
  1.1761049128E+00  5.2606530133E+01
  1.1829892300E+00  5.2624282209E+01
  1.1898735473E+00  5.2642028523E+01
  1.1967578645E+00  5.2659750295E+01
  1.2036421818E+00  5.2677429831E+01
  1.2105264990E+00  5.2695050462E+01
  1.2174108163E+00  5.2712596472E+01
  1.2242951335E+00  5.2730053040E+01
  1.2311794508E+00  5.2747406183E+01
  1.2380637680E+00  5.2764642694E+01
  1.2449480853E+00  5.2781750095E+01
  1.2518324025E+00  5.2798716585E+01
  1.2587167198E+00  5.2815530994E+01
  1.2656010370E+00  5.2832182741E+01
  1.2724853543E+00  5.2848661793E+01
  1.2793696715E+00  5.2864958627E+01
  1.2862539887E+00  5.2881064198E+01
  1.2931383060E+00  5.2896969903E+01
  1.3000226232E+00  5.2912667554E+01
  1.3069069405E+00  5.2928149351E+01
  1.3137912577E+00  5.2943407855E+01
  1.3206755750E+00  5.2958435965E+01
  1.3275598922E+00  5.2973226897E+01
  1.3344442095E+00  5.2987774166E+01
  1.3413285267E+00  5.3002071566E+01
  1.3482128440E+00  5.3016113153E+01
  1.3550971612E+00  5.3029893232E+01
  1.3619814785E+00  5.3043406342E+01
  1.3688657957E+00  5.3056647244E+01
  1.3757501130E+00  5.3069610908E+01
  1.3826344302E+00  5.3082292504E+01
  1.3895187475E+00  5.3094687395E+01
  1.3964030647E+00  5.3106791122E+01
  1.4032873820E+00  5.3118599401E+01
  1.4101716992E+00  5.3130108115E+01
  1.4170560164E+00  5.3141313309E+01
  1.4239403337E+00  5.3152211179E+01
  1.4308246509E+00  5.3162798073E+01
  1.4377089682E+00  5.3173070482E+01
  1.4445932854E+00  5.3183025038E+01
  1.4514776027E+00  5.3192658510E+01
  1.4583619199E+00  5.3201967798E+01
  1.4652462372E+00  5.3210949934E+01
  1.4721305544E+00  5.3219602075E+01
  1.4790148717E+00  5.3227921506E+01
  1.4858991889E+00  5.3235905630E+01
  1.4927835062E+00  5.3243551974E+01
  1.4996678234E+00  5.3250858181E+01
  1.5065521407E+00  5.3257822013E+01
  1.5134364579E+00  5.3264441348E+01
  1.5203207752E+00  5.3270714175E+01
  1.5272050924E+00  5.3276638601E+01
  1.5340894097E+00  5.3282212842E+01
  1.5409737269E+00  5.3287435225E+01
  1.5478580441E+00  5.3292304192E+01
  1.5547423614E+00  5.3296818290E+01
  1.5616266786E+00  5.3300976179E+01
  1.5685109959E+00  5.3304776626E+01
  1.5753953131E+00  5.3308218506E+01
  1.5822796304E+00  5.3311300805E+01
  1.5891639476E+00  5.3314022613E+01
  1.5960482649E+00  5.3316383131E+01
  1.6029325821E+00  5.3318381665E+01
  1.6098168994E+00  5.3320017628E+01
  1.6167012166E+00  5.3321290540E+01
  1.6235855339E+00  5.3322200030E+01
  1.6304698511E+00  5.3322745830E+01
  1.6373541684E+00  5.3322927782E+01
  1.6373541684E+00  5.3322927782E+01
  1.6492118828E+00  5.3322508230E+01
  1.6610695971E+00  5.3321247165E+01
  1.6729273115E+00  5.3319137407E+01
  1.6847850259E+00  5.3316167164E+01
  1.6966427403E+00  5.3312320284E+01
  1.7085004547E+00  5.3307576603E+01
  1.7203581691E+00  5.3301912384E+01
  1.7322158835E+00  5.3295300830E+01
  1.7440735979E+00  5.3287712668E+01
  1.7559313123E+00  5.3279116793E+01
  1.7677890267E+00  5.3269480952E+01
  1.7796467410E+00  5.3258772472E+01
  1.7915044554E+00  5.3246958999E+01
  1.8033621698E+00  5.3234009258E+01
  1.8152198842E+00  5.3219893807E+01
  1.8270775986E+00  5.3204585776E+01
  1.8389353130E+00  5.3188061596E+01
  1.8507930274E+00  5.3170301682E+01
  1.8626507418E+00  5.3151291097E+01
  1.8745084562E+00  5.3131020157E+01
  1.8863661706E+00  5.3109484990E+01
  1.8982238849E+00  5.3086688048E+01
  1.9100815993E+00  5.3062638551E+01
  1.9219393137E+00  5.3037352878E+01
  1.9337970281E+00  5.3010854890E+01
  1.9456547425E+00  5.2983176193E+01
  1.9575124569E+00  5.2954356338E+01
  1.9693701713E+00  5.2924442948E+01
  1.9812278857E+00  5.2893491788E+01
  1.9930856001E+00  5.2861566761E+01
  2.0049433145E+00  5.2828739849E+01
  2.0168010288E+00  5.2795090975E+01
  2.0286587432E+00  5.2760707809E+01
  2.0405164576E+00  5.2725685497E+01
  2.0523741720E+00  5.2690126335E+01
  2.0642318864E+00  5.2654139357E+01
  2.0760896008E+00  5.2617839873E+01
  2.0879473152E+00  5.2581348919E+01
  2.0998050296E+00  5.2544792644E+01
  2.1116627440E+00  5.2508301624E+01
  2.1235204583E+00  5.2472010102E+01
  2.1353781727E+00  5.2436055157E+01
  2.1472358871E+00  5.2400575796E+01
  2.1590936015E+00  5.2365711990E+01
  2.1709513159E+00  5.2331603629E+01
  2.1828090303E+00  5.2298389430E+01
  2.1946667447E+00  5.2266205788E+01
  2.2065244591E+00  5.2235185588E+01
  2.2183821735E+00  5.2205456979E+01
  2.2302398879E+00  5.2177142143E+01
  2.2420976022E+00  5.2150356062E+01
  2.2539553166E+00  5.2125205298E+01
  2.2658130310E+00  5.2101786831E+01
  2.2776707454E+00  5.2080186951E+01
  2.2895284598E+00  5.2060480241E+01
  2.3013861742E+00  5.2042728682E+01
  2.3132438886E+00  5.2026980887E+01
  2.3251016030E+00  5.2013271510E+01
  2.3369593174E+00  5.2001620821E+01
  2.3488170318E+00  5.1992034504E+01
  2.3606747461E+00  5.1984503648E+01
  2.3725324605E+00  5.1979004985E+01
  2.3843901749E+00  5.1975501344E+01
  2.3962478893E+00  5.1973942351E+01
  2.4081056037E+00  5.1974265350E+01
  2.4199633181E+00  5.1976396557E+01
  2.4318210325E+00  5.1980252422E+01
  2.4436787469E+00  5.1985741211E+01
  2.4555364613E+00  5.1992764786E+01
  2.4673941757E+00  5.2001220589E+01
  2.4792518900E+00  5.2011003846E+01
  2.4911096044E+00  5.2022010009E+01
  2.5029673188E+00  5.2034137479E+01
  2.5148250332E+00  5.2047290664E+01
  2.5266827476E+00  5.2061383447E+01
  2.5385404620E+00  5.2076343087E+01
  2.5503981764E+00  5.2092114514E+01
  2.5622558908E+00  5.2108664680E+01
  2.5741136052E+00  5.2125986053E+01
  2.5859713196E+00  5.2144097240E+01
  2.5978290339E+00  5.2163037140E+01
  2.6096867483E+00  5.2182847675E+01
  2.6215444627E+00  5.2203541594E+01
  2.6334021771E+00  5.2225059372E+01
  2.6452598915E+00  5.2247231843E+01
  2.6571176059E+00  5.2269771370E+01
  2.6689753203E+00  5.2292301085E+01
  2.6808330347E+00  5.2314407339E+01
  2.6926907491E+00  5.2335689587E+01
  2.7045484635E+00  5.2355791659E+01
  2.7164061778E+00  5.2374413554E+01
  2.7282638922E+00  5.2391310570E+01
  2.7401216066E+00  5.2406286778E+01
  2.7519793210E+00  5.2419187236E+01
  2.7638370354E+00  5.2429890984E+01
  2.7756947498E+00  5.2438305463E+01
  2.7875524642E+00  5.2444362382E+01
  2.7994101786E+00  5.2448014812E+01
  2.8112678930E+00  5.2449235301E+01
  2.8112678930E+00  5.2449235301E+01
  2.8181522102E+00  5.2448984194E+01
  2.8250365275E+00  5.2448231007E+01
  2.8319208447E+00  5.2446976135E+01
  2.8388051619E+00  5.2445220239E+01
  2.8456894792E+00  5.2442964244E+01
  2.8525737964E+00  5.2440209334E+01
  2.8594581137E+00  5.2436956958E+01
  2.8663424309E+00  5.2433208824E+01
  2.8732267482E+00  5.2428966897E+01
  2.8801110654E+00  5.2424233400E+01
  2.8869953827E+00  5.2419010811E+01
  2.8938796999E+00  5.2413301858E+01
  2.9007640172E+00  5.2407109522E+01
  2.9076483344E+00  5.2400437027E+01
  2.9145326517E+00  5.2393287845E+01
  2.9214169689E+00  5.2385665687E+01
  2.9283012862E+00  5.2377574500E+01
  2.9351856034E+00  5.2369018469E+01
  2.9420699207E+00  5.2360002005E+01
  2.9489542379E+00  5.2350529748E+01
  2.9558385552E+00  5.2340606557E+01
  2.9627228724E+00  5.2330237512E+01
  2.9696071896E+00  5.2319427905E+01
  2.9764915069E+00  5.2321841618E+01
  2.9833758241E+00  5.2328027250E+01
  2.9902601414E+00  5.2334343853E+01
  2.9971444586E+00  5.2340778678E+01
  3.0040287759E+00  5.2347318806E+01
  3.0109130931E+00  5.2353951187E+01
  3.0177974104E+00  5.2360662669E+01
  3.0246817276E+00  5.2367440027E+01
  3.0315660449E+00  5.2374270002E+01
  3.0384503621E+00  5.2381139324E+01
  3.0453346794E+00  5.2388034754E+01
  3.0522189966E+00  5.2394943105E+01
  3.0591033139E+00  5.2401851280E+01
  3.0659876311E+00  5.2408746300E+01
  3.0728719484E+00  5.2415615331E+01
  3.0797562656E+00  5.2422445716E+01
  3.0866405829E+00  5.2429225003E+01
  3.0935249001E+00  5.2435940971E+01
  3.1004092174E+00  5.2442581656E+01
  3.1072935346E+00  5.2449135375E+01
  3.1141778518E+00  5.2455590755E+01
  3.1210621691E+00  5.2461936751E+01
  3.1279464863E+00  5.2468162670E+01
  3.1348308036E+00  5.2474258189E+01
  3.1417151208E+00  5.2480213379E+01
  3.1485994381E+00  5.2486018718E+01
  3.1554837553E+00  5.2491665111E+01
  3.1623680726E+00  5.2497143902E+01
  3.1692523898E+00  5.2502446890E+01
  3.1761367071E+00  5.2507566340E+01
  3.1830210243E+00  5.2512494993E+01
  3.1899053416E+00  5.2517226076E+01
  3.1967896588E+00  5.2521753308E+01
  3.2036739761E+00  5.2510718321E+01
  3.2105582933E+00  5.2481815679E+01
  3.2174426106E+00  5.2452655168E+01
  3.2243269278E+00  5.2423546552E+01
  3.2312112451E+00  5.2395033403E+01
  3.2380955623E+00  5.2368081738E+01
  3.2449798795E+00  5.2344334638E+01
  3.2518641968E+00  5.2326087293E+01
  3.2587485140E+00  5.2315150086E+01
  3.2656328313E+00  5.2311195621E+01
  3.2725171485E+00  5.2312216023E+01
  3.2794014658E+00  5.2316231580E+01
  3.2862857830E+00  5.2321942460E+01
  3.2931701003E+00  5.2328596480E+01
  3.3000544175E+00  5.2335764611E+01
  3.3069387348E+00  5.2343196191E+01
  3.3138230520E+00  5.2350739919E+01
  3.3207073693E+00  5.2358301696E+01
  3.3275916865E+00  5.2365821635E+01
  3.3344760038E+00  5.2373261066E+01
  3.3413603210E+00  5.2380594904E+01
  3.3482446383E+00  5.2387806996E+01
  3.3551289555E+00  5.2394887189E+01
  3.3620132728E+00  5.2401829423E+01
  3.3688975900E+00  5.2408630446E+01
  3.3757819072E+00  5.2415288937E+01
  3.3826662245E+00  5.2421804889E+01
  3.3895505417E+00  5.2428179161E+01
  3.3964348590E+00  5.2434413158E+01
  3.4033191762E+00  5.2440508584E+01
  3.4102034935E+00  5.2446467268E+01
  3.4170878107E+00  5.2452291020E+01
  3.4239721280E+00  5.2457981534E+01
  3.4308564452E+00  5.2463540304E+01
  3.4377407625E+00  5.2468968566E+01
  3.4446250797E+00  5.2474267254E+01
  3.4515093970E+00  5.2479436965E+01
  3.4583937142E+00  5.2484477941E+01
  3.4652780315E+00  5.2489390052E+01
  3.4721623487E+00  5.2494172790E+01
  3.4790466660E+00  5.2498825267E+01
  3.4859309832E+00  5.2503346218E+01
  3.4928153005E+00  5.2507734013E+01
  3.4928153005E+00  5.2507734013E+01
  3.5024699142E+00  5.2507071279E+01
  3.5121245279E+00  5.2505099638E+01
  3.5217791417E+00  5.2501868786E+01
  3.5314337554E+00  5.2497461557E+01
  3.5410883692E+00  5.2491993835E+01
  3.5507429829E+00  5.2485614215E+01
  3.5603975967E+00  5.2478503201E+01
  3.5700522104E+00  5.2470871669E+01
  3.5797068242E+00  5.2462958274E+01
  3.5893614379E+00  5.2455025463E+01
  3.5990160517E+00  5.2447353808E+01
  3.6086706654E+00  5.2440234484E+01
  3.6183252792E+00  5.2433959938E+01
  3.6279798929E+00  5.2428813108E+01
  3.6376345066E+00  5.2425055872E+01
  3.6472891204E+00  5.2422917777E+01
  3.6569437341E+00  5.2422586229E+01
  3.6665983479E+00  5.2424199293E+01
  3.6762529616E+00  5.2427841953E+01
  3.6859075754E+00  5.2433546159E+01
  3.6955621891E+00  5.2441294387E+01
  3.7052168029E+00  5.2451026002E+01
  3.7148714166E+00  5.2462645362E+01
  3.7245260304E+00  5.2476030594E+01
  3.7341806441E+00  5.2491042115E+01
  3.7438352579E+00  5.2507530238E+01
  3.7534898716E+00  5.2525341485E+01
  3.7631444853E+00  5.2544323499E+01
  3.7727990991E+00  5.2564328613E+01
  3.7824537128E+00  5.2585216238E+01
  3.7921083266E+00  5.2606854306E+01
  3.8017629403E+00  5.2629119957E+01
  3.8114175541E+00  5.2651899701E+01
  3.8210721678E+00  5.2675089197E+01
  3.8307267816E+00  5.2698592790E+01
  3.8403813953E+00  5.2722322910E+01
  3.8500360091E+00  5.2746199392E+01
  3.8596906228E+00  5.2770148783E+01
  3.8693452366E+00  5.2794103659E+01
  3.8789998503E+00  5.2818001978E+01
  3.8886544640E+00  5.2841786482E+01
  3.8983090778E+00  5.2865404146E+01
  3.9079636915E+00  5.2888805700E+01
  3.9176183053E+00  5.2911945188E+01
  3.9272729190E+00  5.2934779593E+01
  3.9369275328E+00  5.2957268515E+01
  3.9465821465E+00  5.2979373888E+01
  3.9562367603E+00  5.3001059749E+01
  3.9658913740E+00  5.3022292046E+01
  3.9755459878E+00  5.3043038481E+01
  3.9852006015E+00  5.3063268394E+01
  3.9948552153E+00  5.3082952671E+01
  4.0045098290E+00  5.3102063687E+01
  4.0141644427E+00  5.3120575273E+01
  4.0238190565E+00  5.3138462710E+01
  4.0334736702E+00  5.3155702742E+01
  4.0431282840E+00  5.3172273615E+01
  4.0527828977E+00  5.3188155129E+01
  4.0624375115E+00  5.3203328715E+01
  4.0720921252E+00  5.3217777520E+01
  4.0817467390E+00  5.3231486514E+01
  4.0914013527E+00  5.3244442601E+01
  4.1010559665E+00  5.3256634753E+01
  4.1107105802E+00  5.3268054140E+01
  4.1203651940E+00  5.3278694274E+01
  4.1300198077E+00  5.3288551161E+01
  4.1396744214E+00  5.3297623447E+01
  4.1493290352E+00  5.3305912571E+01
  4.1589836489E+00  5.3313422912E+01
  4.1686382627E+00  5.3320161932E+01
  4.1782928764E+00  5.3326140304E+01
  4.1879474902E+00  5.3331372039E+01
  4.1976021039E+00  5.3335874576E+01
  4.2072567177E+00  5.3339668871E+01
  4.2169113314E+00  5.3342779445E+01
  4.2265659452E+00  5.3345234410E+01
  4.2362205589E+00  5.3347065449E+01
  4.2458751727E+00  5.3348307767E+01
  4.2555297864E+00  5.3348999982E+01
  4.2651844001E+00  5.3349183981E+01
  4.2748390139E+00  5.3348904706E+01
  4.2844936276E+00  5.3348209890E+01
  4.2941482414E+00  5.3347149732E+01
  4.3038028551E+00  5.3345776506E+01
  4.3134574689E+00  5.3344144105E+01
  4.3231120826E+00  5.3342307535E+01
  4.3327666964E+00  5.3340322337E+01
  4.3424213101E+00  5.3338243967E+01
  4.3520759239E+00  5.3336127130E+01
  4.3617305376E+00  5.3334025075E+01
  4.3713851514E+00  5.3331988882E+01
  4.3810397651E+00  5.3330066723E+01
  4.3906943788E+00  5.3328303152E+01
  4.4003489926E+00  5.3326738407E+01
  4.4100036063E+00  5.3325407766E+01
  4.4196582201E+00  5.3324340963E+01
  4.4293128338E+00  5.3323561678E+01
  4.4389674476E+00  5.3323087132E+01
  4.4486220613E+00  5.3322927782E+01

  0.0000000000E+00  5.3230159585E+01
  9.6546137462E-03  5.3230108772E+01
  1.9309227492E-02  5.3229955604E+01
  2.8963841239E-02  5.3229697910E+01
  3.8618454985E-02  5.3229332135E+01
  4.8273068731E-02  5.3228853429E+01
  5.7927682477E-02  5.3228255775E+01
  6.7582296223E-02  5.3227532136E+01
  7.7236909970E-02  5.3226674628E+01
  8.6891523716E-02  5.3225674714E+01
  9.6546137462E-02  5.3224523398E+01
  1.0620075121E-01  5.3223211433E+01
  1.1585536495E-01  5.3221729523E+01
  1.2550997870E-01  5.3220068520E+01
  1.3516459245E-01  5.3218219610E+01
  1.4481920619E-01  5.3216174480E+01
  1.5447381994E-01  5.3213925478E+01
  1.6412843369E-01  5.3211465739E+01
  1.7378304743E-01  5.3208789302E+01
  1.8343766118E-01  5.3205891197E+01
  1.9309227492E-01  5.3202767515E+01
  2.0274688867E-01  5.3199415452E+01
  2.1240150242E-01  5.3195833338E+01
  2.2205611616E-01  5.3192020643E+01
  2.3171072991E-01  5.3187977965E+01
  2.4136534365E-01  5.3183707005E+01
  2.5101995740E-01  5.3179210525E+01
  2.6067457115E-01  5.3174492292E+01
  2.7032918489E-01  5.3169557018E+01
  2.7998379864E-01  5.3164410278E+01
  2.8963841239E-01  5.3159058433E+01
  2.9929302613E-01  5.3153508538E+01
  3.0894763988E-01  5.3147768247E+01
  3.1860225362E-01  5.3141845712E+01
  3.2825686737E-01  5.3135749480E+01
  3.3791148112E-01  5.3129488390E+01
  3.4756609486E-01  5.3123071458E+01
  3.5722070861E-01  5.3116507773E+01
  3.6687532236E-01  5.3109806383E+01
  3.7652993610E-01  5.3102976184E+01
  3.8618454985E-01  5.3096025812E+01
  3.9583916359E-01  5.3088963525E+01
  4.0549377734E-01  5.3081797102E+01
  4.1514839109E-01  5.3074533725E+01
  4.2480300483E-01  5.3067179877E+01
  4.3445761858E-01  5.3059741237E+01
  4.4411223232E-01  5.3052222571E+01
  4.5376684607E-01  5.3044627637E+01
  4.6342145982E-01  5.3036959087E+01
  4.7307607356E-01  5.3029218371E+01
  4.8273068731E-01  5.3021405651E+01
  4.9238530106E-01  5.3013519716E+01
  5.0203991480E-01  5.3005557904E+01
  5.1169452855E-01  5.2997516034E+01
  5.2134914229E-01  5.2989388338E+01
  5.3100375604E-01  5.2981167411E+01
  5.4065836979E-01  5.2972844161E+01
  5.5031298353E-01  5.2964407780E+01
  5.5996759728E-01  5.2955845714E+01
  5.6962221103E-01  5.2947143657E+01
  5.7927682477E-01  5.2938285553E+01
  5.8893143852E-01  5.2929253611E+01
  5.9858605226E-01  5.2920028340E+01
  6.0824066601E-01  5.2910588598E+01
  6.1789527976E-01  5.2900911658E+01
  6.2754989350E-01  5.2890973291E+01
  6.3720450725E-01  5.2880747871E+01
  6.4685912099E-01  5.2870208493E+01
  6.5651373474E-01  5.2859327119E+01
  6.6616834849E-01  5.2848074729E+01
  6.7582296223E-01  5.2836421507E+01
  6.8547757598E-01  5.2824337029E+01
  6.9513218973E-01  5.2811790483E+01
  7.0478680347E-01  5.2798750893E+01
  7.1444141722E-01  5.2785187366E+01
  7.2409603096E-01  5.2771069348E+01
  7.3375064471E-01  5.2756366892E+01
  7.4340525846E-01  5.2741050939E+01
  7.5305987220E-01  5.2725093597E+01
  7.6271448595E-01  5.2708468437E+01
  7.7236909970E-01  5.2691150775E+01
  7.8202371344E-01  5.2673117968E+01
  7.9167832719E-01  5.2654349690E+01
  8.0133294093E-01  5.2634828212E+01
  8.1098755468E-01  5.2614538665E+01
  8.2064216843E-01  5.2593469288E+01
  8.3029678217E-01  5.2571611660E+01
  8.3995139592E-01  5.2548960910E+01
  8.4960600966E-01  5.2525515904E+01
  8.5926062341E-01  5.2501279403E+01
  8.6891523716E-01  5.2476258193E+01
  8.7856985090E-01  5.2450463189E+01
  8.8822446465E-01  5.2423909495E+01
  8.9787907840E-01  5.2396616441E+01
  9.0753369214E-01  5.2368607575E+01
  9.1718830589E-01  5.2339910632E+01
  9.2684291963E-01  5.2310557452E+01
  9.3649753338E-01  5.2280583881E+01
  9.4615214713E-01  5.2250029623E+01
  9.5580676087E-01  5.2218938073E+01
  9.5580676087E-01  5.2218938073E+01
  9.6269107812E-01  5.2219476119E+01
  9.6957539537E-01  5.2221087151E+01
  9.7645971262E-01  5.2223761918E+01
  9.8334402986E-01  5.2227485225E+01
  9.9022834711E-01  5.2232236252E+01
  9.9711266436E-01  5.2237988986E+01
  1.0039969816E+00  5.2244712728E+01
  1.0108812989E+00  5.2252372679E+01
  1.0177656161E+00  5.2260930551E+01
  1.0246499333E+00  5.2270345209E+01
  1.0315342506E+00  5.2280573299E+01
  1.0384185678E+00  5.2291569857E+01
  1.0453028851E+00  5.2303288884E+01
  1.0521872023E+00  5.2315683868E+01
  1.0590715196E+00  5.2328708254E+01
  1.0659558368E+00  5.2342315854E+01
  1.0728401541E+00  5.2356461196E+01
  1.0797244713E+00  5.2371099812E+01
  1.0866087886E+00  5.2386188474E+01
  1.0934931058E+00  5.2401685374E+01
  1.1003774231E+00  5.2417550260E+01
  1.1072617403E+00  5.2433744527E+01
  1.1141460576E+00  5.2450231279E+01
  1.1210303748E+00  5.2466975354E+01
  1.1279146921E+00  5.2483943324E+01
  1.1347990093E+00  5.2501103482E+01
  1.1416833266E+00  5.2518425803E+01
  1.1485676438E+00  5.2535881898E+01
  1.1554519610E+00  5.2553444957E+01
  1.1623362783E+00  5.2571089685E+01
  1.1692205955E+00  5.2588792235E+01
  1.1761049128E+00  5.2606530133E+01
  1.1829892300E+00  5.2624282209E+01
  1.1898735473E+00  5.2642028523E+01
  1.1967578645E+00  5.2659750295E+01
  1.2036421818E+00  5.2677429831E+01
  1.2105264990E+00  5.2695050462E+01
  1.2174108163E+00  5.2712596472E+01
  1.2242951335E+00  5.2730053040E+01
  1.2311794508E+00  5.2747406183E+01
  1.2380637680E+00  5.2764642694E+01
  1.2449480853E+00  5.2781750095E+01
  1.2518324025E+00  5.2798716585E+01
  1.2587167198E+00  5.2815530994E+01
  1.2656010370E+00  5.2832182741E+01
  1.2724853543E+00  5.2848661793E+01
  1.2793696715E+00  5.2864958627E+01
  1.2862539887E+00  5.2881064198E+01
  1.2931383060E+00  5.2896969903E+01
  1.3000226232E+00  5.2912667554E+01
  1.3069069405E+00  5.2928149351E+01
  1.3137912577E+00  5.2943407855E+01
  1.3206755750E+00  5.2958435965E+01
  1.3275598922E+00  5.2973226897E+01
  1.3344442095E+00  5.2987774166E+01
  1.3413285267E+00  5.3002071566E+01
  1.3482128440E+00  5.3016113153E+01
  1.3550971612E+00  5.3029893232E+01
  1.3619814785E+00  5.3043406342E+01
  1.3688657957E+00  5.3056647244E+01
  1.3757501130E+00  5.3069610908E+01
  1.3826344302E+00  5.3082292504E+01
  1.3895187475E+00  5.3094687395E+01
  1.3964030647E+00  5.3106791122E+01
  1.4032873820E+00  5.3118599401E+01
  1.4101716992E+00  5.3130108115E+01
  1.4170560164E+00  5.3141313309E+01
  1.4239403337E+00  5.3152211179E+01
  1.4308246509E+00  5.3162798073E+01
  1.4377089682E+00  5.3173070482E+01
  1.4445932854E+00  5.3183025038E+01
  1.4514776027E+00  5.3192658510E+01
  1.4583619199E+00  5.3201967798E+01
  1.4652462372E+00  5.3210949934E+01
  1.4721305544E+00  5.3219602075E+01
  1.4790148717E+00  5.3227921506E+01
  1.4858991889E+00  5.3235905630E+01
  1.4927835062E+00  5.3243551974E+01
  1.4996678234E+00  5.3250858181E+01
  1.5065521407E+00  5.3257822013E+01
  1.5134364579E+00  5.3264441348E+01
  1.5203207752E+00  5.3270714175E+01
  1.5272050924E+00  5.3276638601E+01
  1.5340894097E+00  5.3282212842E+01
  1.5409737269E+00  5.3287435225E+01
  1.5478580441E+00  5.3292304192E+01
  1.5547423614E+00  5.3296818290E+01
  1.5616266786E+00  5.3300976179E+01
  1.5685109959E+00  5.3304776626E+01
  1.5753953131E+00  5.3308218506E+01
  1.5822796304E+00  5.3311300805E+01
  1.5891639476E+00  5.3314022613E+01
  1.5960482649E+00  5.3316383131E+01
  1.6029325821E+00  5.3318381665E+01
  1.6098168994E+00  5.3320017628E+01
  1.6167012166E+00  5.3321290540E+01
  1.6235855339E+00  5.3322200030E+01
  1.6304698511E+00  5.3322745830E+01
  1.6373541684E+00  5.3322927782E+01
  1.6373541684E+00  5.3322927782E+01
  1.6492118828E+00  5.3323301939E+01
  1.6610695971E+00  5.3324417607E+01
  1.6729273115E+00  5.3326254508E+01
  1.6847850259E+00  5.3328779308E+01
  1.6966427403E+00  5.3331946283E+01
  1.7085004547E+00  5.3335698219E+01
  1.7203581691E+00  5.3339967515E+01
  1.7322158835E+00  5.3344677442E+01
  1.7440735979E+00  5.3349743522E+01
  1.7559313123E+00  5.3355074992E+01
  1.7677890267E+00  5.3360576296E+01
  1.7796467410E+00  5.3366148591E+01
  1.7915044554E+00  5.3371691217E+01
  1.8033621698E+00  5.3377103113E+01
  1.8152198842E+00  5.3382284157E+01
  1.8270775986E+00  5.3387136424E+01
  1.8389353130E+00  5.3391565330E+01
  1.8507930274E+00  5.3395480685E+01
  1.8626507418E+00  5.3398797629E+01
  1.8745084562E+00  5.3401437470E+01
  1.8863661706E+00  5.3403328417E+01
  1.8982238849E+00  5.3404406220E+01
  1.9100815993E+00  5.3404614710E+01
  1.9219393137E+00  5.3403906262E+01
  1.9337970281E+00  5.3402242173E+01
  1.9456547425E+00  5.3399592964E+01
  1.9575124569E+00  5.3395938607E+01
  1.9693701713E+00  5.3391268689E+01
  1.9812278857E+00  5.3385582501E+01
  1.9930856001E+00  5.3378889065E+01
  2.0049433145E+00  5.3371207088E+01
  2.0168010288E+00  5.3362564859E+01
  2.0286587432E+00  5.3353000066E+01
  2.0405164576E+00  5.3342559547E+01
  2.0523741720E+00  5.3331298965E+01
  2.0642318864E+00  5.3319282411E+01
  2.0760896008E+00  5.3306581925E+01
  2.0879473152E+00  5.3293276936E+01
  2.0998050296E+00  5.3279453624E+01
  2.1116627440E+00  5.3265204193E+01
  2.1235204583E+00  5.3250626071E+01
  2.1353781727E+00  5.3235821020E+01
  2.1472358871E+00  5.3220894180E+01
  2.1590936015E+00  5.3205953036E+01
  2.1709513159E+00  5.3191106325E+01
  2.1828090303E+00  5.3176462896E+01
  2.1946667447E+00  5.3162130519E+01
  2.2065244591E+00  5.3148214688E+01
  2.2183821735E+00  5.3134817401E+01
  2.2302398879E+00  5.3122035966E+01
  2.2420976022E+00  5.3109961835E+01
  2.2539553166E+00  5.3098679494E+01
  2.2658130310E+00  5.3088265438E+01
  2.2776707454E+00  5.3078787244E+01
  2.2895284598E+00  5.3070302760E+01
  2.3013861742E+00  5.3062859446E+01
  2.3132438886E+00  5.3056493861E+01
  2.3251016030E+00  5.3051231324E+01
  2.3369593174E+00  5.3047085749E+01
  2.3488170318E+00  5.3044059659E+01
  2.3606747461E+00  5.3042144378E+01
  2.3725324605E+00  5.3041320393E+01
  2.3843901749E+00  5.3041557877E+01
  2.3962478893E+00  5.3042817355E+01
  2.4081056037E+00  5.3045050503E+01
  2.4199633181E+00  5.3048201041E+01
  2.4318210325E+00  5.3052205724E+01
  2.4436787469E+00  5.3056995386E+01
  2.4555364613E+00  5.3062496023E+01
  2.4673941757E+00  5.3068629897E+01
  2.4792518900E+00  5.3075316629E+01
  2.4911096044E+00  5.3082474280E+01
  2.5029673188E+00  5.3090020379E+01
  2.5148250332E+00  5.3097872912E+01
  2.5266827476E+00  5.3105951235E+01
  2.5385404620E+00  5.3114176920E+01
  2.5503981764E+00  5.3122474514E+01
  2.5622558908E+00  5.3130772208E+01
  2.5741136052E+00  5.3139002423E+01
  2.5859713196E+00  5.3147102284E+01
  2.5978290339E+00  5.3155014008E+01
  2.6096867483E+00  5.3162685187E+01
  2.6215444627E+00  5.3170068969E+01
  2.6334021771E+00  5.3177124140E+01
  2.6452598915E+00  5.3183815103E+01
  2.6571176059E+00  5.3190111763E+01
  2.6689753203E+00  5.3195989310E+01
  2.6808330347E+00  5.3201427916E+01
  2.6926907491E+00  5.3206412351E+01
  2.7045484635E+00  5.3210931515E+01
  2.7164061778E+00  5.3214977918E+01
  2.7282638922E+00  5.3218547109E+01
  2.7401216066E+00  5.3221637070E+01
  2.7519793210E+00  5.3224247615E+01
  2.7638370354E+00  5.3226379791E+01
  2.7756947498E+00  5.3228035318E+01
  2.7875524642E+00  5.3229216102E+01
  2.7994101786E+00  5.3229923814E+01
  2.8112678930E+00  5.3230159585E+01
  2.8112678930E+00  5.3230159585E+01
  2.8181522102E+00  5.3229974589E+01
  2.8250365275E+00  5.3229419482E+01
  2.8319208447E+00  5.3228493899E+01
  2.8388051619E+00  5.3227197235E+01
  2.8456894792E+00  5.3225528640E+01
  2.8525737964E+00  5.3223487016E+01
  2.8594581137E+00  5.3221071020E+01
  2.8663424309E+00  5.3218279053E+01
  2.8732267482E+00  5.3215109266E+01
  2.8801110654E+00  5.3211559549E+01
  2.8869953827E+00  5.3207627529E+01
  2.8938796999E+00  5.3203310568E+01
  2.9007640172E+00  5.3198605753E+01
  2.9076483344E+00  5.3193509895E+01
  2.9145326517E+00  5.3188019520E+01
  2.9214169689E+00  5.3182130866E+01
  2.9283012862E+00  5.3175839873E+01
  2.9351856034E+00  5.3169142180E+01
  2.9420699207E+00  5.3162033117E+01
  2.9489542379E+00  5.3154507700E+01
  2.9558385552E+00  5.3146560620E+01
  2.9627228724E+00  5.3138186242E+01
  2.9696071896E+00  5.3129378597E+01
  2.9764915069E+00  5.3120131374E+01
  2.9833758241E+00  5.3110437919E+01
  2.9902601414E+00  5.3100291226E+01
  2.9971444586E+00  5.3089683937E+01
  3.0040287759E+00  5.3078608337E+01
  3.0109130931E+00  5.3067056356E+01
  3.0177974104E+00  5.3055019563E+01
  3.0246817276E+00  5.3042489174E+01
  3.0315660449E+00  5.3029456051E+01
  3.0384503621E+00  5.3015910713E+01
  3.0453346794E+00  5.3001843340E+01
  3.0522189966E+00  5.2987243791E+01
  3.0591033139E+00  5.2972101617E+01
  3.0659876311E+00  5.2956406080E+01
  3.0728719484E+00  5.2940146188E+01
  3.0797562656E+00  5.2923310717E+01
  3.0866405829E+00  5.2905888265E+01
  3.0935249001E+00  5.2887867292E+01
  3.1004092174E+00  5.2869236193E+01
  3.1072935346E+00  5.2849983374E+01
  3.1141778518E+00  5.2830097352E+01
  3.1210621691E+00  5.2809566886E+01
  3.1279464863E+00  5.2788381136E+01
  3.1348308036E+00  5.2766529879E+01
  3.1417151208E+00  5.2744003786E+01
  3.1485994381E+00  5.2720794796E+01
  3.1554837553E+00  5.2696896636E+01
  3.1623680726E+00  5.2672305532E+01
  3.1692523898E+00  5.2647021244E+01
  3.1761367071E+00  5.2621048577E+01
  3.1830210243E+00  5.2594399664E+01
  3.1899053416E+00  5.2567097526E+01
  3.1967896588E+00  5.2539181804E+01
  3.2036739761E+00  5.2526070909E+01
  3.2105582933E+00  5.2530173599E+01
  3.2174426106E+00  5.2534056608E+01
  3.2243269278E+00  5.2537715669E+01
  3.2312112451E+00  5.2541147023E+01
  3.2380955623E+00  5.2544347416E+01
  3.2449798795E+00  5.2547314095E+01
  3.2518641968E+00  5.2550044801E+01
  3.2587485140E+00  5.2552537765E+01
  3.2656328313E+00  5.2554791698E+01
  3.2725171485E+00  5.2556805785E+01
  3.2794014658E+00  5.2558579667E+01
  3.2862857830E+00  5.2560113433E+01
  3.2931701003E+00  5.2561407608E+01
  3.3000544175E+00  5.2562463131E+01
  3.3069387348E+00  5.2563281345E+01
  3.3138230520E+00  5.2563863975E+01
  3.3207073693E+00  5.2564213109E+01
  3.3275916865E+00  5.2564331178E+01
  3.3344760038E+00  5.2564220937E+01
  3.3413603210E+00  5.2563885436E+01
  3.3482446383E+00  5.2563328005E+01
  3.3551289555E+00  5.2562552219E+01
  3.3620132728E+00  5.2561561881E+01
  3.3688975900E+00  5.2560360992E+01
  3.3757819072E+00  5.2558953721E+01
  3.3826662245E+00  5.2557344384E+01
  3.3895505417E+00  5.2555537408E+01
  3.3964348590E+00  5.2553537306E+01
  3.4033191762E+00  5.2551348649E+01
  3.4102034935E+00  5.2548976030E+01
  3.4170878107E+00  5.2546424042E+01
  3.4239721280E+00  5.2543697241E+01
  3.4308564452E+00  5.2540800122E+01
  3.4377407625E+00  5.2537737083E+01
  3.4446250797E+00  5.2534512402E+01
  3.4515093970E+00  5.2531130202E+01
  3.4583937142E+00  5.2527594429E+01
  3.4652780315E+00  5.2523908818E+01
  3.4721623487E+00  5.2520076871E+01
  3.4790466660E+00  5.2516101832E+01
  3.4859309832E+00  5.2511986661E+01
  3.4928153005E+00  5.2507734013E+01
  3.4928153005E+00  5.2507734013E+01
  3.5024699142E+00  5.2507071279E+01
  3.5121245279E+00  5.2505099638E+01
  3.5217791417E+00  5.2501868786E+01
  3.5314337554E+00  5.2497461557E+01
  3.5410883692E+00  5.2491993835E+01
  3.5507429829E+00  5.2485614215E+01
  3.5603975967E+00  5.2478503201E+01
  3.5700522104E+00  5.2470871669E+01
  3.5797068242E+00  5.2462958274E+01
  3.5893614379E+00  5.2455025463E+01
  3.5990160517E+00  5.2447353808E+01
  3.6086706654E+00  5.2440234484E+01
  3.6183252792E+00  5.2433959938E+01
  3.6279798929E+00  5.2428813108E+01
  3.6376345066E+00  5.2425055872E+01
  3.6472891204E+00  5.2422917777E+01
  3.6569437341E+00  5.2422586229E+01
  3.6665983479E+00  5.2424199293E+01
  3.6762529616E+00  5.2427841953E+01
  3.6859075754E+00  5.2433546159E+01
  3.6955621891E+00  5.2441294387E+01
  3.7052168029E+00  5.2451026002E+01
  3.7148714166E+00  5.2462645362E+01
  3.7245260304E+00  5.2476030594E+01
  3.7341806441E+00  5.2491042115E+01
  3.7438352579E+00  5.2507530238E+01
  3.7534898716E+00  5.2525341485E+01
  3.7631444853E+00  5.2544323499E+01
  3.7727990991E+00  5.2564328613E+01
  3.7824537128E+00  5.2585216238E+01
  3.7921083266E+00  5.2606854306E+01
  3.8017629403E+00  5.2629119957E+01
  3.8114175541E+00  5.2651899701E+01
  3.8210721678E+00  5.2675089197E+01
  3.8307267816E+00  5.2698592790E+01
  3.8403813953E+00  5.2722322910E+01
  3.8500360091E+00  5.2746199392E+01
  3.8596906228E+00  5.2770148783E+01
  3.8693452366E+00  5.2794103659E+01
  3.8789998503E+00  5.2818001978E+01
  3.8886544640E+00  5.2841786482E+01
  3.8983090778E+00  5.2865404146E+01
  3.9079636915E+00  5.2888805700E+01
  3.9176183053E+00  5.2911945188E+01
  3.9272729190E+00  5.2934779593E+01
  3.9369275328E+00  5.2957268515E+01
  3.9465821465E+00  5.2979373888E+01
  3.9562367603E+00  5.3001059749E+01
  3.9658913740E+00  5.3022292046E+01
  3.9755459878E+00  5.3043038481E+01
  3.9852006015E+00  5.3063268394E+01
  3.9948552153E+00  5.3082952671E+01
  4.0045098290E+00  5.3102063687E+01
  4.0141644427E+00  5.3120575273E+01
  4.0238190565E+00  5.3138462710E+01
  4.0334736702E+00  5.3155702742E+01
  4.0431282840E+00  5.3172273615E+01
  4.0527828977E+00  5.3188155129E+01
  4.0624375115E+00  5.3203328715E+01
  4.0720921252E+00  5.3217777520E+01
  4.0817467390E+00  5.3231486514E+01
  4.0914013527E+00  5.3244442601E+01
  4.1010559665E+00  5.3256634753E+01
  4.1107105802E+00  5.3268054140E+01
  4.1203651940E+00  5.3278694274E+01
  4.1300198077E+00  5.3288551161E+01
  4.1396744214E+00  5.3297623447E+01
  4.1493290352E+00  5.3305912571E+01
  4.1589836489E+00  5.3313422912E+01
  4.1686382627E+00  5.3320161932E+01
  4.1782928764E+00  5.3326140304E+01
  4.1879474902E+00  5.3331372039E+01
  4.1976021039E+00  5.3335874576E+01
  4.2072567177E+00  5.3339668871E+01
  4.2169113314E+00  5.3342779445E+01
  4.2265659452E+00  5.3345234410E+01
  4.2362205589E+00  5.3347065449E+01
  4.2458751727E+00  5.3348307767E+01
  4.2555297864E+00  5.3348999982E+01
  4.2651844001E+00  5.3349183981E+01
  4.2748390139E+00  5.3348904706E+01
  4.2844936276E+00  5.3348209890E+01
  4.2941482414E+00  5.3347149732E+01
  4.3038028551E+00  5.3345776506E+01
  4.3134574689E+00  5.3344144105E+01
  4.3231120826E+00  5.3342307535E+01
  4.3327666964E+00  5.3340322337E+01
  4.3424213101E+00  5.3338243967E+01
  4.3520759239E+00  5.3336127130E+01
  4.3617305376E+00  5.3334025075E+01
  4.3713851514E+00  5.3331988882E+01
  4.3810397651E+00  5.3330066723E+01
  4.3906943788E+00  5.3328303152E+01
  4.4003489926E+00  5.3326738407E+01
  4.4100036063E+00  5.3325407766E+01
  4.4196582201E+00  5.3324340963E+01
  4.4293128338E+00  5.3323561678E+01
  4.4389674476E+00  5.3323087132E+01
  4.4486220613E+00  5.3322927782E+01

