64 64
1 1
  6.140120841670814E+000 -1.087461555266539E-013 -6.772739920973825E-014
 -1.072099765735135E-013  6.140120841670811E+000 -6.853377457552434E-014
 -9.760462295164973E-014 -1.025329994519542E-013  6.140120841670750E+000
1 2
  8.105872507471502E-002 -1.925136482519574E-015 -4.561103014374956E-015
  5.938073654749437E-014 -8.120621850553813E-001 -9.199106360171249E-001
  7.309182827128918E-014 -9.199106360171270E-001 -8.120621850553758E-001
1 3
  3.253157945647553E-002 -8.233160247311799E-016 -7.533849846058649E-015
 -4.352732909350399E-015  1.202849407665676E-002 -1.474578588040945E-002
  3.747612571831926E-015 -1.474578588040780E-002  1.202849407666010E-002
1 4
  8.105872507470793E-002  6.505213034913027E-015  4.445228907190568E-015
 -7.008689418760983E-015 -8.120621850553872E-001 -9.199106360171448E-001
  3.319691526879054E-015 -9.199106360171412E-001 -8.120621850553913E-001
1 5
 -8.120621850553882E-001  5.875291572698949E-014 -9.199106360171301E-001
 -1.162806829990704E-015  8.105872507469963E-002 -3.506377588453902E-015
 -9.199106360171313E-001  6.698234902933337E-014 -8.120621850553775E-001
1 6
 -7.267737250732002E-003  8.490020553323832E-003 -6.655305273143343E-003
  8.490020553315715E-003 -7.267737250734330E-003 -6.655305273136414E-003
 -6.651744022953071E-003 -6.651744022949734E-003 -1.553593238777480E-002
1 7
 -7.267737250725364E-003  6.655305273141399E-003 -8.490020553320772E-003
  6.651744022949220E-003 -1.553593238776967E-002 -6.651744022949923E-003
 -8.490020553317840E-003 -6.655305273142138E-003 -7.267737250726812E-003
1 8
 -8.120621850553993E-001  9.199106360171544E-001  5.602682488954625E-014
  9.199106360171544E-001 -8.120621850554097E-001 -4.521631279032906E-014
  1.064279957566083E-014 -1.201092719206598E-015  8.105872507470263E-002
1 9
  1.202849407665115E-002 -2.417770844642675E-015 -1.474578588041131E-002
  4.126744519022951E-016  3.253157945647754E-002 -3.404394821604484E-015
 -1.474578588040669E-002  2.746758441356245E-015  1.202849407666026E-002
1 10
 -1.553593238777435E-002  6.651744022952001E-003 -6.651744022950505E-003
  6.655305273144041E-003 -7.267737250724376E-003 -8.490020553323539E-003
 -6.655305273141633E-003 -8.490020553319344E-003 -7.267737250727316E-003
1 11
  1.202849407665991E-002  1.474578588041284E-002  6.081018934928073E-015
  1.474578588040912E-002  1.202849407666190E-002  2.433695064051056E-015
 -3.339342691255354E-015  8.968384845528532E-016  3.253157945647149E-002
1 12
 -1.553593238777608E-002  6.651744022953738E-003 -6.651744022946428E-003
  6.655305273140013E-003 -7.267737250729607E-003 -8.490020553322873E-003
 -6.655305273140346E-003 -8.490020553320161E-003 -7.267737250731168E-003
1 13
 -8.120621850553882E-001 -2.324258407265800E-015 -9.199106360171396E-001
  1.749292442669581E-015  8.105872507470550E-002  3.721862770235396E-015
 -9.199106360171436E-001  2.193815333388638E-015 -8.120621850553912E-001
1 14
 -8.120621850554084E-001  9.199106360171551E-001 -4.300555679799534E-014
  9.199106360171558E-001 -8.120621850554032E-001  4.805726129541998E-014
 -1.230230652592146E-015  8.128466975031168E-015  8.105872507470042E-002
1 15
 -7.267737250730535E-003  6.655305273141189E-003 -8.490020553324996E-003
  6.651744022954955E-003 -1.553593238777267E-002 -6.651744022952844E-003
 -8.490020553319553E-003 -6.655305273134705E-003 -7.267737250734063E-003
1 16
 -7.267737250730698E-003  8.490020553324996E-003 -6.655305273145343E-003
  8.490020553322307E-003 -7.267737250733870E-003 -6.655305273142283E-003
 -6.651744022952345E-003 -6.651744022948811E-003 -1.553593238777267E-002
1 17
 -8.120621850553782E-001 -9.199106360171371E-001  3.332837478220441E-014
 -9.199106360171340E-001 -8.120621850553789E-001  3.110440507589352E-014
  9.856075374251039E-016 -9.059864403831996E-016  8.105872507470102E-002
1 18
 -7.267737250731692E-003 -6.655305273136698E-003  8.490020553321214E-003
 -6.651744022959535E-003 -1.553593238776555E-002 -6.651744022953285E-003
  8.490020553312966E-003 -6.655305273138276E-003 -7.267737250731067E-003
1 19
 -7.267737250726998E-003 -8.490020553320488E-003  6.655305273136590E-003
 -8.490020553319395E-003 -7.267737250732882E-003 -6.655305273142485E-003
  6.651744022958528E-003 -6.651744022952532E-003 -1.553593238777285E-002
1 20
 -8.120621850553952E-001  3.910988286698336E-014  9.199106360171504E-001
 -5.695788350516817E-015  8.105872507470145E-002  3.700178726785686E-015
  9.199106360171544E-001 -3.451455972153933E-014 -8.120621850554073E-001
1 21
 -1.553593238777320E-002 -6.651744022955928E-003 -6.651744022956302E-003
 -6.655305273129688E-003 -7.267737250728080E-003  8.490020553322345E-003
 -6.655305273139748E-003  8.490020553319140E-003 -7.267737250731562E-003
1 22
 -7.914939155050257E-003 -5.854691731421724E-016 -5.345116710353537E-015
  1.235990476633475E-015 -7.914939155047290E-003 -8.239936510889834E-015
 -5.160802341031001E-015 -3.599551212651875E-015 -7.914939155046310E-003
1 23
 -1.553593238776870E-002  6.651744022954161E-003  6.651744022956822E-003
  6.655305273135388E-003 -7.267737250730935E-003  8.490020553322097E-003
  6.655305273137934E-003  8.490020553320632E-003 -7.267737250728475E-003
1 24
  3.044262756683166E-002 -3.447762908503904E-015  2.265982540494704E-015
  5.025954695828116E-015  1.840321607971646E-002  4.669523231623507E-015
  8.016319812814698E-016  1.708296048022473E-015  1.840321607971638E-002
1 25
 -7.267737250731747E-003 -8.490020553322901E-003 -6.655305273147756E-003
 -8.490020553316829E-003 -7.267737250723967E-003  6.655305273136284E-003
 -6.651744022954688E-003  6.651744022948991E-003 -1.553593238777313E-002
1 26
 -7.267737250727589E-003  6.655305273141613E-003  8.490020553327333E-003
  6.651744022954507E-003 -1.553593238777201E-002  6.651744022957275E-003
  8.490020553318840E-003  6.655305273143305E-003 -7.267737250727636E-003
1 27
  3.460608080963612E-003 -1.146067334574554E-002  2.659005828020700E-015
 -1.146067334574910E-002  3.460608080964830E-003  2.339166187137476E-015
  3.138087662987732E-015  2.984605292945253E-015  3.612261808093403E-003
1 28
  3.460608080963976E-003  7.155734338404329E-016  1.146067334574497E-002
 -9.236047256860891E-016  3.612261808095538E-003 -4.500794268530450E-015
  1.146067334575291E-002  7.430173013314723E-016  3.460608080967659E-003
1 29
  8.105872507470298E-002 -6.407634839389331E-015  5.605325231750058E-015
  3.439258697713471E-014 -8.120621850553933E-001  9.199106360171495E-001
 -3.544731240305576E-014  9.199106360171473E-001 -8.120621850554079E-001
1 30
  1.840321607972545E-002  3.989186368388853E-015  7.275674203735538E-015
  1.812311693945301E-015  3.044262756683031E-002  2.551263237129953E-016
  1.006952767695912E-014  2.173147729475633E-015  1.840321607972195E-002
1 31
  3.612261808098340E-003 -4.564491146163974E-015 -6.299214622140781E-015
  4.068468652251855E-015  3.460608080964839E-003  1.146067334574668E-002
  5.411862906597176E-015  1.146067334575070E-002  3.460608080963738E-003
1 32
  1.840321607971758E-002 -4.872133512606736E-015 -5.095750210681871E-016
 -9.056476272042979E-016  1.840321607972207E-002  2.256495771485456E-016
 -1.283763134858618E-015 -2.936155008362307E-015  3.044262756682563E-002
1 33
  1.202849407665891E-002 -1.474578588041082E-002  1.013729031273947E-014
 -1.474578588040650E-002  1.202849407666319E-002  3.551439741247830E-015
 -7.822857487661816E-015 -6.149459197066220E-015  3.253157945648012E-002
1 34
 -1.553593238777161E-002 -6.651744022960062E-003  6.651744022952215E-003
 -6.655305273143741E-003 -7.267737250732156E-003 -8.490020553322406E-003
  6.655305273138303E-003 -8.490020553322847E-003 -7.267737250725347E-003
1 35
  1.202849407665711E-002  3.805549625424121E-015  1.474578588040974E-002
 -8.389014309606591E-016  3.253157945647572E-002 -1.861778418064952E-015
  1.474578588040548E-002  3.320707966415759E-015  1.202849407666081E-002
1 36
 -1.553593238777007E-002 -6.651744022956468E-003  6.651744022956311E-003
 -6.655305273132882E-003 -7.267737250729930E-003 -8.490020553323789E-003
  6.655305273139676E-003 -8.490020553326644E-003 -7.267737250726290E-003
1 37
 -7.267737250729096E-003 -6.655305273141657E-003 -8.490020553330192E-003
 -6.651744022955788E-003 -1.553593238777456E-002  6.651744022955923E-003
 -8.490020553318692E-003  6.655305273136062E-003 -7.267737250727073E-003
1 38
 -7.267737250728462E-003  8.490020553324909E-003  6.655305273143728E-003
  8.490020553323032E-003 -7.267737250727929E-003  6.655305273138489E-003
  6.651744022958231E-003  6.651744022960285E-003 -1.553593238776971E-002
1 39
  3.460608080962174E-003 -7.643625316022806E-016 -1.146067334574432E-002
  1.446732273910345E-015  3.612261808097171E-003 -7.877406409464993E-016
 -1.146067334575019E-002  1.529402689562365E-015  3.460608080964511E-003
1 40
  3.460608080962306E-003  1.146067334574563E-002  9.649399335120989E-016
  1.146067334574972E-002  3.460608080962877E-003 -1.531096755456873E-015
 -2.731511848305668E-015 -2.427257613651923E-015  3.612261808095270E-003
1 41
  3.253157945647974E-002  2.317482143687766E-015 -6.583140066060422E-015
  5.653436703154102E-015  1.202849407665508E-002  1.474578588040916E-002
  8.072562800512384E-015  1.474578588040940E-002  1.202849407665548E-002
1 42
  3.612261808095824E-003  3.577867169202165E-015  2.341876692568690E-015
  2.575318972831975E-015  3.460608080962733E-003 -1.146067334574899E-002
  2.817570395746705E-015 -1.146067334574869E-002  3.460608080963005E-003
1 43
 -1.266294654798771E-003 -1.633757148664094E-015 -2.236166980751353E-016
 -1.193300016091858E-015 -1.266294654798471E-003 -9.656175598699024E-017
 -1.788933584601082E-016  1.238023355706885E-015 -1.266294654795090E-003
1 44
  3.612261808093474E-003  2.673235981534572E-015 -4.667490352550097E-015
  1.135024149320762E-016  3.460608080964638E-003 -1.146067334574245E-002
  1.625964445549355E-015 -1.146067334574885E-002  3.460608080965352E-003
1 45
 -7.267737250731064E-003 -6.655305273135684E-003 -8.490020553320243E-003
 -6.651744022947170E-003 -1.553593238776265E-002  6.651744022949604E-003
 -8.490020553325031E-003  6.655305273139001E-003 -7.267737250726437E-003
1 46
  3.460608080964313E-003  1.146067334575135E-002  7.128629284092192E-016
  1.146067334574960E-002  3.460608080965470E-003 -1.597165325342709E-015
 -6.600080725005508E-016 -2.109450851842110E-015  3.612261808094191E-003
1 47
  3.460608080966293E-003  2.030168567979107E-015 -1.146067334574887E-002
  1.013051404916143E-016  3.612261808094191E-003 -2.324936033623604E-015
 -1.146067334574985E-002  8.473717604332021E-016  3.460608080965242E-003
1 48
 -7.267737250726822E-003  8.490020553318786E-003  6.655305273127174E-003
  8.490020553316626E-003 -7.267737250724312E-003  6.655305273135109E-003
  6.651744022955386E-003  6.651744022957709E-003 -1.553593238777352E-002
1 49
 -8.120621850553884E-001 -9.199106360171415E-001  4.130810277169772E-014
 -9.199106360171478E-001 -8.120621850553925E-001  4.722378087532175E-014
 -8.338192332771333E-016  3.316981021447840E-015  8.105872507471094E-002
1 50
 -8.120621850554032E-001 -3.749238875090655E-014  9.199106360171138E-001
 -7.650401579600841E-016  8.105872507469915E-002 -5.862484434536464E-015
  9.199106360171562E-001  3.643020943504965E-014 -8.120621850553733E-001
1 51
 -7.267737250728337E-003 -8.490020553322413E-003  6.655305273142940E-003
 -8.490020553318206E-003 -7.267737250729039E-003 -6.655305273141698E-003
  6.651744022952611E-003 -6.651744022949288E-003 -1.553593238777268E-002
1 52
 -7.267737250735614E-003 -6.655305273146035E-003  8.490020553333257E-003
 -6.651744022958454E-003 -1.553593238777939E-002 -6.651744022950255E-003
  8.490020553321365E-003 -6.655305273142832E-003 -7.267737250729793E-003
1 53
  8.105872507470721E-002  1.051676107310939E-015 -4.065758146820642E-015
 -4.024355176358851E-014 -8.120621850554054E-001  9.199106360171196E-001
  3.482931716473903E-014  9.199106360171529E-001 -8.120621850553660E-001
1 54
  1.840321607972134E-002 -2.829767670187167E-015 -2.547197478983132E-015
  1.694065894508601E-018  1.840321607972360E-002 -4.504521213498369E-015
  3.845529580534524E-016 -1.356946781501389E-015  3.044262756682751E-002
1 55
  3.612261808095759E-003 -2.764715539838036E-015 -2.406928822917820E-015
 -1.583273985007738E-015  3.460608080962283E-003  1.146067334575004E-002
  1.921070724372753E-015  1.146067334574812E-002  3.460608080960838E-003
1 56
  1.840321607972506E-002 -2.795886352296995E-015  3.150284937428194E-015
 -1.276986871280583E-015  3.044262756681226E-002  5.218400581444294E-015
  1.788594771422181E-015  1.053708986384350E-015  1.840321607972121E-002
1 57
 -7.267737250735769E-003 -8.490020553317526E-003 -6.655305273143795E-003
 -8.490020553321608E-003 -7.267737250731267E-003  6.655305273141663E-003
 -6.651744022953851E-003  6.651744022951204E-003 -1.553593238776980E-002
1 58
  3.460608080966271E-003 -1.640533412242129E-015  1.146067334575363E-002
 -3.039493027927331E-015  3.612261808092348E-003 -4.838252194716564E-016
  1.146067334574984E-002  9.957719327921555E-016  3.460608080962850E-003
1 59
  3.460608080962792E-003 -1.146067334574510E-002  7.845557970648231E-015
 -1.146067334574762E-002  3.460608080963394E-003 -1.506363393397048E-015
 -3.215337067777324E-016  1.228197773518735E-015  3.612261808098863E-003
1 60
 -7.267737250728916E-003  6.655305273136332E-003  8.490020553315995E-003
  6.651744022947115E-003 -1.553593238777017E-002  6.651744022951073E-003
  8.490020553317058E-003  6.655305273136155E-003 -7.267737250727353E-003
1 61
 -1.553593238777899E-002 -6.651744022955977E-003 -6.651744022947098E-003
 -6.655305273144314E-003 -7.267737250735512E-003  8.490020553328285E-003
 -6.655305273148515E-003  8.490020553320770E-003 -7.267737250731579E-003
1 62
  3.044262756681789E-002 -1.955629668620729E-015 -2.358817351513776E-015
  1.714394685242704E-015  1.840321607971492E-002  2.921586041669533E-015
  2.283939638976495E-015  2.029490941621304E-016  1.840321607971869E-002
1 63
 -1.553593238777822E-002  6.651744022952746E-003  6.651744022947098E-003
  6.655305273140828E-003 -7.267737250730809E-003  8.490020553319648E-003
  6.655305273139585E-003  8.490020553316218E-003 -7.267737250728539E-003
1 64
 -7.914939155048536E-003 -5.095750210681871E-016 -6.002414277422874E-015
 -8.165397611531455E-016 -7.914939155044175E-003  1.250220630147347E-016
 -7.517248000292465E-015 -1.831285231963797E-015 -7.914939155046924E-003
2 1
  8.105872507471348E-002 -8.955509944730267E-015 -2.526191061891225E-015
  5.303307164077065E-014 -8.120621850553834E-001 -9.199106360171381E-001
  6.415020966689389E-014 -9.199106360171325E-001 -8.120621850553937E-001
2 2
  6.140120841670662E+000  2.159527439683784E-014 -4.217139875153930E-014
 -1.864553298000157E-013  6.140120841670763E+000 -1.611276894243965E-014
 -1.707184740795675E-013  2.042636892962690E-014  6.140120841670692E+000
2 3
  8.105872507469968E-002  3.426078865054194E-015 -8.843023969334896E-016
  6.097756305965818E-014 -8.120621850553724E-001 -9.199106360171208E-001
  6.349223447346675E-014 -9.199106360171226E-001 -8.120621850553758E-001
2 4
  3.253157945648374E-002  2.764037913480233E-015 -2.074891907594134E-015
 -3.384404844049282E-015  1.202849407665033E-002 -1.474578588040966E-002
  4.939557335208178E-015 -1.474578588041524E-002  1.202849407665229E-002
2 5
 -8.120621850553841E-001  9.199106360171282E-001  2.381856647679093E-015
  9.199106360171346E-001 -8.120621850553886E-001 -8.274156641958907E-015
  1.558540622947913E-017  8.761708806398483E-016  8.105872507470317E-002
2 6
 -8.120621850553766E-001  2.205267218835516E-014 -9.199106360171301E-001
 -5.092023265713952E-015  8.105872507470305E-002  3.558216004825865E-015
 -9.199106360171242E-001  2.780300946067515E-014 -8.120621850553792E-001
2 7
 -7.267737250726792E-003  8.490020553322212E-003 -6.655305273142720E-003
  8.490020553318944E-003 -7.267737250732077E-003 -6.655305273138973E-003
 -6.651744022955912E-003 -6.651744022953012E-003 -1.553593238777215E-002
2 8
 -7.267737250726429E-003  6.655305273144433E-003 -8.490020553320852E-003
  6.651744022948842E-003 -1.553593238776885E-002 -6.651744022948653E-003
 -8.490020553318000E-003 -6.655305273133537E-003 -7.267737250730246E-003
2 9
 -1.553593238776865E-002  6.651744022953860E-003 -6.651744022953155E-003
  6.655305273144162E-003 -7.267737250735173E-003 -8.490020553319162E-003
 -6.655305273133111E-003 -8.490020553319171E-003 -7.267737250733698E-003
2 10
  1.202849407665726E-002  3.794707603699266E-016 -1.474578588040613E-002
 -3.622929321996093E-015  3.253157945647568E-002  6.648531009588454E-015
 -1.474578588040731E-002 -5.754403030466815E-015  1.202849407666197E-002
2 11
 -1.553593238777449E-002  6.651744022963287E-003 -6.651744022957528E-003
  6.655305273141457E-003 -7.267737250728504E-003 -8.490020553320968E-003
 -6.655305273135605E-003 -8.490020553321912E-003 -7.267737250730962E-003
2 12
  1.202849407665673E-002  1.474578588040576E-002  5.129631528572043E-016
  1.474578588040864E-002  1.202849407666001E-002  8.873517155436050E-016
  6.449986486752046E-015  4.621411760219463E-015  3.253157945647726E-002
2 13
 -7.267737250739550E-003  8.490020553311956E-003 -6.655305273142343E-003
  8.490020553319166E-003 -7.267737250732874E-003 -6.655305273135908E-003
 -6.651744022957083E-003 -6.651744022952401E-003 -1.553593238777410E-002
2 14
 -8.120621850553453E-001 -5.321806363645099E-014 -9.199106360170916E-001
  1.098432325999377E-015  8.105872507470380E-002  2.810116505810867E-015
 -9.199106360170919E-001 -5.425415433753245E-014 -8.120621850553635E-001
2 15
 -8.120621850554011E-001  9.199106360171503E-001 -4.848552115355176E-014
  9.199106360171535E-001 -8.120621850554084E-001  4.467929390176983E-014
 -7.599579602765583E-016  7.025968890884970E-015  8.105872507469572E-002
2 16
 -7.267737250728697E-003  6.655305273147220E-003 -8.490020553319332E-003
  6.651744022958482E-003 -1.553593238777275E-002 -6.651744022955249E-003
 -8.490020553315719E-003 -6.655305273135269E-003 -7.267737250736902E-003
2 17
 -8.120621850553775E-001 -1.044899843732905E-015  9.199106360171331E-001
  1.846531825014375E-016  8.105872507470371E-002 -6.823697423080644E-016
  9.199106360171402E-001  1.317644452748790E-015 -8.120621850553869E-001
2 18
 -8.120621850553740E-001 -9.199106360171281E-001  2.242130092700023E-014
 -9.199106360171369E-001 -8.120621850553874E-001  2.292274443177478E-014
 -1.288845332542143E-015  3.471141017848123E-015  8.105872507469647E-002
2 19
 -7.267737250723078E-003 -6.655305273138432E-003  8.490020553329059E-003
 -6.651744022958919E-003 -1.553593238776792E-002 -6.651744022952269E-003
  8.490020553318855E-003 -6.655305273135185E-003 -7.267737250732262E-003
2 20
 -7.267737250729289E-003 -8.490020553321194E-003  6.655305273141961E-003
 -8.490020553322916E-003 -7.267737250732010E-003 -6.655305273137987E-003
  6.651744022950678E-003 -6.651744022949673E-003 -1.553593238777233E-002
2 21
  3.044262756683242E-002 -4.087442190270352E-015  6.505213034913027E-016
  1.844160132762063E-015  1.840321607971475E-002 -2.812488198063179E-015
  1.663572708407446E-015 -1.299009727909195E-015  1.840321607971800E-002
2 22
 -1.553593238776960E-002 -6.651744022952464E-003 -6.651744022948989E-003
 -6.655305273132824E-003 -7.267737250723312E-003  8.490020553325739E-003
 -6.655305273134821E-003  8.490020553319514E-003 -7.267737250728589E-003
2 23
 -7.914939155048213E-003  1.062518129035794E-015  1.539567084929416E-015
  1.647987302177967E-015 -7.914939155051808E-003 -3.686287386450715E-015
  6.830473686658678E-016  5.421010862427522E-016 -7.914939155047502E-003
2 24
 -1.553593238776924E-002  6.651744022952599E-003  6.651744022956482E-003
  6.655305273137401E-003 -7.267737250727158E-003  8.490020553320992E-003
  6.655305273132210E-003  8.490020553322680E-003 -7.267737250728402E-003
2 25
  3.460608080962544E-003 -4.250072516143177E-015  1.146067334574724E-002
  1.611734292035483E-015  3.612261808097805E-003  2.484517040886314E-015
  1.146067334574874E-002 -1.511106777901672E-015  3.460608080962708E-003
2 26
 -7.267737250732619E-003 -8.490020553322949E-003 -6.655305273146526E-003
 -8.490020553319502E-003 -7.267737250723000E-003  6.655305273140179E-003
 -6.651744022952290E-003  6.651744022953978E-003 -1.553593238777361E-002
2 27
 -7.267737250730062E-003  6.655305273148488E-003  8.490020553322555E-003
  6.651744022957835E-003 -1.553593238777761E-002  6.651744022951551E-003
  8.490020553322391E-003  6.655305273132114E-003 -7.267737250724327E-003
2 28
  3.460608080964759E-003 -1.146067334574397E-002 -2.783689077856533E-015
 -1.146067334574956E-002  3.460608080961737E-003  4.913129907253844E-015
  2.694242398626479E-015 -1.594793633090397E-015  3.612261808099871E-003
2 29
  1.840321607971305E-002  6.437450399132683E-017  8.497434526855141E-016
  1.598859391237217E-015  1.840321607971908E-002  2.322225528192390E-015
  6.287356160879221E-015 -9.162185983860316E-015  3.044262756681524E-002
2 30
  8.105872507471044E-002 -1.647987302177967E-015  5.009014036883030E-015
  4.531050285406374E-014 -8.120621850553660E-001  9.199106360170202E-001
 -4.319122642003348E-014  9.199106360171054E-001 -8.120621850552932E-001
2 31
  1.840321607971567E-002  9.297033629063201E-016 -3.383388404512577E-015
  7.206556315239587E-016  3.044262756683142E-002  5.705275119526065E-015
  2.161628081392974E-016  2.312738759183142E-015  1.840321607972157E-002
2 32
  3.612261808087151E-003  1.680513367352532E-015  2.591243192240356E-015
 -1.613089544751090E-015  3.460608080963502E-003  1.146067334575115E-002
  1.622915126939239E-016  1.146067334575113E-002  3.460608080964915E-003
2 33
 -1.553593238776129E-002 -6.651744022948873E-003  6.651744022953028E-003
 -6.655305273135968E-003 -7.267737250726854E-003 -8.490020553326018E-003
  6.655305273137044E-003 -8.490020553321488E-003 -7.267737250733422E-003
2 34
  1.202849407666053E-002 -1.474578588040732E-002 -6.396792817664476E-016
 -1.474578588040583E-002  1.202849407666098E-002 -2.340860253031984E-015
 -7.962109704190423E-016 -8.283982224147057E-016  3.253157945648039E-002
2 35
 -1.553593238777032E-002 -6.651744022959186E-003  6.651744022962364E-003
 -6.655305273140541E-003 -7.267737250733900E-003 -8.490020553320800E-003
  6.655305273138488E-003 -8.490020553319291E-003 -7.267737250729251E-003
2 36
  1.202849407666014E-002 -1.368127616405146E-015  1.474578588040346E-002
  3.988169928852148E-015  3.253157945647875E-002  1.464689372392136E-015
  1.474578588040255E-002  6.265672117429510E-015  1.202849407666524E-002
2 37
  3.460608080962414E-003  1.146067334574732E-002 -4.597017211338539E-015
  1.146067334575132E-002  3.460608080965960E-003 -4.323256162785949E-016
 -8.958220450161480E-016  4.243973878922946E-015  3.612261808096662E-003
2 38
 -7.267737250731617E-003 -6.655305273143251E-003 -8.490020553320163E-003
 -6.651744022953252E-003 -1.553593238777549E-002  6.651744022952067E-003
 -8.490020553318895E-003  6.655305273141704E-003 -7.267737250729096E-003
2 39
 -7.267737250732331E-003  8.490020553316466E-003  6.655305273144754E-003
  8.490020553321079E-003 -7.267737250729268E-003  6.655305273140327E-003
  6.651744022960173E-003  6.651744022955338E-003 -1.553593238777582E-002
2 40
  3.460608080964262E-003 -2.230068343531122E-015 -1.146067334574465E-002
  1.360673726469308E-015  3.612261808096227E-003 -3.023229995340049E-015
 -1.146067334575028E-002  5.004270652378406E-016  3.460608080961880E-003
2 41
  3.612261808093323E-003 -2.621736378341510E-015 -4.038653092508504E-015
  5.044928233846613E-016  3.460608080965300E-003 -1.146067334574950E-002
 -2.834849867870692E-015 -1.146067334574759E-002  3.460608080964539E-003
2 42
  3.253157945647300E-002  4.015613796343187E-015 -4.750160768202116E-016
 -2.128763203039508E-015  1.202849407665771E-002  1.474578588041135E-002
  5.336307567702092E-016  1.474578588041187E-002  1.202849407665747E-002
2 43
  3.612261808085503E-003  1.084202172485504E-016 -8.456776945386935E-016
  7.538593230563273E-016  3.460608080963534E-003 -1.146067334575065E-002
  1.664589147944151E-015 -1.146067334575091E-002  3.460608080962824E-003
2 44
 -1.266294654796349E-003  1.569382644672768E-015 -1.252253509220758E-015
  1.238023355706885E-015 -1.266294654795832E-003 -1.707618421664669E-015
  5.946171289725188E-016 -1.919376658478245E-015 -1.266294654795665E-003
2 45
 -7.267737250719647E-003  8.490020553325567E-003  6.655305273139717E-003
  8.490020553320579E-003 -7.267737250722576E-003  6.655305273141446E-003
  6.651744022946949E-003  6.651744022950551E-003 -1.553593238776518E-002
2 46
 -7.267737250726294E-003 -6.655305273143555E-003 -8.490020553326622E-003
 -6.651744022954076E-003 -1.553593238777082E-002  6.651744022954757E-003
 -8.490020553329713E-003  6.655305273139016E-003 -7.267737250723608E-003
2 47
  3.460608080960808E-003  1.146067334575113E-002  3.077101290785422E-015
  1.146067334574391E-002  3.460608080964388E-003 -3.208899617378191E-015
  2.053885490502227E-015 -1.545326908970746E-015  3.612261808094148E-003
2 48
  3.460608080962365E-003 -1.910906329005702E-016 -1.146067334574935E-002
 -3.900078502337700E-015  3.612261808096388E-003 -4.839946260611072E-015
 -1.146067334574903E-002 -5.986828871193395E-016  3.460608080968203E-003
2 49
 -7.267737250736132E-003 -6.655305273145649E-003  8.490020553316381E-003
 -6.651744022952971E-003 -1.553593238776741E-002 -6.651744022952032E-003
  8.490020553323076E-003 -6.655305273136866E-003 -7.267737250733961E-003
2 50
 -8.120621850553478E-001 -9.199106360170992E-001  3.207408839391024E-014
 -9.199106360170930E-001 -8.120621850553619E-001  3.837160895015651E-014
  3.074729598533110E-015  7.792703114739563E-018  8.105872507471722E-002
2 51
 -8.120621850554033E-001 -3.303631782199112E-014  9.199106360171143E-001
  5.829619556182997E-015  8.105872507469594E-002 -8.077983811374811E-015
  9.199106360171614E-001  3.254503871258363E-014 -8.120621850553668E-001
2 52
 -7.267737250731906E-003 -8.490020553313221E-003  6.655305273147259E-003
 -8.490020553316208E-003 -7.267737250727773E-003 -6.655305273139941E-003
  6.651744022953507E-003 -6.651744022956038E-003 -1.553593238777173E-002
2 53
  1.840321607971499E-002  3.984442983884229E-016 -2.171114850402223E-015
  6.783717467970241E-015  3.044262756681224E-002 -2.270725924999328E-015
  3.642241673193491E-016  1.704569103054554E-015  1.840321607972184E-002
2 54
  8.105872507470958E-002  4.987329993433320E-016  2.038300084272748E-015
 -3.780477450185393E-014 -8.120621850552897E-001  9.199106360170697E-001
  4.827748986170610E-014  9.199106360170310E-001 -8.120621850553277E-001
2 55
  1.840321607971781E-002 -2.152818938741530E-015 -3.274290560906223E-015
 -3.639869980941179E-015  1.840321607972427E-002  4.077955421261104E-015
  4.274467065024101E-015  4.515024422044323E-015  3.044262756683299E-002
2 56
  3.612261808092409E-003  3.469446951953614E-016 -2.461138931542095E-015
 -1.833995737395011E-015  3.460608080966014E-003  1.146067334574551E-002
  1.185507312977119E-015  1.146067334575415E-002  3.460608080965518E-003
2 57
 -7.267737250724871E-003  6.655305273143392E-003  8.490020553323745E-003
  6.651744022947854E-003 -1.553593238777133E-002  6.651744022955215E-003
  8.490020553317591E-003  6.655305273144365E-003 -7.267737250729120E-003
2 58
 -7.267737250724146E-003 -8.490020553321738E-003 -6.655305273144945E-003
 -8.490020553321320E-003 -7.267737250730261E-003  6.655305273141810E-003
 -6.651744022956685E-003  6.651744022957082E-003 -1.553593238777391E-002
2 59
  3.460608080962358E-003  2.463849436973309E-015  1.146067334574954E-002
 -4.502827147603861E-015  3.612261808097332E-003 -5.082197683525802E-017
  1.146067334574912E-002  5.822504479426061E-015  3.460608080964633E-003
2 60
  3.460608080959753E-003 -1.146067334574792E-002 -5.204170427930421E-016
 -1.146067334574504E-002  3.460608080962452E-003  2.426918800473021E-015
  2.930733997499879E-016  1.442327702584623E-015  3.612261808096544E-003
2 61
 -7.914939155046697E-003  5.667666856667974E-015  3.142153421134553E-015
  9.336674770994702E-015 -7.914939155044712E-003  2.023392304401073E-015
 -4.156560078766303E-015 -1.572093150103981E-015 -7.914939155047557E-003
2 62
 -1.553593238777070E-002 -6.651744022958844E-003 -6.651744022962900E-003
 -6.655305273134732E-003 -7.267737250732701E-003  8.490020553314107E-003
 -6.655305273140592E-003  8.490020553317809E-003 -7.267737250728846E-003
2 63
  3.044262756681827E-002  7.795413620170777E-015  3.540597719522975E-015
 -1.243579891840874E-014  1.840321607972331E-002  2.257173397843260E-015
 -2.354412780188053E-015  3.637159475509966E-015  1.840321607972030E-002
2 64
 -1.553593238777093E-002  6.651744022958354E-003  6.651744022959579E-003
  6.655305273139165E-003 -7.267737250729649E-003  8.490020553320304E-003
  6.655305273138684E-003  8.490020553315254E-003 -7.267737250728738E-003
3 1
  3.253157945647173E-002 -4.239230494418322E-015 -5.529431079676073E-016
 -2.388632911257127E-016  1.202849407666223E-002 -1.474578588040821E-002
  9.229270993282856E-016 -1.474578588041091E-002  1.202849407666326E-002
3 2
  8.105872507469383E-002 -5.355958732078392E-015  1.376936759056591E-015
  6.820038240748505E-014 -8.120621850553763E-001 -9.199106360171362E-001
  7.064932406458668E-014 -9.199106360171310E-001 -8.120621850553733E-001
3 3
  6.140120841670715E+000 -3.874938564463193E-014 -6.035753494226803E-014
 -1.489927352319600E-013  6.140120841670791E+000 -1.000402308796099E-013
 -1.480791610768138E-013 -5.398484725137726E-014  6.140120841670749E+000
3 4
  8.105872507471083E-002  2.179246366695864E-015 -1.507041019754851E-015
  5.838665868059673E-014 -8.120621850553726E-001 -9.199106360171220E-001
  6.327979861029537E-014 -9.199106360171252E-001 -8.120621850553740E-001
3 5
 -7.267737250734164E-003  6.655305273137071E-003 -8.490020553321832E-003
  6.651744022957888E-003 -1.553593238776102E-002 -6.651744022957352E-003
 -8.490020553317320E-003 -6.655305273137473E-003 -7.267737250735647E-003
3 6
 -8.120621850553771E-001  9.199106360171408E-001  7.307522642552300E-015
  9.199106360171367E-001 -8.120621850553837E-001 -2.890076416031673E-015
 -8.092552778067585E-015  4.250072516143177E-015  8.105872507470305E-002
3 7
 -8.120621850553712E-001  2.635695481312261E-014 -9.199106360171350E-001
 -1.339667309377401E-015  8.105872507470474E-002  3.553472620321239E-015
 -9.199106360171263E-001  1.989239935967779E-014 -8.120621850553862E-001
3 8
 -7.267737250724450E-003  8.490020553317854E-003 -6.655305273153486E-003
  8.490020553318276E-003 -7.267737250732096E-003 -6.655305273143623E-003
 -6.651744022952769E-003 -6.651744022947905E-003 -1.553593238777225E-002
3 9
  1.202849407666597E-002  1.474578588040892E-002  2.580401170515501E-015
  1.474578588039891E-002  1.202849407666116E-002  8.673617379884035E-016
 -1.435551495205548E-015  3.588140024616444E-016  3.253157945647563E-002
3 10
 -1.553593238776984E-002  6.651744022950691E-003 -6.651744022952242E-003
  6.655305273130150E-003 -7.267737250733655E-003 -8.490020553318356E-003
 -6.655305273141435E-003 -8.490020553320068E-003 -7.267737250724320E-003
3 11
  1.202849407665731E-002  8.077306185017008E-015 -1.474578588040713E-002
 -1.038801200892778E-014  3.253157945647277E-002  7.554879244779227E-015
 -1.474578588040472E-002 -1.530418798226825E-015  1.202849407665828E-002
3 12
 -1.553593238776461E-002  6.651744022947916E-003 -6.651744022955890E-003
  6.655305273138550E-003 -7.267737250729710E-003 -8.490020553323327E-003
 -6.655305273142897E-003 -8.490020553319919E-003 -7.267737250731692E-003
3 13
 -7.267737250729730E-003  6.655305273129537E-003 -8.490020553317289E-003
  6.651744022953817E-003 -1.553593238777159E-002 -6.651744022952526E-003
 -8.490020553323898E-003 -6.655305273134418E-003 -7.267737250729627E-003
3 14
 -7.267737250729871E-003  8.490020553320238E-003 -6.655305273133168E-003
  8.490020553316168E-003 -7.267737250735776E-003 -6.655305273136611E-003
 -6.651744022958913E-003 -6.651744022952456E-003 -1.553593238776658E-002
3 15
 -8.120621850554014E-001 -3.577867169202165E-015 -9.199106360170388E-001
 -1.958011212692995E-015  8.105872507470034E-002  5.053740538701510E-015
 -9.199106360171464E-001  4.577366046962239E-016 -8.120621850553088E-001
3 16
 -8.120621850554069E-001  9.199106360171683E-001 -4.431134278948257E-014
  9.199106360171596E-001 -8.120621850554073E-001  5.392787724625009E-014
 -1.164163387168991E-015  2.399811533825393E-015  8.105872507469815E-002
3 17
 -7.267737250734522E-003 -8.490020553320781E-003  6.655305273139208E-003
 -8.490020553320526E-003 -7.267737250734757E-003 -6.655305273134883E-003
  6.651744022954291E-003 -6.651744022953436E-003 -1.553593238776361E-002
3 18
 -8.120621850553715E-001  5.247538514829841E-015  9.199106360171304E-001
  2.125375071250490E-015  8.105872507470160E-002 -1.843482506404259E-015
  9.199106360171384E-001  4.948366477859623E-015 -8.120621850553806E-001
3 19
 -8.120621850553705E-001 -9.199106360171362E-001  3.092144595928659E-014
 -9.199106360171249E-001 -8.120621850553837E-001  2.411062343700421E-014
 -1.506702206575949E-015 -2.254801705590948E-015  8.105872507470380E-002
3 20
 -7.267737250735205E-003 -6.655305273145843E-003  8.490020553311391E-003
 -6.651744022955495E-003 -1.553593238776734E-002 -6.651744022948151E-003
  8.490020553324408E-003 -6.655305273137714E-003 -7.267737250734561E-003
3 21
 -1.553593238776495E-002  6.651744022956752E-003  6.651744022963322E-003
  6.655305273130958E-003 -7.267737250728545E-003  8.490020553318111E-003
  6.655305273133117E-003  8.490020553324464E-003 -7.267737250729099E-003
3 22
  3.044262756683111E-002  1.257674520083185E-015  5.355958732078392E-015
 -1.848903517266687E-015  1.840321607971915E-002  1.338650869840696E-015
 -7.427462507883507E-015  2.247009002476208E-015  1.840321607971870E-002
3 23
 -1.553593238777591E-002 -6.651744022959040E-003 -6.651744022957533E-003
 -6.655305273136375E-003 -7.267737250727408E-003  8.490020553320968E-003
 -6.655305273139492E-003  8.490020553318024E-003 -7.267737250725788E-003
3 24
 -7.914939155044542E-003 -1.372599950366649E-014 -7.372574772901430E-015
 -7.459310946700269E-015 -7.914939155044466E-003 -7.697835424647081E-016
 -6.591949208711869E-015 -4.553649124439119E-016 -7.914939155051873E-003
3 25
  3.460608080960181E-003 -1.146067334574710E-002  5.572799166575493E-015
 -1.146067334574855E-002  3.460608080964178E-003  1.389811659854856E-015
 -2.592259631777060E-015 -3.015437292225309E-017  3.612261808096646E-003
3 26
  3.460608080962805E-003 -5.421010862427522E-016  1.146067334574662E-002
  1.875330945221021E-015  3.612261808094227E-003 -1.865166549853969E-015
  1.146067334575142E-002  8.660064852727967E-016  3.460608080965817E-003
3 27
 -7.267737250729460E-003 -8.490020553329768E-003 -6.655305273137939E-003
 -8.490020553322493E-003 -7.267737250727923E-003  6.655305273136125E-003
 -6.651744022958210E-003  6.651744022950283E-003 -1.553593238776900E-002
3 28
 -7.267737250724450E-003  6.655305273136594E-003  8.490020553327373E-003
  6.651744022953507E-003 -1.553593238776918E-002  6.651744022950334E-003
  8.490020553319074E-003  6.655305273143352E-003 -7.267737250730243E-003
3 29
  3.612261808092203E-003 -4.239230494418322E-015  2.710505431213761E-016
  1.775849572543964E-015  3.460608080960342E-003  1.146067334574881E-002
  4.813794118364596E-016  1.146067334575315E-002  3.460608080964847E-003
3 30
  1.840321607971195E-002  5.507747036226363E-015 -2.981555974335137E-015
  2.604795719396424E-015  1.840321607971637E-002 -2.553296116203363E-015
 -1.170938346284345E-014 -2.480451282739493E-015  3.044262756682221E-002
3 31
  8.105872507468843E-002 -6.039006100744260E-015 -1.637145280453112E-014
 -3.985459423420934E-015 -8.120621850553940E-001  9.199106360169826E-001
  6.131502098584429E-015  9.199106360171466E-001 -8.120621850552470E-001
3 32
  1.840321607970931E-002  1.778091562876227E-015  7.903833837419327E-015
  2.591920818598159E-016  3.044262756683214E-002 -3.617169497954764E-015
  8.514713998979129E-015 -6.982600803985550E-015  1.840321607971231E-002
3 33
  1.202849407666379E-002  5.702903427273753E-015  1.474578588041173E-002
  6.762710488888722E-016  3.253157945647826E-002  8.754702726533721E-016
  1.474578588040206E-002  2.469608930142393E-015  1.202849407665857E-002
3 34
 -1.553593238776468E-002 -6.651744022961426E-003  6.651744022961230E-003
 -6.655305273138424E-003 -7.267737250727239E-003 -8.490020553321608E-003
  6.655305273129991E-003 -8.490020553321218E-003 -7.267737250726799E-003
3 35
  1.202849407665956E-002 -1.474578588040923E-002  9.009720053354542E-015
 -1.474578588039892E-002  1.202849407665427E-002 -3.928199996186543E-015
 -1.005157052227837E-014  6.431002102728826E-015  3.253157945648111E-002
3 36
 -1.553593238775851E-002 -6.651744022949505E-003  6.651744022944484E-003
 -6.655305273140998E-003 -7.267737250729443E-003 -8.490020553317700E-003
  6.655305273138112E-003 -8.490020553325628E-003 -7.267737250731754E-003
3 37
  3.460608080961352E-003  8.890457814381136E-016 -1.146067334575000E-002
 -2.086411555676793E-015  3.612261808095911E-003 -2.940898392866931E-015
 -1.146067334574978E-002 -2.066760391300493E-015  3.460608080965947E-003
3 38
  3.460608080958435E-003  1.146067334574672E-002  8.456776945386935E-016
  1.146067334574758E-002  3.460608080968478E-003 -6.095249088441945E-016
 -1.446732273910345E-015 -3.744902066400711E-015  3.612261808101099E-003
3 39
 -7.267737250726488E-003 -6.655305273135586E-003 -8.490020553322515E-003
 -6.651744022960137E-003 -1.553593238776912E-002  6.651744022954981E-003
 -8.490020553321615E-003  6.655305273136502E-003 -7.267737250728506E-003
3 40
 -7.267737250722824E-003  8.490020553325541E-003  6.655305273130555E-003
  8.490020553318078E-003 -7.267737250728518E-003  6.655305273143628E-003
  6.651744022958627E-003  6.651744022955331E-003 -1.553593238777615E-002
3 41
 -1.266294654796998E-003 -3.686287386450715E-016  1.344410693882025E-015
 -2.527421693509640E-016 -1.266294654793701E-003 -1.196010465324113E-015
 -1.092343403753650E-015  1.184490929639373E-015 -1.266294654795880E-003
3 42
  3.612261808092106E-003  3.935653886122381E-015  2.656295322589486E-015
  1.064655563738631E-015  3.460608080965329E-003 -1.146067334575104E-002
  1.414428554884434E-015 -1.146067334575244E-002  3.460608080965895E-003
3 43
  3.253157945647005E-002 -2.753873518113181E-015 -8.261620554339544E-015
  4.702726923155874E-015  1.202849407665931E-002  1.474578588040627E-002
  4.742706878266277E-015  1.474578588041110E-002  1.202849407666087E-002
3 44
  3.612261808093645E-003  5.572799166575493E-015  3.306816626080789E-015
  6.007597060268886E-015  3.460608080961582E-003 -1.146067334575364E-002
  2.825336629081843E-015 -1.146067334574830E-002  3.460608080961012E-003
3 45
  3.460608080961222E-003  3.523657060577889E-015 -1.146067334575109E-002
  1.033478713849787E-016  3.612261808091248E-003  2.591578843215806E-015
 -1.146067334575059E-002 -1.330315536244122E-015  3.460608080967527E-003
3 46
 -7.267737250741169E-003  8.490020553314329E-003  6.655305273136757E-003
  8.490020553321100E-003 -7.267737250724549E-003  6.655305273141992E-003
  6.651744022950178E-003  6.651744022953839E-003 -1.553593238776368E-002
3 47
 -7.267737250732299E-003 -6.655305273140367E-003 -8.490020553312681E-003
 -6.651744022951789E-003 -1.553593238776283E-002  6.651744022952888E-003
 -8.490020553319339E-003  6.655305273135425E-003 -7.267737250725705E-003
3 48
  3.460608080962403E-003  1.146067334574840E-002  7.318364664277155E-015
  1.146067334574675E-002  3.460608080959787E-003 -5.752611026387780E-016
  4.752194951738212E-015 -8.723081891668196E-015  3.612261808094790E-003
3 49
 -7.267737250724374E-003 -8.490020553319100E-003  6.655305273135629E-003
 -8.490020553326261E-003 -7.267737250728947E-003 -6.655305273139804E-003
  6.651744022957894E-003 -6.651744022952310E-003 -1.553593238777347E-002
3 50
 -7.267737250730304E-003 -6.655305273139890E-003  8.490020553323079E-003
 -6.651744022957581E-003 -1.553593238776614E-002 -6.651744022955617E-003
  8.490020553317653E-003 -6.655305273138177E-003 -7.267737250730768E-003
3 51
 -8.120621850554021E-001 -9.199106360170239E-001  6.274277972173614E-014
 -9.199106360171596E-001 -8.120621850553070E-001  5.532107703789396E-014
 -5.309261122657356E-016  8.054612470830138E-015  8.105872507471958E-002
3 52
 -8.120621850554056E-001 -4.228388472693467E-014  9.199106360171245E-001
 -3.597862442113265E-015  8.105872507470377E-002 -7.947878156415948E-015
  9.199106360171589E-001  4.506215279392878E-014 -8.120621850553761E-001
3 53
  3.612261808093428E-003  6.179952383167375E-016 -4.119968255444917E-015
  1.519094033896484E-015  3.460608080963468E-003  1.146067334574758E-002
  1.508765525895902E-015  1.146067334575342E-002  3.460608080958133E-003
3 54
  1.840321607972518E-002  5.746271514173174E-016  4.954803928258755E-015
 -1.172734056132524E-014  3.044262756681251E-002  1.867877055285183E-015
  1.487728668557453E-015  3.127245641262877E-016  1.840321607972653E-002
3 55
  8.105872507469207E-002 -9.280770596475918E-015 -1.233822072288504E-014
  3.839769756493194E-015 -8.120621850552530E-001  9.199106360171340E-001
 -1.384390648992428E-015  9.199106360169952E-001 -8.120621850553890E-001
3 56
  1.840321607971831E-002 -2.710505431213761E-016 -3.415236843329339E-015
  4.341552074446642E-015  1.840321607971269E-002 -3.011371534078489E-015
  5.395261060830991E-015 -5.852320039169412E-015  3.044262756682695E-002
3 57
  3.460608080960051E-003 -1.146067334574971E-002  3.989863994746656E-015
 -1.146067334574747E-002  3.460608080966542E-003 -1.493507683188994E-015
  7.501382390151473E-016 -1.224138784171460E-015  3.612261808094750E-003
3 58
 -7.267737250737493E-003  6.655305273138361E-003  8.490020553311934E-003
  6.651744022954683E-003 -1.553593238776645E-002  6.651744022955695E-003
  8.490020553320394E-003  6.655305273138391E-003 -7.267737250726718E-003
3 59
 -7.267737250729969E-003 -8.490020553307684E-003 -6.655305273146396E-003
 -8.490020553315046E-003 -7.267737250732923E-003  6.655305273141769E-003
 -6.651744022952408E-003  6.651744022954955E-003 -1.553593238777455E-002
3 60
  3.460608080958587E-003  8.565197162635485E-016  1.146067334575301E-002
  3.159099375435538E-015  3.612261808091160E-003 -5.162497801186111E-015
  1.146067334574239E-002 -2.979973081514956E-015  3.460608080963689E-003
3 61
 -1.553593238776451E-002  6.651744022949488E-003  6.651744022949543E-003
  6.655305273144265E-003 -7.267737250731370E-003  8.490020553317856E-003
  6.655305273136259E-003  8.490020553318179E-003 -7.267737250733614E-003
3 62
 -7.914939155044640E-003 -4.228388472693467E-016 -3.935653886122381E-015
 -5.116079001415974E-016 -7.914939155045063E-003  1.028636811145622E-015
 -8.405616155372776E-015  5.170966736398053E-015 -7.914939155045916E-003
3 63
 -1.553593238775310E-002 -6.651744022946902E-003 -6.651744022947845E-003
 -6.655305273142343E-003 -7.267737250729656E-003  8.490020553316236E-003
 -6.655305273133170E-003  8.490020553317358E-003 -7.267737250734988E-003
3 64
  3.044262756681620E-002  7.307522642552300E-015 -9.432558900623889E-016
  2.714494203620092E-015  1.840321607971865E-002 -2.921003124713597E-015
  1.055021939412098E-015 -7.053262593507949E-015  1.840321607971993E-002
4 1
  8.105872507470176E-002  1.179747488935790E-015  8.211476203862089E-015
 -1.482781996145488E-014 -8.120621850553804E-001 -9.199106360171482E-001
 -1.984632076734716E-014 -9.199106360171407E-001 -8.120621850553826E-001
4 2
  3.253157945647959E-002  4.062370015031624E-015  2.513316161092960E-015
 -1.286473640289831E-014  1.202849407665192E-002 -1.474578588041406E-002
 -4.462169566135654E-015 -1.474578588040930E-002  1.202849407665692E-002
4 3
  8.105872507470854E-002 -5.410168840702667E-015 -7.855044739657480E-015
  5.170594041901261E-014 -8.120621850553842E-001 -9.199106360171421E-001
  5.744950142775457E-014 -9.199106360171371E-001 -8.120621850553785E-001
4 4
  6.140120841670817E+000 -1.099923103986544E-013 -1.130450171405589E-013
 -1.074932243910753E-013  6.140120841670773E+000 -6.279394051175030E-014
 -1.069453634807913E-013 -2.200591596966672E-015  6.140120841670758E+000
4 5
 -7.267737250735529E-003  8.490020553310922E-003 -6.655305273133903E-003
  8.490020553320090E-003 -7.267737250733552E-003 -6.655305273134867E-003
 -6.651744022957110E-003 -6.651744022955620E-003 -1.553593238776276E-002
4 6
 -7.267737250734698E-003  6.655305273146032E-003 -8.490020553317169E-003
  6.651744022958381E-003 -1.553593238777410E-002 -6.651744022948384E-003
 -8.490020553316857E-003 -6.655305273139006E-003 -7.267737250731759E-003
4 7
 -8.120621850553684E-001  9.199106360171319E-001 -9.566051293111166E-015
  9.199106360171263E-001 -8.120621850553795E-001 -9.473216482092095E-016
  3.062532324092648E-015 -6.783039841612437E-016  8.105872507470503E-002
4 8
 -8.120621850553678E-001  2.183921988564708E-014 -9.199106360171287E-001
 -5.221449900054409E-015  8.105872507469632E-002 -3.030345072096985E-015
 -9.199106360171276E-001  1.990256375504484E-014 -8.120621850553763E-001
4 9
 -1.553593238777114E-002  6.651744022953533E-003 -6.651744022952936E-003
  6.655305273139269E-003 -7.267737250728049E-003 -8.490020553318213E-003
 -6.655305273142262E-003 -8.490020553322352E-003 -7.267737250730923E-003
4 10
  1.202849407665706E-002  1.474578588041165E-002 -3.442341897641477E-016
  1.474578588041043E-002  1.202849407665515E-002 -7.588737581040728E-015
  2.638338224107695E-015  1.122183129840387E-014  3.253157945647817E-002
4 11
 -1.553593238776491E-002  6.651744022958869E-003 -6.651744022956379E-003
  6.655305273140341E-003 -7.267737250729440E-003 -8.490020553308010E-003
 -6.655305273139690E-003 -8.490020553318805E-003 -7.267737250730709E-003
4 12
  1.202849407665689E-002 -4.219579330042023E-015 -1.474578588040622E-002
  2.957161425454213E-015  3.253157945647477E-002  2.869408812118668E-015
 -1.474578588041221E-002 -6.359523367985287E-015  1.202849407666101E-002
4 13
 -8.120621850554319E-001  9.199106360171875E-001 -7.623296525288703E-016
  9.199106360171901E-001 -8.120621850554368E-001 -3.105222784634265E-015
  4.985635927538812E-015 -1.906162944501077E-015  8.105872507470885E-002
4 14
 -7.267737250727819E-003  6.655305273147395E-003 -8.490020553320030E-003
  6.651744022953765E-003 -1.553593238777503E-002 -6.651744022952100E-003
 -8.490020553324361E-003 -6.655305273138999E-003 -7.267737250735380E-003
4 15
 -7.267737250721893E-003  8.490020553327893E-003 -6.655305273143189E-003
  8.490020553323140E-003 -7.267737250735392E-003 -6.655305273130544E-003
 -6.651744022954294E-003 -6.651744022956942E-003 -1.553593238776922E-002
4 16
 -8.120621850554036E-001  1.419152881147745E-014 -9.199106360171488E-001
 -1.788255958243279E-015  8.105872507470073E-002  2.568881522432842E-015
 -9.199106360171483E-001  8.456438132208033E-015 -8.120621850553782E-001
4 17
 -7.267737250734669E-003 -6.655305273138731E-003  8.490020553318935E-003
 -6.651744022958427E-003 -1.553593238776859E-002 -6.651744022952448E-003
  8.490020553322692E-003 -6.655305273141107E-003 -7.267737250731152E-003
4 18
 -7.267737250734154E-003 -8.490020553315443E-003  6.655305273140726E-003
 -8.490020553315356E-003 -7.267737250731191E-003 -6.655305273136593E-003
  6.651744022955442E-003 -6.651744022953702E-003 -1.553593238776452E-002
4 19
 -8.120621850553664E-001 -1.392454402650289E-014  9.199106360171408E-001
 -4.325289041859359E-015  8.105872507470528E-002  6.854190609181798E-016
  9.199106360171241E-001 -2.547875105340935E-016 -8.120621850553761E-001
4 20
 -8.120621850553617E-001 -9.199106360171242E-001  2.352922002200886E-014
 -9.199106360171269E-001 -8.120621850553835E-001  2.461105050224205E-014
  4.026455818068042E-015 -3.643935739088000E-015  8.105872507470377E-002
4 21
 -7.914939155046288E-003 -1.257674520083185E-015  3.599551212651875E-015
  4.889751797909625E-015 -7.914939155046591E-003  3.653761321276150E-015
 -2.233456475320139E-015  1.398620802506301E-015 -7.914939155049356E-003
4 22
 -1.553593238776914E-002  6.651744022957993E-003  6.651744022960390E-003
  6.655305273139638E-003 -7.267737250734723E-003  8.490020553312444E-003
  6.655305273137387E-003  8.490020553318040E-003 -7.267737250728147E-003
4 23
  3.044262756682614E-002 -3.821812658011403E-015 -2.813504637599884E-015
 -4.281582141781037E-015  1.840321607972240E-002  5.405425456198043E-015
  5.116079001415974E-016  2.057951248649048E-015  1.840321607971782E-002
4 24
 -1.553593238776148E-002 -6.651744022967751E-003 -6.651744022964607E-003
 -6.655305273131414E-003 -7.267737250731199E-003  8.490020553327305E-003
 -6.655305273137353E-003  8.490020553319440E-003 -7.267737250731188E-003
4 25
 -7.267737250731373E-003  6.655305273146878E-003  8.490020553325291E-003
  6.651744022953085E-003 -1.553593238777281E-002  6.651744022942907E-003
  8.490020553315976E-003  6.655305273136912E-003 -7.267737250724732E-003
4 26
  3.460608080964100E-003 -1.146067334574642E-002  1.585645677260050E-015
 -1.146067334575054E-002  3.460608080958331E-003  4.370012381474386E-015
 -1.304430738771623E-015 -1.101820457788394E-015  3.612261808095256E-003
4 27
  3.460608080957540E-003 -3.953272171425271E-015  1.146067334574628E-002
 -3.995623818787986E-015  3.612261808100939E-003  6.708162129075157E-015
  1.146067334574935E-002  6.013933925505532E-015  3.460608080964207E-003
4 28
 -7.267737250727702E-003 -8.490020553325673E-003 -6.655305273138862E-003
 -8.490020553323457E-003 -7.267737250725550E-003  6.655305273130600E-003
 -6.651744022953123E-003  6.651744022950247E-003 -1.553593238777073E-002
4 29
  1.840321607971853E-002 -1.742177365912645E-015 -1.183813247082610E-015
  8.026484208181750E-016  3.044262756681965E-002 -1.419966032777109E-015
 -2.229729530352220E-015  4.306315503840863E-015  1.840321607972663E-002
4 30
  3.612261808091634E-003  1.007223818239034E-014  1.225148454908620E-015
 -3.797079295951578E-015  3.460608080965799E-003  1.146067334575129E-002
 -5.676137186140517E-015  1.146067334575330E-002  3.460608080964983E-003
4 31
  1.840321607970778E-002 -9.170317500153957E-015  4.576688420604436E-015
 -9.473216482092095E-015  1.840321607971470E-002 -1.816072520231110E-014
 -1.010137611577588E-014 -3.554489059857946E-015  3.044262756682302E-002
4 32
  8.105872507468828E-002 -9.118140270603092E-015  4.786752591523502E-015
 -7.047449646427340E-014 -8.120621850553723E-001  9.199106360171603E-001
  6.867641492384197E-014  9.199106360171152E-001 -8.120621850553927E-001
4 33
 -1.553593238776777E-002 -6.651744022948715E-003  6.651744022959513E-003
 -6.655305273133041E-003 -7.267737250728376E-003 -8.490020553316595E-003
  6.655305273146754E-003 -8.490020553321537E-003 -7.267737250726798E-003
4 34
  1.202849407666201E-002 -7.045281242082369E-015  1.474578588041161E-002
  1.146171102906629E-014  3.253157945648429E-002 -4.023406499457927E-015
  1.474578588040271E-002 -7.867242014097942E-016  1.202849407665742E-002
4 35
 -1.553593238776626E-002 -6.651744022962294E-003  6.651744022966399E-003
 -6.655305273131043E-003 -7.267737250725664E-003 -8.490020553323310E-003
  6.655305273134641E-003 -8.490020553316590E-003 -7.267737250728933E-003
4 36
  1.202849407665814E-002 -1.474578588040592E-002 -9.086969458144134E-016
 -1.474578588040696E-002  1.202849407666327E-002 -4.729831977468013E-016
 -3.015776105404211E-015 -1.358640847395898E-015  3.253157945647357E-002
4 37
 -7.267737250729807E-003  8.490020553328944E-003  6.655305273140649E-003
  8.490020553319013E-003 -7.267737250731702E-003  6.655305273137502E-003
  6.651744022952413E-003  6.651744022951003E-003 -1.553593238777713E-002
4 38
  3.460608080958010E-003 -4.399150314859934E-015 -1.146067334574399E-002
  3.320369153236857E-016  3.612261808096663E-003 -8.714613774531144E-015
 -1.146067334574890E-002 -2.296136913416957E-015  3.460608080965386E-003
4 39
  3.460608080960761E-003  1.146067334574813E-002  5.691383779191095E-015
  1.146067334574911E-002  3.460608080968488E-003  8.199278929421627E-017
 -1.003564635906895E-015 -1.069972018971632E-015  3.612261808099576E-003
4 40
 -7.267737250725603E-003 -6.655305273137999E-003 -8.490020553327489E-003
 -6.651744022955598E-003 -1.553593238777148E-002  6.651744022962493E-003
 -8.490020553323109E-003  6.655305273141270E-003 -7.267737250729205E-003
4 41
  3.612261808094409E-003  5.435241015941394E-015 -5.963111948670274E-017
 -4.403893699364558E-015  3.460608080961427E-003 -1.146067334574464E-002
 -8.307699146670178E-016 -1.146067334575192E-002  3.460608080963497E-003
4 42
 -1.266294654797272E-003  1.036768327439264E-016 -1.409462824231156E-016
 -1.080136414338684E-015 -1.266294654794591E-003  1.505685767039244E-015
  5.302426249811920E-016 -9.137791434979392E-016 -1.266294654796702E-003
4 43
  3.612261808090101E-003 -3.077778917143226E-015 -6.562133648968516E-015
 -2.934460942467798E-015  3.460608080957528E-003 -1.146067334574849E-002
 -2.790126528255665E-015 -1.146067334574939E-002  3.460608080963692E-003
4 44
  3.253157945647273E-002  8.164042358815848E-015 -1.101820457788394E-015
 -6.792865423800587E-015  1.202849407666059E-002  1.474578588040805E-002
 -5.439306774088215E-015  1.474578588040723E-002  1.202849407665886E-002
4 45
  3.460608080963903E-003  1.146067334575149E-002 -6.870453641769081E-015
  1.146067334575196E-002  3.460608080962673E-003 -2.243282057508289E-015
  4.364930183790861E-015  8.876905287225068E-017  3.612261808091169E-003
4 46
  3.460608080961809E-003 -1.754374640353107E-015 -1.146067334574737E-002
  1.337973243482893E-015  3.612261808092120E-003 -5.339695699491109E-015
 -1.146067334574079E-002 -2.020004172612055E-015  3.460608080960287E-003
4 47
 -7.267737250728892E-003  8.490020553320462E-003  6.655305273140124E-003
  8.490020553324795E-003 -7.267737250723391E-003  6.655305273135436E-003
  6.651744022952575E-003  6.651744022944710E-003 -1.553593238776442E-002
4 48
 -7.267737250729087E-003 -6.655305273137603E-003 -8.490020553319311E-003
 -6.651744022953600E-003 -1.553593238777065E-002  6.651744022953064E-003
 -8.490020553313264E-003  6.655305273140728E-003 -7.267737250723266E-003
4 49
 -8.120621850554354E-001 -4.153171946977285E-015  9.199106360171609E-001
 -4.854515227303846E-015  8.105872507470460E-002  1.704230289875652E-016
  9.199106360171929E-001 -3.230583660827901E-015 -8.120621850554001E-001
4 50
 -7.267737250727483E-003 -8.490020553327392E-003  6.655305273140422E-003
 -8.490020553327449E-003 -7.267737250731396E-003 -6.655305273138795E-003
  6.651744022953887E-003 -6.651744022948727E-003 -1.553593238778002E-002
4 51
 -7.267737250723340E-003 -6.655305273136554E-003  8.490020553328686E-003
 -6.651744022954030E-003 -1.553593238776973E-002 -6.651744022961792E-003
  8.490020553318474E-003 -6.655305273133296E-003 -7.267737250734404E-003
4 52
 -8.120621850554011E-001 -9.199106360171395E-001  6.603739907337647E-014
 -9.199106360171506E-001 -8.120621850553879E-001  5.552029918708817E-014
  3.890930546507354E-015  6.689866217414464E-015  8.105872507471445E-002
4 53
  1.840321607971536E-002  1.450798032057166E-015 -7.020209066843641E-015
 -3.637837101867769E-015  1.840321607971677E-002 -3.155705948290621E-015
  4.514685608865421E-015  2.110467291378815E-015  3.044262756681715E-002
4 54
  3.612261808099673E-003 -5.426431873289950E-015  4.819278656698067E-015
 -3.699501100427882E-015  3.460608080961244E-003  1.146067334574999E-002
  4.283276207675546E-015  1.146067334574680E-002  3.460608080964737E-003
4 55
  1.840321607971590E-002  5.669699735741385E-015 -8.207410445715269E-015
 -1.285220031527895E-014  3.044262756680871E-002 -6.281596336837891E-016
 -1.281052629427404E-015 -9.817450671856243E-015  1.840321607971929E-002
4 56
  8.105872507469325E-002 -6.694948415097990E-015 -7.508100044462118E-015
  6.248494289259193E-014 -8.120621850553948E-001  9.199106360171312E-001
 -6.703825320385215E-014  9.199106360171544E-001 -8.120621850553826E-001
4 57
  3.460608080960694E-003 -3.503328269843786E-015  1.146067334574825E-002
  5.334952314986485E-015  3.612261808095299E-003  4.448617038979585E-016
  1.146067334574857E-002 -3.905838326379030E-015  3.460608080962243E-003
4 58
  3.460608080959494E-003 -1.146067334574794E-002 -5.197394164352387E-016
 -1.146067334574603E-002  3.460608080965355E-003 -2.713893563002778E-016
 -5.969888212248309E-016 -4.056271377811393E-015  3.612261808095089E-003
4 59
 -7.267737250732650E-003  6.655305273146425E-003  8.490020553320017E-003
  6.651744022957644E-003 -1.553593238777204E-002  6.651744022949555E-003
  8.490020553323615E-003  6.655305273136044E-003 -7.267737250728569E-003
4 60
 -7.267737250728971E-003 -8.490020553312001E-003 -6.655305273132382E-003
 -8.490020553312686E-003 -7.267737250726937E-003  6.655305273138427E-003
 -6.651744022949382E-003  6.651744022958402E-003 -1.553593238776940E-002
4 61
  3.044262756682301E-002 -4.973777466277252E-016  8.437125781010635E-015
  1.783851386917557E-015  1.840321607972499E-002  1.436906691722195E-015
 -3.953272171425271E-015  1.655102378934903E-015  1.840321607972155E-002
4 62
 -1.553593238777025E-002  6.651744022947550E-003  6.651744022948843E-003
  6.655305273141698E-003 -7.267737250731007E-003  8.490020553322626E-003
  6.655305273137261E-003  8.490020553323234E-003 -7.267737250727470E-003
4 63
 -7.914939155041125E-003  3.543985851311993E-016 -6.146748691635007E-015
  2.635627718676481E-015 -7.914939155048437E-003  1.711006553453687E-015
  4.309703635629880E-015  2.611233169795557E-015 -7.914939155054104E-003
4 64
 -1.553593238777904E-002 -6.651744022948756E-003 -6.651744022954808E-003
 -6.655305273133556E-003 -7.267737250725627E-003  8.490020553317736E-003
 -6.655305273141950E-003  8.490020553317507E-003 -7.267737250733048E-003
5 1
 -8.120621850553831E-001  5.262446294701517E-014 -9.199106360171371E-001
 -7.804900389180025E-015  8.105872507470317E-002 -2.863648988077339E-015
 -9.199106360171270E-001  6.104397044272292E-014 -8.120621850553887E-001
5 2
 -8.120621850553890E-001  9.199106360171282E-001  3.455894424797545E-016
  9.199106360171261E-001 -8.120621850553792E-001 -1.080136414338684E-015
 -2.891770481926181E-015 -6.687833338341054E-015  8.105872507470854E-002
5 3
 -7.267737250728003E-003  6.655305273140793E-003 -8.490020553320583E-003
  6.651744022951502E-003 -1.553593238776602E-002 -6.651744022948054E-003
 -8.490020553319754E-003 -6.655305273136570E-003 -7.267737250727407E-003
5 4
 -7.267737250728041E-003  8.490020553318305E-003 -6.655305273143369E-003
  8.490020553323740E-003 -7.267737250728499E-003 -6.655305273140774E-003
 -6.651744022949027E-003 -6.651744022954531E-003 -1.553593238777238E-002
5 5
  6.140120841670764E+000 -1.809858686530053E-013 -1.294655978560308E-014
  2.360985755858747E-014  6.140120841670658E+000 -4.426390894443633E-014
  2.383228841053645E-014 -1.737782958982290E-013  6.140120841670692E+000
5 6
  8.105872507470152E-002  6.959222694641332E-016 -1.348476452028846E-016
  2.039113235902112E-014 -8.120621850553751E-001 -9.199106360171287E-001
  2.803475767504393E-014 -9.199106360171266E-001 -8.120621850553841E-001
5 7
  3.253157945647613E-002 -6.193504910323444E-016 -5.986828871193395E-015
 -1.333568672157170E-015  1.202849407665705E-002 -1.474578588040775E-002
  3.035766082959412E-015 -1.474578588040713E-002  1.202849407666062E-002
5 8
  8.105872507470256E-002  1.136379402036369E-015  2.718975760686304E-015
 -5.457602685748908E-014 -8.120621850553410E-001 -9.199106360170987E-001
 -5.508187493358935E-014 -9.199106360170888E-001 -8.120621850553640E-001
5 9
 -8.120621850553791E-001  6.123811039423360E-014 -9.199106360171294E-001
  9.080870820923903E-015  8.105872507471490E-002  1.842466066867554E-015
 -9.199106360171225E-001  6.294742288179278E-014 -8.120621850553786E-001
5 10
 -7.267737250733883E-003  8.490020553315257E-003 -6.655305273137897E-003
  8.490020553333467E-003 -7.267737250723526E-003 -6.655305273135459E-003
 -6.651744022954852E-003 -6.651744022956122E-003 -1.553593238777283E-002
5 11
 -7.267737250733430E-003  6.655305273140981E-003 -8.490020553313023E-003
  6.651744022968255E-003 -1.553593238777362E-002 -6.651744022961118E-003
 -8.490020553325822E-003 -6.655305273138437E-003 -7.267737250728877E-003
5 12
 -8.120621850554026E-001  9.199106360171596E-001  3.960488892135877E-014
  9.199106360171492E-001 -8.120621850554028E-001 -4.765441242570584E-014
  9.138130248158294E-015  2.934122129288896E-016  8.105872507469819E-002
5 13
  1.202849407666037E-002  2.111144917736618E-015 -1.474578588041272E-002
  5.102526474259905E-016  3.253157945647149E-002  1.311884628707460E-015
 -1.474578588041235E-002 -5.729330855228087E-016  1.202849407665676E-002
5 14
 -1.553593238777030E-002  6.651744022949922E-003 -6.651744022947824E-003
  6.655305273140091E-003 -7.267737250728619E-003 -8.490020553321712E-003
 -6.655305273136761E-003 -8.490020553322266E-003 -7.267737250728446E-003
5 15
  1.202849407666247E-002  1.474578588040368E-002  8.937214033069574E-015
  1.474578588040324E-002  1.202849407665782E-002 -6.795914742410702E-015
 -5.750676085498896E-015  9.210975081622164E-015  3.253157945647999E-002
5 16
 -1.553593238777072E-002  6.651744022953176E-003 -6.651744022952994E-003
  6.655305273143709E-003 -7.267737250729540E-003 -8.490020553316040E-003
 -6.655305273139758E-003 -8.490020553318788E-003 -7.267737250732504E-003
5 17
  8.105872507471348E-002 -3.072696719459700E-015  3.602261718083088E-015
  4.466235324282475E-015 -8.120621850553746E-001  9.199106360171245E-001
 -1.821459649775647E-015  9.199106360171329E-001 -8.120621850553826E-001
5 18
  1.840321607972318E-002  4.479449038259642E-015  5.568733408428672E-015
  4.106415728288848E-016  3.044262756683159E-002  7.264154555652880E-016
  5.540950727758731E-015  5.043572981131006E-015  1.840321607971451E-002
5 19
  3.612261808091912E-003 -1.674414730132301E-015 -2.148075554236906E-016
 -5.681219383824043E-015  3.460608080963330E-003  1.146067334574766E-002
  1.908195823574488E-015  1.146067334575317E-002  3.460608080962589E-003
5 20
  1.840321607972257E-002 -4.680704066527264E-015 -3.440986644925870E-015
 -3.079134169858833E-015  1.840321607971281E-002  2.982911227050744E-015
 -6.180968822704080E-015  6.698336546887007E-016  3.044262756681496E-002
5 21
 -8.120621850553882E-001 -9.199106360171377E-001  1.941060701927955E-014
 -9.199106360171195E-001 -8.120621850553751E-001  2.131541471106502E-014
  1.376936759056591E-015 -1.116728237660070E-015  8.105872507470921E-002
5 22
 -7.267737250732285E-003 -6.655305273139331E-003  8.490020553320292E-003
 -6.651744022954762E-003 -1.553593238777315E-002 -6.651744022951239E-003
  8.490020553318755E-003 -6.655305273138503E-003 -7.267737250726618E-003
5 23
 -7.267737250724724E-003 -8.490020553317389E-003  6.655305273142442E-003
 -8.490020553314477E-003 -7.267737250733942E-003 -6.655305273144135E-003
  6.651744022950697E-003 -6.651744022951917E-003 -1.553593238776965E-002
5 24
 -8.120621850553674E-001  4.200266978844625E-014  9.199106360170302E-001
  2.743031496388326E-015  8.105872507470037E-002 -5.995638013844840E-015
  9.199106360171072E-001 -3.918035600819492E-014 -8.120621850552907E-001
5 25
 -1.553593238777082E-002 -6.651744022950263E-003 -6.651744022952231E-003
 -6.655305273143565E-003 -7.267737250727760E-003  8.490020553328249E-003
 -6.655305273141933E-003  8.490020553318189E-003 -7.267737250727207E-003
5 26
 -7.914939155047209E-003 -3.977666720306194E-016 -6.760000545447120E-015
 -2.049142105997603E-015 -7.914939155050716E-003  7.253312533928025E-015
 -4.163336342344337E-015  7.849623728795052E-015 -7.914939155055039E-003
5 27
 -1.553593238776750E-002  6.651744022957184E-003  6.651744022951618E-003
  6.655305273147388E-003 -7.267737250731075E-003  8.490020553313752E-003
  6.655305273140471E-003  8.490020553322096E-003 -7.267737250725555E-003
5 28
  3.044262756683649E-002  5.650726197722888E-015  5.003254212841701E-015
 -5.982763113046574E-015  1.840321607972167E-002 -6.551969253601464E-015
  5.115062561879269E-015 -5.909918279582704E-015  1.840321607972283E-002
5 29
 -7.267737250729460E-003 -8.490020553322191E-003 -6.655305273138505E-003
 -8.490020553329305E-003 -7.267737250722273E-003  6.655305273144991E-003
 -6.651744022948591E-003  6.651744022949499E-003 -1.553593238777673E-002
5 30
 -7.267737250727492E-003  6.655305273132587E-003  8.490020553319873E-003
  6.651744022954646E-003 -1.553593238777270E-002  6.651744022959266E-003
  8.490020553320663E-003  6.655305273137361E-003 -7.267737250728009E-003
5 31
  3.460608080963907E-003 -1.146067334574810E-002 -1.536178953140399E-015
 -1.146067334574566E-002  3.460608080963646E-003 -2.831122922902773E-015
 -2.517381919239781E-016  4.156560078766303E-015  3.612261808094921E-003
5 32
  3.460608080966616E-003 -4.148428562472661E-015  1.146067334575334E-002
  4.563135893448367E-015  3.612261808089963E-003  2.511960908377353E-015
  1.146067334575024E-002  2.778268066994105E-016  3.460608080964792E-003
5 33
 -7.267737250730528E-003 -6.655305273139758E-003 -8.490020553320668E-003
 -6.651744022947674E-003 -1.553593238777232E-002  6.651744022954034E-003
 -8.490020553324028E-003  6.655305273138215E-003 -7.267737250733658E-003
5 34
  3.460608080966158E-003  1.146067334575064E-002  3.018825424014326E-016
  1.146067334574609E-002  3.460608080962360E-003 -2.898207932325314E-015
 -2.507217523872729E-016  9.175060884658581E-016  3.612261808096835E-003
5 35
  3.460608080966069E-003 -1.639516972705424E-015 -1.146067334575025E-002
 -4.880265028900377E-015  3.612261808094088E-003 -7.752045533271357E-016
 -1.146067334574804E-002 -2.280890320366380E-015  3.460608080965983E-003
5 36
 -7.267737250725334E-003  8.490020553322437E-003  6.655305273139439E-003
  8.490020553328285E-003 -7.267737250731942E-003  6.655305273134220E-003
  6.651744022957343E-003  6.651744022950228E-003 -1.553593238776698E-002
5 37
  1.202849407665678E-002 -1.474578588040709E-002  1.592421940838085E-017
 -1.474578588040809E-002  1.202849407665415E-002 -6.953801683778904E-015
  3.525689939651300E-015  5.602614726318844E-015  3.253157945648873E-002
5 38
 -1.553593238777407E-002 -6.651744022956338E-003  6.651744022951379E-003
 -6.655305273142704E-003 -7.267737250736268E-003 -8.490020553316477E-003
  6.655305273142929E-003 -8.490020553319315E-003 -7.267737250729375E-003
5 39
  1.202849407665421E-002 -3.510104533421821E-015  1.474578588040940E-002
  4.323256162785949E-016  3.253157945647872E-002  1.757762772142124E-015
  1.474578588041570E-002 -5.045605860204416E-015  1.202849407664722E-002
5 40
 -1.553593238777477E-002 -6.651744022950320E-003  6.651744022955177E-003
 -6.655305273140703E-003 -7.267737250735100E-003 -8.490020553319381E-003
  6.655305273135440E-003 -8.490020553318040E-003 -7.267737250724264E-003
5 41
 -7.267737250733753E-003 -6.655305273137042E-003 -8.490020553324469E-003
 -6.651744022957617E-003 -1.553593238777658E-002  6.651744022960983E-003
 -8.490020553318602E-003  6.655305273146345E-003 -7.267737250730742E-003
5 42
 -7.267737250728185E-003  8.490020553320477E-003  6.655305273142035E-003
  8.490020553311276E-003 -7.267737250737006E-003  6.655305273147179E-003
  6.651744022953368E-003  6.651744022955201E-003 -1.553593238777569E-002
5 43
  3.460608080964893E-003 -3.687303825987420E-015 -1.146067334575221E-002
 -2.974779710757103E-015  3.612261808088377E-003 -4.445228907190568E-016
 -1.146067334575129E-002  2.879912020664621E-016  3.460608080964829E-003
5 44
  3.460608080964689E-003  1.146067334574969E-002 -1.791982903211198E-015
  1.146067334574955E-002  3.460608080963473E-003  2.229390717173318E-016
  5.154703703810770E-015  2.686788508690641E-016  3.612261808094990E-003
5 45
  3.253157945647742E-002  5.660890593089940E-015  3.178745244455938E-015
 -2.303929616531697E-017  1.202849407665774E-002  1.474578588040422E-002
  2.498069568042383E-015  1.474578588040737E-002  1.202849407666245E-002
5 46
  3.612261808094106E-003 -1.634773588200800E-015  1.887189406482581E-016
 -2.522802930102208E-015  3.460608080962720E-003 -1.146067334574715E-002
 -2.776235187920695E-015 -1.146067334574907E-002  3.460608080964001E-003
5 47
 -1.266294654795788E-003 -1.456896669277397E-016  1.022876987104293E-015
 -1.006275141338109E-015 -1.266294654795209E-003 -6.728829732988162E-016
 -1.961050679483156E-015  2.174502982191240E-015 -1.266294654796972E-003
5 48
  3.612261808094978E-003 -2.374063944564353E-015 -3.610054421197828E-015
 -5.217722955086490E-016  3.460608080965785E-003 -1.146067334574662E-002
 -2.039994150167257E-015 -1.146067334575089E-002  3.460608080962990E-003
5 49
 -1.553593238777271E-002 -6.651744022952681E-003 -6.651744022947922E-003
 -6.655305273147938E-003 -7.267737250736696E-003  8.490020553318402E-003
 -6.655305273143883E-003  8.490020553323808E-003 -7.267737250731219E-003
5 50
  3.044262756681121E-002  4.729831977468013E-015  1.992221491942114E-016
  6.772197819887582E-015  1.840321607971866E-002 -6.580429560629208E-015
  1.591405501301379E-015 -3.976650280769489E-015  1.840321607972678E-002
5 51
 -1.553593238777130E-002  6.651744022948890E-003  6.651744022957823E-003
  6.655305273144499E-003 -7.267737250717702E-003  8.490020553322958E-003
  6.655305273142792E-003  8.490020553316152E-003 -7.267737250726629E-003
5 52
 -7.914939155048451E-003  3.950900479172959E-015  1.233279971202261E-016
  4.959547312763379E-015 -7.914939155049261E-003  9.988212514022710E-016
 -2.501118886652498E-015  3.424384799159685E-015 -7.914939155050293E-003
5 53
 -8.120621850553585E-001 -9.199106360170961E-001  3.732501504052910E-014
 -9.199106360171023E-001 -8.120621850553480E-001  3.611003098098753E-014
 -2.984266479766351E-015 -1.012373778558340E-015  8.105872507471561E-002
5 54
 -8.120621850552876E-001 -3.925218440212208E-014  9.199106360170693E-001
  4.733220109257030E-015  8.105872507471377E-002 -7.270930819230914E-016
  9.199106360170326E-001  4.831272643231188E-014 -8.120621850553296E-001
5 55
 -7.267737250730692E-003 -8.490020553318746E-003  6.655305273145107E-003
 -8.490020553320694E-003 -7.267737250721653E-003 -6.655305273140269E-003
  6.651744022961651E-003 -6.651744022952717E-003 -1.553593238777772E-002
5 56
 -7.267737250733587E-003 -6.655305273139074E-003  8.490020553313245E-003
 -6.651744022963924E-003 -1.553593238777596E-002 -6.651744022963732E-003
  8.490020553316506E-003 -6.655305273135026E-003 -7.267737250729304E-003
5 57
  8.105872507469583E-002  7.582977756999398E-015 -1.010340899484929E-014
 -3.097125149658514E-014 -8.120621850554004E-001  9.199106360171141E-001
  3.280524723398015E-014  9.199106360171529E-001 -8.120621850553675E-001
5 58
  1.840321607972148E-002 -1.656457631650510E-015  1.329841727189252E-015
 -2.730156595590061E-015  1.840321607971941E-002 -5.648015692291675E-015
  1.941738328285758E-015  2.271403551357132E-015  3.044262756683059E-002
5 59
  3.612261808094808E-003  5.000882520589389E-016  3.750661890442042E-016
 -1.223793202193013E-015  3.460608080961312E-003  1.146067334574703E-002
 -1.448087526625952E-015  1.146067334574949E-002  3.460608080966926E-003
5 60
  1.840321607971846E-002 -7.104234735211268E-015  5.298021678486198E-015
  3.553472620321241E-015  3.044262756681703E-002  2.254462892412046E-015
  4.377805084589126E-015 -2.869408812118668E-015  1.840321607972025E-002
5 61
 -7.267737250728684E-003 -8.490020553318758E-003 -6.655305273139994E-003
 -8.490020553314334E-003 -7.267737250735043E-003  6.655305273150021E-003
 -6.651744022958380E-003  6.651744022952839E-003 -1.553593238777228E-002
5 62
  3.460608080966397E-003 -7.101524229780054E-016  1.146067334574607E-002
  1.404719439726532E-015  3.612261808090874E-003  3.909904084525850E-016
  1.146067334575357E-002  2.327646539054817E-015  3.460608080963273E-003
5 63
  3.460608080958488E-003 -1.146067334574520E-002  2.325613659981407E-015
 -1.146067334573944E-002  3.460608080960399E-003  1.940044262391249E-015
  5.583641188300348E-016  2.767426045269250E-015  3.612261808100177E-003
5 64
 -7.267737250725922E-003  6.655305273137231E-003  8.490020553317953E-003
  6.651744022956831E-003 -1.553593238776912E-002  6.651744022961735E-003
  8.490020553318661E-003  6.655305273139741E-003 -7.267737250730934E-003
6 1
 -7.267737250729947E-003  8.490020553313373E-003 -6.655305273146463E-003
  8.490020553311937E-003 -7.267737250732253E-003 -6.655305273150803E-003
 -6.651744022960812E-003 -6.651744022952728E-003 -1.553593238776820E-002
6 2
 -8.120621850553739E-001  1.768333743323858E-014 -9.199106360171371E-001
 -4.592612640012816E-015  8.105872507471146E-002 -3.995962631966887E-015
 -9.199106360171211E-001  2.747368305078268E-014 -8.120621850553752E-001
6 3
 -8.120621850553831E-001  9.199106360171363E-001 -2.610216730258852E-015
  9.199106360171356E-001 -8.120621850553831E-001  6.665810481712442E-015
  2.597341829460587E-015 -7.154379085688722E-015  8.105872507470493E-002
6 4
 -7.267737250726597E-003  6.655305273143365E-003 -8.490020553320125E-003
  6.651744022954115E-003 -1.553593238777022E-002 -6.651744022954533E-003
 -8.490020553319981E-003 -6.655305273140970E-003 -7.267737250727779E-003
6 5
  8.105872507470839E-002 -3.648340310413722E-015 -1.247848937895035E-015
  2.643081608612319E-014 -8.120621850553743E-001 -9.199106360171430E-001
  2.300473722106899E-014 -9.199106360171205E-001 -8.120621850553751E-001
6 6
  6.140120841670783E+000 -1.683528804644757E-014  8.682765335714382E-015
 -2.028338976813038E-014  6.140120841670783E+000  1.599689483525527E-014
 -6.065026952883912E-014 -5.266715340755679E-014  6.140120841670635E+000
6 7
  8.105872507470765E-002  2.383550713573601E-015 -3.589048004105921E-015
  2.156986340842021E-014 -8.120621850553847E-001 -9.199106360171363E-001
  2.869815387933350E-014 -9.199106360171381E-001 -8.120621850553856E-001
6 8
  3.253157945647649E-002 -3.642919299551295E-015  1.225148454908620E-015
  8.023096076392733E-016  1.202849407665878E-002 -1.474578588040785E-002
  1.756407519426517E-015 -1.474578588041205E-002  1.202849407665617E-002
6 9
 -8.120621850553877E-001  9.199106360171353E-001  2.582772862767813E-015
  9.199106360171451E-001 -8.120621850553862E-001 -9.252987915805977E-016
 -5.874342895798024E-015  1.530080315920168E-015  8.105872507470720E-002
6 10
 -8.120621850553795E-001  2.704711725854542E-014 -9.199106360171403E-001
  7.013432803265607E-017  8.105872507470355E-002  3.311560010585413E-015
 -9.199106360171291E-001  3.019096474557448E-014 -8.120621850553879E-001
6 11
 -7.267737250729420E-003  8.490020553323332E-003 -6.655305273137931E-003
  8.490020553322410E-003 -7.267737250730099E-003 -6.655305273147482E-003
 -6.651744022956887E-003 -6.651744022958202E-003 -1.553593238777629E-002
6 12
 -7.267737250730275E-003  6.655305273134629E-003 -8.490020553330356E-003
  6.651744022954092E-003 -1.553593238776976E-002 -6.651744022954232E-003
 -8.490020553323579E-003 -6.655305273144459E-003 -7.267737250726442E-003
6 13
 -1.553593238776168E-002  6.651744022952735E-003 -6.651744022958169E-003
  6.655305273135091E-003 -7.267737250734720E-003 -8.490020553316583E-003
 -6.655305273137257E-003 -8.490020553310941E-003 -7.267737250730581E-003
6 14
  1.202849407665557E-002 -9.141179566768409E-016 -1.474578588040505E-002
 -5.328514864587353E-015  3.253157945648004E-002  2.290377089375628E-015
 -1.474578588041338E-002  1.616138863361205E-015  1.202849407665629E-002
6 15
 -1.553593238777109E-002  6.651744022951627E-003 -6.651744022947862E-003
  6.655305273139666E-003 -7.267737250731017E-003 -8.490020553330393E-003
 -6.655305273138033E-003 -8.490020553324722E-003 -7.267737250724543E-003
6 16
  1.202849407666229E-002  1.474578588040849E-002  3.524673500114595E-015
  1.474578588040693E-002  1.202849407666300E-002  5.980391420794262E-015
 -1.467061064644448E-015 -3.996640258324691E-015  3.253157945647377E-002
6 17
  1.840321607971693E-002 -9.896732955719245E-016 -8.192502665843593E-016
 -1.904130065427667E-015  1.840321607971972E-002 -3.468769325595811E-015
 -8.023096076392733E-016  2.356784472440365E-015  3.044262756683275E-002
6 18
  8.105872507471520E-002  9.185225280025633E-016  4.034926147540585E-015
 -4.953448675543148E-016 -8.120621850553802E-001  9.199106360171363E-001
 -3.233632979438017E-015  9.199106360171312E-001 -8.120621850553782E-001
6 19
  1.840321607971547E-002  2.032201447052517E-015  3.583626993243494E-015
  1.267838915450237E-015  3.044262756683398E-002  9.164218862933726E-015
  5.784896216567970E-015 -9.733425003488616E-015  1.840321607971969E-002
6 20
  3.612261808097882E-003 -2.477401964129378E-015 -1.954952042262925E-015
  1.127570259384925E-015  3.460608080966372E-003  1.146067334574935E-002
  2.439454888092385E-015  1.146067334575162E-002  3.460608080963889E-003
6 21
 -8.120621850553831E-001 -3.267175484149287E-015  9.199106360171408E-001
  2.808083626737456E-015  8.105872507470030E-002 -4.293440603042598E-015
  9.199106360171287E-001  6.201636426617085E-015 -8.120621850553770E-001
6 22
 -8.120621850553834E-001 -9.199106360171346E-001  2.494850842842816E-014
 -9.199106360171329E-001 -8.120621850553782E-001  3.358858330360093E-014
 -6.310056643865636E-015  1.376936759056591E-015  8.105872507470918E-002
6 23
 -7.267737250726135E-003 -6.655305273136375E-003  8.490020553323872E-003
 -6.651744022949933E-003 -1.553593238776928E-002 -6.651744022953770E-003
  8.490020553320064E-003 -6.655305273147133E-003 -7.267737250733947E-003
6 24
 -7.267737250727232E-003 -8.490020553324231E-003  6.655305273134285E-003
 -8.490020553318482E-003 -7.267737250732809E-003 -6.655305273145073E-003
  6.651744022951721E-003 -6.651744022951061E-003 -1.553593238776885E-002
6 25
  3.044262756682714E-002  5.170627923219151E-015  3.522640621041184E-015
 -1.089284370169030E-015  1.840321607971924E-002  7.990570011218168E-015
 -3.108272103244381E-015  8.726472235792704E-015  1.840321607972276E-002
6 26
 -1.553593238776665E-002 -6.651744022951736E-003 -6.651744022955405E-003
 -6.655305273135147E-003 -7.267737250721888E-003  8.490020553326233E-003
 -6.655305273141091E-003  8.490020553321775E-003 -7.267737250734313E-003
6 27
 -7.914939155046298E-003  6.143360559845989E-015 -7.969563594126261E-015
 -2.265982540494704E-015 -7.914939155057303E-003 -1.126486057212439E-014
 -7.524363077049401E-015 -8.370040771588094E-015 -7.914939155051762E-003
6 28
 -1.553593238776888E-002  6.651744022953878E-003  6.651744022949112E-003
  6.655305273136509E-003 -7.267737250728846E-003  8.490020553314619E-003
  6.655305273136654E-003  8.490020553317910E-003 -7.267737250722599E-003
6 29
  3.460608080961274E-003 -1.657474071187215E-015  1.146067334574659E-002
 -1.348137638849944E-015  3.612261808095726E-003  2.523819369638913E-015
  1.146067334574752E-002  3.430822249558818E-015  3.460608080962805E-003
6 30
 -7.267737250736093E-003 -8.490020553320276E-003 -6.655305273143287E-003
 -8.490020553327022E-003 -7.267737250723724E-003  6.655305273129658E-003
 -6.651744022959331E-003  6.651744022952545E-003 -1.553593238777045E-002
6 31
 -7.267737250731305E-003  6.655305273141090E-003  8.490020553313882E-003
  6.651744022951187E-003 -1.553593238777335E-002  6.651744022952640E-003
  8.490020553323985E-003  6.655305273135214E-003 -7.267737250722452E-003
6 32
  3.460608080961086E-003 -1.146067334575569E-002  4.692562527788824E-016
 -1.146067334575181E-002  3.460608080961647E-003  1.364061858258325E-015
 -6.478107980600889E-016  4.336808689942018E-017  3.612261808091159E-003
6 33
 -7.267737250727145E-003  8.490020553323324E-003  6.655305273137917E-003
  8.490020553325952E-003 -7.267737250721214E-003  6.655305273135621E-003
  6.651744022950342E-003  6.651744022953304E-003 -1.553593238776850E-002
6 34
 -7.267737250725965E-003 -6.655305273132884E-003 -8.490020553328332E-003
 -6.651744022952912E-003 -1.553593238776202E-002  6.651744022951692E-003
 -8.490020553327593E-003  6.655305273132499E-003 -7.267737250721208E-003
6 35
  3.460608080967394E-003  1.146067334574999E-002  2.250058321086323E-015
  1.146067334574392E-002  3.460608080960624E-003  2.035928392020436E-015
 -2.324936033623604E-015 -4.435742138181320E-015  3.612261808100745E-003
6 36
  3.460608080965938E-003 -5.198749417067994E-015 -1.146067334575100E-002
  3.199074035190042E-015  3.612261808096254E-003 -1.131636017531745E-015
 -1.146067334574766E-002  5.969888212248309E-015  3.460608080963328E-003
6 37
 -1.553593238776425E-002 -6.651744022948908E-003  6.651744022955363E-003
 -6.655305273138055E-003 -7.267737250724201E-003 -8.490020553325716E-003
  6.655305273135908E-003 -8.490020553321841E-003 -7.267737250718831E-003
6 38
  1.202849407665673E-002 -1.474578588041093E-002  1.307818870560640E-015
 -1.474578588041110E-002  1.202849407665423E-002  5.407119522092552E-015
 -4.187053264867457E-015 -3.108272103244381E-015  3.253157945648162E-002
6 39
 -1.553593238777612E-002 -6.651744022962546E-003  6.651744022956802E-003
 -6.655305273143265E-003 -7.267737250734753E-003 -8.490020553315453E-003
  6.655305273138784E-003 -8.490020553313765E-003 -7.267737250731996E-003
6 40
  1.202849407665260E-002 -5.430158818257869E-015  1.474578588040882E-002
  6.093893835726338E-015  3.253157945647208E-002 -1.006885005060132E-014
  1.474578588041394E-002  1.278138836088849E-014  1.202849407664743E-002
6 41
  3.460608080961341E-003  1.146067334574987E-002  5.319366908757006E-017
  1.146067334574872E-002  3.460608080964907E-003  4.130810277169772E-015
  9.500321536404233E-016 -1.341700188450812E-015  3.612261808097530E-003
6 42
 -7.267737250734409E-003 -6.655305273144861E-003 -8.490020553315934E-003
 -6.651744022966082E-003 -1.553593238777510E-002  6.651744022958465E-003
 -8.490020553315167E-003  6.655305273136867E-003 -7.267737250730947E-003
6 43
 -7.267737250734992E-003  8.490020553310875E-003  6.655305273141877E-003
  8.490020553314775E-003 -7.267737250735211E-003  6.655305273143235E-003
  6.651744022968722E-003  6.651744022965412E-003 -1.553593238777571E-002
6 44
  3.460608080963960E-003  2.391343416688341E-015 -1.146067334575117E-002
  3.888897667433944E-015  3.612261808091706E-003 -2.810794132168670E-015
 -1.146067334574837E-002  2.604795719396424E-015  3.460608080964646E-003
6 45
  3.612261808094944E-003  2.935138568825602E-015  4.965307136804709E-015
 -3.094380762909410E-015  3.460608080964455E-003 -1.146067334574901E-002
 -2.066760391300493E-016 -1.146067334574831E-002  3.460608080961032E-003
6 46
  3.253157945647545E-002  1.010002086306028E-015 -5.079148364915687E-015
 -7.123208273229764E-015  1.202849407665584E-002  1.474578588040715E-002
  5.172321989113660E-015  1.474578588041162E-002  1.202849407665699E-002
6 47
  3.612261808094393E-003 -1.411156890125664E-015 -2.069132083552805E-015
  1.616477676540107E-015  3.460608080961766E-003 -1.146067334574408E-002
  6.078308429496859E-016 -1.146067334574944E-002  3.460608080964291E-003
6 48
 -1.266294654794790E-003 -1.101142831430590E-016  1.274953992207173E-015
 -1.873636879326512E-016 -1.266294654795754E-003  4.494356818131318E-015
  2.421158976431692E-015 -1.843143693225358E-016 -1.266294654795853E-003
6 49
 -7.914939155048505E-003 -2.378468515890075E-016  5.872648829903515E-015
  1.959356613588648E-015 -7.914939155047698E-003  1.960711866304254E-015
  2.587855060451338E-015  4.079310673976710E-015 -7.914939155050014E-003
6 50
 -1.553593238777626E-002 -6.651744022959063E-003 -6.651744022959914E-003
 -6.655305273144316E-003 -7.267737250734742E-003  8.490020553317129E-003
 -6.655305273138112E-003  8.490020553322467E-003 -7.267737250727781E-003
6 51
  3.044262756680590E-002 -1.638161719989817E-015 -3.151979003322702E-015
  1.070649645329436E-015  1.840321607972164E-002  5.772021315769704E-015
  4.743384504624082E-018  7.042570736651155E-015  1.840321607973252E-002
6 52
 -1.553593238777178E-002  6.651744022958552E-003  6.651744022955619E-003
  6.655305273140632E-003 -7.267737250729750E-003  8.490020553323872E-003
  6.655305273137635E-003  8.490020553314197E-003 -7.267737250735725E-003
6 53
 -7.267737250732173E-003 -6.655305273145022E-003  8.490020553311961E-003
 -6.651744022958945E-003 -1.553593238777252E-002 -6.651744022966440E-003
  8.490020553325046E-003 -6.655305273140292E-003 -7.267737250727456E-003
6 54
 -8.120621850553896E-001 -9.199106360171190E-001  4.031538015751568E-014
 -9.199106360171170E-001 -8.120621850553881E-001  4.243702828379825E-014
 -1.470449196433465E-016  1.921070724372753E-015  8.105872507470707E-002
6 55
 -8.120621850552829E-001 -3.629299009759446E-014  9.199106360170715E-001
 -2.644098048149024E-015  8.105872507471350E-002 -5.270577810995158E-015
  9.199106360170285E-001  3.983019968532842E-014 -8.120621850553261E-001
6 56
 -7.267737250732880E-003 -8.490020553309675E-003  6.655305273138163E-003
 -8.490020553316699E-003 -7.267737250727757E-003 -6.655305273143975E-003
  6.651744022957826E-003 -6.651744022958365E-003 -1.553593238777337E-002
6 57
  1.840321607971811E-002 -3.639869980941179E-015 -2.551263237129953E-015
  2.415060339211461E-015  3.044262756681010E-002 -2.414043899674756E-015
  4.586175189613684E-015 -2.631223147350759E-015  1.840321607972100E-002
6 58
  8.105872507470634E-002 -6.479463233316496E-015 -3.604294597156499E-015
 -3.601990667539967E-014 -8.120621850552810E-001  9.199106360170717E-001
  3.450507295253008E-014  9.199106360170252E-001 -8.120621850553220E-001
6 59
  1.840321607971777E-002 -6.547903495454643E-015  8.697334302407156E-016
 -5.441678466340527E-015  1.840321607972172E-002 -4.896528061487659E-015
  1.938011383317839E-016  5.284807964509031E-015  3.044262756682868E-002
6 60
  3.612261808095590E-003 -1.203464411458910E-015  1.792321716390100E-016
 -1.797742727252527E-015  3.460608080962071E-003  1.146067334574778E-002
  5.847915467843690E-016  1.146067334574899E-002  3.460608080966443E-003
6 61
 -7.267737250731975E-003  6.655305273137517E-003  8.490020553324510E-003
  6.651744022965179E-003 -1.553593238777033E-002  6.651744022958704E-003
  8.490020553315216E-003  6.655305273135860E-003 -7.267737250732303E-003
6 62
 -7.267737250727060E-003 -8.490020553321398E-003 -6.655305273141995E-003
 -8.490020553315132E-003 -7.267737250733670E-003  6.655305273141097E-003
 -6.651744022961688E-003  6.651744022957755E-003 -1.553593238777644E-002
6 63
  3.460608080961789E-003 -1.385745901708035E-015  1.146067334574804E-002
 -2.221936827237481E-015  3.612261808091550E-003 -1.516527788764099E-015
  1.146067334574624E-002  2.161628081392974E-015  3.460608080963238E-003
6 64
  3.460608080969109E-003 -1.146067334574920E-002 -1.194655268807465E-015
 -1.146067334574860E-002  3.460608080965205E-003  2.077602413025348E-015
  1.455541416561790E-015 -4.712213692165124E-015  3.612261808095546E-003
7 1
 -7.267737250722095E-003  6.655305273140375E-003 -8.490020553320770E-003
  6.651744022958670E-003 -1.553593238777231E-002 -6.651744022952526E-003
 -8.490020553317247E-003 -6.655305273144401E-003 -7.267737250729676E-003
7 2
 -7.267737250728894E-003  8.490020553321447E-003 -6.655305273146658E-003
  8.490020553322116E-003 -7.267737250731702E-003 -6.655305273140610E-003
 -6.651744022955410E-003 -6.651744022954962E-003 -1.553593238777865E-002
7 3
 -8.120621850553726E-001  2.308063137314298E-014 -9.199106360171471E-001
  4.899238566918873E-015  8.105872507470752E-002 -5.594144396846301E-015
 -9.199106360171235E-001  1.943229106272926E-014 -8.120621850553820E-001
7 4
 -8.120621850553761E-001  9.199106360171313E-001  5.692061405548898E-016
  9.199106360171287E-001 -8.120621850553831E-001  3.916680348103885E-015
 -6.348003719902628E-015 -6.807434390493361E-015  8.105872507471693E-002
7 5
  3.253157945647714E-002 -2.808083626737456E-015  2.341876692568690E-015
 -5.963111948670274E-016  1.202849407665358E-002 -1.474578588040690E-002
 -7.914675859144182E-016 -1.474578588041102E-002  1.202849407666496E-002
7 6
  8.105872507470720E-002 -2.925312986637452E-015 -7.436610463713855E-015
  2.090477313823613E-014 -8.120621850553754E-001 -9.199106360171315E-001
  2.493868284624001E-014 -9.199106360171316E-001 -8.120621850553775E-001
7 7
  6.140120841670769E+000 -1.022402648653831E-014  7.329376092591461E-015
 -1.853782427042872E-014  6.140120841670782E+000 -6.942231213719410E-014
 -6.199806835451016E-014 -6.434943181608810E-014  6.140120841670704E+000
7 8
  8.105872507470563E-002 -1.406413505621040E-014 -1.255980454188677E-015
  1.909313907064863E-014 -8.120621850553810E-001 -9.199106360171270E-001
  1.775042244266112E-014 -9.199106360171331E-001 -8.120621850553763E-001
7 9
 -7.267737250735642E-003  6.655305273139928E-003 -8.490020553319813E-003
  6.651744022945761E-003 -1.553593238776869E-002 -6.651744022955153E-003
 -8.490020553325244E-003 -6.655305273141124E-003 -7.267737250730735E-003
7 10
 -8.120621850553799E-001  9.199106360171380E-001 -7.950928869286666E-015
  9.199106360171296E-001 -8.120621850553872E-001  3.277678692695241E-015
 -1.255167302559312E-014  1.033041382471345E-014  8.105872507470858E-002
7 11
 -8.120621850553847E-001  2.273741362291554E-014 -9.199106360171329E-001
 -1.528047436846758E-016  8.105872507470512E-002  3.804871999066317E-016
 -9.199106360171350E-001  1.444767157472715E-014 -8.120621850553865E-001
7 12
 -7.267737250732108E-003  8.490020553306790E-003 -6.655305273143723E-003
  8.490020553316420E-003 -7.267737250726087E-003 -6.655305273138904E-003
 -6.651744022950950E-003 -6.651744022958731E-003 -1.553593238777387E-002
7 13
  1.202849407666468E-002  1.474578588040705E-002 -4.664441033939981E-015
  1.474578588040477E-002  1.202849407665767E-002 -2.352379901114643E-015
  1.956307294978532E-015  5.617522506190520E-016  3.253157945647846E-002
7 14
 -1.553593238777220E-002  6.651744022964114E-003 -6.651744022956589E-003
  6.655305273137921E-003 -7.267737250731581E-003 -8.490020553314694E-003
 -6.655305273143388E-003 -8.490020553313975E-003 -7.267737250730636E-003
7 15
  1.202849407665726E-002  3.702550419037998E-015 -1.474578588040845E-002
 -1.099109952357180E-015  3.253157945648032E-002  4.726443845678996E-016
 -1.474578588040533E-002  3.550084488532224E-015  1.202849407665525E-002
7 16
 -1.553593238777068E-002  6.651744022951394E-003 -6.651744022949375E-003
  6.655305273142464E-003 -7.267737250728089E-003 -8.490020553320220E-003
 -6.655305273144480E-003 -8.490020553327369E-003 -7.267737250731010E-003
7 17
  3.612261808092312E-003 -1.301042606982605E-016  2.157562323246154E-015
  1.084202172485504E-016  3.460608080955736E-003  1.146067334575258E-002
 -2.840609691912022E-015  1.146067334574681E-002  3.460608080961417E-003
7 18
  1.840321607971951E-002  5.149960319306146E-017  3.203478606515764E-015
  9.181837148236616E-016  1.840321607971338E-002  2.818248022104508E-015
 -8.233160247311799E-016 -2.607506224827638E-015  3.044262756683064E-002
7 19
  8.105872507470936E-002 -1.995609623731132E-016  3.625301014248405E-016
  5.125904583604124E-015 -8.120621850553829E-001  9.199106360171336E-001
  5.312590645178972E-016  9.199106360171276E-001 -8.120621850553825E-001
7 20
  1.840321607972345E-002 -1.337634430303991E-015  3.234310605795820E-015
  4.933797511166849E-015  3.044262756682773E-002  2.995108501491206E-016
  5.325465545977237E-015 -3.401684316173270E-015  1.840321607972403E-002
7 21
 -7.267737250729035E-003 -8.490020553324233E-003  6.655305273138817E-003
 -8.490020553322538E-003 -7.267737250736496E-003 -6.655305273144921E-003
  6.651744022950984E-003 -6.651744022949033E-003 -1.553593238776592E-002
7 22
 -8.120621850553806E-001  4.042041224297521E-016  9.199106360171393E-001
  8.239936510889834E-016  8.105872507470611E-002 -2.038300084272748E-015
  9.199106360171294E-001  8.673617379884035E-016 -8.120621850553770E-001
7 23
 -8.120621850553823E-001 -9.199106360171360E-001  2.526800925613248E-014
 -9.199106360171281E-001 -8.120621850553823E-001  2.082616848073093E-014
 -7.719519468096792E-015 -8.391724815037804E-015  8.105872507470728E-002
7 24
 -7.267737250732855E-003 -6.655305273141936E-003  8.490020553316869E-003
 -6.651744022956673E-003 -1.553593238777328E-002 -6.651744022951584E-003
  8.490020553316855E-003 -6.655305273144476E-003 -7.267737250727410E-003
7 25
 -1.553593238777074E-002  6.651744022964885E-003  6.651744022957789E-003
  6.655305273140644E-003 -7.267737250731229E-003  8.490020553320179E-003
  6.655305273136946E-003  8.490020553322928E-003 -7.267737250731389E-003
7 26
  3.044262756682394E-002  4.120984694981622E-015  1.063873381751401E-016
  7.148958074826295E-016  1.840321607972197E-002  2.862632548540633E-015
 -4.264980296014853E-015 -1.118083490375676E-015  1.840321607972050E-002
7 27
 -1.553593238777400E-002 -6.651744022957571E-003 -6.651744022962988E-003
 -6.655305273144622E-003 -7.267737250728196E-003  8.490020553320734E-003
 -6.655305273146636E-003  8.490020553322047E-003 -7.267737250726860E-003
7 28
 -7.914939155050435E-003  5.718488833503232E-015 -1.102091508331515E-014
  3.133344278483108E-015 -7.914939155046451E-003 -6.797947621484113E-015
 -3.176712365382528E-015 -2.862293735361732E-015 -7.914939155050624E-003
7 29
  3.460608080962948E-003 -1.146067334574762E-002  1.910228702647898E-015
 -1.146067334574638E-002  3.460608080961929E-003  6.010545793716515E-016
  3.494519127192341E-015  2.852806966352484E-015  3.612261808100636E-003
7 30
  3.460608080956750E-003  4.161981089628730E-015  1.146067334574468E-002
  5.410846467060471E-016  3.612261808098980E-003 -2.717281694791795E-016
  1.146067334575034E-002 -1.509751525186065E-015  3.460608080967609E-003
7 31
 -7.267737250722371E-003 -8.490020553329697E-003 -6.655305273148634E-003
 -8.490020553324528E-003 -7.267737250725784E-003  6.655305273138876E-003
 -6.651744022950797E-003  6.651744022950052E-003 -1.553593238776668E-002
7 32
 -7.267737250730053E-003  6.655305273139432E-003  8.490020553324529E-003
  6.651744022951962E-003 -1.553593238776832E-002  6.651744022958378E-003
  8.490020553322540E-003  6.655305273134958E-003 -7.267737250730195E-003
7 33
  3.460608080961563E-003  9.496933404615215E-016 -1.146067334574702E-002
  4.197217660234509E-015  3.612261808094377E-003  1.564639260168144E-015
 -1.146067334574866E-002  1.883801274693564E-016  3.460608080962969E-003
7 34
 -7.267737250729226E-003  8.490020553317915E-003  6.655305273133438E-003
  8.490020553325541E-003 -7.267737250729530E-003  6.655305273134700E-003
  6.651744022951057E-003  6.651744022954933E-003 -1.553593238776217E-002
7 35
 -7.267737250731758E-003 -6.655305273136987E-003 -8.490020553314902E-003
 -6.651744022951447E-003 -1.553593238777164E-002  6.651744022951172E-003
 -8.490020553318560E-003  6.655305273136440E-003 -7.267737250728520E-003
7 36
  3.460608080960490E-003  1.146067334574799E-002  7.342081586800275E-016
  1.146067334574582E-002  3.460608080964486E-003  3.352895218411422E-015
 -4.568556904310794E-015 -1.127570259384925E-015  3.612261808095641E-003
7 37
  1.202849407665526E-002  2.233456475320139E-015  1.474578588040941E-002
 -2.850774087279073E-015  3.253157945648033E-002 -1.101346119337931E-014
  1.474578588040554E-002  9.825582188149884E-016  1.202849407666000E-002
7 38
 -1.553593238776875E-002 -6.651744022957862E-003  6.651744022959742E-003
 -6.655305273143085E-003 -7.267737250727498E-003 -8.490020553320049E-003
  6.655305273137494E-003 -8.490020553321986E-003 -7.267737250730421E-003
7 39
  1.202849407665436E-002 -1.474578588040775E-002  3.870262942594349E-015
 -1.474578588040968E-002  1.202849407665768E-002  6.719681777157815E-015
 -4.416090973805020E-015  1.456896669277397E-016  3.253157945648349E-002
7 40
 -1.553593238777655E-002 -6.651744022957301E-003  6.651744022958087E-003
 -6.655305273141422E-003 -7.267737250732549E-003 -8.490020553318416E-003
  6.655305273146927E-003 -8.490020553318676E-003 -7.267737250727323E-003
7 41
  3.460608080961291E-003  1.663233895228544E-015 -1.146067334574557E-002
 -3.124196322652761E-015  3.612261808097170E-003 -2.381856647679093E-016
 -1.146067334575066E-002  1.639178159526522E-015  3.460608080964126E-003
7 42
  3.460608080966788E-003  1.146067334574861E-002  1.273937552670468E-015
  1.146067334575562E-002  3.460608080968171E-003 -2.520770051028798E-015
  2.602085213965211E-015 -1.764539035720158E-015  3.612261808092196E-003
7 43
 -7.267737250727446E-003 -6.655305273142941E-003 -8.490020553325336E-003
 -6.651744022957058E-003 -1.553593238776853E-002  6.651744022955128E-003
 -8.490020553317552E-003  6.655305273146612E-003 -7.267737250727261E-003
7 44
 -7.267737250727269E-003  8.490020553322996E-003  6.655305273137849E-003
  8.490020553318767E-003 -7.267737250730694E-003  6.655305273136649E-003
  6.651744022954952E-003  6.651744022954880E-003 -1.553593238778320E-002
7 45
 -1.266294654792229E-003 -1.740822113197038E-015  1.358640847395898E-016
  2.307317748320714E-016 -1.266294654796692E-003 -1.477225460011500E-016
  1.350509331102256E-015  2.127746763502802E-015 -1.266294654793410E-003
7 46
  3.612261808100321E-003  2.762005034406823E-015  5.088973947103836E-016
  2.316465704151061E-015  3.460608080967009E-003 -1.146067334574573E-002
  6.488272375967941E-015 -1.146067334574869E-002  3.460608080961077E-003
7 47
  3.253157945647599E-002 -9.964495591499589E-016 -6.791848984263882E-015
 -4.203655110633642E-015  1.202849407666071E-002  1.474578588040810E-002
  6.510634045775454E-015  1.474578588040428E-002  1.202849407665295E-002
7 48
  3.612261808097590E-003  4.412025215658200E-015  1.480613591800517E-015
  1.364400671437227E-015  3.460608080955347E-003 -1.146067334575125E-002
  5.930585883495709E-015 -1.146067334574621E-002  3.460608080961678E-003
7 49
 -1.553593238776928E-002  6.651744022952510E-003  6.651744022963943E-003
  6.655305273137169E-003 -7.267737250730316E-003  8.490020553316768E-003
  6.655305273143739E-003  8.490020553320154E-003 -7.267737250732027E-003
7 50
 -7.914939155053445E-003 -4.767440240326104E-015  1.562945194273635E-015
 -1.317983265927691E-015 -7.914939155049676E-003  1.877025011115530E-016
  1.315950386854281E-015  2.536355457258277E-015 -7.914939155054980E-003
7 51
 -1.553593238777836E-002 -6.651744022958417E-003 -6.651744022956121E-003
 -6.655305273140229E-003 -7.267737250732484E-003  8.490020553315152E-003
 -6.655305273142381E-003  8.490020553322732E-003 -7.267737250731922E-003
7 52
  3.044262756680829E-002  2.197881091535459E-015  3.283099703557668E-016
 -2.020681798969859E-015  1.840321607971934E-002  3.555844312573553E-015
  4.967001202699217E-016  3.012049160436292E-015  1.840321607972138E-002
7 53
 -7.267737250728827E-003 -8.490020553326948E-003  6.655305273132686E-003
 -8.490020553318439E-003 -7.267737250724719E-003 -6.655305273145323E-003
  6.651744022957556E-003 -6.651744022952175E-003 -1.553593238777157E-002
7 54
 -7.267737250724686E-003 -6.655305273143693E-003  8.490020553321920E-003
 -6.651744022952999E-003 -1.553593238777267E-002 -6.651744022953402E-003
  8.490020553317275E-003 -6.655305273146165E-003 -7.267737250732888E-003
7 55
 -8.120621850553057E-001 -9.199106360170646E-001  4.584006785268713E-014
 -9.199106360170578E-001 -8.120621850553277E-001  4.140906909901043E-014
  3.592774949073840E-015  4.298183987547222E-015  8.105872507471484E-002
7 56
 -8.120621850552762E-001 -3.058534328581608E-014  9.199106360170808E-001
  5.041540102057596E-016  8.105872507470598E-002 -6.387306048655228E-015
  9.199106360170255E-001  3.988102166216367E-014 -8.120621850553289E-001
7 57
  3.612261808097500E-003  8.184371149549952E-015 -2.851451713636877E-015
  1.329841727189252E-015  3.460608080967778E-003  1.146067334574469E-002
  1.499587129819013E-015  1.146067334574775E-002  3.460608080962034E-003
7 58
  1.840321607972047E-002  1.565316886525947E-016  1.536517766319301E-015
 -4.890768237446330E-015  3.044262756681166E-002 -2.163999773645287E-015
  1.441311263047917E-015 -8.691913291544728E-015  1.840321607972660E-002
7 59
  8.105872507470181E-002 -1.180594521883044E-014  3.228889594933393E-016
  1.848700229359346E-014 -8.120621850552487E-001  9.199106360171367E-001
 -1.363316469264741E-014  9.199106360169826E-001 -8.120621850553882E-001
7 60
  1.840321607972363E-002  7.931616518089268E-016 -7.660565974967892E-015
  7.677506633912978E-016  1.840321607972132E-002 -5.153687264274065E-015
  1.245680533550064E-014  4.447939412621782E-015  3.044262756681359E-002
7 61
  3.460608080957750E-003 -1.146067334574347E-002  5.504358904437345E-015
 -1.146067334574476E-002  3.460608080964474E-003 -4.641740550953566E-016
 -2.593953697671569E-015 -2.646808553580238E-015  3.612261808090334E-003
7 62
 -7.267737250737107E-003  6.655305273137097E-003  8.490020553315837E-003
  6.651744022952548E-003 -1.553593238776758E-002  6.651744022952316E-003
  8.490020553318848E-003  6.655305273146664E-003 -7.267737250725490E-003
7 63
 -7.267737250731462E-003 -8.490020553316591E-003 -6.655305273142014E-003
 -8.490020553318966E-003 -7.267737250730359E-003  6.655305273132872E-003
 -6.651744022958533E-003  6.651744022960482E-003 -1.553593238778402E-002
7 64
  3.460608080961889E-003  2.153835378278235E-015  1.146067334574483E-002
  1.182796807545905E-015  3.612261808097924E-003 -2.469270447835736E-015
  1.146067334574606E-002  3.758793406735683E-015  3.460608080963708E-003
8 1
 -8.120621850553985E-001  9.199106360171648E-001 -4.966120288434073E-014
  9.199106360171645E-001 -8.120621850553965E-001  5.761179294044849E-014
  6.924663750393356E-015 -3.495196753550145E-015  8.105872507471046E-002
8 2
 -7.267737250733068E-003  6.655305273142129E-003 -8.490020553327012E-003
  6.651744022953565E-003 -1.553593238777855E-002 -6.651744022951490E-003
 -8.490020553321979E-003 -6.655305273142714E-003 -7.267737250718363E-003
8 3
 -7.267737250729425E-003  8.490020553320540E-003 -6.655305273140714E-003
  8.490020553311026E-003 -7.267737250735136E-003 -6.655305273141967E-003
 -6.651744022956682E-003 -6.651744022956789E-003 -1.553593238777442E-002
8 4
 -8.120621850553759E-001  1.606008349312044E-014 -9.199106360171353E-001
  3.801483867277300E-016  8.105872507471271E-002 -6.743737512859838E-015
 -9.199106360171334E-001  2.221123675608117E-014 -8.120621850553822E-001
8 5
  8.105872507471076E-002 -1.605296841636350E-015 -6.323270357842803E-015
 -6.599877437098167E-014 -8.120621850553282E-001 -9.199106360171281E-001
 -6.040767929274549E-014 -9.199106360170936E-001 -8.120621850553721E-001
8 6
  3.253157945647438E-002  2.997819006922420E-015  8.012254054667878E-015
 -2.905661822261152E-015  1.202849407665066E-002 -1.474578588041276E-002
  3.144186300207963E-016 -1.474578588041570E-002  1.202849407665796E-002
8 7
  8.105872507470377E-002  1.916327339868129E-015 -4.302927372051846E-017
  1.949802081943619E-014 -8.120621850553700E-001 -9.199106360171291E-001
  1.985377465728300E-014 -9.199106360171304E-001 -8.120621850553785E-001
8 8
  6.140120841670670E+000 -1.445885240963091E-015 -1.198043400596482E-013
  3.407444140214599E-014  6.140120841670730E+000 -2.453244584473685E-014
 -3.871076094223713E-014 -1.753697013995303E-015  6.140120841670639E+000
8 9
 -7.267737250727789E-003  8.490020553318062E-003 -6.655305273140866E-003
  8.490020553316931E-003 -7.267737250726391E-003 -6.655305273139746E-003
 -6.651744022956422E-003 -6.651744022954517E-003 -1.553593238776986E-002
8 10
 -7.267737250731408E-003  6.655305273141310E-003 -8.490020553316460E-003
  6.651744022954071E-003 -1.553593238777689E-002 -6.651744022957723E-003
 -8.490020553315115E-003 -6.655305273144805E-003 -7.267737250740719E-003
8 11
 -8.120621850553770E-001  9.199106360171291E-001 -7.780844653478003E-015
  9.199106360171322E-001 -8.120621850553668E-001  1.619526995150222E-014
 -3.679511122872681E-016  2.669847849745555E-015  8.105872507470696E-002
8 12
 -8.120621850552906E-001 -4.439909540281811E-014 -9.199106360170781E-001
  6.620409515739611E-016  8.105872507470914E-002  1.076036774873973E-014
 -9.199106360170440E-001 -4.419682393501378E-014 -8.120621850553292E-001
8 13
 -1.553593238776961E-002  6.651744022950995E-003 -6.651744022951480E-003
  6.655305273145477E-003 -7.267737250725617E-003 -8.490020553323095E-003
 -6.655305273141286E-003 -8.490020553314010E-003 -7.267737250732311E-003
8 14
  1.202849407666296E-002  1.474578588041757E-002  2.824007846145837E-015
  1.474578588041162E-002  1.202849407665747E-002  1.768265980688077E-015
  5.628364527915375E-015 -7.264154555652880E-016  3.253157945647302E-002
8 15
 -1.553593238777664E-002  6.651744022961433E-003 -6.651744022960699E-003
  6.655305273141859E-003 -7.267737250737751E-003 -8.490020553316883E-003
 -6.655305273138532E-003 -8.490020553327938E-003 -7.267737250713258E-003
8 16
  1.202849407666244E-002 -1.299009727909195E-015 -1.474578588041149E-002
  1.738111607765824E-016  3.253157945648105E-002  9.825582188149884E-018
 -1.474578588041150E-002 -1.051676107310939E-015  1.202849407665636E-002
8 17
  1.840321607972126E-002  5.349860094858161E-015  2.364238362376203E-015
  2.755906397186592E-015  3.044262756681653E-002 -4.864340809491996E-015
 -4.592951453191718E-015  1.272582299954861E-015  1.840321607972097E-002
8 18
  3.612261808091276E-003  5.697482416411326E-015  6.884683795282953E-016
 -2.840609691912022E-015  3.460608080961569E-003  1.146067334574948E-002
 -2.081668171172169E-015  1.146067334574647E-002  3.460608080960463E-003
8 19
  1.840321607972276E-002 -1.192283576555153E-015 -1.274276365849369E-015
 -6.174531372304948E-015  1.840321607972535E-002 -3.514170291568641E-015
 -2.981555974335137E-017  2.605473345754228E-015  3.044262756683325E-002
8 20
  8.105872507471160E-002 -8.254166664403706E-015  1.003564635906895E-015
  5.009352850061932E-015 -8.120621850553703E-001  9.199106360171320E-001
 -6.371043016067945E-015  9.199106360171294E-001 -8.120621850553841E-001
8 21
 -7.267737250725388E-003 -6.655305273145642E-003  8.490020553318201E-003
 -6.651744022956199E-003 -1.553593238777430E-002 -6.651744022953716E-003
  8.490020553322309E-003 -6.655305273139228E-003 -7.267737250716395E-003
8 22
 -7.267737250725408E-003 -8.490020553315802E-003  6.655305273143793E-003
 -8.490020553313148E-003 -7.267737250736149E-003 -6.655305273147697E-003
  6.651744022955264E-003 -6.651744022957877E-003 -1.553593238777821E-002
8 23
 -8.120621850553770E-001 -7.362749190713280E-015  9.199106360171367E-001
 -2.016616040823038E-015  8.105872507471379E-002 -3.686287386450715E-015
  9.199106360171312E-001  5.719166459861036E-015 -8.120621850553712E-001
8 24
 -8.120621850553841E-001 -9.199106360171329E-001  2.081600408536388E-014
 -9.199106360171294E-001 -8.120621850553723E-001  1.791101988946053E-014
  6.006480035569695E-015  3.393552799879629E-015  8.105872507470568E-002
8 25
 -7.914939155049223E-003  1.058384608253193E-014 -3.670024353863433E-015
  1.810617628050792E-015 -7.914939155057196E-003 -6.017322057294550E-015
  5.648693318649478E-015 -2.396086801192965E-015 -7.914939155056620E-003
8 26
 -1.553593238777670E-002  6.651744022956011E-003  6.651744022954951E-003
  6.655305273144360E-003 -7.267737250736684E-003  8.490020553316499E-003
  6.655305273144712E-003  8.490020553314636E-003 -7.267737250737733E-003
8 27
  3.044262756682807E-002 -8.097634975751111E-017 -1.444699394836935E-015
  6.657001339060997E-015  1.840321607972648E-002  4.251088955679883E-015
  1.414883835093583E-015  6.368332510636732E-015  1.840321607972695E-002
8 28
 -1.553593238776548E-002 -6.651744022948570E-003 -6.651744022955254E-003
 -6.655305273131703E-003 -7.267737250722939E-003  8.490020553326713E-003
 -6.655305273139281E-003  8.490020553322404E-003 -7.267737250718363E-003
8 29
 -7.267737250727407E-003  6.655305273146750E-003  8.490020553328630E-003
  6.651744022952486E-003 -1.553593238777934E-002  6.651744022952686E-003
  8.490020553313913E-003  6.655305273142649E-003 -7.267737250740316E-003
8 30
  3.460608080962595E-003 -1.146067334575110E-002 -2.578029478263189E-015
 -1.146067334574643E-002  3.460608080967372E-003  2.564815764286021E-015
  7.178096008211843E-015 -5.572799166575493E-015  3.612261808094586E-003
8 31
  3.460608080966953E-003 -1.704230289875652E-016  1.146067334574324E-002
 -2.701018662204513E-015  3.612261808099204E-003 -9.103910117089220E-016
  1.146067334574965E-002  3.324434911383678E-015  3.460608080961890E-003
8 32
 -7.267737250727699E-003 -8.490020553321211E-003 -6.655305273138934E-003
 -8.490020553323364E-003 -7.267737250729154E-003  6.655305273137368E-003
 -6.651744022959769E-003  6.651744022963773E-003 -1.553593238776960E-002
8 33
  3.460608080963643E-003  1.146067334575187E-002  3.455894424797545E-016
  1.146067334574854E-002  3.460608080962642E-003  6.083051814001483E-015
 -5.196716537994583E-015 -2.881944899738031E-015  3.612261808092608E-003
8 34
  3.460608080967536E-003 -1.828913539711485E-015 -1.146067334575242E-002
  5.604647605392254E-015  3.612261808099878E-003 -4.612602617568018E-015
 -1.146067334574508E-002  2.938187887435717E-015  3.460608080963437E-003
8 35
 -7.267737250725948E-003  8.490020553319867E-003  6.655305273144259E-003
  8.490020553324916E-003 -7.267737250724854E-003  6.655305273134125E-003
  6.651744022959639E-003  6.651744022960544E-003 -1.553593238777339E-002
8 36
 -7.267737250727995E-003 -6.655305273135057E-003 -8.490020553321050E-003
 -6.651744022948802E-003 -1.553593238777269E-002  6.651744022950899E-003
 -8.490020553319110E-003  6.655305273142606E-003 -7.267737250737009E-003
8 37
 -1.553593238777380E-002 -6.651744022950483E-003  6.651744022954114E-003
 -6.655305273136649E-003 -7.267737250731996E-003 -8.490020553326288E-003
  6.655305273139739E-003 -8.490020553325449E-003 -7.267737250716077E-003
8 38
  1.202849407665661E-002 -3.735754110570366E-015  1.474578588040652E-002
  5.400682071693419E-016  3.253157945648581E-002 -7.447113672259809E-015
  1.474578588041428E-002  6.070176913203218E-015  1.202849407665306E-002
8 39
 -1.553593238777175E-002 -6.651744022954204E-003  6.651744022958485E-003
 -6.655305273135037E-003 -7.267737250725299E-003 -8.490020553321894E-003
  6.655305273143786E-003 -8.490020553316319E-003 -7.267737250740902E-003
8 40
  1.202849407666223E-002 -1.474578588040631E-002  4.645128682742583E-016
 -1.474578588041240E-002  1.202849407665734E-002  2.105723906874191E-015
  1.311884628707460E-015  4.058981883242607E-016  3.253157945647994E-002
8 41
 -7.267737250732320E-003  8.490020553325319E-003  6.655305273143582E-003
  8.490020553320092E-003 -7.267737250731335E-003  6.655305273135782E-003
  6.651744022951302E-003  6.651744022950011E-003 -1.553593238777004E-002
8 42
  3.460608080970931E-003 -9.429170768834871E-016 -1.146067334574821E-002
  4.346973085309069E-015  3.612261808100900E-003 -4.360525612465138E-016
 -1.146067334574841E-002  1.382357769919018E-015  3.460608080959174E-003
8 43
  3.460608080961734E-003  1.146067334574519E-002 -1.030669690219033E-015
  1.146067334574480E-002  3.460608080956214E-003  1.759118024857731E-015
 -2.213127684586036E-015  6.202991679332692E-015  3.612261808089815E-003
8 44
 -7.267737250730554E-003 -6.655305273137337E-003 -8.490020553321313E-003
 -6.651744022957352E-003 -1.553593238776239E-002  6.651744022963334E-003
 -8.490020553325045E-003  6.655305273130009E-003 -7.267737250719303E-003
8 45
  3.612261808097005E-003  4.660714088972062E-015  3.414898030150437E-015
 -3.543985851311993E-016  3.460608080963374E-003 -1.146067334574956E-002
  1.160096324559490E-015 -1.146067334575073E-002  3.460608080965481E-003
8 46
 -1.266294654795638E-003 -9.188613411814650E-016  7.928228386300251E-017
 -8.687169907040104E-016 -1.266294654796671E-003 -7.453889935837843E-016
  5.610746242612485E-016  8.239936510889834E-016 -1.266294654796624E-003
8 47
  3.612261808093431E-003 -2.859583229930518E-015 -3.831977053378455E-015
 -1.313917507780871E-015  3.460608080964550E-003 -1.146067334574378E-002
  5.698837669126933E-016 -1.146067334575009E-002  3.460608080959824E-003
8 48
  3.253157945647418E-002  7.797446499244187E-015 -3.031700324812592E-015
 -2.901934877293233E-015  1.202849407665807E-002  1.474578588040481E-002
 -1.309851749634050E-015  1.474578588040971E-002  1.202849407666028E-002
8 49
  3.044262756681657E-002  9.466440218514061E-016  4.715263010775239E-015
 -4.821650348950379E-015  1.840321607971938E-002  5.252620712513367E-015
  7.369186641112413E-015  4.784042086092288E-016  1.840321607972340E-002
8 50
 -1.553593238777689E-002  6.651744022949992E-003  6.651744022957270E-003
  6.655305273138746E-003 -7.267737250734031E-003  8.490020553325343E-003
  6.655305273138792E-003  8.490020553323518E-003 -7.267737250721409E-003
8 51
 -7.914939155049934E-003 -1.093350128315851E-015  5.046283486562220E-015
  5.680880570645142E-015 -7.914939155051690E-003 -7.900106892451408E-015
 -3.124535135831663E-015 -5.593127957309596E-015 -7.914939155052461E-003
8 52
 -1.553593238777405E-002 -6.651744022958053E-003 -6.651744022948542E-003
 -6.655305273138524E-003 -7.267737250732313E-003  8.490020553320198E-003
 -6.655305273141641E-003  8.490020553321051E-003 -7.267737250740361E-003
8 53
 -8.120621850553393E-001 -9.670744565391798E-015  9.199106360171393E-001
 -6.101686538841078E-015  8.105872507470814E-002  2.603101653501916E-015
  9.199106360170791E-001 -3.767602549387128E-016 -8.120621850553934E-001
8 54
 -7.267737250733411E-003 -8.490020553325395E-003  6.655305273143289E-003
 -8.490020553326311E-003 -7.267737250730135E-003 -6.655305273137881E-003
  6.651744022946414E-003 -6.651744022947801E-003 -1.553593238777344E-002
8 55
 -7.267737250727982E-003 -6.655305273139534E-003  8.490020553326868E-003
 -6.651744022952336E-003 -1.553593238777043E-002 -6.651744022962875E-003
  8.490020553311686E-003 -6.655305273152673E-003 -7.267737250728446E-003
8 56
 -8.120621850552335E-001 -9.199106360171534E-001  5.182689672388052E-014
 -9.199106360169719E-001 -8.120621850554118E-001  5.698702143855372E-014
  7.766953313143032E-015  1.013186930187704E-014  8.105872507471222E-002
8 57
  1.840321607971995E-002  2.768103671627054E-015  6.146071065277203E-015
 -3.243458561626167E-015  1.840321607972309E-002 -5.587029320089365E-016
  3.813681141717762E-015 -2.843997823701039E-015  3.044262756682374E-002
8 58
  3.612261808091820E-003 -9.290257365485166E-016  1.694743520866404E-015
  1.947836965505989E-015  3.460608080965186E-003  1.146067334574554E-002
 -7.277707082808949E-016  1.146067334574744E-002  3.460608080964806E-003
8 59
  1.840321607972214E-002  5.499954333111623E-015  3.971568083085963E-015
 -1.167584095813218E-014  3.044262756681539E-002 -1.169921906747640E-015
  4.668845605265703E-015 -7.017498561412427E-015  1.840321607971753E-002
8 60
  8.105872507469407E-002 -5.465056575684746E-015 -1.311952391343241E-014
  1.625490107098893E-014 -8.120621850553896E-001  9.199106360171294E-001
 -3.577189542844361E-014  9.199106360171405E-001 -8.120621850553735E-001
8 61
  3.460608080962042E-003  2.138588785227657E-015  1.146067334575180E-002
  1.098093512820475E-015  3.612261808101174E-003  1.441650076226819E-015
  1.146067334574292E-002  3.732365978781349E-015  3.460608080955648E-003
8 62
  3.460608080968694E-003 -1.146067334574881E-002  1.611734292035483E-015
 -1.146067334574825E-002  3.460608080954374E-003 -7.060866648311848E-016
 -7.718164215381185E-016 -9.825582188149884E-017  3.612261808095859E-003
8 63
 -7.267737250731564E-003  6.655305273143121E-003  8.490020553317216E-003
  6.651744022956783E-003 -1.553593238777038E-002  6.651744022960496E-003
  8.490020553325393E-003  6.655305273136596E-003 -7.267737250718826E-003
8 64
 -7.267737250727619E-003 -8.490020553320507E-003 -6.655305273140629E-003
 -8.490020553316279E-003 -7.267737250730663E-003  6.655305273138124E-003
 -6.651744022949464E-003  6.651744022947992E-003 -1.553593238777344E-002
9 1
  1.202849407666080E-002  6.086479319587658E-016 -1.474578588041061E-002
  2.341876692568690E-015  3.253157945646557E-002 -1.192622389734055E-016
 -1.474578588041579E-002  3.024924061234557E-015  1.202849407666268E-002
9 2
 -1.553593238776938E-002  6.651744022957649E-003 -6.651744022958284E-003
  6.655305273135619E-003 -7.267737250730023E-003 -8.490020553321865E-003
 -6.655305273143300E-003 -8.490020553319693E-003 -7.267737250731330E-003
9 3
  1.202849407665823E-002  1.474578588040017E-002  2.669900789304758E-015
  1.474578588040981E-002  1.202849407666675E-002  4.922277863084190E-015
 -1.994928023681371E-015  1.788933737770768E-015  3.253157945647430E-002
9 4
 -1.553593238777303E-002  6.651744022951616E-003 -6.651744022946890E-003
  6.655305273141647E-003 -7.267737250723128E-003 -8.490020553324228E-003
 -6.655305273140582E-003 -8.490020553327256E-003 -7.267737250726541E-003
9 5
 -8.120621850553712E-001  6.625322306833686E-014 -9.199106360171380E-001
  6.613633252161577E-016  8.105872507469732E-002  1.843143693225358E-015
 -9.199106360171387E-001  7.148890312190515E-014 -8.120621850553721E-001
9 6
 -8.120621850553820E-001  9.199106360171266E-001  5.083552936241409E-015
  9.199106360171457E-001 -8.120621850553810E-001 -2.493664996716660E-016
 -5.095750210681871E-016 -9.573505183047004E-015  8.105872507470989E-002
9 7
 -7.267737250732335E-003  6.655305273133583E-003 -8.490020553318045E-003
  6.651744022960211E-003 -1.553593238776504E-002 -6.651744022959918E-003
 -8.490020553320314E-003 -6.655305273143805E-003 -7.267737250722921E-003
9 8
 -7.267737250741044E-003  8.490020553316916E-003 -6.655305273142217E-003
  8.490020553315674E-003 -7.267737250724103E-003 -6.655305273140085E-003
 -6.651744022951061E-003 -6.651744022952714E-003 -1.553593238776888E-002
9 9
  6.140120841670791E+000 -1.502707300498392E-013 -9.720739245436650E-014
 -4.561238539646517E-014  6.140120841670719E+000 -6.794695014966656E-014
 -4.723843731845992E-014 -1.498921757829314E-013  6.140120841670744E+000
9 10
  8.105872507470964E-002  9.042904774657436E-016  5.981719290041676E-015
  3.189722791452354E-014 -8.120621850553702E-001 -9.199106360171365E-001
  2.313687436084066E-014 -9.199106360171225E-001 -8.120621850553847E-001
9 11
  3.253157945647818E-002 -1.109378823913811E-014  3.882483473855440E-015
  8.098990228466718E-015  1.202849407665845E-002 -1.474578588040890E-002
  3.415237174201584E-015 -1.474578588040766E-002  1.202849407665321E-002
9 12
  8.105872507470112E-002 -5.746557997214639E-015  1.037997221455726E-015
 -5.507747036226363E-015 -8.120621850554001E-001 -9.199106360170406E-001
  3.545679917206501E-015 -9.199106360171510E-001 -8.120621850553049E-001
9 13
 -8.120621850553702E-001  5.793129376815281E-014 -9.199106360171304E-001
 -2.710505431213761E-016  8.105872507470568E-002 -5.833007687972014E-015
 -9.199106360171211E-001  6.292235070655405E-014 -8.120621850553775E-001
9 14
 -7.267737250735158E-003  8.490020553322630E-003 -6.655305273144381E-003
  8.490020553313691E-003 -7.267737250727432E-003 -6.655305273145453E-003
 -6.651744022951515E-003 -6.651744022955543E-003 -1.553593238777305E-002
9 15
 -7.267737250731473E-003  6.655305273140080E-003 -8.490020553327048E-003
  6.651744022950485E-003 -1.553593238776927E-002 -6.651744022952616E-003
 -8.490020553320553E-003 -6.655305273138760E-003 -7.267737250730296E-003
9 16
 -8.120621850554091E-001  9.199106360171546E-001  5.803124365592882E-014
  9.199106360171585E-001 -8.120621850554014E-001 -4.769405356763734E-014
 -4.000714098483265E-015 -2.222618659342625E-015  8.105872507469586E-002
9 17
 -7.267737250734590E-003 -8.490020553318309E-003 -6.655305273139969E-003
 -8.490020553317029E-003 -7.267737250734728E-003  6.655305273135218E-003
 -6.651744022956001E-003  6.651744022956162E-003 -1.553593238777123E-002
9 18
 -7.267737250730214E-003  6.655305273132526E-003  8.490020553316522E-003
  6.651744022957934E-003 -1.553593238776217E-002  6.651744022957706E-003
  8.490020553322104E-003  6.655305273132344E-003 -7.267737250730121E-003
9 19
  3.460608080962170E-003 -1.146067334574869E-002  6.172461435540095E-016
 -1.146067334575108E-002  3.460608080961818E-003  1.528725063204561E-015
 -1.767249541151372E-015 -6.288372600415926E-016  3.612261808093689E-003
9 20
  3.460608080958087E-003  4.048875721390679E-015  1.146067334575169E-002
 -3.046608104684267E-015  3.612261808094090E-003  9.866239769618090E-016
  1.146067334574420E-002  2.457468896600320E-015  3.460608080968884E-003
9 21
  8.105872507470564E-002 -1.029992063861229E-015 -6.559423143537299E-015
  6.472686969738461E-015 -8.120621850553792E-001  9.199106360171390E-001
  4.716279450311944E-015  9.199106360171359E-001 -8.120621850553785E-001
9 22
  1.840321607972225E-002 -2.080312918456562E-015  3.347474207548995E-016
  8.673617379884035E-016  3.044262756683035E-002  6.938893903907228E-016
  5.052382123782451E-015 -8.239936510889834E-016  1.840321607972399E-002
9 23
  3.612261808094339E-003  3.157738827364032E-016 -9.961107459710548E-016
 -4.228388472693467E-015  3.460608080958836E-003  1.146067334574917E-002
  3.100818213308543E-015  1.146067334574621E-002  3.460608080965168E-003
9 24
  1.840321607971740E-002  6.713583139937581E-015  6.844026213814747E-016
  3.252606517456513E-015  1.840321607971251E-002 -2.580401170515501E-015
  5.009014036883030E-015 -5.171644362755856E-015  3.044262756681741E-002
9 25
 -8.120621850553862E-001 -9.199106360171208E-001  2.503626104176371E-014
 -9.199106360171447E-001 -8.120621850553742E-001  2.723515857283587E-014
  2.439454888092385E-015 -5.746271514173174E-016  8.105872507470570E-002
9 26
 -7.267737250727895E-003 -6.655305273145976E-003  8.490020553321931E-003
 -6.651744022953695E-003 -1.553593238777751E-002 -6.651744022949228E-003
  8.490020553320553E-003 -6.655305273142427E-003 -7.267737250726326E-003
9 27
 -7.267737250729137E-003 -8.490020553322345E-003  6.655305273134115E-003
 -8.490020553314536E-003 -7.267737250730879E-003 -6.655305273139869E-003
  6.651744022946712E-003 -6.651744022956974E-003 -1.553593238776745E-002
9 28
 -8.120621850553965E-001 -5.847915467843690E-015  9.199106360169829E-001
 -1.014813233446432E-014  8.105872507469358E-002 -2.086004979862111E-014
  9.199106360171492E-001  4.735591801509342E-015 -8.120621850552565E-001
9 29
 -1.553593238776990E-002 -6.651744022953540E-003 -6.651744022947011E-003
 -6.655305273150125E-003 -7.267737250729080E-003  8.490020553320304E-003
 -6.655305273139012E-003  8.490020553322694E-003 -7.267737250735371E-003
9 30
 -7.914939155046818E-003 -7.243481657783956E-015 -5.816448193853192E-015
 -1.348747502571968E-014 -7.914939155042124E-003 -6.700369425960417E-015
 -8.565197162635485E-015 -2.959871930885427E-015 -7.914939155050940E-003
9 31
 -1.553593238776989E-002  6.651744022952061E-003  6.651744022949743E-003
  6.655305273137017E-003 -7.267737250730554E-003  8.490020553316054E-003
  6.655305273131607E-003  8.490020553322500E-003 -7.267737250725072E-003
9 32
  3.044262756682980E-002  2.828115955940021E-015 -2.529727424446012E-015
  4.325966668217163E-015  1.840321607970952E-002  8.207410445715269E-015
 -5.377642775528102E-015  1.116728237660070E-014  1.840321607970728E-002
9 33
  3.253157945648096E-002 -4.417088956355967E-016 -7.722826365304001E-015
  5.605325231750058E-015  1.202849407666013E-002  1.474578588040887E-002
  7.958043615171358E-015  1.474578588040683E-002  1.202849407665503E-002
9 34
  3.612261808092610E-003  3.774366602593257E-015 -5.209835529558353E-015
 -2.959871930885427E-015  3.460608080962197E-003 -1.146067334575250E-002
  1.181780368009200E-015 -1.146067334574617E-002  3.460608080965721E-003
9 35
 -1.266294654793565E-003 -7.850173982136102E-016 -1.566373805662894E-015
 -8.782037597132586E-016 -1.266294654794938E-003  1.387778780781446E-015
  9.215716934429958E-016  1.561253185344135E-015 -1.266294654792637E-003
9 36
  3.612261808092297E-003  4.486864705452894E-015  1.886909613057617E-015
  4.076600168545497E-015  3.460608080962469E-003 -1.146067334575251E-002
  2.659495188071086E-015 -1.146067334574825E-002  3.460608080965146E-003
9 37
 -7.267737250726383E-003 -6.655305273145603E-003 -8.490020553323253E-003
 -6.651744022955852E-003 -1.553593238776972E-002  6.651744022956600E-003
 -8.490020553314839E-003  6.655305273133624E-003 -7.267737250725621E-003
9 38
  3.460608080967851E-003  1.146067334574916E-002  1.844819230274145E-015
  1.146067334574839E-002  3.460608080960398E-003  8.239936510889834E-016
 -1.170938346284345E-015  4.445228907190568E-016  3.612261808097494E-003
9 39
  3.460608080967598E-003  4.191181226996342E-015 -1.146067334574403E-002
  5.811323644522304E-015  3.612261808096985E-003  7.296680620827445E-015
 -1.146067334575271E-002  2.087688722542574E-015  3.460608080965274E-003
9 40
 -7.267737250724511E-003  8.490020553326968E-003  6.655305273140138E-003
  8.490020553315176E-003 -7.267737250734175E-003  6.655305273139500E-003
  6.651744022956514E-003  6.651744022954200E-003 -1.553593238776461E-002
9 41
  1.202849407665461E-002 -1.474578588040910E-002  5.841869935618784E-015
 -1.474578588040913E-002  1.202849407666029E-002  8.803721640582296E-015
  1.951559936781951E-015 -1.366094752648704E-014  3.253157945647822E-002
9 42
 -1.553593238777046E-002 -6.651744022958913E-003  6.651744022955128E-003
 -6.655305273137060E-003 -7.267737250733330E-003 -8.490020553313691E-003
  6.655305273135518E-003 -8.490020553321992E-003 -7.267737250725383E-003
9 43
  1.202849407666083E-002  7.717088880584866E-016  1.474578588040790E-002
 -8.055622141567298E-015  3.253157945647080E-002 -9.237402509576498E-015
  1.474578588040755E-002  8.033938098117588E-015  1.202849407666367E-002
9 44
 -1.553593238776267E-002 -6.651744022949976E-003  6.651744022945288E-003
 -6.655305273142969E-003 -7.267737250727074E-003 -8.490020553320770E-003
  6.655305273136855E-003 -8.490020553319152E-003 -7.267737250727762E-003
9 45
 -7.267737250731424E-003 -6.655305273138398E-003 -8.490020553315790E-003
 -6.651744022957913E-003 -1.553593238776133E-002  6.651744022954801E-003
 -8.490020553324016E-003  6.655305273138188E-003 -7.267737250733288E-003
9 46
 -7.267737250730689E-003  8.490020553319310E-003  6.655305273139721E-003
  8.490020553314362E-003 -7.267737250732539E-003  6.655305273133027E-003
  6.651744022949433E-003  6.651744022957302E-003 -1.553593238777413E-002
9 47
  3.460608080961372E-003  7.449151845289139E-016 -1.146067334575236E-002
  2.938187887435717E-015  3.612261808086576E-003  1.919037845299343E-015
 -1.146067334575327E-002  2.641362396427189E-015  3.460608080959548E-003
9 48
  3.460608080961655E-003  1.146067334574582E-002  5.632500430978140E-015
  1.146067334575269E-002  3.460608080965244E-003  8.749511531958021E-015
 -6.104050149081634E-015  2.493669202464001E-015  3.612261808101604E-003
9 49
 -7.267737250730267E-003 -8.490020553324144E-003 -6.655305273141828E-003
 -8.490020553320977E-003 -7.267737250729730E-003  6.655305273138633E-003
 -6.651744022955016E-003  6.651744022954950E-003 -1.553593238777536E-002
9 50
  3.460608080964580E-003  5.091556074103982E-015  1.146067334574872E-002
 -2.374402757743255E-015  3.612261808094285E-003 -3.252606517456513E-015
  1.146067334575471E-002  2.923249667317499E-015  3.460608080958421E-003
9 51
  3.460608080964807E-003 -1.146067334574727E-002  1.498421136027559E-015
 -1.146067334575161E-002  3.460608080963596E-003  5.041540102057596E-015
 -2.938191796392806E-015  3.176712398075199E-015  3.612261808094291E-003
9 52
 -7.267737250730682E-003  6.655305273141801E-003  8.490020553317899E-003
  6.651744022957056E-003 -1.553593238776865E-002  6.651744022955678E-003
  8.490020553319664E-003  6.655305273135279E-003 -7.267737250737994E-003
9 53
 -1.553593238776910E-002 -6.651744022958126E-003 -6.651744022961459E-003
 -6.655305273139338E-003 -7.267737250731118E-003  8.490020553315977E-003
 -6.655305273140409E-003  8.490020553319749E-003 -7.267737250731585E-003
9 54
  3.044262756681171E-002 -9.091988128356616E-015 -4.062581773268438E-016
  7.513521055324546E-015  1.840321607972075E-002  2.537033083616080E-015
 -8.456776945386935E-016  5.345116710353537E-015  1.840321607972226E-002
9 55
 -1.553593238777198E-002  6.651744022956289E-003  6.651744022960997E-003
  6.655305273138795E-003 -7.267737250725404E-003  8.490020553319360E-003
  6.655305273140039E-003  8.490020553322718E-003 -7.267737250725778E-003
9 56
 -7.914939155050276E-003  4.974206276706801E-015 -2.649042602978621E-016
 -1.767249541151372E-015 -7.914939155041920E-003 -3.903127820947816E-015
  2.992397996059992E-015 -4.705437428587089E-015 -7.914939155047242E-003
9 57
 -8.120621850553025E-001 -9.199106360171568E-001  6.016576668300966E-014
 -9.199106360170242E-001 -8.120621850553986E-001  5.979374981257557E-014
  8.424254789169457E-015 -4.727121504729470E-015  8.105872507471017E-002
9 58
 -8.120621850552494E-001  6.535706221014181E-015  9.199106360171371E-001
 -9.551821139597294E-015  8.105872507468907E-002 -9.031404096804252E-015
  9.199106360169906E-001 -5.833685314329817E-015 -8.120621850553896E-001
9 59
 -7.267737250731126E-003 -8.490020553320656E-003  6.655305273136978E-003
 -8.490020553320564E-003 -7.267737250726608E-003 -6.655305273150732E-003
  6.651744022955039E-003 -6.651744022950732E-003 -1.553593238777705E-002
9 60
 -7.267737250728597E-003 -6.655305273143969E-003  8.490020553315747E-003
 -6.651744022949303E-003 -1.553593238775407E-002 -6.651744022954757E-003
  8.490020553319929E-003 -6.655305273136917E-003 -7.267737250728945E-003
9 61
  8.105872507470070E-002 -1.781198878842936E-015 -6.807693131300575E-015
 -4.151410118446996E-014 -8.120621850554051E-001  9.199106360171260E-001
  4.783466103688155E-014  9.199106360171625E-001 -8.120621850553742E-001
9 62
  1.840321607971139E-002  1.009141830671371E-015  1.896668185524470E-015
  3.003240017784847E-015  1.840321607971072E-002  1.778091562876227E-015
 -6.039006100744260E-015  5.334274688628682E-015  3.044262756682935E-002
9 63
  3.612261808091184E-003  2.743972827702060E-016 -5.968227055014198E-015
  5.410168840702667E-015  3.460608080960278E-003  1.146067334575072E-002
  2.091722386081628E-015  1.146067334574654E-002  3.460608080965653E-003
9 64
  1.840321607971974E-002 -2.193665021194430E-015  5.607184373659818E-015
  7.448468924975415E-015  3.044262756681413E-002  4.488596994089988E-015
 -2.559698064951012E-015 -1.279282108320174E-015  1.840321607972354E-002
10 1
 -1.553593238776813E-002  6.651744022956986E-003 -6.651744022960238E-003
  6.655305273136946E-003 -7.267737250727937E-003 -8.490020553330396E-003
 -6.655305273148260E-003 -8.490020553318069E-003 -7.267737250726077E-003
10 2
  1.202849407664922E-002 -1.531803002263871E-015 -1.474578588040932E-002
  2.277163460727859E-015  3.253157945648265E-002 -5.204170507876750E-015
 -1.474578588041422E-002  8.543513119185775E-015  1.202849407665941E-002
10 3
 -1.553593238776663E-002  6.651744022950965E-003 -6.651744022949924E-003
  6.655305273143340E-003 -7.267737250732452E-003 -8.490020553312126E-003
 -6.655305273141820E-003 -8.490020553319816E-003 -7.267737250731345E-003
10 4
  1.202849407665768E-002  1.474578588040618E-002  3.620356459418808E-015
  1.474578588041191E-002  1.202849407666314E-002  6.928051882182373E-015
 -5.854691731421724E-015 -7.079840186330344E-015  3.253157945647670E-002
10 5
 -7.267737250726513E-003  8.490020553320213E-003 -6.655305273136428E-003
  8.490020553327730E-003 -7.267737250729752E-003 -6.655305273145300E-003
 -6.651744022958335E-003 -6.651744022954204E-003 -1.553593238777142E-002
10 6
 -8.120621850553785E-001  8.680732456640972E-015 -9.199106360171284E-001
 -1.637145280453112E-015  8.105872507471047E-002 -6.581107186987012E-015
 -9.199106360171322E-001  2.346213501258632E-014 -8.120621850553755E-001
10 7
 -8.120621850553826E-001  9.199106360171392E-001  4.448617038979585E-016
  9.199106360171392E-001 -8.120621850553820E-001  8.765096938187500E-016
 -1.192622389734055E-016 -8.088148206741863E-015  8.105872507471010E-002
10 8
 -7.267737250735136E-003  6.655305273138539E-003 -8.490020553324106E-003
  6.651744022961512E-003 -1.553593238777805E-002 -6.651744022959986E-003
 -8.490020553322071E-003 -6.655305273151784E-003 -7.267737250725794E-003
10 9
  8.105872507470169E-002  4.915405587963092E-015 -4.006027395135902E-015
  2.692073994281508E-014 -8.120621850553709E-001 -9.199106360171427E-001
  2.311519031739095E-014 -9.199106360171279E-001 -8.120621850553799E-001
10 10
  6.140120841670777E+000 -1.263694877889428E-014 -7.063070845220225E-014
 -1.266391166121570E-014  6.140120841670772E+000  3.633778826522359E-015
 -6.534486493570135E-014 -6.444497713253838E-014  6.140120841670702E+000
10 11
  8.105872507470648E-002 -3.454479359543670E-015  2.518120925429090E-015
  1.488778989412048E-014 -8.120621850553768E-001 -9.199106360171381E-001
  1.555830117516699E-014 -9.199106360171363E-001 -8.120621850553875E-001
10 12
  3.253157945647795E-002  2.656274985913329E-015 -2.894327843001857E-015
  3.946495576974991E-015  1.202849407665380E-002 -1.474578588041178E-002
  4.770489558936220E-015 -1.474578588040667E-002  1.202849407665675E-002
10 13
 -8.120621850553806E-001  9.199106360171340E-001 -3.089976191583688E-015
  9.199106360171260E-001 -8.120621850553758E-001 -1.912600394900210E-015
 -2.309350627394124E-015 -8.218252467440124E-015  8.105872507471223E-002
10 14
 -8.120621850553799E-001  2.901765470703782E-014 -9.199106360171322E-001
 -9.008973857411853E-015  8.105872507471054E-002 -5.042321528686182E-015
 -9.199106360171294E-001  2.651958513899544E-014 -8.120621850553754E-001
10 15
 -7.267737250725480E-003  8.490020553314444E-003 -6.655305273140880E-003
  8.490020553308318E-003 -7.267737250731869E-003 -6.655305273151068E-003
 -6.651744022946614E-003 -6.651744022953489E-003 -1.553593238777227E-002
10 16
 -7.267737250731007E-003  6.655305273137751E-003 -8.490020553319476E-003
  6.651744022950271E-003 -1.553593238776663E-002 -6.651744022946200E-003
 -8.490020553321584E-003 -6.655305273146157E-003 -7.267737250729383E-003
10 17
  3.460608080957560E-003  1.294926764405633E-015  1.146067334575073E-002
 -3.350184712980209E-015  3.612261808097798E-003  1.398620802506301E-015
  1.146067334574575E-002  1.517883041479706E-015  3.460608080962956E-003
10 18
 -7.267737250728307E-003 -8.490020553319339E-003 -6.655305273137779E-003
 -8.490020553318375E-003 -7.267737250729882E-003  6.655305273141137E-003
 -6.651744022957219E-003  6.651744022957620E-003 -1.553593238776592E-002
10 19
 -7.267737250735787E-003  6.655305273143414E-003  8.490020553320906E-003
  6.651744022961684E-003 -1.553593238777309E-002  6.651744022964826E-003
  8.490020553324694E-003  6.655305273139294E-003 -7.267737250729610E-003
10 20
  3.460608080959734E-003 -1.146067334575453E-002  1.906604989820426E-015
 -1.146067334573902E-002  3.460608080961772E-003  1.208440730024029E-015
  2.244298497044994E-015  4.228388472693467E-016  3.612261808095586E-003
10 21
  1.840321607971558E-002 -3.718813451625280E-015 -1.994931997373331E-015
 -1.322726650432315E-015  1.840321607971304E-002 -4.380176776841438E-015
  8.673617379884035E-017  4.358492733391728E-015  3.044262756682886E-002
10 22
  8.105872507471054E-002 -4.857225732735060E-015 -3.881443777498106E-015
 -2.428612866367530E-015 -8.120621850553723E-001  9.199106360171418E-001
 -2.168404344971009E-017  9.199106360171325E-001 -8.120621850553764E-001
10 23
  1.840321607971714E-002  4.973777466277252E-016  1.538889458571613E-015
  9.757819552369540E-017  3.044262756681833E-002 -1.951563910473908E-016
  4.336808689942018E-017 -9.649399335120989E-016  1.840321607971710E-002
10 24
  3.612261808097796E-003  3.648001497234821E-015  4.096928959279600E-015
 -4.174178364069192E-015  3.460608080961818E-003  1.146067334574249E-002
 -4.987329993433320E-016  1.146067334574900E-002  3.460608080963564E-003
10 25
 -8.120621850553844E-001  1.449103966162657E-015  9.199106360171363E-001
 -6.819631664933823E-015  8.105872507471137E-002  5.854691731421724E-016
  9.199106360171325E-001 -1.235990476633475E-015 -8.120621850553826E-001
10 26
 -8.120621850553811E-001 -9.199106360171331E-001  2.401168998876491E-014
 -9.199106360171343E-001 -8.120621850553709E-001  2.809438879453063E-014
 -8.922983879555701E-015 -1.593777193553692E-015  8.105872507471351E-002
10 27
 -7.267737250729538E-003 -6.655305273133422E-003  8.490020553323369E-003
 -6.651744022962252E-003 -1.553593238777726E-002 -6.651744022966624E-003
  8.490020553319870E-003 -6.655305273148954E-003 -7.267737250725242E-003
10 28
 -7.267737250728545E-003 -8.490020553321246E-003  6.655305273133209E-003
 -8.490020553331493E-003 -7.267737250722054E-003 -6.655305273142753E-003
  6.651744022949607E-003 -6.651744022952068E-003 -1.553593238776846E-002
10 29
  3.044262756682862E-002  3.683534529372139E-015 -2.849037669737202E-015
 -5.746271514173174E-016  1.840321607972040E-002  4.737963493761654E-015
  3.556183125752455E-015  4.412702842016003E-015  1.840321607972217E-002
10 30
 -1.553593238777022E-002 -6.651744022954155E-003 -6.651744022957206E-003
 -6.655305273139524E-003 -7.267737250724268E-003  8.490020553314395E-003
 -6.655305273144682E-003  8.490020553320834E-003 -7.267737250726413E-003
10 31
 -7.914939155046527E-003  8.813573692550048E-015 -1.127009100057369E-015
  8.868773770931426E-015 -7.914939155057423E-003 -3.740497495074990E-015
  3.144186300207963E-016 -3.046608104684267E-015 -7.914939155047545E-003
10 32
 -1.553593238776136E-002  6.651744022952999E-003  6.651744022951948E-003
  6.655305273138221E-003 -7.267737250731351E-003  8.490020553326982E-003
  6.655305273142481E-003  8.490020553320109E-003 -7.267737250732365E-003
10 33
  3.612261808098893E-003  2.190072503595001E-015 -3.708175271705040E-015
 -4.054916125095787E-015  3.460608080961590E-003 -1.146067334574548E-002
 -1.192622389734055E-016 -1.146067334574928E-002  3.460608080964756E-003
10 34
  3.253157945647868E-002  6.862924420658065E-015 -1.063602106494390E-014
 -3.339342360383109E-015  1.202849407665466E-002  1.474578588040438E-002
  1.029992063861229E-015  1.474578588040466E-002  1.202849407666698E-002
10 35
  3.612261808098653E-003  1.637874990641429E-015 -4.486860098420410E-015
 -8.720339849603481E-016  3.460608080962867E-003 -1.146067334574509E-002
 -2.677979366039196E-015 -1.146067334575410E-002  3.460608080964691E-003
10 36
 -1.266294654794238E-003 -7.332866296048463E-016  1.812586856698478E-016
 -1.962406012145092E-015 -1.266294654793039E-003  2.063003356686308E-016
  9.324138683375338E-016 -3.252606517456513E-017 -1.266294654794103E-003
10 37
 -7.267737250725849E-003  8.490020553318260E-003  6.655305273140408E-003
  8.490020553312574E-003 -7.267737250729893E-003  6.655305273140151E-003
  6.651744022953738E-003  6.651744022955061E-003 -1.553593238777045E-002
10 38
 -7.267737250726162E-003 -6.655305273135567E-003 -8.490020553321377E-003
 -6.651744022961918E-003 -1.553593238777162E-002  6.651744022963255E-003
 -8.490020553321539E-003  6.655305273141668E-003 -7.267737250729990E-003
10 39
  3.460608080967091E-003  1.146067334575147E-002  1.264475929951841E-015
  1.146067334574816E-002  3.460608080961210E-003  1.775195768987802E-015
 -2.374402757743255E-015  1.767249541151372E-015  3.612261808093775E-003
10 40
  3.460608080961996E-003 -2.470088364025429E-015 -1.146067334574232E-002
  2.439454888092385E-015  3.612261808094437E-003 -5.204170427930421E-015
 -1.146067334574462E-002 -1.626303258728257E-016  3.460608080957481E-003
10 41
 -1.553593238776959E-002 -6.651744022955454E-003  6.651744022957863E-003
 -6.655305273137421E-003 -7.267737250727583E-003 -8.490020553315943E-003
  6.655305273144140E-003 -8.490020553315165E-003 -7.267737250729437E-003
10 42
  1.202849407666403E-002 -1.474578588040819E-002 -2.748600738016523E-015
 -1.474578588040498E-002  1.202849407665577E-002  2.385244779468110E-016
  3.762181538524700E-015 -2.309350627394124E-015  3.253157945647745E-002
10 43
 -1.553593238777026E-002 -6.651744022954901E-003  6.651744022957937E-003
 -6.655305273134106E-003 -7.267737250725651E-003 -8.490020553325374E-003
  6.655305273143912E-003 -8.490020553317658E-003 -7.267737250724656E-003
10 44
  1.202849407665491E-002 -8.118348240033929E-015  1.474578588040601E-002
 -1.789272483109382E-015  3.253157945647254E-002 -8.695301343387417E-015
  1.474578588040372E-002  8.673617379884035E-016  1.202849407665630E-002
10 45
  3.460608080965689E-003  1.146067334575474E-002  1.790241191713406E-015
  1.146067334575091E-002  3.460608080962370E-003  2.136238268799027E-015
  1.604619215278547E-015 -6.505213034913027E-017  3.612261808088105E-003
10 46
 -7.267737250726637E-003 -6.655305273143572E-003 -8.490020553324101E-003
 -6.651744022947833E-003 -1.553593238777158E-002  6.651744022953781E-003
 -8.490020553323513E-003  6.655305273139327E-003 -7.267737250726771E-003
10 47
 -7.267737250732587E-003  8.490020553316222E-003  6.655305273139386E-003
  8.490020553329779E-003 -7.267737250729932E-003  6.655305273135318E-003
  6.651744022954204E-003  6.651744022957056E-003 -1.553593238777102E-002
10 48
  3.460608080960879E-003 -2.200712365336105E-015 -1.146067334574819E-002
  6.255100339298671E-015  3.612261808098107E-003 -2.297727179040683E-015
 -1.146067334574456E-002  1.669671345627677E-015  3.460608080963054E-003
10 49
 -7.267737250733796E-003  6.655305273134377E-003  8.490020553318683E-003
  6.651744022953606E-003 -1.553593238776523E-002  6.651744022956714E-003
  8.490020553327383E-003  6.655305273138481E-003 -7.267737250728147E-003
10 50
 -7.267737250729087E-003 -8.490020553319632E-003 -6.655305273138731E-003
 -8.490020553328899E-003 -7.267737250729205E-003  6.655305273138647E-003
 -6.651744022956210E-003  6.651744022954790E-003 -1.553593238777171E-002
10 51
  3.460608080961769E-003 -5.084904218490076E-015  1.146067334574366E-002
  2.136633581569949E-015  3.612261808099328E-003  6.712001980144675E-015
  1.146067334574599E-002  6.938893903907228E-016  3.460608080962089E-003
10 52
  3.460608080965962E-003 -1.146067334574933E-002 -2.315721903344253E-015
 -1.146067334574708E-002  3.460608080961687E-003  5.172004351758439E-015
  1.517883041479706E-016 -1.149254302834635E-015  3.612261808094588E-003
10 53
 -7.914939155049434E-003 -2.309371803217806E-015 -8.039507339745785E-016
 -2.949029909160572E-015 -7.914939155054137E-003 -7.470152968425126E-015
  1.951563910473908E-016 -4.662069341687669E-016 -7.914939155047904E-003
10 54
 -1.553593238776974E-002 -6.651744022957742E-003 -6.651744022957995E-003
 -6.655305273135971E-003 -7.267737250725600E-003  8.490020553327142E-003
 -6.655305273145506E-003  8.490020553310610E-003 -7.267737250734100E-003
10 55
  3.044262756680532E-002 -7.201347062613973E-015  2.131791345825942E-015
  3.361026734705064E-015  1.840321607972155E-002 -2.743031496388326E-015
 -6.082374187643680E-015  2.146720301521299E-015  1.840321607972619E-002
10 56
 -1.553593238777169E-002  6.651744022957408E-003  6.651744022951767E-003
  6.655305273143680E-003 -7.267737250733674E-003  8.490020553313264E-003
  6.655305273140833E-003  8.490020553315544E-003 -7.267737250723605E-003
10 57
 -7.267737250727225E-003 -6.655305273136332E-003  8.490020553319417E-003
 -6.651744022952616E-003 -1.553593238776483E-002 -6.651744022957324E-003
  8.490020553321626E-003 -6.655305273140497E-003 -7.267737250730272E-003
10 58
 -8.120621850553289E-001 -9.199106360170576E-001  4.023101567596915E-014
 -9.199106360170646E-001 -8.120621850553091E-001  4.888193257286677E-014
  3.144186300207963E-016  8.456776945386935E-016  8.105872507470951E-002
10 59
 -8.120621850552432E-001  5.662923472163350E-015  9.199106360171336E-001
 -1.450738036962955E-014  8.105872507469972E-002 -2.548665637800339E-015
  9.199106360169870E-001 -1.386694578608960E-014 -8.120621850553882E-001
10 60
 -7.267737250727600E-003 -8.490020553314574E-003  6.655305273135494E-003
 -8.490020553310907E-003 -7.267737250733111E-003 -6.655305273147255E-003
  6.651744022953446E-003 -6.651744022950485E-003 -1.553593238777826E-002
10 61
  1.840321607971853E-002 -6.160825540265304E-016  1.070083709098632E-015
  3.382710778154774E-015  3.044262756680973E-002 -3.035766082959412E-016
  2.634611279139776E-015 -1.821459649775647E-015  1.840321607971259E-002
10 62
  8.105872507470624E-002 -6.192743164307580E-015 -1.167906936830582E-015
 -3.454268121538817E-014 -8.120621850552810E-001  9.199106360170770E-001
  4.152494320619482E-014  9.199106360170293E-001 -8.120621850553282E-001
10 63
  1.840321607971948E-002 -2.904603816441881E-015 -3.247022325323192E-015
 -1.760870836248109E-015  1.840321607971819E-002 -8.366400155580856E-015
  1.702197410802242E-015  1.099381002900301E-014  3.044262756681776E-002
10 64
  3.612261808097154E-003  4.978571496100592E-015  4.307481122956840E-015
  4.548590087812744E-016  3.460608080962206E-003  1.146067334574491E-002
  1.029992063861229E-015  1.146067334575247E-002  3.460608080963683E-003
11 1
  1.202849407665326E-002  1.474578588041613E-002 -1.793242864720239E-015
  1.474578588041876E-002  1.202849407665949E-002 -2.916503843986007E-015
 -2.992397996059992E-015 -2.504507018441515E-015  3.253157945647233E-002
11 2
 -1.553593238777697E-002  6.651744022954338E-003 -6.651744022950394E-003
  6.655305273147168E-003 -7.267737250735230E-003 -8.490020553323497E-003
 -6.655305273131878E-003 -8.490020553324044E-003 -7.267737250713240E-003
11 3
  1.202849407665880E-002 -3.628403272417724E-015 -1.474578588040094E-002
  5.984777814588330E-015  3.253157945647104E-002  4.781331794315482E-015
 -1.474578588041244E-002 -5.692061405548898E-015  1.202849407666213E-002
11 4
 -1.553593238777039E-002  6.651744022956614E-003 -6.651744022960012E-003
  6.655305273139449E-003 -7.267737250729920E-003 -8.490020553315162E-003
 -6.655305273142091E-003 -8.490020553308584E-003 -7.267737250738729E-003
11 5
 -7.267737250730552E-003  6.655305273142801E-003 -8.490020553319128E-003
  6.651744022950621E-003 -1.553593238777373E-002 -6.651744022952798E-003
 -8.490020553320717E-003 -6.655305273133797E-003 -7.267737250714388E-003
11 6
 -7.267737250732687E-003  8.490020553310192E-003 -6.655305273140331E-003
  8.490020553314569E-003 -7.267737250726424E-003 -6.655305273138037E-003
 -6.651744022962303E-003 -6.651744022964277E-003 -1.553593238777337E-002
11 7
 -8.120621850553785E-001  2.752789315940696E-014 -9.199106360171331E-001
 -5.366800753803247E-015  8.105872507470549E-002 -5.095750210681871E-015
 -9.199106360171355E-001  1.840975288880387E-014 -8.120621850553795E-001
11 8
 -8.120621850553789E-001  9.199106360171270E-001  9.713773839112316E-016
  9.199106360171263E-001 -8.120621850553674E-001  2.443181833060304E-015
 -8.131516293641283E-016  2.786399583287746E-015  8.105872507470692E-002
11 9
  3.253157945647672E-002  5.442691473312179E-015  2.623735778255715E-015
 -5.529431079676073E-015  1.202849407665230E-002 -1.474578588040562E-002
 -4.282598581317743E-015 -1.474578588041832E-002  1.202849407665766E-002
11 10
  8.105872507471476E-002 -4.087399475288072E-015 -5.388569458183831E-015
  2.339708288223719E-014 -8.120621850553771E-001 -9.199106360171256E-001
  1.684850176042474E-014 -9.199106360171340E-001 -8.120621850553754E-001
11 11
  6.140120841670674E+000  7.005473425162503E-014 -1.011805451838963E-013
  6.829373606110575E-014  6.140120841670663E+000 -1.035045148876473E-013
 -8.786374405822528E-014 -8.274630980409370E-014  6.140120841670601E+000
11 12
  8.105872507470642E-002  8.630090073439241E-015 -2.677974865260078E-015
 -5.660958355725720E-014 -8.120621850552892E-001 -9.199106360170631E-001
 -5.184654788825682E-014 -9.199106360170376E-001 -8.120621850553267E-001
11 13
 -7.267737250728036E-003  6.655305273139085E-003 -8.490020553319415E-003
  6.651744022954256E-003 -1.553593238777179E-002 -6.651744022954885E-003
 -8.490020553315599E-003 -6.655305273137777E-003 -7.267737250726413E-003
11 14
 -8.120621850553705E-001  9.199106360171256E-001 -3.249557198846398E-015
  9.199106360171332E-001 -8.120621850553709E-001 -9.727326366268385E-016
  4.141652298894627E-015 -4.152494320619482E-015  8.105872507470083E-002
11 15
 -8.120621850552923E-001 -5.981441741648857E-014 -9.199106360170729E-001
  3.577879282462088E-015  8.105872507470997E-002 -8.586889443080699E-015
 -9.199106360170424E-001 -5.102255423716784E-014 -8.120621850553216E-001
11 16
 -7.267737250727186E-003  8.490020553320092E-003 -6.655305273138888E-003
  8.490020553319792E-003 -7.267737250729215E-003 -6.655305273141086E-003
 -6.651744022953186E-003 -6.651744022951905E-003 -1.553593238777660E-002
11 17
  3.460608080959852E-003 -1.146067334574689E-002 -1.277379947507668E-015
 -1.146067334574885E-002  3.460608080959579E-003  1.581500509774425E-015
  3.979021973021801E-015  2.417770844642675E-015  3.612261808095933E-003
11 18
  3.460608080960454E-003 -2.491044488536092E-016  1.146067334575162E-002
 -2.959871930885427E-015  3.612261808089449E-003  6.505213034913027E-016
  1.146067334574803E-002 -2.894819800536297E-015  3.460608080960235E-003
11 19
 -7.267737250735378E-003 -8.490020553313720E-003 -6.655305273142701E-003
 -8.490020553318937E-003 -7.267737250731888E-003  6.655305273141603E-003
 -6.651744022960373E-003  6.651744022961295E-003 -1.553593238777536E-002
11 20
 -7.267737250731414E-003  6.655305273137469E-003  8.490020553317316E-003
  6.651744022948062E-003 -1.553593238777113E-002  6.651744022952752E-003
  8.490020553310275E-003  6.655305273144086E-003 -7.267737250739151E-003
11 21
  3.612261808096714E-003 -2.331034670843835E-015 -1.431146867680866E-015
 -3.447762908503904E-015  3.460608080959335E-003  1.146067334574282E-002
 -1.713039432527097E-015  1.146067334575113E-002  3.460608080963152E-003
11 22
  1.840321607972179E-002 -3.328500669530499E-015 -5.117434254131581E-015
  5.637851296924623E-016  1.840321607971967E-002 -8.023096076392733E-016
 -1.170938346284345E-015 -2.710505431213761E-015  3.044262756681205E-002
11 23
  8.105872507470513E-002  3.404394821604484E-015 -6.407634839389331E-015
  3.924811864397526E-015 -8.120621850553792E-001  9.199106360171300E-001
 -1.962405932198763E-015  9.199106360171387E-001 -8.120621850553743E-001
11 24
  1.840321607972238E-002  6.993104012531504E-015 -1.713039432527097E-015
 -2.667137344314341E-015  3.044262756682833E-002  2.352718714293545E-015
  4.347650711666873E-015  6.570265165262157E-015  1.840321607972466E-002
11 25
 -7.267737250729263E-003 -8.490020553322219E-003  6.655305273138001E-003
 -8.490020553316260E-003 -7.267737250728375E-003 -6.655305273142091E-003
  6.651744022965708E-003 -6.651744022964949E-003 -1.553593238777485E-002
11 26
 -8.120621850553872E-001  2.766409605732545E-015  9.199106360171340E-001
 -1.311884628707460E-015  8.105872507471019E-002 -3.024924061234557E-015
  9.199106360171343E-001 -3.328500669530499E-015 -8.120621850553771E-001
11 27
 -8.120621850553720E-001 -9.199106360171285E-001  1.964099998093272E-014
 -9.199106360171301E-001 -8.120621850553712E-001  1.889086760284431E-014
  7.459310946700271E-015  4.195862407518902E-015  8.105872507470439E-002
11 28
 -7.267737250721332E-003 -6.655305273138601E-003  8.490020553320082E-003
 -6.651744022943554E-003 -1.553593238776525E-002 -6.651744022953600E-003
  8.490020553328956E-003 -6.655305273142871E-003 -7.267737250714758E-003
11 29
 -1.553593238776967E-002  6.651744022947603E-003  6.651744022950381E-003
  6.655305273140785E-003 -7.267737250729066E-003  8.490020553324712E-003
  6.655305273145213E-003  8.490020553311477E-003 -7.267737250738534E-003
11 30
  3.044262756682567E-002  1.779086826589251E-015 -2.875803910870438E-015
  1.702197410802242E-015  1.840321607972106E-002 -2.287666583944414E-015
  7.361732751176575E-015 -5.345116710353537E-015  1.840321607971679E-002
11 31
 -1.553593238776275E-002 -6.651744022944189E-003 -6.651744022951166E-003
 -6.655305273137814E-003 -7.267737250723293E-003  8.490020553319197E-003
 -6.655305273140454E-003  8.490020553331873E-003 -7.267737250720503E-003
11 32
 -7.914939155040344E-003 -1.674531197162548E-015 -4.782967413040459E-015
 -3.024924061234557E-015 -7.914939155048229E-003  3.111660235033398E-015
  2.396086801192965E-015  7.589415207398531E-015 -7.914939155048598E-003
11 33
 -1.266294654793932E-003  3.295942106351402E-015 -1.507043321289684E-015
  1.517885178023778E-016 -1.266294654793607E-003  5.204048959183554E-016
 -3.686287386450715E-016 -2.320192649118979E-015 -1.266294654794244E-003
11 34
  3.612261808097168E-003  8.891586930949114E-016 -4.282550190094136E-015
  1.105886215935215E-015  3.460608080966599E-003 -1.146067334575483E-002
  6.396792817664476E-016 -1.146067334574937E-002  3.460608080964800E-003
11 35
  3.253157945647843E-002 -2.114320575655843E-015 -1.311854884693175E-015
  2.157562323246154E-015  1.202849407666005E-002  1.474578588040595E-002
  1.843143693225358E-016  1.474578588041091E-002  1.202849407665764E-002
11 36
  3.612261808097806E-003  2.168763635600791E-017 -8.670440487069071E-017
 -3.789401736378105E-015  3.460608080967088E-003 -1.146067334574902E-002
 -4.022390059921221E-015 -1.146067334575404E-002  3.460608080963498E-003
11 37
  3.460608080964752E-003 -1.072899576595580E-016 -1.146067334574642E-002
 -1.192622389734055E-016  3.612261808097635E-003 -5.767955557622884E-015
 -1.146067334574973E-002  3.794707603699266E-016  3.460608080956516E-003
11 38
 -7.267737250727455E-003  8.490020553324535E-003  6.655305273134346E-003
  8.490020553316021E-003 -7.267737250730825E-003  6.655305273139902E-003
  6.651744022969958E-003  6.651744022965372E-003 -1.553593238777187E-002
11 39
 -7.267737250725941E-003 -6.655305273133710E-003 -8.490020553326904E-003
 -6.651744022952917E-003 -1.553593238776810E-002  6.651744022958625E-003
 -8.490020553315046E-003  6.655305273140379E-003 -7.267737250739661E-003
11 40
  3.460608080958572E-003  1.146067334574629E-002  8.976100786282427E-016
  1.146067334574916E-002  3.460608080962359E-003  8.724015840245666E-016
  4.022390059921221E-015  2.482822974991805E-015  3.612261808099825E-003
11 41
  1.202849407666093E-002  1.035010734073711E-015  1.474578588040610E-002
 -8.489284833029846E-015  3.253157945648055E-002 -8.456779081931006E-016
  1.474578588041052E-002  9.215718466126788E-016  1.202849407666190E-002
11 42
 -1.553593238776163E-002 -6.651744022947341E-003  6.651744022952795E-003
 -6.655305273132022E-003 -7.267737250725507E-003 -8.490020553321981E-003
  6.655305273138394E-003 -8.490020553314243E-003 -7.267737250741049E-003
11 43
  1.202849407666210E-002 -1.474578588040957E-002  3.411986354394251E-015
 -1.474578588041174E-002  1.202849407665730E-002 -6.505213034913027E-017
  1.366094737331736E-015 -6.938893903907228E-016  3.253157945647689E-002
11 44
 -1.553593238777098E-002 -6.651744022956896E-003  6.651744022963829E-003
 -6.655305273140468E-003 -7.267737250730663E-003 -8.490020553323966E-003
  6.655305273134339E-003 -8.490020553330906E-003 -7.267737250718845E-003
11 45
  3.460608080965817E-003  1.734922991940555E-015 -1.146067334575174E-002
  1.008295907151596E-015  3.612261808094769E-003  3.339350928250852E-015
 -1.146067334574920E-002  9.757819552369540E-016  3.460608080959845E-003
11 46
  3.460608080965831E-003  1.146067334575067E-002 -2.932905842916198E-015
  1.146067334575384E-002  3.460608080962901E-003 -1.692146835487478E-015
 -2.059984127722458E-016  5.334274688628682E-015  3.612261808095781E-003
11 47
 -7.267737250732390E-003 -6.655305273140798E-003 -8.490020553319389E-003
 -6.651744022949322E-003 -1.553593238777117E-002  6.651744022956969E-003
 -8.490020553331699E-003  6.655305273137679E-003 -7.267737250720092E-003
11 48
 -7.267737250729506E-003  8.490020553319065E-003  6.655305273140001E-003
  8.490020553320309E-003 -7.267737250729850E-003  6.655305273140634E-003
  6.651744022940803E-003  6.651744022942354E-003 -1.553593238777232E-002
11 49
  3.460608080958064E-003 -1.146067334575393E-002  2.170295610723550E-015
 -1.146067334575186E-002  3.460608080960570E-003 -2.497590465031592E-015
  1.095044194210359E-015 -1.409462824231156E-016  3.612261808092821E-003
11 50
 -7.267737250729992E-003  6.655305273134209E-003  8.490020553320907E-003
  6.651744022955416E-003 -1.553593238777006E-002  6.651744022955912E-003
  8.490020553327470E-003  6.655305273139425E-003 -7.267737250724689E-003
11 51
 -7.267737250728687E-003 -8.490020553317981E-003 -6.655305273142878E-003
 -8.490020553318087E-003 -7.267737250729503E-003  6.655305273143767E-003
 -6.651744022945281E-003  6.651744022944284E-003 -1.553593238777348E-002
11 52
  3.460608080965481E-003 -4.695384868038855E-016  1.146067334574597E-002
  1.051683415606526E-015  3.612261808096372E-003  7.578576617704858E-015
  1.146067334574889E-002  3.859759734048396E-015  3.460608080958479E-003
11 53
 -1.553593238776950E-002  6.651744022953774E-003  6.651744022958988E-003
  6.655305273141719E-003 -7.267737250727109E-003  8.490020553316440E-003
  6.655305273141430E-003  8.490020553326896E-003 -7.267737250719766E-003
11 54
 -7.914939155051435E-003  2.898509687812773E-015  1.904648873107860E-015
  2.883977778811447E-015 -7.914939155050191E-003  5.063224145507306E-015
  6.505213034913027E-017 -6.179952383167375E-016 -7.914939155050951E-003
11 55
 -1.553593238777082E-002 -6.651744022951460E-003 -6.651744022960511E-003
 -6.655305273139883E-003 -7.267737250724160E-003  8.490020553316973E-003
 -6.655305273142764E-003  8.490020553308801E-003 -7.267737250729850E-003
11 56
  3.044262756680580E-002  1.206407850950619E-015  2.505057589857231E-015
  6.104058231093395E-015  1.840321607972131E-002 -6.114900252818245E-015
 -5.258380536554697E-015 -1.897353801849633E-015  1.840321607972681E-002
11 57
 -7.267737250729063E-003 -8.490020553316819E-003  6.655305273141806E-003
 -8.490020553315325E-003 -7.267737250727133E-003 -6.655305273136429E-003
  6.651744022946127E-003 -6.651744022955831E-003 -1.553593238776768E-002
11 58
 -7.267737250726757E-003 -6.655305273139397E-003  8.490020553316203E-003
 -6.651744022946770E-003 -1.553593238776880E-002 -6.651744022959362E-003
  8.490020553317474E-003 -6.655305273133689E-003 -7.267737250734924E-003
11 59
 -8.120621850552188E-001 -9.199106360169667E-001  5.097207107351148E-014
 -9.199106360169573E-001 -8.120621850552207E-001  5.524518288581998E-014
  9.161508357502512E-015  1.702197410802242E-015  8.105872507470746E-002
11 60
 -8.120621850552925E-001 -2.186903544539043E-014  9.199106360171204E-001
 -1.533062602724062E-014  8.105872507469301E-002 -6.602794662467899E-015
  9.199106360170261E-001  7.470152968425126E-015 -8.120621850553691E-001
11 61
  3.612261808097823E-003 -2.049200976263688E-015  3.946430453467015E-015
 -1.995431614463310E-015  3.460608080965819E-003  1.146067334575090E-002
  5.323432666903827E-015  1.146067334574840E-002  3.460608080957210E-003
11 62
  1.840321607971885E-002 -7.597114941908453E-015  1.544803116859098E-016
 -6.830473686658678E-016  3.044262756680713E-002 -1.029992063861229E-015
  4.250072516143177E-015 -3.263448539181368E-015  1.840321607972632E-002
11 63
  8.105872507469220E-002 -1.105123159792115E-014  4.617050605554483E-016
 -2.576369293686570E-014 -8.120621850552963E-001  9.199106360171190E-001
  2.916503843986007E-015  9.199106360170282E-001 -8.120621850553736E-001
11 64
  1.840321607971949E-002 -1.754185462734482E-016  2.816297428876617E-015
 -3.608903159585357E-015  1.840321607971486E-002  1.538561583198388E-015
  3.491130995403324E-015  5.757113535898029E-015  3.044262756683056E-002
12 1
 -1.553593238777064E-002  6.651744022960393E-003 -6.651744022958574E-003
  6.655305273146580E-003 -7.267737250729362E-003 -8.490020553315153E-003
 -6.655305273141029E-003 -8.490020553320840E-003 -7.267737250721599E-003
12 2
  1.202849407665585E-002  1.474578588040854E-002 -3.205892650415439E-015
  1.474578588041099E-002  1.202849407665679E-002  3.892285799222961E-015
 -2.059984127722458E-016 -3.393552799879629E-015  3.253157945647444E-002
12 3
 -1.553593238776463E-002  6.651744022952256E-003 -6.651744022946872E-003
  6.655305273141798E-003 -7.267737250730434E-003 -8.490020553322222E-003
 -6.655305273133180E-003 -8.490020553314513E-003 -7.267737250740079E-003
12 4
  1.202849407665782E-002  1.255705168480819E-015 -1.474578588041064E-002
  4.098284211995207E-015  3.253157945647386E-002 -6.776263578034403E-015
 -1.474578588041094E-002  6.895525817007808E-015  1.202849407666151E-002
12 5
 -8.120621850553937E-001  9.199106360171587E-001 -5.145555747980424E-015
  9.199106360171662E-001 -8.120621850554007E-001 -9.540979117872439E-016
 -4.011548038196366E-016  7.480994990149981E-016  8.105872507469876E-002
12 6
 -7.267737250730940E-003  6.655305273141620E-003 -8.490020553318833E-003
  6.651744022951895E-003 -1.553593238777144E-002 -6.651744022956546E-003
 -8.490020553308995E-003 -6.655305273134968E-003 -7.267737250736669E-003
12 7
 -7.267737250732272E-003  8.490020553317315E-003 -6.655305273138580E-003
  8.490020553315653E-003 -7.267737250726531E-003 -6.655305273146558E-003
 -6.651744022948112E-003 -6.651744022947905E-003 -1.553593238777551E-002
12 8
 -8.120621850552887E-001 -4.434183597558372E-014 -9.199106360170631E-001
  5.334274688628682E-015  8.105872507470960E-002  1.084202172485504E-017
 -9.199106360170520E-001 -4.558528034215303E-014 -8.120621850553362E-001
12 9
  8.105872507471520E-002  4.819153599620131E-015  2.835474685860817E-015
 -2.938187887435717E-015 -8.120621850553551E-001 -9.199106360171230E-001
 -2.710505431213761E-015 -9.199106360171131E-001 -8.120621850553751E-001
12 10
  3.253157945647896E-002  2.092645042682200E-015  3.534504780796151E-015
 -1.669671345627677E-015  1.202849407664959E-002 -1.474578588041250E-002
 -5.334274688628682E-015 -1.474578588041136E-002  1.202849407665319E-002
12 11
  8.105872507470570E-002  3.523637266222133E-015 -2.032905096192930E-015
 -4.413787044188489E-014 -8.120621850552890E-001 -9.199106360170697E-001
 -5.085450290043259E-014 -9.199106360170461E-001 -8.120621850553208E-001
12 12
  6.140120841670582E+000  4.780415144672190E-014 -2.978859365257850E-014
  2.741947294215841E-014  6.140120841670654E+000 -1.016656377139658E-013
  4.822531263215524E-014  6.022743068156977E-014  6.140120841670339E+000
12 13
 -7.267737250729035E-003  8.490020553312704E-003 -6.655305273141736E-003
  8.490020553314959E-003 -7.267737250725285E-003 -6.655305273143381E-003
 -6.651744022961723E-003 -6.651744022962190E-003 -1.553593238776163E-002
12 14
 -7.267737250729969E-003  6.655305273138719E-003 -8.490020553319088E-003
  6.651744022953738E-003 -1.553593238777516E-002 -6.651744022951440E-003
 -8.490020553319908E-003 -6.655305273151843E-003 -7.267737250718958E-003
12 15
 -8.120621850553795E-001  9.199106360171297E-001 -6.030874584450618E-016
  9.199106360171266E-001 -8.120621850553768E-001  1.463672932855431E-015
  7.806255641895632E-015 -4.119968255444917E-015  8.105872507471217E-002
12 16
 -8.120621850553619E-001  3.672734859294646E-016 -9.199106360171107E-001
  3.252606517456513E-015  8.105872507470570E-002  6.797947621484113E-015
 -9.199106360171070E-001  1.355252715606881E-016 -8.120621850553501E-001
12 17
 -7.267737250730268E-003  6.655305273140987E-003  8.490020553318376E-003
  6.651744022957999E-003 -1.553593238777487E-002  6.651744022957175E-003
  8.490020553325758E-003  6.655305273146103E-003 -7.267737250728321E-003
12 18
  3.460608080960120E-003 -1.146067334575381E-002 -2.221103029180027E-015
 -1.146067334574727E-002  3.460608080969830E-003  3.762181538524700E-015
  5.095750210681871E-015 -7.155734338404329E-016  3.612261808087736E-003
12 19
  3.460608080961905E-003 -1.186531693447704E-015  1.146067334574539E-002
 -3.404394821604484E-015  3.612261808091087E-003 -8.782037597132586E-016
  1.146067334574747E-002  4.049495114233359E-015  3.460608080958414E-003
12 20
 -7.267737250730909E-003 -8.490020553320666E-003 -6.655305273135796E-003
 -8.490020553316498E-003 -7.267737250731422E-003  6.655305273140833E-003
 -6.651744022950659E-003  6.651744022949927E-003 -1.553593238777140E-002
12 21
  1.840321607972325E-002  5.215012449655276E-015 -8.023096076392730E-015
 -3.361026734705064E-015  3.044262756681019E-002 -3.989863994746656E-015
 -8.380882793312949E-015  6.288372600415926E-016  1.840321607972003E-002
12 22
  3.612261808096757E-003  6.700369425960417E-015 -4.336808689942018E-017
 -3.664603343001005E-015  3.460608080958099E-003  1.146067334574607E-002
 -3.740497495074990E-015  1.146067334574806E-002  3.460608080963076E-003
12 23
  1.840321607971980E-002 -1.279358563532895E-015 -6.895525817007811E-015
 -4.770489558936220E-015  1.840321607972483E-002 -4.835541689285350E-015
 -2.363560736018400E-015  4.803015624110785E-015  3.044262756681934E-002
12 24
  8.105872507469869E-002  2.222614453595284E-015 -1.669671345627677E-015
 -3.447762908503904E-015 -8.120621850552803E-001  9.199106360170674E-001
  1.864827736675068E-015  9.199106360170507E-001 -8.120621850553302E-001
12 25
 -7.267737250730091E-003 -6.655305273137661E-003  8.490020553325121E-003
 -6.651744022950648E-003 -1.553593238777311E-002 -6.651744022951125E-003
  8.490020553314786E-003 -6.655305273139218E-003 -7.267737250729947E-003
12 26
 -7.267737250734515E-003 -8.490020553318293E-003  6.655305273144603E-003
 -8.490020553313528E-003 -7.267737250736876E-003 -6.655305273156110E-003
  6.651744022950675E-003 -6.651744022947103E-003 -1.553593238778155E-002
12 27
 -8.120621850552817E-001  3.401684316173270E-015  9.199106360170736E-001
  3.230922474006803E-015  8.105872507471071E-002 -2.276824562219559E-015
  9.199106360170504E-001  4.000706016471511E-015 -8.120621850553298E-001
12 28
 -8.120621850553841E-001 -9.199106360171329E-001  1.583307866325628E-014
 -9.199106360171363E-001 -8.120621850553792E-001  3.247185506594086E-014
  7.979727989493313E-015  4.022390059921221E-015  8.105872507470945E-002
12 29
 -7.914939155047979E-003 -1.049500291427680E-015  7.914591155849457E-015
  2.157562323246154E-015 -7.914939155046744E-003  4.163336342344337E-015
  6.548581121812447E-015 -2.493664996716660E-015 -7.914939155048739E-003
12 30
 -1.553593238776931E-002  6.651744022947185E-003  6.651744022947086E-003
  6.655305273148272E-003 -7.267737250734436E-003  8.490020553323437E-003
  6.655305273154445E-003  8.490020553321903E-003 -7.267737250721116E-003
12 31
  3.044262756683026E-002 -1.423883560158160E-015 -4.389536490908598E-016
  5.464378949326942E-015  1.840321607971487E-002  1.474514954580286E-015
 -1.192622389734055E-016  3.480288973678469E-015  1.840321607971680E-002
12 32
 -1.553593238776697E-002 -6.651744022957632E-003 -6.651744022957868E-003
 -6.655305273146092E-003 -7.267737250735118E-003  8.490020553322689E-003
 -6.655305273129569E-003  8.490020553317648E-003 -7.267737250737260E-003
12 33
  3.612261808094261E-003 -1.832006192084702E-015 -5.697719961493870E-015
 -4.391018798566293E-015  3.460608080962078E-003 -1.146067334574634E-002
 -7.405100838075995E-015 -1.146067334575266E-002  3.460608080962360E-003
12 34
 -1.266294654794685E-003  3.415341011663737E-016 -1.408246586985234E-016
  6.505213034913027E-016 -1.266294654794905E-003 -8.023096076392733E-016
 -1.149254302834635E-015  1.235990476633475E-015 -1.266294654795447E-003
12 35
  3.612261808091976E-003 -4.873639393304451E-015  3.707948992954357E-015
  1.897353801849633E-015  3.460608080963672E-003 -1.146067334575121E-002
 -1.897353801849633E-016 -1.146067334574936E-002  3.460608080959574E-003
12 36
  3.253157945647694E-002  3.230882799034878E-015  1.084180930548658E-015
  8.456776945386935E-016  1.202849407666058E-002  1.474578588040885E-002
 -4.770489558936220E-016  1.474578588040376E-002  1.202849407666438E-002
12 37
  3.460608080963852E-003  1.146067334574876E-002 -1.126209712713397E-015
  1.146067334574909E-002  3.460608080963488E-003  7.155734338404329E-016
  3.447762908503904E-015  3.534499082302744E-015  3.612261808100259E-003
12 38
  3.460608080960066E-003 -1.396570718076149E-015 -1.146067334574808E-002
 -1.973247953923618E-015  3.612261808093949E-003 -3.913969842672671E-015
 -1.146067334574748E-002  5.583641188300348E-016  3.460608080963423E-003
12 39
 -7.267737250731159E-003  8.490020553321466E-003  6.655305273138686E-003
  8.490020553319924E-003 -7.267737250731530E-003  6.655305273143034E-003
  6.651744022957956E-003  6.651744022947048E-003 -1.553593238778277E-002
12 40
 -7.267737250729627E-003 -6.655305273137630E-003 -8.490020553319188E-003
 -6.651744022959831E-003 -1.553593238777039E-002  6.651744022957002E-003
 -8.490020553328696E-003  6.655305273147772E-003 -7.267737250728245E-003
12 41
 -1.553593238776775E-002 -6.651744022952917E-003  6.651744022958913E-003
 -6.655305273138611E-003 -7.267737250730001E-003 -8.490020553321105E-003
  6.655305273136611E-003 -8.490020553315549E-003 -7.267737250741190E-003
12 42
  1.202849407666090E-002 -3.851702333137639E-015  1.474578588041054E-002
  2.135878279796444E-015  3.253157945647953E-002 -3.252606517456513E-016
  1.474578588040413E-002  4.846383711010205E-015  1.202849407666099E-002
12 43
 -1.553593238776419E-002 -6.651744022955912E-003  6.651744022956427E-003
 -6.655305273140367E-003 -7.267737250731042E-003 -8.490020553325962E-003
  6.655305273149876E-003 -8.490020553319301E-003 -7.267737250723198E-003
12 44
  1.202849407666605E-002 -1.474578588040321E-002 -8.721474741403903E-016
 -1.474578588040337E-002  1.202849407667304E-002  3.295974604355933E-015
  1.224064252736135E-014 -4.022390059921221E-015  3.253157945647481E-002
12 45
 -7.267737250729622E-003  8.490020553320481E-003  6.655305273141056E-003
  8.490020553322743E-003 -7.267737250731302E-003  6.655305273140833E-003
  6.651744022953793E-003  6.651744022951255E-003 -1.553593238775902E-002
12 46
  3.460608080965729E-003  1.450754356920823E-015 -1.146067334574877E-002
 -7.914675859144182E-016  3.612261808086034E-003  2.743031496388326E-015
 -1.146067334575164E-002  4.949382917396328E-015  3.460608080960961E-003
12 47
  3.460608080961902E-003  1.146067334575196E-002 -1.988791008505734E-015
  1.146067334575123E-002  3.460608080960354E-003  8.890457814381136E-016
 -6.082374187643680E-015  9.324138683375338E-015  3.612261808088284E-003
12 48
 -7.267737250733219E-003 -6.655305273133840E-003 -8.490020553318579E-003
 -6.651744022956459E-003 -1.553593238776426E-002  6.651744022956102E-003
 -8.490020553314329E-003  6.655305273127769E-003 -7.267737250739033E-003
12 49
  3.460608080958568E-003 -1.485330506525539E-015  1.146067334575152E-002
 -2.385244779468110E-015  3.612261808092561E-003  3.469446951953614E-015
  1.146067334574734E-002  2.477401964129378E-015  3.460608080962837E-003
12 50
  3.460608080965617E-003 -1.146067334574411E-002 -1.509149337700126E-015
 -1.146067334575172E-002  3.460608080961352E-003  7.589415207398531E-016
  2.331034670843835E-015 -2.168404344971009E-016  3.612261808096388E-003
12 51
 -7.267737250728159E-003  6.655305273142268E-003  8.490020553322502E-003
  6.651744022957641E-003 -1.553593238776875E-002  6.651744022947178E-003
  8.490020553313880E-003  6.655305273130075E-003 -7.267737250737460E-003
12 52
 -7.267737250728072E-003 -8.490020553321001E-003 -6.655305273144097E-003
 -8.490020553324207E-003 -7.267737250727887E-003  6.655305273141050E-003
 -6.651744022961111E-003  6.651744022958130E-003 -1.553593238776961E-002
12 53
  3.044262756681603E-002  1.799479144794398E-015  8.814542486483470E-015
 -1.149254302834635E-015  1.840321607972666E-002  3.458604930228759E-015
 -1.290200585257750E-015 -2.612927235690066E-015  1.840321607972140E-002
12 54
 -1.553593238777358E-002  6.651744022955137E-003  6.651744022960719E-003
  6.655305273144780E-003 -7.267737250730565E-003  8.490020553319133E-003
  6.655305273132529E-003  8.490020553313696E-003 -7.267737250738073E-003
12 55
 -7.914939155043830E-003  4.915660418183766E-015  5.244663896765097E-015
  5.225854471380131E-015 -7.914939155049486E-003 -5.280064580004407E-015
  4.640385298237959E-015 -8.998878031629687E-016 -7.914939155048576E-003
12 56
 -1.553593238777538E-002 -6.651744022956872E-003 -6.651744022955222E-003
 -6.655305273138980E-003 -7.267737250728852E-003  8.490020553317788E-003
 -6.655305273144254E-003  8.490020553323020E-003 -7.267737250723437E-003
12 57
 -8.120621850552414E-001 -9.419006373467820E-016  9.199106360171714E-001
 -8.738669510233166E-015  8.105872507471493E-002 -7.253312533928025E-015
  9.199106360169721E-001  4.385597787703865E-015 -8.120621850554219E-001
12 58
 -7.267737250727066E-003 -8.490020553317752E-003  6.655305273139752E-003
 -8.490020553318375E-003 -7.267737250723854E-003 -6.655305273142037E-003
  6.651744022963501E-003 -6.651744022954107E-003 -1.553593238775688E-002
12 59
 -7.267737250729998E-003 -6.655305273137987E-003  8.490020553323450E-003
 -6.651744022955484E-003 -1.553593238776614E-002 -6.651744022957869E-003
  8.490020553319383E-003 -6.655305273148949E-003 -7.267737250722868E-003
12 60
 -8.120621850553116E-001 -9.199106360171562E-001  5.556942709802892E-014
 -9.199106360170569E-001 -8.120621850553997E-001  6.249341322206448E-014
  1.539567084929416E-015 -3.480288973678469E-015  8.105872507471197E-002
12 61
  1.840321607971626E-002 -1.474323683001405E-015  1.581235300954747E-015
 -6.819631664933823E-015  1.840321607972243E-002  3.458604930228759E-015
 -3.523657060577889E-015 -1.203464411458910E-015  3.044262756681939E-002
12 62
  3.612261808092463E-003 -4.261037907485720E-015  7.578289965119163E-017
  9.432558900623889E-016  3.460608080963921E-003  1.146067334574428E-002
 -8.023096076392733E-016  1.146067334575012E-002  3.460608080957665E-003
12 63
  1.840321607971110E-002  4.412155999925450E-015 -3.368160241303932E-015
 -2.883977778811442E-015  3.044262756681578E-002  4.597017211338539E-015
 -7.334627696864437E-015 -6.095926714799749E-015  1.840321607972340E-002
12 64
  8.105872507468426E-002 -5.417106431040290E-015 -6.821117253700138E-015
  2.544622498823479E-014 -8.120621850553816E-001  9.199106360171165E-001
 -3.068292148133978E-014  9.199106360171300E-001 -8.120621850553678E-001
13 1
 -8.120621850553799E-001 -1.120319657356428E-014 -9.199106360171537E-001
  1.008646833590421E-014  8.105872507469833E-002  4.815212898551247E-015
 -9.199106360171492E-001 -1.277664497638387E-014 -8.120621850553804E-001
13 2
 -7.267737250732820E-003  8.490020553322580E-003 -6.655305273144192E-003
  8.490020553315956E-003 -7.267737250734060E-003 -6.655305273138621E-003
 -6.651744022957297E-003 -6.651744022949040E-003 -1.553593238776825E-002
13 3
 -7.267737250731349E-003  6.655305273145360E-003 -8.490020553318387E-003
  6.651744022956757E-003 -1.553593238776657E-002 -6.651744022951738E-003
 -8.490020553320989E-003 -6.655305273139994E-003 -7.267737250730302E-003
13 4
 -8.120621850554323E-001  9.199106360171924E-001 -2.059984127722458E-015
  9.199106360171883E-001 -8.120621850554309E-001  2.175180608549043E-015
 -7.334966510043339E-015  1.281052629427404E-015  8.105872507470846E-002
13 5
  1.202849407665930E-002 -9.084936579070724E-015 -1.474578588041508E-002
  9.574860435762611E-016  3.253157945647022E-002  4.046784608802145E-015
 -1.474578588040988E-002 -1.386084714886937E-015  1.202849407666426E-002
13 6
 -1.553593238776625E-002  6.651744022955895E-003 -6.651744022951353E-003
  6.655305273147431E-003 -7.267737250740171E-003 -8.490020553316555E-003
 -6.655305273139928E-003 -8.490020553321018E-003 -7.267737250731395E-003
13 7
  1.202849407665220E-002  1.474578588040914E-002  7.907899595566148E-016
  1.474578588040877E-002  1.202849407666244E-002  1.328147661294743E-016
  3.657827079422971E-015  1.781479694665244E-015  3.253157945647711E-002
13 8
 -1.553593238777664E-002  6.651744022951358E-003 -6.651744022950859E-003
  6.655305273141471E-003 -7.267737250732129E-003 -8.490020553319818E-003
 -6.655305273138392E-003 -8.490020553324106E-003 -7.267737250733831E-003
13 9
 -8.120621850553779E-001  5.369104683419779E-014 -9.199106360171320E-001
 -9.784924606681678E-015  8.105872507471128E-002 -6.393404685875459E-015
 -9.199106360171343E-001  5.896975616148659E-014 -8.120621850553754E-001
13 10
 -8.120621850553761E-001  9.199106360171235E-001 -1.603602775741841E-015
  9.199106360171324E-001 -8.120621850553674E-001 -1.033719008829148E-014
  2.317482143687766E-015 -1.685256751857156E-015  8.105872507470442E-002
13 11
 -7.267737250731386E-003  6.655305273142986E-003 -8.490020553314770E-003
  6.651744022955174E-003 -1.553593238776647E-002 -6.651744022952781E-003
 -8.490020553319585E-003 -6.655305273138866E-003 -7.267737250729850E-003
13 12
 -7.267737250731085E-003  8.490020553321990E-003 -6.655305273131708E-003
  8.490020553314385E-003 -7.267737250727213E-003 -6.655305273140641E-003
 -6.651744022953947E-003 -6.651744022952519E-003 -1.553593238776443E-002
13 13
  6.140120841670766E+000 -1.060386994140503E-013 -5.962586788242977E-014
 -1.088023985143516E-013  6.140120841670813E+000 -1.181604185156171E-013
 -2.259883903274473E-015 -1.059399353724004E-013  6.140120841670756E+000
13 14
  8.105872507470513E-002 -3.863825492195216E-015 -6.923986124035553E-015
  2.018039056174425E-014 -8.120621850553650E-001 -9.199106360171292E-001
  2.366474529356954E-014 -9.199106360171276E-001 -8.120621850553764E-001
13 15
  3.253157945647531E-002 -3.685270946914010E-015  7.420008617947671E-017
  5.563312397566245E-016  1.202849407666022E-002 -1.474578588040995E-002
  3.152317816501604E-015 -1.474578588041433E-002  1.202849407665953E-002
13 16
  8.105872507470320E-002  3.726944967918921E-018  4.709503186733910E-015
  4.220595769578728E-015 -8.120621850553921E-001 -9.199106360171457E-001
  5.127937462677534E-015 -9.199106360171440E-001 -8.120621850553804E-001
13 17
 -1.553593238777403E-002 -6.651744022954714E-003 -6.651744022950773E-003
 -6.655305273144377E-003 -7.267737250730299E-003  8.490020553320819E-003
 -6.655305273141418E-003  8.490020553328466E-003 -7.267737250730149E-003
13 18
 -7.914939155047524E-003  5.854691731421724E-015  2.927345865710862E-015
  4.713568944880731E-015 -7.914939155036516E-003  4.505537653035074E-015
 -1.507041019754851E-015 -3.686287386450715E-016 -7.914939155045844E-003
13 19
 -1.553593238777108E-002  6.651744022948931E-003  6.651744022950420E-003
  6.655305273138864E-003 -7.267737250731007E-003  8.490020553320460E-003
  6.655305273139495E-003  8.490020553316751E-003 -7.267737250726740E-003
13 20
  3.044262756681956E-002  1.716766377495016E-015 -6.993104012531504E-016
 -1.027959184787819E-015  1.840321607971426E-002 -1.009663273127126E-016
  7.519280879365875E-015 -3.416253282866044E-015  1.840321607972365E-002
13 21
 -7.267737250730402E-003 -8.490020553314872E-003 -6.655305273142287E-003
 -8.490020553318212E-003 -7.267737250733075E-003  6.655305273149979E-003
 -6.651744022952979E-003  6.651744022954779E-003 -1.553593238776190E-002
13 22
 -7.267737250732180E-003  6.655305273142731E-003  8.490020553316780E-003
  6.651744022958954E-003 -1.553593238776972E-002  6.651744022954969E-003
  8.490020553319329E-003  6.655305273141110E-003 -7.267737250730245E-003
13 23
  3.460608080963227E-003 -1.146067334574929E-002  2.168404344971009E-015
 -1.146067334575642E-002  3.460608080960148E-003 -4.607859233063394E-016
 -7.264154555652880E-016 -1.902774812712060E-015  3.612261808089775E-003
13 24
  3.460608080964019E-003 -1.561251128379126E-015  1.146067334575136E-002
  5.816744655384731E-015  3.612261808088343E-003 -1.246832498358330E-016
  1.146067334575308E-002 -4.803015624110785E-015  3.460608080961048E-003
13 25
  8.105872507471074E-002 -4.976487971708465E-015  2.092510192897024E-015
 -1.200211804941453E-014 -8.120621850553635E-001  9.199106360171371E-001
  1.534146074066989E-015  9.199106360171211E-001 -8.120621850553728E-001
13 26
  1.840321607972369E-002 -3.546357543564305E-015  5.083552936241409E-015
 -4.113191991866882E-016  3.044262756682536E-002 -8.117963766485214E-016
  4.939896148387080E-016  5.322755040546023E-015  1.840321607972242E-002
13 27
  3.612261808092585E-003 -3.407782953393501E-015  5.061191266433895E-015
 -1.992221491942114E-015  3.460608080960226E-003  1.146067334575249E-002
  1.191944763376251E-015  1.146067334574734E-002  3.460608080962884E-003
13 28
  1.840321607971250E-002 -6.967015397756071E-015 -1.228265536154516E-014
 -6.606856988583543E-015  1.840321607971009E-002 -4.933119884809045E-015
 -8.854882430596456E-015 -1.032634806656663E-014  3.044262756682051E-002
13 29
 -8.120621850553851E-001 -9.199106360171205E-001  2.453718922924147E-014
 -9.199106360171301E-001 -8.120621850553664E-001  2.362950872296377E-014
 -4.213141879642890E-015  3.111321421854496E-015  8.105872507470696E-002
13 30
 -7.267737250733816E-003 -6.655305273134064E-003  8.490020553316727E-003
 -6.651744022963780E-003 -1.553593238776246E-002 -6.651744022960479E-003
  8.490020553316048E-003 -6.655305273136688E-003 -7.267737250730168E-003
13 31
 -7.267737250728058E-003 -8.490020553325999E-003  6.655305273136125E-003
 -8.490020553319971E-003 -7.267737250725423E-003 -6.655305273135455E-003
  6.651744022947570E-003 -6.651744022951120E-003 -1.553593238776276E-002
13 32
 -8.120621850553768E-001 -6.875468076816826E-014  9.199106360171645E-001
  2.072859028520724E-015  8.105872507468977E-002  3.327145416814892E-015
  9.199106360171185E-001  6.727135667093653E-014 -8.120621850553967E-001
13 33
 -7.267737250728395E-003 -6.655305273139052E-003 -8.490020553315939E-003
 -6.651744022953446E-003 -1.553593238776270E-002  6.651744022956698E-003
 -8.490020553320187E-003  6.655305273146916E-003 -7.267737250730195E-003
13 34
 -7.267737250726622E-003  8.490020553318848E-003  6.655305273140739E-003
  8.490020553318937E-003 -7.267737250727642E-003  6.655305273139762E-003
  6.651744022951732E-003  6.651744022953117E-003 -1.553593238777110E-002
13 35
  3.460608080964714E-003 -8.178950138687524E-016 -1.146067334575116E-002
 -2.953773293665196E-015  3.612261808091002E-003 -5.956335685092240E-016
 -1.146067334575264E-002 -2.190427201599621E-015  3.460608080964212E-003
13 36
  3.460608080960370E-003  1.146067334575350E-002  7.541981362352290E-016
  1.146067334574882E-002  3.460608080961738E-003 -4.557714882585939E-015
  1.887867032840385E-015 -3.662570463927595E-016  3.612261808088018E-003
13 37
  3.253157945647576E-002  5.670377362099188E-015 -5.366800753803247E-015
 -3.353572844769226E-015  1.202849407666653E-002  1.474578588041396E-002
 -2.856872724499304E-015  1.474578588040503E-002  1.202849407665442E-002
13 38
  3.612261808095179E-003 -4.255154713826703E-015 -6.200958800259282E-015
 -1.411495703304566E-015  3.460608080960895E-003 -1.146067334574838E-002
 -4.119290629087113E-015 -1.146067334574774E-002  3.460608080964206E-003
13 39
 -1.266294654794525E-003 -8.341580464560350E-016  1.794693408642412E-015
  6.803368632346540E-016 -1.266294654794509E-003  1.023215800283195E-015
 -8.344968596349367E-016  8.416119363918728E-016 -1.266294654794438E-003
13 40
  3.612261808096004E-003 -3.167225596373280E-015 -1.751325321742991E-015
 -2.280212694008577E-015  3.460608080959824E-003 -1.146067334574653E-002
  1.751325321742991E-015 -1.146067334574765E-002  3.460608080957838E-003
13 41
 -7.267737250730168E-003 -6.655305273134495E-003 -8.490020553316553E-003
 -6.651744022955034E-003 -1.553593238776271E-002  6.651744022961797E-003
 -8.490020553316933E-003  6.655305273136980E-003 -7.267737250728127E-003
13 42
  3.460608080969111E-003  1.146067334574795E-002 -2.024408743937778E-015
  1.146067334575045E-002  3.460608080961765E-003 -2.158239949603957E-015
  1.259707399156595E-015  2.968003447179068E-016  3.612261808093789E-003
13 43
  3.460608080962911E-003 -4.099639464710814E-015 -1.146067334575228E-002
 -1.997642502804542E-015  3.612261808086790E-003 -3.552117367605634E-015
 -1.146067334575008E-002 -3.835365185167472E-016  3.460608080964259E-003
13 44
 -7.267737250724680E-003  8.490020553321150E-003  6.655305273138801E-003
  8.490020553321209E-003 -7.267737250730376E-003  6.655305273145261E-003
  6.651744022943669E-003  6.651744022953039E-003 -1.553593238775864E-002
13 45
  1.202849407666293E-002 -1.474578588040536E-002 -4.892123490161937E-015
 -1.474578588040315E-002  1.202849407666903E-002 -5.187907395343139E-015
  4.397456248965426E-015 -2.811810571705375E-015  3.253157945647186E-002
13 46
 -1.553593238776425E-002 -6.651744022950998E-003  6.651744022956348E-003
 -6.655305273133751E-003 -7.267737250725733E-003 -8.490020553320718E-003
  6.655305273142617E-003 -8.490020553328819E-003 -7.267737250728757E-003
13 47
  1.202849407666432E-002 -5.126921023140829E-015  1.474578588040674E-002
  4.822666788487084E-015  3.253157945646784E-002 -2.141299290658871E-015
  1.474578588040724E-002 -1.285457200753126E-015  1.202849407666639E-002
13 48
 -1.553593238776864E-002 -6.651744022951762E-003  6.651744022952680E-003
 -6.655305273136543E-003 -7.267737250728970E-003 -8.490020553316609E-003
  6.655305273141392E-003 -8.490020553313243E-003 -7.267737250720497E-003
13 49
  8.105872507470963E-002 -1.514156096511787E-015 -2.832816988797282E-015
 -3.113693114106808E-015 -8.120621850554390E-001  9.199106360171665E-001
  1.642905104494441E-015  9.199106360171879E-001 -8.120621850553980E-001
13 50
  1.840321607971346E-002 -8.420862748423352E-015  2.613266048868967E-015
 -4.740673999192868E-015  1.840321607970418E-002  2.347297703431117E-015
 -5.454892180317694E-015  6.209767942910727E-015  3.044262756681596E-002
13 51
  3.612261808094781E-003  3.294280538461425E-015 -2.708811365319252E-015
 -5.732041360659301E-015  3.460608080957215E-003  1.146067334574933E-002
 -4.234825923092600E-015  1.146067334574839E-002  3.460608080963798E-003
13 52
  1.840321607972411E-002  6.316832907443670E-015  1.831962858321601E-015
 -5.563312397566245E-016  3.044262756681079E-002  1.011289576385854E-014
  5.473865718336191E-015 -8.846412101123913E-016  1.840321607972315E-002
13 53
 -7.267737250730657E-003 -8.490020553324712E-003 -6.655305273141800E-003
 -8.490020553322999E-003 -7.267737250728413E-003  6.655305273139148E-003
 -6.651744022950011E-003  6.651744022952885E-003 -1.553593238777756E-002
13 54
  3.460608080963188E-003 -3.938025578374693E-015  1.146067334575521E-002
  3.101495839666346E-015  3.612261808086578E-003  6.017322057294550E-016
  1.146067334574970E-002  1.910228702647898E-015  3.460608080966451E-003
13 55
  3.460608080966128E-003 -1.146067334574946E-002 -3.554150246679044E-016
 -1.146067334574517E-002  3.460608080957662E-003 -7.874018277675976E-016
 -3.751000703620944E-015 -1.152303621444750E-015  3.612261808092714E-003
13 56
 -7.267737250729036E-003  6.655305273139946E-003  8.490020553320611E-003
  6.651744022950174E-003 -1.553593238775969E-002  6.651744022954673E-003
  8.490020553320536E-003  6.655305273138182E-003 -7.267737250728902E-003
13 57
 -1.553593238776355E-002 -6.651744022947927E-003 -6.651744022954073E-003
 -6.655305273133629E-003 -7.267737250723293E-003  8.490020553319700E-003
 -6.655305273133638E-003  8.490020553319143E-003 -7.267737250733416E-003
13 58
  3.044262756681723E-002 -1.197941756642812E-014 -2.077263599846446E-015
  4.825377293918298E-015  1.840321607971476E-002 -2.321547901834586E-015
 -1.316187556079512E-014 -9.845910978883987E-016  1.840321607971486E-002
13 59
 -1.553593238776542E-002  6.651744022950765E-003  6.651744022948341E-003
  6.655305273144192E-003 -7.267737250734284E-003  8.490020553315481E-003
  6.655305273137746E-003  8.490020553319837E-003 -7.267737250732045E-003
13 60
 -7.914939155044204E-003  5.100832408365397E-015 -4.487241741374381E-015
  2.630545520992955E-015 -7.914939155037199E-003 -9.608741753652783E-016
  3.913292216314868E-016  8.185387589086657E-015 -7.914939155047878E-003
13 61
 -8.120621850553860E-001 -9.199106360171494E-001  5.633446725598901E-014
 -9.199106360171408E-001 -8.120621850553983E-001  6.431148474005111E-014
  6.799641687378621E-015  3.674090112010253E-015  8.105872507470573E-002
13 62
 -8.120621850553976E-001  6.312936555886300E-014  9.199106360171325E-001
 -6.379852158719390E-015  8.105872507468606E-002 -3.854338723185968E-015
  9.199106360171554E-001 -6.320424327140028E-014 -8.120621850553874E-001
13 63
 -7.267737250727524E-003 -8.490020553319672E-003  6.655305273138436E-003
 -8.490020553315721E-003 -7.267737250732616E-003 -6.655305273140288E-003
  6.651744022959837E-003 -6.651744022947772E-003 -1.553593238776903E-002
13 64
 -7.267737250724360E-003 -6.655305273136023E-003  8.490020553315835E-003
 -6.651744022960400E-003 -1.553593238776715E-002 -6.651744022953584E-003
  8.490020553319676E-003 -6.655305273137616E-003 -7.267737250729391E-003
14 1
 -8.120621850553948E-001  9.199106360171627E-001  5.898059818321144E-014
  9.199106360171641E-001 -8.120621850554051E-001 -5.119738183748113E-014
 -1.056555017087124E-014  5.659535340374333E-015  8.105872507471054E-002
14 2
 -8.120621850553256E-001 -6.822680983543938E-014 -9.199106360171256E-001
  2.420481350073889E-015  8.105872507471346E-002 -8.293130179977404E-015
 -9.199106360170884E-001 -5.870277137651203E-014 -8.120621850553720E-001
14 3
 -7.267737250725990E-003  8.490020553319185E-003 -6.655305273140713E-003
  8.490020553321397E-003 -7.267737250728155E-003 -6.655305273137659E-003
 -6.651744022954564E-003 -6.651744022957267E-003 -1.553593238776932E-002
14 4
 -7.267737250735561E-003  6.655305273149538E-003 -8.490020553321808E-003
  6.651744022954371E-003 -1.553593238777311E-002 -6.651744022951806E-003
 -8.490020553321194E-003 -6.655305273137546E-003 -7.267737250726926E-003
14 5
 -1.553593238777704E-002  6.651744022947461E-003 -6.651744022950820E-003
  6.655305273143865E-003 -7.267737250733192E-003 -8.490020553326042E-003
 -6.655305273141425E-003 -8.490020553322810E-003 -7.267737250734144E-003
14 6
  1.202849407665391E-002 -7.329206686002010E-015 -1.474578588040810E-002
 -4.662069341687669E-016  3.253157945647788E-002 -7.318364664277155E-016
 -1.474578588040897E-002  7.177418381854039E-015  1.202849407665631E-002
14 7
 -1.553593238777133E-002  6.651744022955831E-003 -6.651744022956774E-003
  6.655305273146258E-003 -7.267737250730169E-003 -8.490020553318807E-003
 -6.655305273142145E-003 -8.490020553321811E-003 -7.267737250729741E-003
14 8
  1.202849407666157E-002  1.474578588041308E-002  2.829767670187167E-015
  1.474578588041236E-002  1.202849407665718E-002  8.164381171994750E-015
  1.215661685899372E-015 -8.131516293641283E-018  3.253157945647964E-002
14 9
 -7.267737250736813E-003  8.490020553310084E-003 -6.655305273137784E-003
  8.490020553321443E-003 -7.267737250732039E-003 -6.655305273146439E-003
 -6.651744022944781E-003 -6.651744022949315E-003 -1.553593238776768E-002
14 10
 -8.120621850553751E-001  2.165151738453552E-014 -9.199106360171281E-001
  4.667490352550097E-015  8.105872507470813E-002  3.467075259701302E-015
 -9.199106360171313E-001  1.630097966331956E-014 -8.120621850553780E-001
14 11
 -8.120621850553712E-001  9.199106360171301E-001  8.171835061930588E-015
  9.199106360171266E-001 -8.120621850553743E-001 -1.013695149956056E-014
  1.795709848179117E-015 -2.114194236346734E-016  8.105872507470069E-002
14 12
 -7.267737250738792E-003  6.655305273142160E-003 -8.490020553311132E-003
  6.651744022963677E-003 -1.553593238777647E-002 -6.651744022958679E-003
 -8.490020553318572E-003 -6.655305273141141E-003 -7.267737250723081E-003
14 13
  8.105872507471092E-002  2.090138500644712E-015 -2.366610054628515E-015
  2.287937634487536E-014 -8.120621850553743E-001 -9.199106360171350E-001
  1.841178576787728E-014 -9.199106360171332E-001 -8.120621850553718E-001
14 14
  6.140120841670736E+000  3.137681087173050E-014 -3.122739425983484E-014
  5.548065804515667E-016  6.140120841670670E+000 -1.268692724661069E-013
  3.228211968575589E-015 -4.663695644946397E-014  6.140120841670631E+000
14 15
  8.105872507470324E-002  7.321413982887270E-015  3.744224440042909E-015
 -5.195225760007416E-014 -8.120621850552946E-001 -9.199106360170813E-001
 -5.236425442561865E-014 -9.199106360170444E-001 -8.120621850553279E-001
14 16
  3.253157945647656E-002  1.009663273127126E-015  3.246169067057381E-015
 -2.690854266837461E-015  1.202849407666241E-002 -1.474578588041096E-002
  5.597193715456417E-016 -1.474578588040898E-002  1.202849407666172E-002
14 17
  3.044262756681821E-002 -1.169244280389836E-015 -5.248216141187645E-015
  2.434372690408859E-015  1.840321607971874E-002  1.539228271750515E-015
  3.235665858511427E-015 -3.827233668873831E-015  1.840321607971730E-002
14 18
 -1.553593238777282E-002 -6.651744022955950E-003 -6.651744022948112E-003
 -6.655305273142547E-003 -7.267737250723084E-003  8.490020553322835E-003
 -6.655305273148347E-003  8.490020553309630E-003 -7.267737250734007E-003
14 19
 -7.914939155054658E-003 -4.911435841359335E-015 -2.331034670843835E-015
  3.557538378468061E-016 -7.914939155050248E-003 -2.047109226924193E-015
  2.656295322589486E-015  3.664603343001005E-015 -7.914939155051584E-003
14 20
 -1.553593238777952E-002  6.651744022951423E-003  6.651744022953879E-003
  6.655305273146950E-003 -7.267737250732441E-003  8.490020553320340E-003
  6.655305273147559E-003  8.490020553320713E-003 -7.267737250733359E-003
14 21
  3.460608080960940E-003  4.119968255444917E-016  1.146067334574393E-002
  1.111307226797642E-015  3.612261808093374E-003 -5.475220971051797E-015
  1.146067334574970E-002  1.344410693882025E-015  3.460608080960278E-003
14 22
 -7.267737250733568E-003 -8.490020553315339E-003 -6.655305273145051E-003
 -8.490020553319631E-003 -7.267737250724320E-003  6.655305273143111E-003
 -6.651744022954779E-003  6.651744022952377E-003 -1.553593238776825E-002
14 23
 -7.267737250735563E-003  6.655305273145225E-003  8.490020553316227E-003
  6.651744022954600E-003 -1.553593238776958E-002  6.651744022956395E-003
  8.490020553323773E-003  6.655305273143295E-003 -7.267737250729697E-003
14 24
  3.460608080966686E-003 -1.146067334574686E-002  1.214306433183765E-015
 -1.146067334575196E-002  3.460608080964718E-003 -2.808083626737456E-015
 -5.421010862427522E-018  3.198396408832238E-016  3.612261808094578E-003
14 25
  1.840321607972546E-002 -3.035766082959412E-015 -3.209238430557093E-015
 -4.878909776184770E-015  1.840321607972193E-002 -1.154675313697062E-015
  2.949029909160572E-015 -5.540273101400928E-015  3.044262756682846E-002
14 26
  8.105872507471239E-002 -4.824699667560495E-015 -3.263448539181368E-015
 -1.161688746500328E-014 -8.120621850553723E-001  9.199106360171392E-001
  6.125742274543100E-016  9.199106360171352E-001 -8.120621850553742E-001
14 27
  1.840321607972211E-002  9.931291899967221E-015  3.735076484212563E-015
 -5.187229768985335E-016  3.044262756683246E-002 -1.030330877040131E-015
  2.012550282676218E-015 -4.628188023797497E-015  1.840321607971171E-002
14 28
  3.612261808100343E-003 -1.528725063204561E-015  9.622294280808852E-017
 -2.659683454378503E-016  3.460608080963008E-003  1.146067334574691E-002
  6.694948415097990E-016  1.146067334574774E-002  3.460608080966613E-003
14 29
 -8.120621850553743E-001  7.422380310199983E-015  9.199106360171359E-001
 -4.379837963662536E-015  8.105872507470700E-002  4.006804653691742E-015
  9.199106360171340E-001 -9.385125055577648E-015 -8.120621850553846E-001
14 30
 -8.120621850553733E-001 -9.199106360171307E-001  1.869164545365010E-014
 -9.199106360171269E-001 -8.120621850553831E-001  1.636433772777418E-014
  8.792879618857441E-015  7.605678239985814E-015  8.105872507470288E-002
14 31
 -7.267737250726559E-003 -6.655305273135551E-003  8.490020553327470E-003
 -6.651744022944219E-003 -1.553593238777075E-002 -6.651744022951434E-003
  8.490020553316428E-003 -6.655305273145653E-003 -7.267737250733533E-003
14 32
 -7.267737250730847E-003 -8.490020553319577E-003  6.655305273139641E-003
 -8.490020553316156E-003 -7.267737250733350E-003 -6.655305273143718E-003
  6.651744022950849E-003 -6.651744022949618E-003 -1.553593238776142E-002
14 33
  3.460608080962306E-003  1.146067334574822E-002  4.543823542250969E-015
  1.146067334574804E-002  3.460608080961359E-003  2.433017437693252E-015
 -3.850950591396951E-015 -5.585674067373758E-015  3.612261808095205E-003
14 34
 -7.267737250729220E-003 -6.655305273136182E-003 -8.490020553321268E-003
 -6.651744022953814E-003 -1.553593238777528E-002  6.651744022954128E-003
 -8.490020553315988E-003  6.655305273133664E-003 -7.267737250729356E-003
14 35
 -7.267737250731997E-003  8.490020553321435E-003  6.655305273133453E-003
  8.490020553322110E-003 -7.267737250729955E-003  6.655305273148802E-003
  6.651744022953719E-003  6.651744022957110E-003 -1.553593238777096E-002
14 36
  3.460608080964258E-003 -1.691694202256289E-015 -1.146067334575230E-002
  9.286869233696149E-016  3.612261808092236E-003 -1.114695358586659E-016
 -1.146067334575064E-002 -3.106239224170970E-015  3.460608080965315E-003
14 37
  3.612261808097765E-003  2.786399583287746E-015 -5.627009275199768E-015
 -1.929879867024198E-015  3.460608080966328E-003 -1.146067334574703E-002
 -2.710505431213761E-016 -1.146067334575036E-002  3.460608080959764E-003
14 38
  3.253157945648024E-002 -2.005774019098183E-015 -6.472686969738461E-015
 -8.904010341537205E-016  1.202849407665340E-002  1.474578588040854E-002
  4.396439809428720E-015  1.474578588040926E-002  1.202849407666036E-002
14 39
  3.612261808097864E-003 -4.675621868843738E-017 -6.518765562069095E-016
 -3.149607311070390E-015  3.460608080963884E-003 -1.146067334574954E-002
 -1.268516541808040E-015 -1.146067334574850E-002  3.460608080962667E-003
14 40
 -1.266294654796684E-003 -1.494166118956586E-016  1.015423097168455E-015
 -1.841110814151947E-015 -1.266294654796495E-003 -1.863472483959461E-017
 -6.911788849595091E-016 -5.522654816098038E-016 -1.266294654796328E-003
14 41
 -7.267737250728449E-003  8.490020553321253E-003  6.655305273139142E-003
  8.490020553323156E-003 -7.267737250722165E-003  6.655305273136177E-003
  6.651744022952345E-003  6.651744022950721E-003 -1.553593238776989E-002
14 42
 -7.267737250725916E-003 -6.655305273132618E-003 -8.490020553325480E-003
 -6.651744022948696E-003 -1.553593238776499E-002  6.651744022955660E-003
 -8.490020553324743E-003  6.655305273139516E-003 -7.267737250725420E-003
14 43
  3.460608080958880E-003  1.146067334574859E-002 -4.770489558936220E-016
  1.146067334575203E-002  3.460608080964592E-003  1.766571914793569E-015
  2.818925648462312E-016 -1.198043400596482E-015  3.612261808087514E-003
14 44
  3.460608080966889E-003  2.256495771485456E-016 -1.146067334574649E-002
 -8.436448154652831E-017  3.612261808088676E-003 -6.227725041392518E-015
 -1.146067334575037E-002  1.423692977745028E-015  3.460608080964404E-003
14 45
 -1.553593238776646E-002 -6.651744022947216E-003  6.651744022950397E-003
 -6.655305273136269E-003 -7.267737250723261E-003 -8.490020553320845E-003
  6.655305273133247E-003 -8.490020553331111E-003 -7.267737250727746E-003
14 46
  1.202849407666851E-002 -1.474578588040835E-002 -2.937510261077914E-016
 -1.474578588039941E-002  1.202849407666413E-002 -9.147955830346444E-018
 -3.624623387890602E-015  4.633609034659925E-015  3.253157945647807E-002
14 47
 -1.553593238776682E-002 -6.651744022955205E-003  6.651744022958621E-003
 -6.655305273138710E-003 -7.267737250731053E-003 -8.490020553324693E-003
  6.655305273136780E-003 -8.490020553319407E-003 -7.267737250732346E-003
14 48
  1.202849407665370E-002 -2.334422802632852E-015  1.474578588040568E-002
  6.231790799539338E-015  3.253157945647317E-002 -1.092130400871805E-014
  1.474578588040924E-002  4.743384504624082E-017  1.202849407665867E-002
14 49
  1.840321607971797E-002 -6.776941204392206E-015  2.249719507907422E-015
  8.656676720938949E-016  3.044262756682124E-002  7.748657401482340E-016
 -1.362028979184915E-016  8.517763317589244E-015  1.840321607971522E-002
14 50
  8.105872507470828E-002 -1.188522750269344E-014  1.138073467930878E-015
 -3.383388404512577E-015 -8.120621850553483E-001  9.199106360171473E-001
  4.430321127318892E-015  9.199106360170829E-001 -8.120621850554044E-001
14 51
  1.840321607972490E-002 -3.011032720899587E-015 -7.090343394876297E-015
 -8.287370355936075E-016  1.840321607971937E-002  6.261945172461592E-015
 -2.554651368918970E-016  7.336660575937848E-015  3.044262756682082E-002
14 52
  3.612261808097291E-003  2.939881953330226E-015  2.819264461641213E-015
  5.481997234629832E-016  3.460608080964553E-003  1.146067334575215E-002
  1.768604793866979E-016  1.146067334574999E-002  3.460608080961517E-003
14 53
 -7.267737250729852E-003  6.655305273143054E-003  8.490020553328495E-003
  6.651744022951258E-003 -1.553593238777803E-002  6.651744022955350E-003
  8.490020553322122E-003  6.655305273143563E-003 -7.267737250728266E-003
14 54
 -7.267737250725502E-003 -8.490020553318375E-003 -6.655305273136247E-003
 -8.490020553323010E-003 -7.267737250733163E-003  6.655305273143858E-003
 -6.651744022957175E-003  6.651744022961528E-003 -1.553593238777559E-002
14 55
  3.460608080963507E-003  8.660064852727967E-016  1.146067334574470E-002
 -5.905513708256982E-016  3.612261808094214E-003  1.742854992270448E-015
  1.146067334574391E-002 -1.504330514323637E-015  3.460608080960893E-003
14 56
  3.460608080960690E-003 -1.146067334575076E-002 -6.505213034913027E-016
 -1.146067334574571E-002  3.460608080964935E-003  1.398620802506301E-015
  1.366094737331736E-015 -7.865886761382335E-015  3.612261808097060E-003
14 57
 -7.914939155047091E-003  1.316966826390986E-015 -2.252768826517537E-015
 -1.219727444046192E-015 -7.914939155044112E-003  8.392402441395608E-016
 -2.644098048149024E-015 -3.739142242359383E-015 -7.914939155045214E-003
14 58
 -1.553593238776360E-002 -6.651744022951296E-003 -6.651744022963420E-003
 -6.655305273141565E-003 -7.267737250731317E-003  8.490020553323045E-003
 -6.655305273139164E-003  8.490020553328507E-003 -7.267737250722827E-003
14 59
  3.044262756681773E-002 -1.138751094288681E-014 -1.329841727189252E-015
 -8.555032767268433E-016  1.840321607972185E-002  3.680527562409386E-015
 -5.158091835599787E-015  2.262594408705687E-015  1.840321607972292E-002
14 60
 -1.553593238777274E-002  6.651744022954117E-003  6.651744022959263E-003
  6.655305273143203E-003 -7.267737250730735E-003  8.490020553315585E-003
  6.655305273140406E-003  8.490020553313334E-003 -7.267737250728066E-003
14 61
 -7.267737250727294E-003 -6.655305273138871E-003  8.490020553319360E-003
 -6.651744022954690E-003 -1.553593238777270E-002 -6.651744022950951E-003
  8.490020553324424E-003 -6.655305273139332E-003 -7.267737250728309E-003
14 62
 -8.120621850554125E-001 -9.199106360169750E-001  5.651945925166935E-014
 -9.199106360171516E-001 -8.120621850552425E-001  5.236696493104986E-014
  1.091520537149782E-014  1.272582299954861E-014  8.105872507470900E-002
14 63
 -8.120621850553872E-001  1.465062066888928E-014  9.199106360171301E-001
 -1.537568087173896E-014  8.105872507469759E-002 -1.392352758696619E-014
  9.199106360171451E-001 -3.267446534692409E-014 -8.120621850553779E-001
14 64
 -7.267737250735241E-003 -8.490020553316444E-003  6.655305273135893E-003
 -8.490020553321672E-003 -7.267737250726589E-003 -6.655305273143634E-003
  6.651744022955815E-003 -6.651744022956283E-003 -1.553593238777649E-002
15 1
 -7.267737250724623E-003  6.655305273143078E-003 -8.490020553319273E-003
  6.651744022961349E-003 -1.553593238776328E-002 -6.651744022960645E-003
 -8.490020553319100E-003 -6.655305273143767E-003 -7.267737250732376E-003
15 2
 -8.120621850553986E-001  9.199106360171631E-001 -6.136584296267955E-015
  9.199106360171614E-001 -8.120621850554038E-001 -3.343069636223273E-015
  6.830473686658678E-016  4.488596994089988E-015  8.105872507470130E-002
15 3
 -8.120621850553589E-001  5.692061405548898E-015 -9.199106360171266E-001
  5.876306133363581E-015  8.105872507470881E-002 -7.318311836837026E-016
 -9.199106360171181E-001  3.252606517456513E-017 -8.120621850553768E-001
15 4
 -7.267737250733156E-003  8.490020553314666E-003 -6.655305273142851E-003
  8.490020553320324E-003 -7.267737250728294E-003 -6.655305273142078E-003
 -6.651744022965778E-003 -6.651744022963821E-003 -1.553593238776321E-002
15 5
  1.202849407665919E-002  1.474578588041099E-002 -4.391018798566293E-015
  1.474578588041115E-002  1.202849407666148E-002 -1.094895963444590E-015
  1.956984921336336E-015  2.683400376901623E-015  3.253157945647039E-002
15 6
 -1.553593238776808E-002  6.651744022947504E-003 -6.651744022951331E-003
  6.655305273139972E-003 -7.267737250727008E-003 -8.490020553316324E-003
 -6.655305273133737E-003 -8.490020553309365E-003 -7.267737250730689E-003
15 7
  1.202849407665343E-002 -7.589415207398531E-016 -1.474578588040825E-002
 -1.057097118173367E-015  3.253157945647291E-002 -3.702550419037998E-015
 -1.474578588041269E-002 -4.006127027333939E-015  1.202849407665978E-002
15 8
 -1.553593238777442E-002  6.651744022965101E-003 -6.651744022953695E-003
  6.655305273142866E-003 -7.267737250726798E-003 -8.490020553319693E-003
 -6.655305273149816E-003 -8.490020553314107E-003 -7.267737250727508E-003
15 9
 -7.267737250729676E-003  6.655305273142731E-003 -8.490020553317788E-003
  6.651744022947188E-003 -1.553593238777255E-002 -6.651744022952873E-003
 -8.490020553316546E-003 -6.655305273133727E-003 -7.267737250734230E-003
15 10
 -7.267737250727757E-003  8.490020553315381E-003 -6.655305273143165E-003
  8.490020553316633E-003 -7.267737250732039E-003 -6.655305273136600E-003
 -6.651744022951862E-003 -6.651744022951873E-003 -1.553593238778102E-002
15 11
 -8.120621850552805E-001 -4.913604245704306E-014 -9.199106360170777E-001
 -2.656348150029614E-016  8.105872507470152E-002 -1.051567835580114E-015
 -9.199106360170430E-001 -4.980824780398407E-014 -8.120621850553265E-001
15 12
 -8.120621850553771E-001  9.199106360171229E-001  7.914675859144182E-016
  9.199106360171301E-001 -8.120621850553771E-001  5.342406204922323E-015
 -4.309703635629880E-015  1.046255096448512E-014  8.105872507471279E-002
15 13
  3.253157945647209E-002  1.496198998029996E-015 -1.138412281109780E-015
  9.139697259110714E-016  1.202849407665931E-002 -1.474578588041270E-002
 -1.642566291315539E-015 -1.474578588040606E-002  1.202849407665916E-002
15 14
  8.105872507470338E-002  1.572093150103981E-015 -1.561251128379126E-015
 -4.399048670906264E-014 -8.120621850552910E-001 -9.199106360170600E-001
 -4.445228907190568E-014 -9.199106360170538E-001 -8.120621850553327E-001
15 15
  6.140120841670645E+000  3.994742904522841E-014 -1.041050926020581E-013
  4.319419825232611E-014  6.140120841670582E+000 -2.583483607545807E-014
  5.992927508413626E-014  4.977030072794708E-014  6.140120841670349E+000
15 16
  8.105872507470757E-002 -1.420304845956011E-015  2.135878279796444E-015
  1.645276796746753E-015 -8.120621850553632E-001 -9.199106360171155E-001
  5.621588264337340E-015 -9.199106360171131E-001 -8.120621850553518E-001
15 17
 -1.553593238776543E-002  6.651744022948100E-003  6.651744022953099E-003
  6.655305273139278E-003 -7.267737250727012E-003  8.490020553323863E-003
  6.655305273147338E-003  8.490020553324564E-003 -7.267737250733660E-003
15 18
  3.044262756681471E-002 -3.773023560249555E-015  2.602085213965211E-016
  5.800481622797449E-015  1.840321607971636E-002 -6.559423143537302E-016
 -6.814210654071395E-015 -3.035766082959412E-015  1.840321607971202E-002
15 19
 -1.553593238777446E-002 -6.651744022952632E-003 -6.651744022951483E-003
 -6.655305273136042E-003 -7.267737250731866E-003  8.490020553326115E-003
 -6.655305273135862E-003  8.490020553314329E-003 -7.267737250732799E-003
15 20
 -7.914939155046928E-003 -2.786399583287746E-015  6.082374187643680E-015
 -3.406570637487743E-015 -7.914939155044910E-003  3.923075446855655E-015
 -1.989510986510901E-015  4.277177570455315E-015 -7.914939155040168E-003
15 21
  3.460608080965450E-003 -1.146067334574883E-002 -2.320192649118979E-015
 -1.146067334575392E-002  3.460608080963547E-003 -3.697129408175570E-015
 -1.973247953923618E-015  1.051676107310939E-015  3.612261808092182E-003
15 22
  3.460608080962956E-003 -1.517883041479706E-015  1.146067334575154E-002
  2.249719507907422E-015  3.612261808096459E-003  7.047314121155779E-017
  1.146067334574976E-002 -1.604619215278547E-015  3.460608080966068E-003
15 23
 -7.267737250730142E-003 -8.490020553314839E-003 -6.655305273150125E-003
 -8.490020553315745E-003 -7.267737250728570E-003  6.655305273141869E-003
 -6.651744022947076E-003  6.651744022949380E-003 -1.553593238777734E-002
15 24
 -7.267737250734901E-003  6.655305273146537E-003  8.490020553318255E-003
  6.651744022947488E-003 -1.553593238776575E-002  6.651744022951054E-003
  8.490020553320439E-003  6.655305273151285E-003 -7.267737250728061E-003
15 25
  3.612261808095000E-003 -2.114194236346734E-015  4.954803928258755E-015
 -2.244298497044994E-015  3.460608080964463E-003  1.146067334574695E-002
  9.486769009248164E-016  1.146067334574719E-002  3.460608080961737E-003
15 26
  1.840321607972157E-002 -1.962405932198763E-015 -7.654467337747661E-015
 -3.447762908503904E-015  1.840321607971634E-002 -6.136584296267955E-015
  7.551468131361538E-015 -2.921924854848434E-015  3.044262756682018E-002
15 27
  8.105872507470245E-002 -4.325966668217163E-015 -3.252606517456513E-015
  6.962610826430349E-015 -8.120621850552863E-001  9.199106360170788E-001
  3.848917712323541E-015  9.199106360170491E-001 -8.120621850553296E-001
15 28
  1.840321607971502E-002  2.168404344971009E-015  4.629543276513104E-015
  7.436928101069076E-015  3.044262756683289E-002 -4.296574624947438E-016
  8.402566836762659E-016 -4.900593819634480E-015  1.840321607972040E-002
15 29
 -7.267737250731660E-003 -8.490020553320954E-003  6.655305273140530E-003
 -8.490020553316161E-003 -7.267737250733606E-003 -6.655305273131618E-003
  6.651744022946013E-003 -6.651744022944582E-003 -1.553593238777212E-002
15 30
 -8.120621850552786E-001  2.081668171172169E-015  9.199106360170640E-001
  2.574980159653073E-015  8.105872507469419E-002 -1.479935965442714E-015
  9.199106360170479E-001 -3.556183125752455E-015 -8.120621850553296E-001
15 31
 -8.120621850553806E-001 -9.199106360171381E-001  3.066123743789007E-014
 -9.199106360171346E-001 -8.120621850553813E-001  1.662319099645510E-014
  5.702903427273753E-015  1.805196617188365E-015  8.105872507470380E-002
15 32
 -7.267737250733243E-003 -6.655305273141235E-003  8.490020553324099E-003
 -6.651744022956422E-003 -1.553593238777011E-002 -6.651744022957826E-003
  8.490020553315686E-003 -6.655305273130355E-003 -7.267737250731400E-003
15 33
  3.460608080961840E-003 -4.282598581317743E-015 -1.146067334574720E-002
  3.415289670769468E-016  3.612261808092680E-003 -2.820008365770567E-016
 -1.146067334575139E-002 -6.125742274543100E-015  3.460608080957731E-003
15 34
  3.460608080965179E-003  1.146067334575235E-002 -2.894819800536297E-015
  1.146067334575389E-002  3.460608080965055E-003  1.436567878543293E-015
 -4.878909776184770E-017  8.185726402265558E-016  3.612261808093006E-003
15 35
 -7.267737250729904E-003 -6.655305273137690E-003 -8.490020553322418E-003
 -6.651744022953250E-003 -1.553593238776785E-002  6.651744022960296E-003
 -8.490020553312883E-003  6.655305273134583E-003 -7.267737250737764E-003
15 36
 -7.267737250727583E-003  8.490020553321832E-003  6.655305273141874E-003
  8.490020553321093E-003 -7.267737250726774E-003  6.655305273138900E-003
  6.651744022958270E-003  6.651744022964653E-003 -1.553593238775545E-002
15 37
 -1.266294654792206E-003 -2.081668171172169E-015  6.722053469410127E-016
 -5.854691731421724E-016 -1.266294654794092E-003  8.023096076392733E-016
  1.685934378214959E-015 -1.658829323902822E-015 -1.266294654795783E-003
15 38
  3.612261808094068E-003 -1.832301671500502E-015 -3.024924061234557E-015
 -1.658829323902822E-015  3.460608080961694E-003 -1.146067334574919E-002
 -1.843143693225358E-015 -1.146067334575011E-002  3.460608080966740E-003
15 39
  3.253157945647717E-002  1.181780368009200E-015  4.011548038196366E-016
 -7.036620330196693E-016  1.202849407665908E-002  1.474578588040481E-002
  4.927698873946618E-015  1.474578588040337E-002  1.202849407666396E-002
15 40
  3.612261808088343E-003 -1.799775606325937E-015  1.799775606325937E-015
  1.989562602581124E-015  3.460608080967224E-003 -1.146067334574754E-002
  7.643625316022806E-016 -1.146067334575016E-002  3.460608080958875E-003
15 41
  3.460608080961439E-003 -3.230922474006803E-015 -1.146067334574850E-002
 -4.895103167264199E-015  3.612261808095375E-003 -6.559475970977430E-016
 -1.146067334574995E-002 -2.705084420351334E-015  3.460608080957790E-003
15 42
 -7.267737250733427E-003  8.490020553318069E-003  6.655305273138861E-003
  8.490020553320449E-003 -7.267737250730055E-003  6.655305273136760E-003
  6.651744022949255E-003  6.651744022951445E-003 -1.553593238776967E-002
15 43
 -7.267737250729969E-003 -6.655305273141213E-003 -8.490020553324000E-003
 -6.651744022951965E-003 -1.553593238776760E-002  6.651744022954253E-003
 -8.490020553324061E-003  6.655305273146369E-003 -7.267737250727589E-003
15 44
  3.460608080964669E-003  1.146067334575520E-002  8.673617379884035E-016
  1.146067334575291E-002  3.460608080962947E-003 -3.140276713760792E-015
  7.112366251504909E-015  6.234162491791650E-016  3.612261808089764E-003
15 45
  1.202849407665970E-002 -3.491130995403324E-015  1.474578588040627E-002
  3.935710669074180E-015  3.253157945647275E-002  5.637820975830112E-015
  1.474578588040470E-002 -3.615814245239157E-015  1.202849407666411E-002
15 46
 -1.553593238777166E-002 -6.651744022955104E-003  6.651744022956785E-003
 -6.655305273139157E-003 -7.267737250731120E-003 -8.490020553319764E-003
  6.655305273136139E-003 -8.490020553324987E-003 -7.267737250731265E-003
15 47
  1.202849407666478E-002 -1.474578588040732E-002 -5.095750210681871E-016
 -1.474578588040488E-002  1.202849407666360E-002  3.475545589173845E-015
 -2.358139725155972E-015  8.239936510889834E-015  3.253157945647162E-002
15 48
 -1.553593238776946E-002 -6.651744022951700E-003  6.651744022958704E-003
 -6.655305273138416E-003 -7.267737250732910E-003 -8.490020553319978E-003
  6.655305273131135E-003 -8.490020553314026E-003 -7.267737250733313E-003
15 49
  3.612261808092008E-003  7.589415207398531E-016  8.890457814381136E-016
 -2.104385859515325E-015  3.460608080960949E-003  1.146067334574895E-002
  1.149254302834635E-015  1.146067334575311E-002  3.460608080961010E-003
15 50
  1.840321607972629E-002  3.252606517456513E-015  1.225148454908620E-015
  7.307141477726035E-016  3.044262756681750E-002  6.905647860727497E-015
 -6.288372600415926E-016  1.436567878543293E-015  1.840321607972428E-002
15 51
  8.105872507471422E-002 -6.971419969081794E-015 -9.855397747893235E-015
 -2.515349040166370E-015 -8.120621850552450E-001  9.199106360171698E-001
  8.413408858487514E-015  9.199106360169782E-001 -8.120621850554263E-001
15 52
  1.840321607972288E-002 -2.927345865710862E-015 -4.336808689942018E-016
 -1.713164910865181E-015  1.840321607971573E-002  3.122403240277458E-015
 -2.458428426110881E-015 -4.222967461831040E-015  3.044262756681356E-002
15 53
  3.460608080959010E-003 -1.146067334574984E-002  2.894819800536297E-015
 -1.146067334574648E-002  3.460608080962998E-003 -5.739468780815537E-016
  1.799775606325937E-015 -1.002887009549092E-015  3.612261808096681E-003
15 54
 -7.267737250725263E-003  6.655305273144759E-003  8.490020553319306E-003
  6.651744022953912E-003 -1.553593238777477E-002  6.651744022962732E-003
  8.490020553313457E-003  6.655305273136806E-003 -7.267737250733167E-003
15 55
 -7.267737250722130E-003 -8.490020553318515E-003 -6.655305273139955E-003
 -8.490020553317596E-003 -7.267737250727800E-003  6.655305273141492E-003
 -6.651744022954524E-003  6.651744022962677E-003 -1.553593238775988E-002
15 56
  3.460608080963553E-003  8.456776945386935E-016  1.146067334574744E-002
 -2.867714746224159E-015  3.612261808091444E-003 -2.726768463801044E-015
  1.146067334574679E-002 -3.138765289345535E-015  3.460608080959622E-003
15 57
 -1.553593238777156E-002  6.651744022957489E-003  6.651744022949445E-003
  6.655305273140052E-003 -7.267737250728173E-003  8.490020553324141E-003
  6.655305273134434E-003  8.490020553315224E-003 -7.267737250729964E-003
15 58
 -7.914939155046591E-003  6.451002926288751E-015 -6.451002926288751E-015
  2.428379932307035E-015 -7.914939155041701E-003 -7.821184597590989E-016
 -1.219727444046192E-015  1.647987302177967E-015 -7.914939155041458E-003
15 59
 -1.553593238777116E-002 -6.651744022956687E-003 -6.651744022957901E-003
 -6.655305273133154E-003 -7.267737250728809E-003  8.490020553322868E-003
 -6.655305273149241E-003  8.490020553324130E-003 -7.267737250720580E-003
15 60
  3.044262756681390E-002 -2.092510192897024E-015  4.033232081646076E-015
  1.509877003524149E-015  1.840321607970998E-002 -8.618417106451808E-016
 -1.601908709847333E-015  7.264154555652880E-016  1.840321607972501E-002
15 61
 -7.267737250729513E-003 -8.490020553315089E-003  6.655305273147578E-003
 -8.490020553322581E-003 -7.267737250729150E-003 -6.655305273142370E-003
  6.651744022955776E-003 -6.651744022956904E-003 -1.553593238776828E-002
15 62
 -7.267737250727942E-003 -6.655305273138708E-003  8.490020553317712E-003
 -6.651744022957169E-003 -1.553593238776725E-002 -6.651744022956280E-003
  8.490020553322977E-003 -6.655305273143734E-003 -7.267737250727410E-003
15 63
 -8.120621850553942E-001 -9.199106360170609E-001  6.265604354793730E-014
 -9.199106360171589E-001 -8.120621850553175E-001  5.262988395787760E-014
 -9.437979911486316E-015  4.147073309757054E-015  8.105872507471332E-002
15 64
 -8.120621850553806E-001  2.620516650897464E-014  9.199106360171181E-001
 -2.239600303882642E-015  8.105872507468162E-002 -9.433918979681173E-015
  9.199106360171260E-001 -3.188638589279869E-014 -8.120621850553659E-001
16 1
 -7.267737250728966E-003  8.490020553314666E-003 -6.655305273146976E-003
  8.490020553322684E-003 -7.267737250732018E-003 -6.655305273144905E-003
 -6.651744022952157E-003 -6.651744022953808E-003 -1.553593238777301E-002
16 2
 -7.267737250730348E-003  6.655305273146357E-003 -8.490020553320531E-003
  6.651744022946414E-003 -1.553593238777043E-002 -6.651744022952996E-003
 -8.490020553321721E-003 -6.655305273145439E-003 -7.267737250730272E-003
16 3
 -8.120621850553965E-001  9.199106360171704E-001  1.268516541808040E-015
  9.199106360171526E-001 -8.120621850554144E-001  1.024571052998802E-015
 -1.345462945997494E-014  4.665481393723614E-016  8.105872507470696E-002
16 4
 -8.120621850553816E-001  1.291826888516479E-014 -9.199106360171153E-001
  1.127028158298682E-014  8.105872507470380E-002 -3.951916918709664E-015
 -9.199106360171455E-001  3.875683953456777E-015 -8.120621850553594E-001
16 5
 -1.553593238776015E-002  6.651744022951483E-003 -6.651744022957543E-003
  6.655305273139874E-003 -7.267737250730636E-003 -8.490020553318184E-003
 -6.655305273147507E-003 -8.490020553316087E-003 -7.267737250726292E-003
16 6
  1.202849407666192E-002  1.474578588040771E-002  6.884683795282953E-016
  1.474578588040776E-002  1.202849407665469E-002  6.185373394029803E-015
 -1.982057096575063E-015 -6.539094352803199E-015  3.253157945648052E-002
16 7
 -1.553593238777854E-002  6.651744022954768E-003 -6.651744022953147E-003
  6.655305273134269E-003 -7.267737250725984E-003 -8.490020553318992E-003
 -6.655305273141897E-003 -8.490020553320023E-003 -7.267737250727972E-003
16 8
  1.202849407665768E-002  5.589062199162775E-015 -1.474578588040553E-002
 -1.393199791643873E-015  3.253157945647411E-002 -8.088148206741863E-015
 -1.474578588041084E-002  4.962670746756380E-015  1.202849407666112E-002
16 9
 -8.120621850554101E-001  9.199106360171624E-001  1.333568672157170E-015
  9.199106360171624E-001 -8.120621850553985E-001  4.477754972365133E-015
 -1.024568660974109E-015 -1.303221275827072E-014  8.105872507470777E-002
16 10
 -7.267737250724276E-003  6.655305273132827E-003 -8.490020553315852E-003
  6.651744022955001E-003 -1.553593238777455E-002 -6.651744022952622E-003
 -8.490020553320307E-003 -6.655305273142107E-003 -7.267737250726584E-003
16 11
 -7.267737250728440E-003  8.490020553312248E-003 -6.655305273145100E-003
  8.490020553316569E-003 -7.267737250728803E-003 -6.655305273137489E-003
 -6.651744022944064E-003 -6.651744022949681E-003 -1.553593238777137E-002
16 12
 -8.120621850553705E-001  4.965645949983610E-015 -9.199106360170943E-001
 -6.377819279645980E-015  8.105872507469294E-002 -1.270684946153011E-014
 -9.199106360171146E-001 -3.293264098924720E-015 -8.120621850553680E-001
16 13
  8.105872507469872E-002  5.908901840045999E-015 -4.266335548730460E-015
  2.020410748426738E-014 -8.120621850553870E-001 -9.199106360171170E-001
  6.708500942254059E-015 -9.199106360171423E-001 -8.120621850553629E-001
16 14
  3.253157945647137E-002 -1.723881454251952E-015 -2.911082833123579E-015
  2.119615247209161E-015  1.202849407665906E-002 -1.474578588040800E-002
  1.881567225295181E-015 -1.474578588040523E-002  1.202849407666343E-002
16 15
  8.105872507470013E-002 -9.947554932554503E-015 -1.382899871005261E-014
  1.604619215278547E-015 -8.120621850553715E-001 -9.199106360170948E-001
 -1.867538242106281E-015 -9.199106360171176E-001 -8.120621850553678E-001
16 16
  6.140120841670773E+000 -4.904388527238179E-014 -8.669280571194093E-014
 -5.009556137969273E-014  6.140120841670773E+000 -8.065379961119667E-014
  4.924857168873363E-014  4.568558429519588E-014  6.140120841670717E+000
16 17
 -7.914939155044650E-003 -9.410874857174178E-015 -1.257674520083185E-015
 -1.012102728015218E-014 -7.914939155047497E-003  9.215718466126788E-016
 -5.442663142141710E-016 -3.591970267773949E-015 -7.914939155050742E-003
16 18
 -1.553593238776721E-002  6.651744022958308E-003  6.651744022957473E-003
  6.655305273144179E-003 -7.267737250722954E-003  8.490020553316987E-003
  6.655305273138188E-003  8.490020553318513E-003 -7.267737250728630E-003
16 19
  3.044262756681846E-002  3.903127820947816E-015  4.119968255444917E-016
 -1.848564704087785E-015  1.840321607972257E-002  3.046608104684267E-015
 -8.619407271259760E-015  5.920421488128658E-015  1.840321607971785E-002
16 20
 -1.553593238777146E-002 -6.651744022954020E-003 -6.651744022952876E-003
 -6.655305273143848E-003 -7.267737250733991E-003  8.490020553312503E-003
 -6.655305273145947E-003  8.490020553324080E-003 -7.267737250732220E-003
16 21
 -7.267737250719994E-003  6.655305273142297E-003  8.490020553317441E-003
  6.651744022956747E-003 -1.553593238776420E-002  6.651744022955326E-003
  8.490020553320939E-003  6.655305273136616E-003 -7.267737250728636E-003
16 22
  3.460608080965613E-003 -1.146067334574705E-002  4.878909776184770E-016
 -1.146067334574905E-002  3.460608080961205E-003 -3.751339516799845E-015
 -3.295974604355933E-015 -4.119968255444917E-015  3.612261808099549E-003
16 23
  3.460608080962772E-003  2.016616040823038E-015  1.146067334574812E-002
 -7.594836218260959E-015  3.612261808097028E-003  1.886511780124778E-015
  1.146067334575245E-002  1.870248747537495E-015  3.460608080968714E-003
16 24
 -7.267737250730879E-003 -8.490020553318449E-003 -6.655305273141929E-003
 -8.490020553319474E-003 -7.267737250739521E-003  6.655305273137478E-003
 -6.651744022956459E-003  6.651744022950806E-003 -1.553593238776248E-002
16 25
  1.840321607971773E-002 -2.314771638256552E-015  1.035413074723657E-015
  2.753873518113181E-015  3.044262756682010E-002  7.318364664277155E-016
  5.933296388926923E-015 -8.783392849848193E-015  1.840321607971700E-002
16 26
  3.612261808099093E-003 -6.288372600415926E-015  5.019856058607886E-015
 -6.505213034913027E-017  3.460608080956440E-003  1.146067334574533E-002
  5.542305980474338E-015  1.146067334574785E-002  3.460608080968392E-003
16 27
  1.840321607971456E-002 -7.128629284092192E-015 -2.818925648462312E-015
 -3.485709984540897E-015  1.840321607971926E-002  6.993104012531504E-016
 -6.055798528923576E-015 -5.670822054396497E-015  3.044262756683986E-002
16 28
  8.105872507469059E-002  2.059984127722458E-016 -9.519295074422729E-015
  4.347650711666873E-015 -8.120621850553598E-001  9.199106360170936E-001
  1.799097979968134E-015  9.199106360171190E-001 -8.120621850553650E-001
16 29
 -7.267737250735287E-003 -6.655305273139202E-003  8.490020553315306E-003
 -6.651744022952323E-003 -1.553593238777397E-002 -6.651744022953592E-003
  8.490020553318515E-003 -6.655305273138879E-003 -7.267737250733787E-003
16 30
 -7.267737250738073E-003 -8.490020553315592E-003  6.655305273131493E-003
 -8.490020553317431E-003 -7.267737250729193E-003 -6.655305273141739E-003
  6.651744022944411E-003 -6.651744022956506E-003 -1.553593238775998E-002
16 31
 -8.120621850553573E-001  1.572093150103981E-016  9.199106360170912E-001
 -7.968885967768458E-016  8.105872507469566E-002 -1.388862982953931E-014
  9.199106360171107E-001  3.064565203166059E-015 -8.120621850553601E-001
16 32
 -8.120621850553764E-001 -9.199106360171387E-001  3.203275318608423E-014
 -9.199106360171390E-001 -8.120621850553776E-001  3.094855101359872E-014
  7.356311740314148E-015  1.136481045990040E-014  8.105872507469983E-002
16 33
 -7.267737250724331E-003  8.490020553321773E-003  6.655305273144303E-003
  8.490020553322717E-003 -7.267737250724054E-003  6.655305273142785E-003
  6.651744022954887E-003  6.651744022955735E-003 -1.553593238778044E-002
16 34
  3.460608080959959E-003  4.309703635629880E-015 -1.146067334574750E-002
  6.288372600415926E-016  3.612261808098405E-003  1.398620802506301E-015
 -1.146067334575214E-002  4.406265391616870E-015  3.460608080963261E-003
16 35
  3.460608080966111E-003  1.146067334574528E-002 -3.176712365382528E-015
  1.146067334575281E-002  3.460608080965190E-003  3.333921680392926E-015
 -6.499794416075292E-015  6.597472864569247E-015  3.612261808091816E-003
16 36
 -7.267737250725458E-003 -6.655305273135789E-003 -8.490020553318531E-003
 -6.651744022953343E-003 -1.553593238776458E-002  6.651744022950459E-003
 -8.490020553318845E-003  6.655305273136884E-003 -7.267737250729042E-003
16 37
  3.612261808090853E-003  6.613633252161577E-016 -1.279358563532895E-015
  2.200930410145574E-015  3.460608080964067E-003 -1.146067334574625E-002
  5.339695699491109E-015 -1.146067334575406E-002  3.460608080960458E-003
16 38
 -1.266294654796401E-003 -5.800481622797449E-016  2.059984127722458E-016
  1.225148454908620E-015 -1.266294654798245E-003 -1.409462824231156E-015
  1.633079522306291E-016 -7.115076756936123E-018 -1.266294654797351E-003
16 39
  3.612261808090691E-003  4.260914537868032E-015  5.258380536554697E-016
 -8.239936510889834E-016  3.460608080964881E-003 -1.146067334575359E-002
 -3.370794083378090E-016 -1.146067334575149E-002  3.460608080970721E-003
16 40
  3.253157945647590E-002 -6.646159317336142E-015 -1.463672932855431E-015
  3.577867169202165E-016  1.202849407666524E-002  1.474578588040907E-002
  2.302119083606941E-015  1.474578588039904E-002  1.202849407666416E-002
16 41
  3.460608080962067E-003  1.146067334575296E-002  7.621941272573096E-015
  1.146067334574537E-002  3.460608080964366E-003  2.786399583287746E-015
  8.490851389364418E-016 -1.101312477222511E-014  3.612261808090416E-003
16 42
  3.460608080964268E-003 -1.344410693882025E-015 -1.146067334575239E-002
  5.746271514173174E-016  3.612261808092984E-003 -1.572093150103981E-015
 -1.146067334575240E-002 -2.474899246468037E-015  3.460608080968441E-003
16 43
 -7.267737250730251E-003  8.490020553318477E-003  6.655305273133944E-003
  8.490020553322510E-003 -7.267737250733899E-003  6.655305273134795E-003
  6.651744022950813E-003  6.651744022957107E-003 -1.553593238776240E-002
16 44
 -7.267737250731134E-003 -6.655305273140942E-003 -8.490020553324424E-003
 -6.651744022954063E-003 -1.553593238776016E-002  6.651744022953489E-003
 -8.490020553320515E-003  6.655305273138445E-003 -7.267737250729137E-003
16 45
 -1.553593238777137E-002 -6.651744022955088E-003  6.651744022944989E-003
 -6.655305273137939E-003 -7.267737250724564E-003 -8.490020553323383E-003
  6.655305273137141E-003 -8.490020553322502E-003 -7.267737250727061E-003
16 46
  1.202849407665646E-002  4.716279450311944E-016  1.474578588041070E-002
 -2.287666583944414E-015  3.253157945647615E-002 -5.290906601729262E-015
  1.474578588040213E-002  3.293571148368099E-015  1.202849407666004E-002
16 47
 -1.553593238776185E-002 -6.651744022959408E-003  6.651744022958639E-003
 -6.655305273139570E-003 -7.267737250733926E-003 -8.490020553323947E-003
  6.655305273134239E-003 -8.490020553318088E-003 -7.267737250727296E-003
16 48
  1.202849407666234E-002 -1.474578588040693E-002  6.396792817664476E-015
 -1.474578588040886E-002  1.202849407666095E-002  9.996344030316351E-015
 -7.095013471578256E-015 -7.446415907611862E-015  3.253157945648016E-002
16 49
  1.840321607971611E-002  1.198043400596482E-015 -1.637145280453112E-015
  5.692061405548898E-016  1.840321607971182E-002 -3.252606517456513E-016
 -1.242724388564147E-015 -2.347594164962656E-015  3.044262756684894E-002
16 50
  3.612261808090593E-003 -1.946142899611480E-015 -3.951916918709664E-015
  4.662069341687669E-016  3.460608080960858E-003  1.146067334575241E-002
  3.154522749142425E-015  1.146067334575038E-002  3.460608080961406E-003
16 51
  1.840321607971936E-002 -1.477225460011500E-015  2.645453300864631E-015
  1.314595134138674E-015  3.044262756682055E-002 -3.436920886779049E-015
  3.967456618169764E-015 -9.385871329892968E-017  1.840321607972115E-002
16 52
  8.105872507471075E-002 -2.415060339211461E-015 -1.810617628050792E-015
 -6.028164079019405E-015 -8.120621850553766E-001  9.199106360171538E-001
  2.957161425454213E-015  9.199106360171341E-001 -8.120621850554135E-001
16 53
  3.460608080956945E-003  3.577867169202165E-016  1.146067334575297E-002
 -2.190088388420719E-015  3.612261808091450E-003 -2.152141312383726E-015
  1.146067334574504E-002  3.669363932862370E-015  3.460608080962272E-003
16 54
  3.460608080962078E-003 -1.146067334574651E-002  3.946495907847236E-015
 -1.146067334574714E-002  3.460608080962978E-003  3.252606517456513E-015
  5.982085486688771E-015  7.974645791809787E-015  3.612261808087745E-003
16 55
 -7.267737250729730E-003  6.655305273143897E-003  8.490020553319941E-003
  6.651744022954627E-003 -1.553593238777299E-002  6.651744022951955E-003
  8.490020553320198E-003  6.655305273141934E-003 -7.267737250729451E-003
16 56
 -7.267737250721914E-003 -8.490020553325865E-003 -6.655305273143408E-003
 -8.490020553315755E-003 -7.267737250722157E-003  6.655305273138790E-003
 -6.651744022948325E-003  6.651744022948054E-003 -1.553593238777051E-002
16 57
  3.044262756682415E-002  1.382357769919018E-015 -1.376936759056591E-015
 -2.892109295105083E-015  1.840321607971739E-002  7.329206686002010E-015
  8.068324334798817E-017  2.374071407307506E-015  1.840321607971830E-002
16 58
 -1.553593238776906E-002  6.651744022952339E-003  6.651744022948366E-003
  6.655305273142904E-003 -7.267737250732761E-003  8.490020553321436E-003
  6.655305273139418E-003  8.490020553320881E-003 -7.267737250730116E-003
16 59
 -7.914939155045698E-003  2.780978572425319E-015 -8.462197956249362E-015
  4.748805515486509E-015 -7.914939155046407E-003 -5.280064580004407E-015
 -1.293625774738210E-015 -1.293678714297413E-015 -7.914939155051887E-003
16 60
 -1.553593238776415E-002 -6.651744022946062E-003 -6.651744022955803E-003
 -6.655305273140955E-003 -7.267737250730142E-003  8.490020553321306E-003
 -6.655305273145738E-003  8.490020553320260E-003 -7.267737250732063E-003
16 61
 -8.120621850553730E-001 -5.177065373618284E-015  9.199106360171547E-001
 -6.087795198506107E-015  8.105872507470692E-002  2.710505431213761E-017
  9.199106360171312E-001  4.737963493761654E-015 -8.120621850554153E-001
16 62
 -7.267737250720921E-003 -8.490020553318748E-003  6.655305273141191E-003
 -8.490020553328273E-003 -7.267737250725340E-003 -6.655305273141143E-003
  6.651744022943501E-003 -6.651744022947753E-003 -1.553593238776652E-002
16 63
 -7.267737250726803E-003 -6.655305273141834E-003  8.490020553324071E-003
 -6.651744022945770E-003 -1.553593238776565E-002 -6.651744022952670E-003
  8.490020553328132E-003 -6.655305273142203E-003 -7.267737250731885E-003
16 64
 -8.120621850553968E-001 -9.199106360171427E-001  4.393187202911264E-014
 -9.199106360171377E-001 -8.120621850553961E-001  4.418665953964673E-014
  8.852162934556730E-015  3.894011745756468E-015  8.105872507470728E-002
17 1
 -8.120621850553792E-001 -9.199106360171340E-001  1.718121630210623E-014
 -9.199106360171340E-001 -8.120621850553775E-001  1.542616403539532E-014
  3.903127820947816E-015 -5.809290765448893E-015  8.105872507471298E-002
17 2
 -8.120621850553844E-001  1.020505294851981E-015  9.199106360171336E-001
 -6.480479672853201E-015  8.105872507470462E-002 -7.990570011218168E-015
  9.199106360171312E-001 -1.009053409405103E-014 -8.120621850553841E-001
17 3
 -7.267737250730644E-003 -8.490020553319818E-003  6.655305273140666E-003
 -8.490020553322545E-003 -7.267737250726166E-003 -6.655305273133529E-003
  6.651744022952485E-003 -6.651744022944571E-003 -1.553593238776398E-002
17 4
 -7.267737250723603E-003 -6.655305273142707E-003  8.490020553321905E-003
 -6.651744022950093E-003 -1.553593238777299E-002 -6.651744022952310E-003
  8.490020553329971E-003 -6.655305273142910E-003 -7.267737250726379E-003
17 5
  8.105872507471468E-002  4.798272239606161E-015 -4.594984332265128E-015
 -3.896351557369782E-017 -8.120621850553841E-001  9.199106360171281E-001
 -1.043070252566836E-014  9.199106360171296E-001 -8.120621850553882E-001
17 6
  1.840321607972115E-002  1.105886215935215E-015  1.299687354266998E-015
 -1.669671345627677E-015  1.840321607971655E-002  6.572298044335567E-015
  1.233279971202261E-016 -3.749984264084238E-015  3.044262756683630E-002
17 7
  3.612261808093584E-003  1.642566291315539E-015 -3.920746106250705E-015
  3.993252126535674E-015  3.460608080962161E-003  1.146067334575150E-002
 -2.831122922902773E-015  1.146067334575080E-002  3.460608080965752E-003
17 8
  1.840321607971780E-002  9.623649533524459E-015 -5.428803565542262E-015
 -8.220962972871337E-015  3.044262756681907E-002  2.554312555740068E-015
 -2.968003447179068E-015 -3.872634634846661E-015  1.840321607971364E-002
17 9
 -7.267737250730299E-003 -8.490020553308400E-003 -6.655305273137330E-003
 -8.490020553312577E-003 -7.267737250729188E-003  6.655305273142760E-003
 -6.651744022957335E-003  6.651744022962886E-003 -1.553593238776159E-002
17 10
  3.460608080964882E-003 -2.726090837443240E-015  1.146067334574840E-002
 -1.696776399939814E-015  3.612261808100497E-003  2.698985783131103E-015
  1.146067334574966E-002 -2.516704292881977E-015  3.460608080966125E-003
17 11
  3.460608080969128E-003 -1.146067334575538E-002 -4.608536859421197E-015
 -1.146067334575220E-002  3.460608080964840E-003 -7.104912361569071E-015
 -4.504860026677271E-015 -5.169611483682446E-015  3.612261808086475E-003
17 12
 -7.267737250727197E-003  6.655305273145993E-003  8.490020553313783E-003
  6.651744022955080E-003 -1.553593238777381E-002  6.651744022943567E-003
  8.490020553309543E-003  6.655305273145832E-003 -7.267737250732303E-003
17 13
 -1.553593238777401E-002 -6.651744022950119E-003 -6.651744022953033E-003
 -6.655305273141156E-003 -7.267737250724372E-003  8.490020553319764E-003
 -6.655305273146284E-003  8.490020553321176E-003 -7.267737250720965E-003
17 14
  3.044262756681887E-002 -9.737490761635437E-016  3.386437723122693E-015
  2.673913607892375E-015  1.840321607972256E-002 -4.683753385137379E-015
 -5.327498425050647E-015 -5.832330061614210E-015  1.840321607971619E-002
17 15
 -1.553593238777260E-002  6.651744022950228E-003  6.651744022946373E-003
  6.655305273139706E-003 -7.267737250725705E-003  8.490020553320337E-003
  6.655305273145234E-003  8.490020553312980E-003 -7.267737250730665E-003
17 16
 -7.914939155045797E-003  3.344763702117781E-015  5.573476792933296E-015
  1.385745901708035E-015 -7.914939155046125E-003  2.560750006139201E-015
  2.080312918456562E-015  6.296504116709567E-015 -7.914939155040487E-003
17 17
  6.140120841670771E+000  2.283888816999660E-014 -1.131544537973442E-013
  1.952902222530570E-014  6.140120841670758E+000 -1.118757728601691E-013
  2.786060770108845E-014  2.171385900945344E-014  6.140120841670658E+000
17 18
  8.105872507471108E-002  1.465366998749940E-015 -3.901094941874406E-015
  2.725548736356997E-014 -8.120621850553834E-001 -9.199106360171336E-001
  1.790830938402932E-014 -9.199106360171340E-001 -8.120621850553806E-001
17 19
  3.253157945647420E-002  1.174326478073362E-015  4.763713295358185E-015
  2.550585610772149E-015  1.202849407666138E-002 -1.474578588040772E-002
 -7.237049501340742E-015 -1.474578588040308E-002  1.202849407666007E-002
17 20
  8.105872507471422E-002 -2.806389560842948E-015 -3.372885195966624E-015
 -6.333400871891964E-014 -8.120621850553629E-001 -9.199106360170853E-001
 -5.645847287946704E-014 -9.199106360170989E-001 -8.120621850553374E-001
17 21
 -8.120621850553792E-001  1.671738106018977E-014 -9.199106360171304E-001
  6.003769530138481E-015  8.105872507470249E-002 -6.236872997222864E-015
 -9.199106360171285E-001  1.759795651215534E-014 -8.120621850553814E-001
17 22
 -7.267737250723868E-003  8.490020553313717E-003 -6.655305273136874E-003
  8.490020553320444E-003 -7.267737250722271E-003 -6.655305273133494E-003
 -6.651744022960070E-003 -6.651744022968977E-003 -1.553593238776549E-002
17 23
 -7.267737250725131E-003  6.655305273143191E-003 -8.490020553319559E-003
  6.651744022951426E-003 -1.553593238777707E-002 -6.651744022956119E-003
 -8.490020553325883E-003 -6.655305273138712E-003 -7.267737250727635E-003
17 24
 -8.120621850553700E-001  9.199106360170354E-001  4.085409311196941E-014
  9.199106360171133E-001 -8.120621850552925E-001 -4.545653133417038E-014
 -4.260914537868032E-015 -2.484855854065215E-015  8.105872507470287E-002
17 25
  1.202849407665585E-002  1.551086733012075E-015 -1.474578588040930E-002
  6.342582709040201E-016  3.253157945647374E-002  7.182161766358663E-015
 -1.474578588040982E-002 -6.335806445462167E-015  1.202849407665960E-002
17 26
 -1.553593238777431E-002  6.651744022951376E-003 -6.651744022955142E-003
  6.655305273141769E-003 -7.267737250724057E-003 -8.490020553318293E-003
 -6.655305273146056E-003 -8.490020553324838E-003 -7.267737250733517E-003
17 27
  1.202849407666032E-002  1.474578588040435E-002 -5.772698942127508E-015
  1.474578588040554E-002  1.202849407665978E-002 -4.645128682742583E-016
  1.172700174814634E-014  2.825701912040346E-015  3.253157945647379E-002
17 28
 -1.553593238777018E-002  6.651744022962184E-003 -6.651744022954249E-003
  6.655305273141583E-003 -7.267737250729172E-003 -8.490020553322930E-003
 -6.655305273138797E-003 -8.490020553320578E-003 -7.267737250727759E-003
17 29
 -8.120621850553619E-001 -6.055709590464115E-014 -9.199106360170878E-001
  1.003564635906895E-015  8.105872507471495E-002 -2.872796943907685E-015
 -9.199106360170992E-001 -5.995502488573279E-014 -8.120621850553398E-001
17 30
 -8.120621850553015E-001  9.199106360171082E-001 -4.646009597007728E-014
  9.199106360170357E-001 -8.120621850553678E-001  4.442044063308892E-014
  6.594659714143081E-015  6.722053469410127E-016  8.105872507471149E-002
17 31
 -7.267737250727610E-003  6.655305273140008E-003 -8.490020553324207E-003
  6.651744022951437E-003 -1.553593238776731E-002 -6.651744022947016E-003
 -8.490020553315512E-003 -6.655305273143807E-003 -7.267737250735013E-003
17 32
 -7.267737250727024E-003  8.490020553312055E-003 -6.655305273141246E-003
  8.490020553315240E-003 -7.267737250729263E-003 -6.655305273142666E-003
 -6.651744022953987E-003 -6.651744022951897E-003 -1.553593238776653E-002
17 33
 -8.120621850553789E-001 -9.199106360171291E-001  1.299822879538559E-014
 -9.199106360171287E-001 -8.120621850553775E-001  1.105886215935215E-014
 -5.290228975371458E-015 -1.973247953923618E-015  8.105872507471028E-002
17 34
 -7.267737250730332E-003 -6.655305273141439E-003  8.490020553318021E-003
 -6.651744022954988E-003 -1.553593238776502E-002 -6.651744022952280E-003
  8.490020553311760E-003 -6.655305273134976E-003 -7.267737250730310E-003
17 35
 -7.267737250729180E-003 -8.490020553317311E-003  6.655305273146108E-003
 -8.490020553322352E-003 -7.267737250737801E-003 -6.655305273141757E-003
  6.651744022952857E-003 -6.651744022955145E-003 -1.553593238777686E-002
17 36
 -8.120621850553993E-001  4.849365266984540E-014  9.199106360171516E-001
 -4.997155575621470E-015  8.105872507469744E-002  6.942282035696246E-016
  9.199106360171518E-001 -4.430998753676696E-014 -8.120621850553983E-001
17 37
 -1.553593238777484E-002 -6.651744022955948E-003 -6.651744022952075E-003
 -6.655305273139874E-003 -7.267737250728852E-003  8.490020553320019E-003
 -6.655305273132905E-003  8.490020553320911E-003 -7.267737250727340E-003
17 38
 -7.914939155051466E-003 -5.101848847902102E-015  4.864001996313094E-015
 -2.908372327692366E-015 -7.914939155050611E-003 -1.610717852498778E-015
  4.004094148260529E-015 -6.329030181884132E-016 -7.914939155047526E-003
17 39
 -1.553593238777146E-002  6.651744022955397E-003  6.651744022961159E-003
  6.655305273140614E-003 -7.267737250726295E-003  8.490020553323594E-003
  6.655305273147272E-003  8.490020553310692E-003 -7.267737250723358E-003
17 40
  3.044262756682657E-002 -1.149254302834635E-015 -1.397943176148497E-015
  5.725942723439070E-016  1.840321607971960E-002 -1.808923562156284E-015
  3.603616970798695E-015 -5.954980432376633E-015  1.840321607972428E-002
17 41
 -7.267737250736281E-003 -8.490020553317051E-003 -6.655305273143322E-003
 -8.490020553312118E-003 -7.267737250734065E-003  6.655305273143309E-003
 -6.651744022950478E-003  6.651744022951022E-003 -1.553593238778005E-002
17 42
 -7.267737250726086E-003  6.655305273142842E-003  8.490020553323244E-003
  6.651744022951071E-003 -1.553593238777441E-002  6.651744022957584E-003
  8.490020553312327E-003  6.655305273151261E-003 -7.267737250724945E-003
17 43
  3.460608080963573E-003 -1.146067334575247E-002 -1.845854198656571E-015
 -1.146067334575352E-002  3.460608080968656E-003  4.919567357652976E-016
 -9.364796264843545E-016 -9.459663954936026E-016  3.612261808083482E-003
17 44
  3.460608080965034E-003  1.121810435343595E-015  1.146067334574835E-002
  3.045252851968661E-015  3.612261808086833E-003 -2.146381488342397E-015
  1.146067334574777E-002 -2.515349040166370E-015  3.460608080961494E-003
17 45
  8.105872507469988E-002 -1.160435137738391E-014  7.037149725788727E-015
  4.186511163781215E-014 -8.120621850554011E-001  9.199106360171474E-001
 -3.628553620765862E-014  9.199106360171520E-001 -8.120621850553950E-001
17 46
  1.840321607971740E-002 -9.486769009248164E-016 -2.677640552860294E-015
  6.550614000885857E-015  3.044262756682867E-002 -1.119777556270185E-015
 -1.105750690663654E-014  2.008484524529397E-015  1.840321607971861E-002
17 47
  3.612261808093400E-003  6.027486452661601E-016  1.463672932855431E-015
 -1.172971225357755E-015  3.460608080966571E-003  1.146067334574436E-002
 -1.702875037160045E-015  1.146067334574695E-002  3.460608080961074E-003
17 48
  1.840321607972231E-002 -2.270048298641525E-016  1.176020543967871E-015
 -5.360024490225213E-015  1.840321607971898E-002 -2.595308950387176E-016
 -2.677979366039196E-015 -1.624270379654846E-015  3.044262756681611E-002
17 49
  1.202849407665925E-002 -1.474578588041498E-002 -4.213480692821792E-015
 -1.474578588041284E-002  1.202849407665889E-002 -1.492810866240979E-015
  6.222642843708992E-015  7.756111291418177E-015  3.253157945647737E-002
17 50
 -1.553593238777101E-002 -6.651744022946089E-003  6.651744022956728E-003
 -6.655305273138132E-003 -7.267737250726786E-003 -8.490020553320250E-003
  6.655305273148783E-003 -8.490020553309535E-003 -7.267737250742651E-003
17 51
  1.202849407665478E-002  7.112705064683811E-015  1.474578588041368E-002
 -6.477769167421987E-015  3.253157945647709E-002  8.203683500747350E-015
  1.474578588041188E-002  2.059984127722458E-016  1.202849407665101E-002
17 52
 -1.553593238777505E-002 -6.651744022958954E-003  6.651744022953936E-003
 -6.655305273139594E-003 -7.267737250734373E-003 -8.490020553322753E-003
  6.655305273150145E-003 -8.490020553309824E-003 -7.267737250729022E-003
17 53
 -7.267737250727925E-003 -6.655305273138462E-003 -8.490020553321329E-003
 -6.651744022953770E-003 -1.553593238777212E-002  6.651744022955025E-003
 -8.490020553311278E-003  6.655305273142962E-003 -7.267737250738905E-003
17 54
 -7.267737250726752E-003  8.490020553321511E-003  6.655305273143132E-003
  8.490020553318368E-003 -7.267737250725612E-003  6.655305273137804E-003
  6.651744022962549E-003  6.651744022959441E-003 -1.553593238777781E-002
17 55
  3.460608080965571E-003  1.320693771358905E-015 -1.146067334574667E-002
 -1.473837328222483E-016  3.612261808096599E-003  2.775218748383990E-015
 -1.146067334574609E-002 -1.748276003132876E-015  3.460608080965320E-003
17 56
  3.460608080961985E-003  1.146067334575125E-002 -6.447953607678636E-015
  1.146067334574741E-002  3.460608080970042E-003 -4.605148727632180E-015
  2.491632117643250E-015  2.525513435533422E-015  3.612261808087575E-003
17 57
  3.253157945647758E-002  2.989348677449877E-015  3.763536791240307E-015
  3.672396046115745E-015  1.202849407665380E-002  1.474578588041046E-002
 -1.605974467994153E-015  1.474578588041175E-002  1.202849407665656E-002
17 58
  3.612261808093984E-003  1.322726650432315E-015  6.928729508540177E-016
  2.710505431213761E-018  3.460608080965953E-003 -1.146067334575170E-002
 -6.464555453444820E-016 -1.146067334574530E-002  3.460608080965101E-003
17 59
 -1.266294654796171E-003 -8.344968596349367E-016  1.710667740274785E-015
 -2.144687422447888E-016 -1.266294654795467E-003 -7.541981362352290E-016
 -3.575156663770951E-015 -1.621559874223633E-015 -1.266294654795722E-003
17 60
  3.612261808093991E-003 -5.683252262897454E-015  4.440146709507042E-015
  1.192961202912957E-015  3.460608080965879E-003 -1.146067334574768E-002
 -3.905160700021226E-015 -1.146067334574994E-002  3.460608080962590E-003
17 61
 -7.267737250735463E-003 -6.655305273142577E-003 -8.490020553320208E-003
 -6.651744022954260E-003 -1.553593238777492E-002  6.651744022953979E-003
 -8.490020553315764E-003  6.655305273150728E-003 -7.267737250730778E-003
17 62
  3.460608080966891E-003  1.146067334575205E-002 -2.977490216188317E-015
  1.146067334575505E-002  3.460608080967036E-003 -8.422895627496763E-016
  2.429290492725333E-015  2.240232738898174E-015  3.612261808086954E-003
17 63
  3.460608080964683E-003 -1.795709848179117E-017 -1.146067334574577E-002
 -2.772169429773874E-015  3.612261808094103E-003  7.464054331204895E-016
 -1.146067334574757E-002 -6.600080725005508E-016  3.460608080965905E-003
17 64
 -7.267737250725070E-003  8.490020553313925E-003  6.655305273149556E-003
  8.490020553316820E-003 -7.267737250732587E-003  6.655305273147729E-003
  6.651744022955458E-003  6.651744022963395E-003 -1.553593238777290E-002
18 1
 -7.267737250724719E-003 -6.655305273140040E-003  8.490020553318477E-003
 -6.651744022955579E-003 -1.553593238776880E-002 -6.651744022952116E-003
  8.490020553320319E-003 -6.655305273142107E-003 -7.267737250735556E-003
18 2
 -8.120621850553758E-001 -9.199106360171371E-001  3.092551171743341E-014
 -9.199106360171270E-001 -8.120621850553775E-001  2.858566790393813E-014
  5.318350469220301E-015  8.710886829563225E-016  8.105872507470380E-002
18 3
 -8.120621850553851E-001 -5.309880139747758E-015  9.199106360171327E-001
 -9.306520398072449E-015  8.105872507470351E-002  2.598019455818390E-015
  9.199106360171322E-001  5.287518469940244E-015 -8.120621850553795E-001
18 4
 -7.267737250722391E-003 -8.490020553323803E-003  6.655305273133660E-003
 -8.490020553327319E-003 -7.267737250728332E-003 -6.655305273136119E-003
  6.651744022957653E-003 -6.651744022958472E-003 -1.553593238777477E-002
18 5
  1.840321607971792E-002 -1.840772000973045E-015  4.708825560376106E-015
  2.961904809958837E-015  3.044262756683199E-002 -1.982057096575063E-015
  3.999350763755904E-015  5.027309948543723E-015  1.840321607971988E-002
18 6
  8.105872507470566E-002 -4.552632684902413E-015  8.466941340753986E-016
  7.250602028496811E-016 -8.120621850553832E-001  9.199106360171367E-001
  1.574464842356293E-015  9.199106360171398E-001 -8.120621850553844E-001
18 7
  1.840321607971431E-002  2.674252421071277E-015  1.743193805449350E-015
  5.563312397566245E-016  1.840321607971502E-002 -2.730834221947864E-016
  2.317482143687766E-016  2.119276434030259E-015  3.044262756682213E-002
18 8
  3.612261808090519E-003 -2.507895150230532E-015 -3.166547970015476E-015
  3.527722818724710E-015  3.460608080963226E-003  1.146067334574877E-002
  2.130457268934016E-015  1.146067334575292E-002  3.460608080959622E-003
18 9
 -7.267737250733127E-003  6.655305273142322E-003  8.490020553323768E-003
  6.651744022950187E-003 -1.553593238776734E-002  6.651744022949876E-003
  8.490020553325022E-003  6.655305273130927E-003 -7.267737250722561E-003
18 10
 -7.267737250729697E-003 -8.490020553315060E-003 -6.655305273142498E-003
 -8.490020553316763E-003 -7.267737250730304E-003  6.655305273133476E-003
 -6.651744022952188E-003  6.651744022946137E-003 -1.553593238776334E-002
18 11
  3.460608080964156E-003  3.760826285809094E-017  1.146067334575176E-002
  1.938011383317839E-015  3.612261808094674E-003 -6.789816105190472E-016
  1.146067334574657E-002  2.026102809832286E-016  3.460608080960194E-003
18 12
  3.460608080964283E-003 -1.146067334575157E-002 -3.261754473286860E-015
 -1.146067334574629E-002  3.460608080961691E-003  6.811500148640182E-015
  2.639354663644400E-015  9.683280653011161E-016  3.612261808098395E-003
18 13
 -7.914939155046360E-003  4.832153557496333E-015 -9.657869664593532E-015
  2.394731548477358E-015 -7.914939155042938E-003 -4.351716469813693E-015
 -6.538416726445395E-015 -4.988346432970026E-015 -7.914939155052172E-003
18 14
 -1.553593238776789E-002 -6.651744022945306E-003 -6.651744022954837E-003
 -6.655305273139774E-003 -7.267737250730318E-003  8.490020553318916E-003
 -6.655305273141014E-003  8.490020553320307E-003 -7.267737250727635E-003
18 15
  3.044262756681947E-002  1.242766740211509E-015  2.668153783851046E-015
 -4.983941861644303E-015  1.840321607971791E-002  3.113693114106808E-015
  2.812149384884277E-016  3.000868325532535E-015  1.840321607971399E-002
18 16
 -1.553593238776631E-002  6.651744022957417E-003  6.651744022956169E-003
  6.655305273132159E-003 -7.267737250730506E-003  8.490020553321331E-003
  6.655305273138705E-003  8.490020553321176E-003 -7.267737250733636E-003
18 17
  8.105872507470438E-002 -2.145026235626790E-015 -6.941943222517344E-015
  1.852765987506166E-014 -8.120621850553820E-001 -9.199106360171270E-001
  2.472319766445852E-014 -9.199106360171372E-001 -8.120621850553755E-001
18 18
  6.140120841670786E+000  2.547095835029461E-014 -2.203708678212568E-014
 -5.783473201216582E-014  6.140120841670694E+000 -6.170872189972809E-014
 -6.373245301730807E-015  2.782401587776706E-014  6.140120841670773E+000
18 19
  8.105872507470434E-002  5.044589420667711E-015  5.124210517709615E-015
  2.820348663813699E-014 -8.120621850553799E-001 -9.199106360171242E-001
  2.824854879093092E-014 -9.199106360171297E-001 -8.120621850553806E-001
18 20
  3.253157945648042E-002  1.290200585257750E-015 -1.526014557773347E-015
 -1.816038638913220E-016  1.202849407665846E-002 -1.474578588041071E-002
  2.467915195120129E-015 -1.474578588040856E-002  1.202849407665523E-002
18 21
 -8.120621850553802E-001  9.199106360171279E-001  4.265657922372657E-016
  9.199106360171304E-001 -8.120621850553872E-001 -2.846030702774449E-017
 -4.500794268530450E-015 -1.313917507780871E-015  8.105872507469808E-002
18 22
 -8.120621850553773E-001  2.277569951213143E-014 -9.199106360171315E-001
  4.797594613248357E-015  8.105872507470549E-002  5.505036530795149E-015
 -9.199106360171281E-001  2.726768463801044E-014 -8.120621850553804E-001
18 23
 -7.267737250729345E-003  8.490020553320078E-003 -6.655305273134339E-003
  8.490020553329479E-003 -7.267737250729602E-003 -6.655305273135979E-003
 -6.651744022948068E-003 -6.651744022953873E-003 -1.553593238776828E-002
18 24
 -7.267737250733146E-003  6.655305273136240E-003 -8.490020553320193E-003
  6.651744022958253E-003 -1.553593238776667E-002 -6.651744022957492E-003
 -8.490020553323855E-003 -6.655305273143235E-003 -7.267737250729643E-003
18 25
 -1.553593238776851E-002  6.651744022948149E-003 -6.651744022949165E-003
  6.655305273136967E-003 -7.267737250728396E-003 -8.490020553316911E-003
 -6.655305273136394E-003 -8.490020553318323E-003 -7.267737250728309E-003
18 26
  1.202849407665686E-002 -7.711387951803150E-016 -1.474578588041220E-002
 -3.167225596373280E-015  3.253157945647971E-002 -2.722025079296420E-015
 -1.474578588040654E-002  3.981732478453015E-015  1.202849407665339E-002
18 27
 -1.553593238777421E-002  6.651744022952025E-003 -6.651744022951177E-003
  6.655305273136137E-003 -7.267737250731662E-003 -8.490020553326726E-003
 -6.655305273140968E-003 -8.490020553328639E-003 -7.267737250731896E-003
18 28
  1.202849407665826E-002  1.474578588041209E-002 -5.900431510573456E-015
  1.474578588040316E-002  1.202849407665614E-002  6.465910706160427E-015
 -6.749158523722265E-016  1.389134033497053E-015  3.253157945648075E-002
18 29
 -7.267737250725331E-003  8.490020553326432E-003 -6.655305273135874E-003
  8.490020553314723E-003 -7.267737250735960E-003 -6.655305273142292E-003
 -6.651744022959839E-003 -6.651744022956178E-003 -1.553593238777321E-002
18 30
 -8.120621850553980E-001 -2.980268484255311E-014 -9.199106360171128E-001
 -2.676624113323589E-015  8.105872507470130E-002 -4.718312329385355E-015
 -9.199106360171263E-001 -2.298305317761928E-014 -8.120621850553872E-001
18 31
 -8.120621850552895E-001  9.199106360171100E-001 -4.074296238928965E-014
  9.199106360170233E-001 -8.120621850553640E-001  3.497975021617139E-014
 -4.193490715266590E-015 -4.237536428523814E-015  8.105872507470037E-002
18 32
 -7.267737250729072E-003  6.655305273132975E-003 -8.490020553318349E-003
  6.651744022950160E-003 -1.553593238776270E-002 -6.651744022954677E-003
 -8.490020553324545E-003 -6.655305273137023E-003 -7.267737250726518E-003
18 33
 -8.120621850553831E-001  1.064279957566083E-014  9.199106360171225E-001
 -9.256376047594994E-016  8.105872507470485E-002 -5.269900184637355E-015
  9.199106360171362E-001 -7.678523073449683E-015 -8.120621850553759E-001
18 34
 -8.120621850553799E-001 -9.199106360171241E-001  2.330560332393372E-014
 -9.199106360171229E-001 -8.120621850553783E-001  2.683298732947953E-014
  2.035589578841535E-015  3.804871999066317E-016  8.105872507470106E-002
18 35
 -7.267737250733888E-003 -6.655305273135490E-003  8.490020553321601E-003
 -6.651744022947286E-003 -1.553593238777479E-002 -6.651744022954958E-003
  8.490020553319681E-003 -6.655305273136201E-003 -7.267737250729085E-003
18 36
 -7.267737250732893E-003 -8.490020553319712E-003  6.655305273137215E-003
 -8.490020553312761E-003 -7.267737250728138E-003 -6.655305273135353E-003
  6.651744022951575E-003 -6.651744022946482E-003 -1.553593238776714E-002
18 37
  3.044262756683123E-002  2.707117299424744E-015 -6.403569081242511E-017
 -2.266660166852508E-015  1.840321607972340E-002  6.628541032033253E-015
 -1.810278814871891E-015  5.197055351173485E-015  1.840321607972328E-002
18 38
 -1.553593238777371E-002 -6.651744022954914E-003 -6.651744022950762E-003
 -6.655305273140392E-003 -7.267737250729005E-003  8.490020553322840E-003
 -6.655305273136399E-003  8.490020553320264E-003 -7.267737250724255E-003
18 39
 -7.914939155048966E-003 -6.663777602639032E-015  2.919891975775024E-015
 -3.554827873036848E-015 -7.914939155044721E-003 -2.505862271157122E-015
  2.043043468777372E-015 -4.763713295358185E-015 -7.914939155051856E-003
18 40
 -1.553593238777151E-002  6.651744022950408E-003  6.651744022956788E-003
  6.655305273134542E-003 -7.267737250728858E-003  8.490020553311734E-003
  6.655305273135689E-003  8.490020553317254E-003 -7.267737250728505E-003
18 41
  3.460608080962704E-003 -2.303251990173893E-015  1.146067334575124E-002
 -3.270902429117206E-015  3.612261808094069E-003  5.244828009398628E-016
  1.146067334574630E-002  4.828087799349512E-015  3.460608080964780E-003
18 42
 -7.267737250733884E-003 -8.490020553322689E-003 -6.655305273135231E-003
 -8.490020553319278E-003 -7.267737250733175E-003  6.655305273134862E-003
 -6.651744022959124E-003  6.651744022956853E-003 -1.553593238778039E-002
18 43
 -7.267737250734554E-003  6.655305273137372E-003  8.490020553317048E-003
  6.651744022957809E-003 -1.553593238777019E-002  6.651744022958366E-003
  8.490020553314334E-003  6.655305273142013E-003 -7.267737250737084E-003
18 44
  3.460608080965479E-003 -1.146067334574515E-002 -1.346443572955436E-015
 -1.146067334574873E-002  3.460608080960715E-003  1.816038638913220E-016
  1.890238725092697E-015  2.656295322589486E-016  3.612261808092954E-003
18 45
  1.840321607971607E-002 -6.223659283245697E-015  2.348314142967822E-015
  9.757819552369540E-017  1.840321607971733E-002 -4.963613070910200E-015
 -4.498422576278138E-015 -1.884478901051367E-015  3.044262756682397E-002
18 46
  8.105872507470477E-002 -1.066177311367933E-014 -7.736798940220779E-015
  3.575868171446644E-014 -8.120621850553563E-001  9.199106360170264E-001
 -4.116444598384339E-014  9.199106360171094E-001 -8.120621850552847E-001
18 47
  1.840321607972292E-002  2.142654543374478E-015 -4.851804721872632E-016
  5.922454367202068E-015  3.044262756683123E-002  5.301070997096313E-015
 -3.452506293008528E-016  1.945465273253677E-015  1.840321607972373E-002
18 48
  3.612261808098285E-003  1.129264325279433E-015  4.272434185950691E-015
 -1.212273554110355E-015  3.460608080963363E-003  1.146067334575290E-002
 -2.054224303681129E-015  1.146067334574593E-002  3.460608080970040E-003
18 49
 -1.553593238776573E-002 -6.651744022959662E-003  6.651744022958454E-003
 -6.655305273138972E-003 -7.267737250727557E-003 -8.490020553323145E-003
  6.655305273140443E-003 -8.490020553318524E-003 -7.267737250731952E-003
18 50
  1.202849407665650E-002 -1.474578588041052E-002  3.412187524719223E-015
 -1.474578588041579E-002  1.202849407665807E-002  6.944314914769656E-015
  1.984089975648473E-015 -2.300541484742680E-015  3.253157945647992E-002
18 51
 -1.553593238777333E-002 -6.651744022948956E-003  6.651744022951850E-003
 -6.655305273140958E-003 -7.267737250733788E-003 -8.490020553312513E-003
  6.655305273137524E-003 -8.490020553318390E-003 -7.267737250730675E-003
18 52
  1.202849407666111E-002  4.352394096171497E-015  1.474578588040224E-002
 -8.701400060553977E-015  3.253157945647063E-002 -5.033408585763954E-015
  1.474578588040557E-002  4.884330787047197E-015  1.202849407666174E-002
18 53
  3.460608080961618E-003  1.146067334575026E-002 -1.251914696041856E-015
  1.146067334574452E-002  3.460608080964000E-003  2.968681073536872E-015
 -2.253446452875341E-015  4.662069341687669E-016  3.612261808097406E-003
18 54
 -7.267737250725656E-003 -6.655305273144216E-003 -8.490020553319844E-003
 -6.651744022968067E-003 -1.553593238777667E-002  6.651744022966274E-003
 -8.490020553311843E-003  6.655305273135895E-003 -7.267737250728839E-003
18 55
 -7.267737250725541E-003  8.490020553316574E-003  6.655305273140420E-003
  8.490020553307538E-003 -7.267737250732776E-003  6.655305273132610E-003
  6.651744022957627E-003  6.651744022955991E-003 -1.553593238777265E-002
18 56
  3.460608080967708E-003  2.901257250935430E-015 -1.146067334575142E-002
  5.637851296924623E-016  3.612261808093321E-003 -1.771992925655996E-015
 -1.146067334574927E-002  1.077425908907470E-016  3.460608080963190E-003
18 57
  3.612261808100939E-003  4.094218453848386E-015 -7.369186641112413E-016
  2.919214349417221E-015  3.460608080960030E-003 -1.146067334574894E-002
 -1.304430738771623E-015 -1.146067334574726E-002  3.460608080967156E-003
18 58
  3.253157945647363E-002 -2.210417179154822E-015 -2.512638534735157E-015
  2.681367497828213E-015  1.202849407665328E-002  1.474578588040710E-002
 -2.245314936581699E-015  1.474578588040833E-002  1.202849407665698E-002
18 59
  3.612261808095992E-003 -2.870425251655373E-015 -2.771491803416071E-016
  4.065758146820642E-017  3.460608080967865E-003 -1.146067334574864E-002
  9.144567698557426E-016 -1.146067334574397E-002  3.460608080961625E-003
18 60
 -1.266294654797672E-003  1.585984490438952E-015  7.663954106756909E-016
  2.284278452155397E-015 -1.266294654796825E-003  3.609037981661123E-015
 -1.453169724309478E-015 -1.291894651152259E-015 -1.266294654794356E-003
18 61
 -7.267737250736553E-003  8.490020553324826E-003  6.655305273140085E-003
  8.490020553320815E-003 -7.267737250738755E-003  6.655305273135223E-003
  6.651744022958294E-003  6.651744022956417E-003 -1.553593238777440E-002
18 62
 -7.267737250731337E-003 -6.655305273135797E-003 -8.490020553319069E-003
 -6.651744022955278E-003 -1.553593238776782E-002  6.651744022955560E-003
 -8.490020553315812E-003  6.655305273138885E-003 -7.267737250736912E-003
18 63
  3.460608080967252E-003  1.146067334574627E-002 -8.680393643462070E-016
  1.146067334574766E-002  3.460608080964198E-003  1.489422734451962E-015
  2.056595995933441E-016 -7.718164215381185E-016  3.612261808097566E-003
18 64
  3.460608080969556E-003 -2.808761253095260E-016 -1.146067334575026E-002
  2.108095599126503E-015  3.612261808093996E-003 -1.629013764159470E-015
 -1.146067334574932E-002 -2.218548695448463E-015  3.460608080965499E-003
19 1
 -7.267737250714963E-003 -8.490020553322009E-003  6.655305273138432E-003
 -8.490020553322434E-003 -7.267737250728708E-003 -6.655305273140262E-003
  6.651744022958602E-003 -6.651744022959254E-003 -1.553593238776686E-002
19 2
 -7.267737250724843E-003 -6.655305273137990E-003  8.490020553321348E-003
 -6.651744022956279E-003 -1.553593238776711E-002 -6.651744022958104E-003
  8.490020553323671E-003 -6.655305273134629E-003 -7.267737250730004E-003
19 3
 -8.120621850553699E-001 -9.199106360171426E-001  3.268632380818565E-014
 -9.199106360171296E-001 -8.120621850553887E-001  1.905485318143274E-014
  8.406632594909480E-015  1.944787646895874E-016  8.105872507470080E-002
19 4
 -8.120621850553674E-001 -9.402743340880537E-015  9.199106360171313E-001
 -1.106021741206775E-014  8.105872507471418E-002  1.182457994367003E-015
  9.199106360171292E-001 -2.672558355176768E-015 -8.120621850553810E-001
19 5
  3.612261808089300E-003  5.705613932704967E-016  1.949531031400498E-015
 -2.459783678826488E-015  3.460608080963921E-003  1.146067334575318E-002
 -1.502297635250227E-015  1.146067334574898E-002  3.460608080959282E-003
19 6
  1.840321607972046E-002 -1.687967257288370E-015  1.483324097231731E-015
  8.985325504473618E-016  3.044262756683152E-002 -4.746095010055296E-015
 -1.771992925655996E-015  1.051540582039379E-014  1.840321607971552E-002
19 7
  8.105872507470513E-002 -2.301557924279385E-015  9.595189226496714E-016
 -4.630220902870907E-015 -8.120621850553810E-001  9.199106360171363E-001
  1.925136482519574E-015  9.199106360171336E-001 -8.120621850553834E-001
19 8
  1.840321607971544E-002 -7.798124125601991E-015 -4.479449038259642E-015
 -7.244503391276580E-015  1.840321607971699E-002  6.273464820544250E-015
  1.322387837253414E-015 -6.564844154399729E-015  3.044262756682731E-002
19 9
  3.460608080960270E-003 -1.146067334574394E-002  1.660184576618429E-015
 -1.146067334575671E-002  3.460608080963279E-003  5.515878552520004E-016
  4.777265822514254E-016  3.245830253878479E-015  3.612261808093819E-003
19 10
 -7.267737250735365E-003  6.655305273145114E-003  8.490020553315426E-003
  6.651744022955188E-003 -1.553593238777108E-002  6.651744022945856E-003
  8.490020553323478E-003  6.655305273140519E-003 -7.267737250725380E-003
19 11
 -7.267737250733043E-003 -8.490020553314987E-003 -6.655305273143411E-003
 -8.490020553310565E-003 -7.267737250729161E-003  6.655305273149222E-003
 -6.651744022951305E-003  6.651744022948073E-003 -1.553593238776856E-002
19 12
  3.460608080957847E-003 -4.977504411245171E-015  1.146067334574697E-002
  5.978019728541950E-015  3.612261808094889E-003  3.733721231496956E-015
  1.146067334574943E-002 -1.190928323839546E-015  3.460608080964162E-003
19 13
 -1.553593238776594E-002  6.651744022954747E-003  6.651744022944471E-003
  6.655305273146415E-003 -7.267737250728188E-003  8.490020553320852E-003
  6.655305273134992E-003  8.490020553318496E-003 -7.267737250728579E-003
19 14
 -7.914939155044676E-003  1.406277980349480E-014 -3.564653455224998E-015
  6.889427179787577E-015 -7.914939155048276E-003 -1.118083490375676E-016
 -5.626670462020866E-015  1.821120836596746E-015 -7.914939155047072E-003
19 15
 -1.553593238776882E-002 -6.651744022949146E-003 -6.651744022957522E-003
 -6.655305273140209E-003 -7.267737250731215E-003  8.490020553317748E-003
 -6.655305273142053E-003  8.490020553320090E-003 -7.267737250731559E-003
19 16
  3.044262756681615E-002  1.984428788827375E-015  3.567025147477310E-015
 -1.542955216718433E-015  1.840321607971833E-002 -8.206055192999662E-015
  3.214320628240619E-015 -2.421158976431692E-015  1.840321607971379E-002
19 17
  3.253157945647672E-002  6.261945172461592E-015 -3.379322646365757E-015
 -5.072710914516554E-015  1.202849407666387E-002 -1.474578588041174E-002
  7.108300493358088E-016 -1.474578588040583E-002  1.202849407665880E-002
19 18
  8.105872507470173E-002 -6.491999320935860E-015 -1.012712591737241E-015
  1.958678987230844E-014 -8.120621850553761E-001 -9.199106360171332E-001
  2.345874688079730E-014 -9.199106360171325E-001 -8.120621850553768E-001
19 19
  6.140120841670777E+000 -5.121161199099500E-015 -1.942907233752969E-014
 -6.355999710924709E-014  6.140120841670734E+000 -7.181280852093519E-014
 -1.684070905731000E-014 -5.720165958738796E-014  6.140120841670771E+000
19 20
  8.105872507470846E-002 -5.145555747980424E-015 -1.216000499078274E-015
  2.210891517605285E-014 -8.120621850553751E-001 -9.199106360171256E-001
  3.115692111862328E-014 -9.199106360171263E-001 -8.120621850553771E-001
19 21
 -7.267737250730277E-003  6.655305273130130E-003 -8.490020553319270E-003
  6.651744022954109E-003 -1.553593238775808E-002 -6.651744022950052E-003
 -8.490020553320604E-003 -6.655305273137860E-003 -7.267737250725841E-003
19 22
 -8.120621850553786E-001  9.199106360171408E-001  5.911273532298311E-015
  9.199106360171327E-001 -8.120621850553872E-001 -9.826937440865491E-015
 -3.870601755773251E-015 -2.679334618754803E-015  8.105872507470345E-002
19 23
 -8.120621850553773E-001  2.433932233276287E-014 -9.199106360171360E-001
 -5.055092629213664E-016  8.105872507470693E-002  6.469976464307248E-015
 -9.199106360171281E-001  1.729166939842819E-014 -8.120621850553862E-001
19 24
 -7.267737250732060E-003  8.490020553316246E-003 -6.655305273146372E-003
  8.490020553327642E-003 -7.267737250727201E-003 -6.655305273141118E-003
 -6.651744022957853E-003 -6.651744022954295E-003 -1.553593238777159E-002
19 25
  1.202849407665638E-002  1.474578588041152E-002  3.760148659451290E-015
  1.474578588040877E-002  1.202849407665727E-002 -8.487947757845893E-015
 -1.118083490375676E-016  5.275998821857586E-015  3.253157945647695E-002
19 26
 -1.553593238776683E-002  6.651744022963250E-003 -6.651744022956966E-003
  6.655305273142572E-003 -7.267737250733240E-003 -8.490020553314513E-003
 -6.655305273134984E-003 -8.490020553317131E-003 -7.267737250724986E-003
19 27
  1.202849407665658E-002  5.312929458357873E-015 -1.474578588041064E-002
  1.944787646895874E-016  3.253157945648617E-002  8.861319880995588E-015
 -1.474578588040786E-002 -7.125918778660978E-015  1.202849407665846E-002
19 28
 -1.553593238776876E-002  6.651744022951862E-003 -6.651744022957875E-003
  6.655305273139592E-003 -7.267737250730816E-003 -8.490020553328155E-003
 -6.655305273139485E-003 -8.490020553322123E-003 -7.267737250733508E-003
19 29
 -7.267737250725446E-003  6.655305273136565E-003 -8.490020553317552E-003
  6.651744022957937E-003 -1.553593238776973E-002 -6.651744022955297E-003
 -8.490020553320371E-003 -6.655305273136156E-003 -7.267737250731713E-003
19 30
 -7.267737250729456E-003  8.490020553325751E-003 -6.655305273136289E-003
  8.490020553319929E-003 -7.267737250734279E-003 -6.655305273129155E-003
 -6.651744022955859E-003 -6.651744022947436E-003 -1.553593238776334E-002
19 31
 -8.120621850553091E-001  1.062518129035794E-014 -9.199106360170576E-001
 -4.319868030996932E-015  8.105872507471024E-002 -5.484707740061046E-015
 -9.199106360170555E-001  9.141857193126213E-015 -8.120621850553204E-001
19 32
 -8.120621850552835E-001  9.199106360171180E-001 -4.100452616340178E-014
  9.199106360170288E-001 -8.120621850553580E-001  4.276161130918610E-014
 -4.912791094074942E-017 -4.886702479299510E-015  8.105872507470593E-002
19 33
 -7.267737250734802E-003 -8.490020553319601E-003  6.655305273141680E-003
 -8.490020553320300E-003 -7.267737250727207E-003 -6.655305273132317E-003
  6.651744022951876E-003 -6.651744022954861E-003 -1.553593238776614E-002
19 34
 -8.120621850553709E-001  4.131826716706477E-015  9.199106360171229E-001
 -2.385244779468110E-016  8.105872507470875E-002 -2.918536723059417E-015
  9.199106360171236E-001 -1.104598725855388E-014 -8.120621850553795E-001
19 35
 -8.120621850553761E-001 -9.199106360171211E-001  2.360985755858747E-014
 -9.199106360171281E-001 -8.120621850553751E-001  1.649986299933487E-014
 -1.849919956803392E-015 -2.493326183537758E-015  8.105872507471418E-002
19 36
 -7.267737250737033E-003 -6.655305273142863E-003  8.490020553314095E-003
 -6.651744022949963E-003 -1.553593238777664E-002 -6.651744022951875E-003
  8.490020553318873E-003 -6.655305273139538E-003 -7.267737250729196E-003
19 37
 -1.553593238777115E-002  6.651744022955920E-003  6.651744022957133E-003
  6.655305273139040E-003 -7.267737250726622E-003  8.490020553319468E-003
  6.655305273139377E-003  8.490020553321175E-003 -7.267737250730310E-003
19 38
  3.044262756682700E-002 -1.001531756833485E-015  2.556006621634577E-015
  3.062871137271550E-016  1.840321607972236E-002 -5.681219383824043E-015
 -5.228226163632443E-015 -1.970198635313503E-015  1.840321607972351E-002
19 39
 -1.553593238777423E-002 -6.651744022957878E-003 -6.651744022954960E-003
 -6.655305273141700E-003 -7.267737250732224E-003  8.490020553318368E-003
 -6.655305273141498E-003  8.490020553319700E-003 -7.267737250726008E-003
19 40
 -7.914939155054309E-003 -7.052057505660403E-015  2.137233532512051E-015
 -1.630369016875077E-015 -7.914939155051700E-003  5.805902633659876E-015
  5.982085486688771E-015  3.016792544940916E-015 -7.914939155050428E-003
19 41
  3.460608080964126E-003 -1.146067334574946E-002  2.105385093695289E-015
 -1.146067334574468E-002  3.460608080962868E-003 -2.892786921462887E-015
 -5.836395819761031E-015  3.331888801319516E-015  3.612261808094817E-003
19 42
  3.460608080968664E-003 -1.147560236940126E-015  1.146067334574937E-002
  5.331564183197468E-015  3.612261808093884E-003  1.268516541808040E-015
  1.146067334575580E-002 -2.021359425327662E-015  3.460608080965077E-003
19 43
 -7.267737250732183E-003 -8.490020553319620E-003 -6.655305273135968E-003
 -8.490020553316831E-003 -7.267737250732910E-003  6.655305273144938E-003
 -6.651744022951003E-003  6.651744022955822E-003 -1.553593238776820E-002
19 44
 -7.267737250730048E-003  6.655305273139755E-003  8.490020553324665E-003
  6.651744022952135E-003 -1.553593238777506E-002  6.651744022954847E-003
  8.490020553315035E-003  6.655305273145765E-003 -7.267737250735701E-003
19 45
  3.612261808094515E-003 -8.358859936684337E-015  2.139944037943264E-015
  1.966471690345584E-015  3.460608080961819E-003  1.146067334574149E-002
  2.346958890252215E-015  1.146067334575527E-002  3.460608080968604E-003
19 46
  1.840321607972427E-002 -7.091359834413002E-016 -1.857373846739230E-015
  1.093146840408510E-014  1.840321607972322E-002 -2.017971293538645E-015
 -5.450826422170874E-015 -3.177051178561430E-015  3.044262756681820E-002
19 47
  8.105872507470314E-002 -2.862971361719535E-015 -7.245858643992187E-015
 -9.927226141820400E-015 -8.120621850553917E-001  9.199106360169823E-001
  6.559423143537302E-016  9.199106360171461E-001 -8.120621850552524E-001
19 48
  1.840321607971858E-002 -3.931249314796659E-015  4.339519195373231E-015
  8.027161834539553E-015  3.044262756681727E-002 -6.700369425960417E-015
  5.452859301244284E-015 -8.413070045308613E-015  1.840321607971308E-002
19 49
  1.202849407666109E-002 -8.355132991716419E-016  1.474578588041291E-002
 -6.457101563508982E-015  3.253157945647674E-002  4.201283418381330E-016
  1.474578588040680E-002 -1.057774744531170E-015  1.202849407665886E-002
19 50
 -1.553593238777133E-002 -6.651744022955921E-003  6.651744022962949E-003
 -6.655305273143374E-003 -7.267737250732508E-003 -8.490020553318517E-003
  6.655305273137144E-003 -8.490020553320260E-003 -7.267737250730722E-003
19 51
  1.202849407665517E-002 -1.474578588040749E-002 -1.951563910473908E-015
 -1.474578588041000E-002  1.202849407665115E-002 -7.777117708510084E-015
  5.753047777751208E-016  6.894170564292201E-015  3.253157945648110E-002
19 52
 -1.553593238777267E-002 -6.651744022953066E-003  6.651744022951736E-003
 -6.655305273148388E-003 -7.267737250729366E-003 -8.490020553319478E-003
  6.655305273139874E-003 -8.490020553319749E-003 -7.267737250728085E-003
19 53
  3.460608080962677E-003  2.832478175618380E-016 -1.146067334574817E-002
  1.272582299954861E-015  3.612261808093944E-003  4.567201651595187E-015
 -1.146067334574553E-002  2.810794132168670E-015  3.460608080960316E-003
19 54
  3.460608080964344E-003  1.146067334574796E-002  1.480952404979419E-015
  1.146067334574517E-002  3.460608080963408E-003 -2.777590440636302E-015
  1.593438380374790E-015  6.613633252161577E-016  3.612261808098653E-003
19 55
 -7.267737250718972E-003 -6.655305273148827E-003 -8.490020553326415E-003
 -6.651744022949413E-003 -1.553593238777739E-002  6.651744022952647E-003
 -8.490020553319081E-003  6.655305273147237E-003 -7.267737250728630E-003
19 56
 -7.267737250728291E-003  8.490020553322911E-003  6.655305273136101E-003
  8.490020553314846E-003 -7.267737250725667E-003  6.655305273149515E-003
  6.651744022955962E-003  6.651744022947916E-003 -1.553593238777149E-002
19 57
 -1.266294654792875E-003 -5.092362078892854E-016  6.918565113173125E-016
  1.367449990047342E-015 -1.266294654793305E-003  7.413232354369637E-016
 -1.738450420944726E-015 -8.243324642678851E-016 -1.266294654796069E-003
19 58
  3.612261808092731E-003  2.499086007579088E-015 -4.767101427147202E-016
  2.785044330572140E-015  3.460608080963297E-003 -1.146067334575051E-002
 -6.200281173901478E-016 -1.146067334575079E-002  3.460608080971360E-003
19 59
  3.253157945647470E-002 -5.889250675669699E-015 -8.203344687568448E-015
  7.157089591119936E-015  1.202849407664672E-002  1.474578588041277E-002
 -2.801646176338324E-015  1.474578588040954E-002  1.202849407665619E-002
19 60
  3.612261808096829E-003  9.381736923788631E-016 -4.038991905687406E-015
  3.445730029430494E-015  3.460608080964534E-003 -1.146067334574729E-002
 -3.255994649245531E-016 -1.146067334574846E-002  3.460608080959313E-003
19 61
  3.460608080955389E-003  2.839254439196415E-015 -1.146067334574265E-002
 -4.277177570455315E-015  3.612261808093397E-003 -1.038801206512674E-015
 -1.146067334574851E-002 -1.727947212398773E-015  3.460608080968087E-003
19 62
 -7.267737250740278E-003  8.490020553317872E-003  6.655305273140030E-003
  8.490020553324512E-003 -7.267737250731855E-003  6.655305273146588E-003
  6.651744022945788E-003  6.651744022949512E-003 -1.553593238777086E-002
19 63
 -7.267737250735149E-003 -6.655305273148855E-003 -8.490020553318439E-003
 -6.651744022954906E-003 -1.553593238777387E-002  6.651744022960932E-003
 -8.490020553315027E-003  6.655305273142326E-003 -7.267737250737997E-003
19 64
  3.460608080961902E-003  1.146067334574551E-002  1.647309675820163E-015
  1.146067334574738E-002  3.460608080965561E-003 -5.184519263554122E-015
  5.251604272976662E-015 -1.283763134858618E-015  3.612261808096250E-003
20 1
 -8.120621850553993E-001 -4.203316297454740E-014  9.199106360171704E-001
 -7.711387951803150E-016  8.105872507470570E-002 -6.407634839389331E-015
  9.199106360171615E-001  3.977192381855732E-014 -8.120621850553879E-001
20 2
 -7.267737250727557E-003 -8.490020553315070E-003  6.655305273140208E-003
 -8.490020553328528E-003 -7.267737250728388E-003 -6.655305273134807E-003
  6.651744022954321E-003 -6.651744022955370E-003 -1.553593238776946E-002
20 3
 -7.267737250724896E-003 -6.655305273138503E-003  8.490020553320569E-003
 -6.651744022959812E-003 -1.553593238777491E-002 -6.651744022958758E-003
  8.490020553320005E-003 -6.655305273139522E-003 -7.267737250735799E-003
20 4
 -8.120621850553699E-001 -9.199106360171451E-001  3.296448942806396E-014
 -9.199106360171350E-001 -8.120621850553792E-001  2.894277699450054E-014
  4.694595406862234E-015 -1.364400671437227E-015  8.105872507471266E-002
20 5
  1.840321607972369E-002  7.592803339187548E-015  1.300026167445900E-015
  3.266836670970386E-015  1.840321607971830E-002  4.285309086748956E-015
 -3.731010726065742E-015 -7.248230336244499E-015  3.044262756682375E-002
20 6
  3.612261808096532E-003  4.491985125879006E-015  2.283600825797594E-015
  2.839254439196415E-015  3.460608080957339E-003  1.146067334574987E-002
 -8.036648603548802E-016  1.146067334574412E-002  3.460608080961594E-003
20 7
  1.840321607971766E-002 -6.228063854571420E-015 -1.002887009549092E-015
 -2.677979366039196E-015  3.044262756682947E-002  3.796062856414872E-015
  2.270725924999328E-015  2.790465341434567E-015  1.840321607971920E-002
20 8
  8.105872507470466E-002  8.397484639079134E-015 -8.339886398665841E-015
  3.472157457384828E-015 -8.120621850553785E-001  9.199106360171307E-001
  2.014244348570726E-015  9.199106360171337E-001 -8.120621850553699E-001
20 9
  3.460608080964627E-003  2.574302533295270E-015  1.146067334574944E-002
  2.041010589703962E-015  3.612261808094909E-003 -3.179422870813742E-015
  1.146067334574502E-002 -4.636997166448942E-015  3.460608080962317E-003
20 10
  3.460608080959215E-003 -1.146067334574947E-002  1.084879798843308E-015
 -1.146067334574500E-002  3.460608080965228E-003 -5.056447881929271E-015
 -5.042217728415399E-015  1.121471622164694E-015  3.612261808105056E-003
20 11
 -7.267737250725769E-003  6.655305273138578E-003  8.490020553316369E-003
  6.651744022960005E-003 -1.553593238776400E-002  6.651744022963667E-003
  8.490020553316224E-003  6.655305273138202E-003 -7.267737250727855E-003
20 12
 -7.267737250726104E-003 -8.490020553321879E-003 -6.655305273141191E-003
 -8.490020553317528E-003 -7.267737250730573E-003  6.655305273134754E-003
 -6.651744022962330E-003  6.651744022954538E-003 -1.553593238777113E-002
20 13
  3.044262756681803E-002  7.668697491261534E-015  4.485886488658775E-015
  5.853336478706117E-015  1.840321607971894E-002  3.964114193150126E-016
  6.203669305690496E-016 -2.318837396403373E-015  1.840321607972866E-002
20 14
 -1.553593238776743E-002  6.651744022963202E-003  6.651744022956825E-003
  6.655305273144403E-003 -7.267737250726386E-003  8.490020553324285E-003
  6.655305273134402E-003  8.490020553321874E-003 -7.267737250722225E-003
20 15
 -7.914939155051511E-003  5.735090679269417E-015 -1.072614761767066E-014
 -3.087943312510277E-015 -7.914939155048296E-003  1.103175710504001E-015
 -1.998997755520149E-017 -1.062518129035794E-015 -7.914939155048935E-003
20 16
 -1.553593238776671E-002 -6.651744022948502E-003 -6.651744022957680E-003
 -6.655305273143406E-003 -7.267737250729827E-003  8.490020553321440E-003
 -6.655305273141713E-003  8.490020553318090E-003 -7.267737250728361E-003
20 17
  8.105872507471540E-002  3.633432530542047E-015 -3.142831047492356E-015
 -5.878273128673284E-014 -8.120621850553696E-001 -9.199106360171019E-001
 -5.808748664362651E-014 -9.199106360171303E-001 -8.120621850553279E-001
20 18
  3.253157945647590E-002 -8.538092108323347E-017 -2.078957665740955E-015
  5.563312397566245E-016  1.202849407666099E-002 -1.474578588041356E-002
 -2.271403551357132E-015 -1.474578588041097E-002  1.202849407666418E-002
20 19
  8.105872507470974E-002  4.506892905750681E-015 -2.441826580344697E-015
  1.800656520591082E-014 -8.120621850553736E-001 -9.199106360171332E-001
  2.082210272258411E-014 -9.199106360171356E-001 -8.120621850553813E-001
20 20
  6.140120841670667E+000 -8.091333050623539E-014 -5.052856462232913E-014
 -4.689580971814489E-014  6.140120841670565E+000 -7.745675845508004E-014
  3.466312930048773E-014  2.244146031114488E-014  6.140120841670759E+000
20 21
 -7.267737250724583E-003  8.490020553318718E-003 -6.655305273140310E-003
  8.490020553324529E-003 -7.267737250725314E-003 -6.655305273130959E-003
 -6.651744022958147E-003 -6.651744022955763E-003 -1.553593238777444E-002
20 22
 -7.267737250722813E-003  6.655305273139108E-003 -8.490020553317056E-003
  6.651744022952105E-003 -1.553593238776545E-002 -6.651744022960564E-003
 -8.490020553320363E-003 -6.655305273142415E-003 -7.267737250732733E-003
20 23
 -8.120621850553782E-001  9.199106360171381E-001 -3.644952178624705E-015
  9.199106360171297E-001 -8.120621850553736E-001  2.984266479766351E-015
 -4.641740550953566E-015 -2.947674656444965E-015  8.105872507470563E-002
20 24
 -8.120621850553847E-001  1.794185188874059E-014 -9.199106360171355E-001
  1.185100737162437E-014  8.105872507470181E-002 -5.136407792150077E-016
 -9.199106360171352E-001  1.638500533168719E-014 -8.120621850553745E-001
20 25
 -1.553593238777423E-002  6.651744022957417E-003 -6.651744022950987E-003
  6.655305273137794E-003 -7.267737250727275E-003 -8.490020553324651E-003
 -6.655305273143544E-003 -8.490020553320076E-003 -7.267737250728809E-003
20 26
  1.202849407665888E-002  1.474578588041208E-002  6.664455228996835E-016
  1.474578588041106E-002  1.202849407665589E-002  5.449471169455267E-015
 -2.342554318926493E-015 -3.406427700677894E-015  3.253157945647971E-002
20 27
 -1.553593238776943E-002  6.651744022951680E-003 -6.651744022957377E-003
  6.655305273140175E-003 -7.267737250727025E-003 -8.490020553316829E-003
 -6.655305273135914E-003 -8.490020553318161E-003 -7.267737250730587E-003
20 28
  1.202849407666053E-002  3.429805810022113E-015 -1.474578588040251E-002
 -2.242943244329387E-016  3.253157945647938E-002 -2.103352214621879E-015
 -1.474578588040704E-002  1.764539035720158E-015  1.202849407666290E-002
20 29
 -8.120621850553221E-001  9.199106360171023E-001 -6.701047052318221E-015
  9.199106360170572E-001 -8.120621850553535E-001  3.145541552923570E-015
  1.538889458571613E-015  3.689675518239732E-015  8.105872507471693E-002
20 30
 -7.267737250733557E-003  6.655305273138496E-003 -8.490020553320038E-003
  6.651744022956614E-003 -1.553593238777334E-002 -6.651744022956725E-003
 -8.490020553318456E-003 -6.655305273134708E-003 -7.267737250722741E-003
20 31
 -7.267737250730314E-003  8.490020553319310E-003 -6.655305273137635E-003
  8.490020553321584E-003 -7.267737250722651E-003 -6.655305273145310E-003
 -6.651744022950753E-003 -6.651744022967651E-003 -1.553593238776697E-002
20 32
 -8.120621850552303E-001  2.541234367034462E-014 -9.199106360171614E-001
  6.911788849595091E-015  8.105872507470648E-002 -3.767602549387128E-015
 -9.199106360169667E-001  2.790804154613469E-014 -8.120621850554063E-001
20 33
 -7.267737250728815E-003 -6.655305273146060E-003  8.490020553319030E-003
 -6.651744022955875E-003 -1.553593238777362E-002 -6.651744022963538E-003
  8.490020553325850E-003 -6.655305273143080E-003 -7.267737250721090E-003
20 34
 -7.267737250730473E-003 -8.490020553322623E-003  6.655305273136597E-003
 -8.490020553315420E-003 -7.267737250730776E-003 -6.655305273143336E-003
  6.651744022953594E-003 -6.651744022962788E-003 -1.553593238776979E-002
20 35
 -8.120621850553768E-001 -4.225000340904450E-016  9.199106360171301E-001
 -3.075746038069815E-015  8.105872507470244E-002  1.248187751073937E-015
  9.199106360171232E-001  6.407973652568233E-015 -8.120621850553768E-001
20 36
 -8.120621850552907E-001 -9.199106360170693E-001 -2.645453300864631E-015
 -9.199106360170382E-001 -8.120621850553240E-001 -9.311263782577073E-015
  1.798420353610330E-015  2.103013401442977E-015  8.105872507470140E-002
20 37
 -7.914939155055697E-003  9.635846807964921E-016  3.335954559466336E-015
  2.828412417471560E-015 -7.914939155052078E-003 -4.138941793463413E-015
 -3.661892837569791E-015 -3.474867962816042E-015 -7.914939155059440E-003
20 38
 -1.553593238777521E-002  6.651744022950466E-003  6.651744022954180E-003
  6.655305273145022E-003 -7.267737250724614E-003  8.490020553316491E-003
  6.655305273137844E-003  8.490020553319081E-003 -7.267737250733796E-003
20 39
  3.044262756682413E-002  3.459282556586563E-016  2.605473345754228E-015
 -1.731335344187790E-015  1.840321607972306E-002 -1.853985714950213E-015
  9.856075374251039E-016  2.740998617314916E-016  1.840321607972568E-002
20 40
 -1.553593238777545E-002 -6.651744022953399E-003 -6.651744022950762E-003
 -6.655305273137334E-003 -7.267737250727750E-003  8.490020553319724E-003
 -6.655305273135353E-003  8.490020553322928E-003 -7.267737250726170E-003
20 41
 -7.267737250732947E-003  6.655305273141721E-003  8.490020553318317E-003
  6.651744022952131E-003 -1.553593238776824E-002  6.651744022953029E-003
  8.490020553319554E-003  6.655305273135879E-003 -7.267737250733427E-003
20 42
  3.460608080970961E-003 -1.146067334574911E-002 -3.859082107690592E-016
 -1.146067334575216E-002  3.460608080959965E-003  2.159595202319564E-015
  3.201106914263452E-015  4.091507948417172E-015  3.612261808099803E-003
20 43
  3.460608080963320E-003 -1.310190562812952E-015  1.146067334574998E-002
 -1.336279177588384E-015  3.612261808089668E-003  7.516909187113563E-015
  1.146067334575250E-002 -2.388632911257127E-015  3.460608080961095E-003
20 44
 -7.267737250729486E-003 -8.490020553320011E-003 -6.655305273137760E-003
 -8.490020553321822E-003 -7.267737250727169E-003  6.655305273139381E-003
 -6.651744022950114E-003  6.651744022958541E-003 -1.553593238776698E-002
20 45
  1.840321607971893E-002 -6.861305685938734E-015  1.074376590297355E-015
  5.116756627773777E-015  3.044262756682147E-002 -5.422366115143129E-015
  1.094027754673654E-015  1.589033809049067E-016  1.840321607972360E-002
20 46
  3.612261808100309E-003 -3.564314642046096E-016  2.012211469497316E-015
  2.284278452155397E-015  3.460608080966017E-003  1.146067334574431E-002
  1.048626788700824E-015  1.146067334574815E-002  3.460608080963255E-003
20 47
  1.840321607971908E-002 -2.432678624514351E-016  1.077087095728568E-014
  4.176888869500406E-015  1.840321607971453E-002 -2.835188681049594E-015
 -1.178832693352755E-014 -2.502135326189203E-015  3.044262756682184E-002
20 48
  8.105872507469884E-002 -7.968208341410654E-015 -7.200118864840455E-015
 -5.352841650832496E-014 -8.120621850553227E-001  9.199106360171831E-001
  4.932543902404912E-014  9.199106360170933E-001 -8.120621850554233E-001
20 49
 -1.553593238776994E-002 -6.651744022959145E-003  6.651744022958633E-003
 -6.655305273145142E-003 -7.267737250738151E-003 -8.490020553317951E-003
  6.655305273149846E-003 -8.490020553319433E-003 -7.267737250728415E-003
20 50
  1.202849407665870E-002  7.196730733051437E-015  1.474578588041123E-002
 -1.937333756960036E-015  3.253157945647712E-002  3.449795787577314E-015
  1.474578588041328E-002 -1.998658942341247E-015  1.202849407665133E-002
20 51
 -1.553593238777420E-002 -6.651744022954919E-003  6.651744022958007E-003
 -6.655305273139168E-003 -7.267737250728684E-003 -8.490020553320564E-003
  6.655305273142297E-003 -8.490020553314609E-003 -7.267737250736531E-003
20 52
  1.202849407665529E-002 -1.474578588041214E-002 -2.827395977934855E-015
 -1.474578588040730E-002  1.202849407665418E-002 -4.253460647932195E-015
  2.532967325469260E-015  3.399990250278762E-015  3.253157945648506E-002
20 53
 -7.267737250728740E-003  8.490020553324387E-003  6.655305273145130E-003
  8.490020553318243E-003 -7.267737250731511E-003  6.655305273143020E-003
  6.651744022955995E-003  6.651744022956186E-003 -1.553593238778035E-002
20 54
  3.460608080964717E-003 -2.554651368918970E-016 -1.146067334575139E-002
 -1.065906260824812E-015  3.612261808101212E-003 -2.844675450058842E-015
 -1.146067334574345E-002 -4.018324301774401E-015  3.460608080962873E-003
20 55
  3.460608080967127E-003  1.146067334574426E-002 -1.314933947317576E-015
  1.146067334574782E-002  3.460608080962936E-003  3.632077277826440E-015
  1.675092356490104E-015 -4.794206481459340E-016  3.612261808101367E-003
20 56
 -7.267737250730012E-003 -6.655305273137004E-003 -8.490020553321934E-003
 -6.651744022960347E-003 -1.553593238777193E-002  6.651744022961867E-003
 -8.490020553318179E-003  6.655305273135949E-003 -7.267737250726524E-003
20 57
  3.612261808096952E-003  1.459268361529709E-015  9.120850776034306E-016
  1.633079522306291E-016  3.460608080966529E-003 -1.146067334574626E-002
  4.001383642829315E-016 -1.146067334574845E-002  3.460608080959641E-003
20 58
 -1.266294654796229E-003  2.217193442732857E-015 -1.810956441229694E-015
 -1.917682592583736E-016 -1.266294654797352E-003 -5.238051745820593E-016
  8.737991883875362E-016 -1.898031428207436E-015 -1.266294654795336E-003
20 59
  3.612261808093454E-003 -1.515172536048492E-015 -4.696628285935645E-015
  2.594631324029373E-015  3.460608080958189E-003 -1.146067334574943E-002
 -1.358302034216996E-015 -1.146067334574735E-002  3.460608080967973E-003
20 60
  3.253157945647377E-002 -4.523155938337964E-015  5.132342034003257E-015
  5.556536133988210E-017  1.202849407665691E-002  1.474578588040878E-002
  2.673235981534572E-016  1.474578588041068E-002  1.202849407665497E-002
20 61
  3.460608080961373E-003  1.146067334575054E-002  7.406456090791602E-016
  1.146067334574799E-002  3.460608080960927E-003  2.139944037943264E-015
 -1.583612798186640E-015  6.570603978441059E-015  3.612261808096627E-003
20 62
  3.460608080966358E-003  3.193314211148712E-015 -1.146067334574926E-002
 -1.084202172485504E-015  3.612261808096018E-003  4.676299495201541E-015
 -1.146067334575151E-002 -1.099109952357180E-015  3.460608080964303E-003
20 63
 -7.267737250731186E-003  8.490020553319686E-003  6.655305273145260E-003
  8.490020553323157E-003 -7.267737250729608E-003  6.655305273138384E-003
  6.651744022951396E-003  6.651744022957326E-003 -1.553593238778134E-002
20 64
 -7.267737250727325E-003 -6.655305273144476E-003 -8.490020553318652E-003
 -6.651744022948642E-003 -1.553593238777191E-002  6.651744022949659E-003
 -8.490020553324160E-003  6.655305273141782E-003 -7.267737250731467E-003
21 1
 -1.553593238776977E-002 -6.651744022951531E-003 -6.651744022957571E-003
 -6.655305273136814E-003 -7.267737250728051E-003  8.490020553312898E-003
 -6.655305273132599E-003  8.490020553315490E-003 -7.267737250735156E-003
21 2
  3.044262756682939E-002  4.521800685622357E-015 -2.434711503587761E-015
 -3.327484229993793E-015  1.840321607971897E-002 -3.597179520399563E-015
  5.887217796596289E-015 -1.105886215935215E-015  1.840321607971854E-002
21 3
 -1.553593238776962E-002  6.651744022948753E-003  6.651744022950762E-003
  6.655305273136715E-003 -7.267737250725655E-003  8.490020553330386E-003
  6.655305273136555E-003  8.490020553325088E-003 -7.267737250722269E-003
21 4
 -7.914939155046671E-003  2.805373121306243E-015  3.413881590613732E-015
  5.474543344693994E-015 -7.914939155047063E-003  6.877907531704919E-016
  3.100818213308543E-015  1.186523752513824E-015 -7.914939155051723E-003
21 5
 -8.120621850553783E-001 -9.199106360171276E-001  2.644572386599486E-014
 -9.199106360171362E-001 -8.120621850553754E-001  3.041864720179643E-014
 -5.536884969611910E-015 -3.471479831027025E-015  8.105872507470088E-002
21 6
 -8.120621850553851E-001  3.042542346537447E-015  9.199106360171423E-001
  2.049819732355407E-016  8.105872507469933E-002  5.243811569861923E-015
  9.199106360171371E-001  1.138412281109780E-015 -8.120621850553884E-001
21 7
 -7.267737250726352E-003 -8.490020553321867E-003  6.655305273141316E-003
 -8.490020553322642E-003 -7.267737250725914E-003 -6.655305273136628E-003
  6.651744022955389E-003 -6.651744022951234E-003 -1.553593238776751E-002
21 8
 -7.267737250736493E-003 -6.655305273138855E-003  8.490020553319596E-003
 -6.651744022960837E-003 -1.553593238776435E-002 -6.651744022963643E-003
  8.490020553321129E-003 -6.655305273138565E-003 -7.267737250735465E-003
21 9
  8.105872507470070E-002 -7.112366251504909E-015  1.000786367839901E-014
  4.050511553770064E-015 -8.120621850553847E-001  9.199106360171371E-001
  2.656634135768388E-015  9.199106360171263E-001 -8.120621850553847E-001
21 10
  1.840321607971600E-002  9.161508357502512E-016 -1.391505725749365E-015
 -2.541098841762901E-016  1.840321607971600E-002 -3.625301014248405E-017
  6.371720642425749E-015  2.347975329788921E-015  3.044262756682932E-002
21 11
  3.612261808095562E-003 -1.846531825014375E-016 -2.708811365319252E-015
  3.167225596373280E-015  3.460608080962279E-003  1.146067334574256E-002
 -3.511459786137427E-015  1.146067334575582E-002  3.460608080964159E-003
21 12
  1.840321607971692E-002 -7.186227524505484E-015  8.019030318245912E-015
  5.612779121685896E-015  3.044262756681460E-002  1.649342554893574E-015
 -6.986327748953469E-016 -3.152995442859408E-015  1.840321607971316E-002
21 13
 -7.267737250731023E-003 -8.490020553320491E-003 -6.655305273136949E-003
 -8.490020553322255E-003 -7.267737250729532E-003  6.655305273133884E-003
 -6.651744022953330E-003  6.651744022951278E-003 -1.553593238777276E-002
21 14
  3.460608080960766E-003  4.305976690661961E-015  1.146067334574527E-002
  7.359022245745361E-016  3.612261808100816E-003 -2.175858234906847E-015
  1.146067334574746E-002 -3.719491077983084E-015  3.460608080962710E-003
21 15
  3.460608080960487E-003 -1.146067334574717E-002  5.884168477986174E-015
 -1.146067334574834E-002  3.460608080963114E-003 -7.970241220484064E-015
 -2.494342623074464E-015  2.665782091598734E-015  3.612261808097341E-003
21 16
 -7.267737250729877E-003  6.655305273126313E-003  8.490020553320926E-003
  6.651744022954112E-003 -1.553593238776143E-002  6.651744022955149E-003
  8.490020553324037E-003  6.655305273140797E-003 -7.267737250732434E-003
21 17
 -8.120621850553799E-001  2.611910796153361E-014 -9.199106360171284E-001
 -3.445052403072690E-015  8.105872507470439E-002 -8.523184328451672E-015
 -9.199106360171384E-001  2.508098438137873E-014 -8.120621850553743E-001
21 18
 -8.120621850553857E-001  9.199106360171367E-001  8.656676720938949E-016
  9.199106360171412E-001 -8.120621850553851E-001 -3.477917281426157E-015
  1.612750731572188E-015  3.816391647148976E-015  8.105872507469973E-002
21 19
 -7.267737250723087E-003  6.655305273135273E-003 -8.490020553322607E-003
  6.651744022953377E-003 -1.553593238775843E-002 -6.651744022945891E-003
 -8.490020553323614E-003 -6.655305273136597E-003 -7.267737250726242E-003
21 20
 -7.267737250731995E-003  8.490020553316402E-003 -6.655305273140456E-003
  8.490020553321955E-003 -7.267737250725468E-003 -6.655305273136310E-003
 -6.651744022953120E-003 -6.651744022953603E-003 -1.553593238777166E-002
21 21
  6.140120841670696E+000 -5.681541256344000E-014 -6.862068015591263E-014
  3.571124786942020E-014  6.140120841670774E+000 -2.158765110031255E-014
  2.188733135705112E-014 -1.487796431193233E-014  6.140120841670774E+000
21 22
  8.105872507469730E-002  2.058290061827950E-015  1.589372622227969E-015
  2.969087649351554E-014 -8.120621850553749E-001 -9.199106360171256E-001
  2.670457713467578E-014 -9.199106360171275E-001 -8.120621850553810E-001
21 23
  3.253157945647846E-002 -6.238905876296275E-015 -1.280036189890699E-015
  3.918035600819492E-015  1.202849407665197E-002 -1.474578588040849E-002
 -3.141475794776749E-015 -1.474578588041154E-002  1.202849407665729E-002
21 24
  8.105872507470147E-002  3.573462597876442E-015  4.123695200412836E-015
 -1.959288850952867E-014 -8.120621850553945E-001 -9.199106360171170E-001
 -2.728191479152431E-014 -9.199106360171266E-001 -8.120621850553865E-001
21 25
 -8.120621850553797E-001  2.834477173373900E-014 -9.199106360171292E-001
  1.988833360153097E-016  8.105872507469833E-002  2.572608467400761E-015
 -9.199106360171329E-001  2.399339407710421E-014 -8.120621850553816E-001
21 26
 -7.267737250727659E-003  8.490020553326176E-003 -6.655305273141682E-003
  8.490020553319978E-003 -7.267737250729115E-003 -6.655305273135684E-003
 -6.651744022958533E-003 -6.651744022952735E-003 -1.553593238777378E-002
21 27
 -7.267737250728952E-003  6.655305273134857E-003 -8.490020553327343E-003
  6.651744022945116E-003 -1.553593238777554E-002 -6.651744022952158E-003
 -8.490020553320014E-003 -6.655305273138644E-003 -7.267737250729379E-003
21 28
 -8.120621850553632E-001  9.199106360170271E-001  3.098717571599352E-014
  9.199106360171082E-001 -8.120621850552869E-001 -4.112853178687981E-014
 -3.894996304654175E-015 -8.124062403705445E-015  8.105872507470392E-002
21 29
  1.202849407665849E-002  2.090138500644712E-015 -1.474578588040795E-002
  2.286988957586611E-015  3.253157945647910E-002 -7.352245982167327E-016
 -1.474578588040705E-002 -4.332742931795197E-015  1.202849407665354E-002
21 30
 -1.553593238777312E-002  6.651744022957790E-003 -6.651744022959555E-003
  6.655305273129212E-003 -7.267737250729825E-003 -8.490020553324139E-003
 -6.655305273143880E-003 -8.490020553317327E-003 -7.267737250729169E-003
21 31
  1.202849407666014E-002  1.474578588040687E-002  9.387835561008862E-015
  1.474578588040516E-002  1.202849407665979E-002  5.939395026147154E-016
  1.868893494821888E-015  2.308673001036321E-015  3.253157945647797E-002
21 32
 -1.553593238776530E-002  6.651744022951844E-003 -6.651744022953066E-003
  6.655305273134370E-003 -7.267737250730256E-003 -8.490020553318892E-003
 -6.655305273142278E-003 -8.490020553324823E-003 -7.267737250728814E-003
21 33
  8.105872507470457E-002 -1.808923562156284E-015 -5.955996871913338E-015
  5.874681708976925E-015 -8.120621850553770E-001  9.199106360171204E-001
 -3.596163080862858E-015  9.199106360171289E-001 -8.120621850553779E-001
21 34
  1.840321607971572E-002 -2.713893563002778E-015  1.355591528785782E-015
  5.594822023204105E-015  3.044262756683411E-002 -1.255980454188677E-015
  2.690176640479658E-016  3.476223215531649E-016  1.840321607971487E-002
21 35
  3.612261808100343E-003 -2.604795719396424E-015  2.038300084272748E-015
 -1.111307226797642E-015  3.460608080965474E-003  1.146067334574684E-002
  3.133344278483108E-015  1.146067334574612E-002  3.460608080962720E-003
21 36
  1.840321607972572E-002  1.402212222202659E-014  1.253608761936365E-017
  3.219402825924145E-015  1.840321607971621E-002 -2.724735584727633E-015
 -1.259029772798792E-015 -7.583994196536104E-015  3.044262756681817E-002
21 37
 -8.120621850553816E-001 -9.199106360171229E-001  3.100208349586520E-014
 -9.199106360171270E-001 -8.120621850553816E-001  2.681096447285092E-014
  3.148252058354784E-015  4.670200857981310E-015  8.105872507471287E-002
21 38
 -7.267737250725990E-003 -6.655305273137780E-003  8.490020553324373E-003
 -6.651744022956468E-003 -1.553593238776966E-002 -6.651744022947956E-003
  8.490020553321632E-003 -6.655305273135348E-003 -7.267737250729017E-003
21 39
 -7.267737250730644E-003 -8.490020553315995E-003  6.655305273136838E-003
 -8.490020553318219E-003 -7.267737250734963E-003 -6.655305273133716E-003
  6.651744022959691E-003 -6.651744022959344E-003 -1.553593238778101E-002
21 40
 -8.120621850553648E-001  4.178040834308672E-014  9.199106360170264E-001
 -6.127436340437609E-015  8.105872507469443E-002 -9.968561349646410E-015
  9.199106360171069E-001 -3.483880393374827E-014 -8.120621850552848E-001
21 41
 -1.553593238777312E-002 -6.651744022949160E-003 -6.651744022949301E-003
 -6.655305273138500E-003 -7.267737250734945E-003  8.490020553321233E-003
 -6.655305273142999E-003  8.490020553320149E-003 -7.267737250730475E-003
21 42
 -7.914939155044546E-003 -5.951592300587616E-015 -3.134021904840911E-015
 -8.239258884532030E-015 -7.914939155049143E-003  1.677464048742416E-015
 -7.954655814254585E-015 -2.026780436190090E-015 -7.914939155050801E-003
21 43
 -1.553593238777054E-002  6.651744022958338E-003  6.651744022958511E-003
  6.655305273132937E-003 -7.267737250730619E-003  8.490020553317089E-003
  6.655305273142351E-003  8.490020553315958E-003 -7.267737250733768E-003
21 44
  3.044262756683678E-002  9.572827556689201E-015 -8.073918053227991E-016
 -1.231585905307753E-015  1.840321607971717E-002 -3.229567221291196E-015
  2.271403551357132E-015 -3.329178295888302E-015  1.840321607971450E-002
21 45
 -7.267737250728342E-003 -8.490020553310353E-003 -6.655305273136254E-003
 -8.490020553322772E-003 -7.267737250735057E-003  6.655305273136364E-003
 -6.651744022955302E-003  6.651744022960810E-003 -1.553593238776306E-002
21 46
 -7.267737250727309E-003  6.655305273137208E-003  8.490020553315606E-003
  6.651744022952454E-003 -1.553593238777237E-002  6.651744022954527E-003
  8.490020553313318E-003  6.655305273134269E-003 -7.267737250726087E-003
21 47
  3.460608080963106E-003 -1.146067334575237E-002 -1.514156096511787E-015
 -1.146067334574538E-002  3.460608080965483E-003 -1.091994875600244E-015
 -1.254964014651971E-015 -2.551263237129953E-015  3.612261808091795E-003
21 48
  3.460608080963187E-003  6.129130406332117E-016  1.146067334575123E-002
  9.784924606681678E-016  3.612261808100306E-003  8.727827488508311E-016
  1.146067334574549E-002 -4.458781434346637E-016  3.460608080966113E-003
21 49
 -7.267737250730277E-003 -6.655305273138476E-003 -8.490020553327952E-003
 -6.651744022955475E-003 -1.553593238776900E-002  6.651744022953659E-003
 -8.490020553321537E-003  6.655305273143080E-003 -7.267737250728015E-003
21 50
  3.460608080965497E-003  1.146067334574641E-002  6.915176981384108E-016
  1.146067334574905E-002  3.460608080961952E-003 -4.455393302557620E-016
  7.331917191433224E-016 -5.025277069470313E-015  3.612261808097671E-003
21 51
  3.460608080959912E-003  3.729655473350135E-015 -1.146067334574604E-002
 -4.819956283055871E-015  3.612261808098088E-003  3.735754110570366E-015
 -1.146067334574723E-002 -4.729831977468013E-015  3.460608080965900E-003
21 52
 -7.267737250738534E-003  8.490020553325459E-003  6.655305273134108E-003
  8.490020553324448E-003 -7.267737250729810E-003  6.655305273138406E-003
  6.651744022957092E-003  6.651744022959117E-003 -1.553593238777316E-002
21 53
  1.202849407665736E-002 -1.474578588040512E-002  6.766099182667351E-016
 -1.474578588041118E-002  1.202849407665596E-002 -2.968681073536872E-015
 -1.898031428207436E-015 -4.357137480676121E-015  3.253157945648050E-002
21 54
 -1.553593238777709E-002 -6.651744022962452E-003  6.651744022956538E-003
 -6.655305273142720E-003 -7.267737250727578E-003 -8.490020553322085E-003
  6.655305273139468E-003 -8.490020553315675E-003 -7.267737250728244E-003
21 55
  1.202849407664886E-002  9.149649896240952E-015  1.474578588041064E-002
 -3.592097322716037E-015  3.253157945648043E-002 -1.485695789484043E-015
  1.474578588041284E-002 -2.236166980751353E-016  1.202849407665147E-002
21 56
 -1.553593238776972E-002 -6.651744022953133E-003  6.651744022955174E-003
 -6.655305273137714E-003 -7.267737250730104E-003 -8.490020553320767E-003
  6.655305273139815E-003 -8.490020553310424E-003 -7.267737250731240E-003
21 57
 -7.267737250728425E-003 -6.655305273141922E-003 -8.490020553314749E-003
 -6.651744022947955E-003 -1.553593238777198E-002  6.651744022952131E-003
 -8.490020553324743E-003  6.655305273134737E-003 -7.267737250733272E-003
21 58
 -7.267737250730330E-003  8.490020553309089E-003  6.655305273138991E-003
  8.490020553317575E-003 -7.267737250724974E-003  6.655305273133946E-003
  6.651744022954756E-003  6.651744022953755E-003 -1.553593238776952E-002
21 59
  3.460608080964790E-003  2.417432031463773E-015 -1.146067334574891E-002
  9.652787466910007E-016  3.612261808097309E-003  3.750661890442042E-016
 -1.146067334574929E-002  1.311884628707460E-015  3.460608080962359E-003
21 60
  3.460608080966201E-003  1.146067334574999E-002 -9.517262195349319E-016
  1.146067334574863E-002  3.460608080965327E-003 -3.500617764412572E-015
  2.574980159653073E-016  1.252931135578561E-015  3.612261808097117E-003
21 61
  3.253157945647310E-002 -8.972450603675353E-015 -2.159934015498466E-015
  4.116918936834801E-015  1.202849407666152E-002  1.474578588040429E-002
  4.926343621231011E-016  1.474578588040247E-002  1.202849407666595E-002
21 62
  3.612261808097687E-003 -1.008985646769323E-015  3.601584091725285E-015
  3.625301014248405E-015  3.460608080968347E-003 -1.146067334574840E-002
  1.120116369449087E-015 -1.146067334575394E-002  3.460608080962470E-003
21 63
 -1.266294654794958E-003  2.926668239353059E-015  1.110629600439839E-015
  1.512123217438377E-015 -1.266294654796914E-003 -2.093865445612630E-016
 -2.800629736801619E-015 -6.417121608398579E-016 -1.266294654794794E-003
21 64
  3.612261808096594E-003  2.827057164755953E-015  4.203993923812543E-015
  1.249543003789544E-015  3.460608080962864E-003 -1.146067334575013E-002
 -4.075922542187693E-015 -1.146067334574948E-002  3.460608080963529E-003
22 1
 -7.914939155037456E-003  3.496552006265752E-015 -6.497081518619385E-015
  8.566552415351092E-015 -7.914939155039200E-003  2.313416385540945E-015
 -5.926520125348889E-015 -1.740144486839235E-015 -7.914939155042967E-003
22 2
 -1.553593238776669E-002 -6.651744022950490E-003 -6.651744022960894E-003
 -6.655305273137459E-003 -7.267737250726759E-003  8.490020553319568E-003
 -6.655305273138002E-003  8.490020553328882E-003 -7.267737250733691E-003
22 3
  3.044262756682916E-002 -7.359022245745361E-016 -4.239230494418322E-015
 -9.679892521222144E-016  1.840321607971414E-002 -1.019488855315276E-015
  6.834539444805499E-015  5.685285141970864E-016  1.840321607971203E-002
22 4
 -1.553593238777117E-002  6.651744022959625E-003  6.651744022959373E-003
  6.655305273136613E-003 -7.267737250731407E-003  8.490020553319563E-003
  6.655305273136063E-003  8.490020553317296E-003 -7.267737250727690E-003
22 5
 -7.267737250726759E-003 -6.655305273139774E-003  8.490020553318873E-003
 -6.651744022956415E-003 -1.553593238776506E-002 -6.651744022956713E-003
  8.490020553327147E-003 -6.655305273140353E-003 -7.267737250733845E-003
22 6
 -8.120621850553816E-001 -9.199106360171423E-001  2.585042911066454E-014
 -9.199106360171381E-001 -8.120621850553826E-001  2.745877527091101E-014
  5.231275482242559E-016  1.079662075888221E-014  8.105872507470077E-002
22 7
 -8.120621850553844E-001 -6.481496112389906E-016  9.199106360171407E-001
 -3.970551643549258E-015  8.105872507470620E-002 -6.362911499774304E-016
  9.199106360171411E-001 -2.828412417471560E-015 -8.120621850553831E-001
22 8
 -7.267737250735639E-003 -8.490020553316728E-003  6.655305273140912E-003
 -8.490020553322654E-003 -7.267737250729147E-003 -6.655305273140755E-003
  6.651744022959658E-003 -6.651744022965046E-003 -1.553593238776923E-002
22 9
  1.840321607971211E-002  3.427434117769801E-015  1.481630031337222E-015
 -2.652907190800469E-016  3.044262756682768E-002  1.822814902491254E-016
  2.346620077073314E-015  2.734222353736881E-015  1.840321607971215E-002
22 10
  8.105872507470513E-002 -2.660699893915208E-015 -5.325465545977237E-015
 -7.347841410841605E-015 -8.120621850553900E-001  9.199106360171372E-001
  5.377981588707004E-015  9.199106360171415E-001 -8.120621850553865E-001
22 11
  1.840321607971843E-002 -3.092009070657098E-015  5.382047346853824E-015
  4.767101427147202E-016  1.840321607971492E-002  4.645128682742583E-016
 -6.358168115269680E-015 -1.880413142904547E-015  3.044262756682373E-002
22 12
  3.612261808095387E-003  1.594793633090397E-015 -8.981937372684601E-016
  4.797594613248357E-016  3.460608080964489E-003  1.146067334575821E-002
  1.059807623604581E-015  1.146067334574197E-002  3.460608080961741E-003
22 13
 -7.267737250725205E-003  6.655305273142586E-003  8.490020553320059E-003
  6.651744022954036E-003 -1.553593238776945E-002  6.651744022954119E-003
  8.490020553317913E-003  6.655305273140774E-003 -7.267737250727355E-003
22 14
 -7.267737250725914E-003 -8.490020553320241E-003 -6.655305273142803E-003
 -8.490020553316211E-003 -7.267737250723278E-003  6.655305273140873E-003
 -6.651744022962436E-003  6.651744022959734E-003 -1.553593238776704E-002
22 15
  3.460608080964497E-003 -1.680174554173630E-015  1.146067334575065E-002
  1.204142037816713E-015  3.612261808095803E-003 -1.270549420881451E-015
  1.146067334574741E-002  1.429113988607456E-015  3.460608080960626E-003
22 16
  3.460608080960491E-003 -1.146067334574999E-002 -4.047462235159949E-015
 -1.146067334574907E-002  3.460608080961067E-003 -2.868392372581963E-015
 -2.704406793993530E-015 -4.540096597283050E-015  3.612261808092732E-003
22 17
 -7.267737250732621E-003  8.490020553321579E-003 -6.655305273143112E-003
  8.490020553318777E-003 -7.267737250733470E-003 -6.655305273139294E-003
 -6.651744022960217E-003 -6.651744022950426E-003 -1.553593238776502E-002
22 18
 -8.120621850553834E-001  2.283600825797594E-014 -9.199106360171367E-001
 -4.168757353206765E-015  8.105872507469815E-002 -9.920449878242366E-016
 -9.199106360171374E-001  2.302980939630772E-014 -8.120621850553771E-001
22 19
 -8.120621850553896E-001  9.199106360171467E-001 -1.765894288435765E-015
  9.199106360171435E-001 -8.120621850553834E-001  3.961403687718912E-015
  9.473216482092095E-016 -7.896379947483489E-015  8.105872507470185E-002
22 20
 -7.267737250729800E-003  6.655305273134985E-003 -8.490020553320191E-003
  6.651744022951621E-003 -1.553593238776779E-002 -6.651744022948938E-003
 -8.490020553314727E-003 -6.655305273139473E-003 -7.267737250729350E-003
22 21
  8.105872507469492E-002  1.175004104431165E-015 -5.560940705313933E-015
  2.215431614202568E-014 -8.120621850553893E-001 -9.199106360171375E-001
  1.674550255403862E-014 -9.199106360171284E-001 -8.120621850553801E-001
22 22
  6.140120841670728E+000 -4.638047487303537E-014 -5.025565060672380E-014
 -4.451734120225481E-014  6.140120841670732E+000 -4.496762391701520E-014
 -4.995529272362742E-014 -4.398404925866350E-014  6.140120841670731E+000
22 23
  8.105872507470191E-002 -4.171129045459077E-015  1.253269948757463E-015
  2.754957720285667E-014 -8.120621850553801E-001 -9.199106360171362E-001
  2.389310537614930E-014 -9.199106360171398E-001 -8.120621850553894E-001
22 24
  3.253157945647766E-002  3.690353144597536E-015  1.540244711287220E-015
 -4.457426181631030E-015  1.202849407666224E-002 -1.474578588040384E-002
 -8.044102493484639E-015 -1.474578588040413E-002  1.202849407665505E-002
22 25
 -8.120621850553851E-001  9.199106360171402E-001 -5.868244258577793E-015
  9.199106360171408E-001 -8.120621850553841E-001 -2.691531893195265E-015
 -8.462197956249362E-015  1.308496496918443E-014  8.105872507470592E-002
22 26
 -8.120621850553811E-001  2.349398345140308E-014 -9.199106360171367E-001
 -3.737786989643777E-015  8.105872507470739E-002  9.788312738470695E-016
 -9.199106360171347E-001  3.228483019118711E-014 -8.120621850553844E-001
22 27
 -7.267737250726203E-003  8.490020553325638E-003 -6.655305273137079E-003
  8.490020553317412E-003 -7.267737250728279E-003 -6.655305273139519E-003
 -6.651744022959579E-003 -6.651744022961518E-003 -1.553593238777254E-002
22 28
 -7.267737250727910E-003  6.655305273136678E-003 -8.490020553325851E-003
  6.651744022955668E-003 -1.553593238776571E-002 -6.651744022947570E-003
 -8.490020553321917E-003 -6.655305273137977E-003 -7.267737250730608E-003
22 29
 -1.553593238776347E-002  6.651744022954096E-003 -6.651744022952392E-003
  6.655305273140919E-003 -7.267737250734170E-003 -8.490020553320498E-003
 -6.655305273138173E-003 -8.490020553315431E-003 -7.267737250729714E-003
22 30
  1.202849407666221E-002 -1.728963651935478E-015 -1.474578588040519E-002
  3.808937757213138E-015  3.253157945648365E-002 -1.073360150760649E-015
 -1.474578588040612E-002  5.458957938464515E-015  1.202849407665542E-002
22 31
 -1.553593238776209E-002  6.651744022961764E-003 -6.651744022948485E-003
  6.655305273134884E-003 -7.267737250727425E-003 -8.490020553323764E-003
 -6.655305273137006E-003 -8.490020553323907E-003 -7.267737250725203E-003
22 32
  1.202849407666889E-002  1.474578588040019E-002 -1.883123648335761E-015
  1.474578588040289E-002  1.202849407666548E-002  2.429290492725333E-015
  4.153849573335089E-016 -3.950561665994057E-016  3.253157945647064E-002
22 33
  1.840321607971337E-002 -2.471303326909147E-015 -1.577852974145311E-015
 -1.247510124716134E-015  1.840321607971938E-002  2.779623319709712E-015
 -1.728624838756576E-015 -5.120144759562795E-015  3.044262756683578E-002
22 34
  8.105872507469765E-002 -1.243444366569313E-016 -7.977695110419902E-015
  1.064110550976632E-014 -8.120621850553792E-001  9.199106360171319E-001
 -6.453035805362162E-015  9.199106360171245E-001 -8.120621850553844E-001
22 35
  1.840321607972169E-002  1.950208657758301E-015 -3.418286161939454E-015
  9.632458676175903E-016  3.044262756683144E-002 -8.165397611531455E-017
 -1.006275141338109E-015 -1.904130065427667E-016  1.840321607972474E-002
22 36
  3.612261808095497E-003  4.052205619664573E-016  1.359318473753701E-015
 -3.398296184384253E-015  3.460608080968525E-003  1.146067334575410E-002
 -1.351186957460060E-015  1.146067334575244E-002  3.460608080965620E-003
22 37
 -8.120621850553802E-001  1.319338518643298E-015  9.199106360171398E-001
 -2.156207070530547E-015  8.105872507470607E-002 -1.809940001692989E-015
  9.199106360171312E-001 -2.236844607109156E-015 -8.120621850553806E-001
22 38
 -8.120621850553758E-001 -9.199106360171297E-001  2.189817337877598E-014
 -9.199106360171325E-001 -8.120621850553814E-001  2.515213514894810E-014
 -7.697157798289278E-015 -3.989863994746656E-015  8.105872507470657E-002
22 39
 -7.267737250728174E-003 -6.655305273136987E-003  8.490020553320828E-003
 -6.651744022956953E-003 -1.553593238776957E-002 -6.651744022952773E-003
  8.490020553316985E-003 -6.655305273136410E-003 -7.267737250730080E-003
22 40
 -7.267737250731959E-003 -8.490020553324904E-003  6.655305273143070E-003
 -8.490020553317575E-003 -7.267737250732342E-003 -6.655305273139802E-003
  6.651744022957843E-003 -6.651744022943980E-003 -1.553593238776992E-002
22 41
  3.044262756683359E-002  2.181618058948176E-015  3.227195529038884E-015
  2.998496633280223E-016  1.840321607971969E-002  7.653789711389858E-016
 -1.544310469434040E-015  2.228035464457712E-015  1.840321607971881E-002
22 42
 -1.553593238776632E-002 -6.651744022956685E-003 -6.651744022951941E-003
 -6.655305273134320E-003 -7.267737250724870E-003  8.490020553319802E-003
 -6.655305273132793E-003  8.490020553317594E-003 -7.267737250729687E-003
22 43
 -7.914939155043939E-003  3.215337067777324E-016  8.104750052508047E-015
  7.128629284092192E-016 -7.914939155041335E-003  6.163350537401191E-015
  1.025926305714409E-014  6.953124057421101E-015 -7.914939155045698E-003
22 44
 -1.553593238776724E-002  6.651744022948780E-003  6.651744022949413E-003
  6.655305273140457E-003 -7.267737250733163E-003  8.490020553319301E-003
  6.655305273138630E-003  8.490020553316545E-003 -7.267737250733181E-003
22 45
  3.460608080967162E-003  2.209061926439215E-016  1.146067334575527E-002
 -2.757939276260002E-016  3.612261808086191E-003 -4.964290697268003E-015
  1.146067334575321E-002  4.595661958622932E-015  3.460608080962055E-003
22 46
 -7.267737250721623E-003 -8.490020553317308E-003 -6.655305273140088E-003
 -8.490020553318161E-003 -7.267737250726894E-003  6.655305273138984E-003
 -6.651744022946066E-003  6.651744022955083E-003 -1.553593238776648E-002
22 47
 -7.267737250729545E-003  6.655305273131983E-003  8.490020553311547E-003
  6.651744022952651E-003 -1.553593238776506E-002  6.651744022955572E-003
  8.490020553317348E-003  6.655305273139266E-003 -7.267737250728075E-003
22 48
  3.460608080966131E-003 -1.146067334574778E-002 -4.342229700804445E-015
 -1.146067334575006E-002  3.460608080959169E-003  2.741676243672719E-015
  4.395084556713114E-015 -2.672558355176768E-015  3.612261808096759E-003
22 49
 -7.267737250732287E-003  8.490020553320023E-003  6.655305273136134E-003
  8.490020553321743E-003 -7.267737250729497E-003  6.655305273139729E-003
  6.651744022954413E-003  6.651744022955351E-003 -1.553593238776736E-002
22 50
 -7.267737250731699E-003 -6.655305273136279E-003 -8.490020553320075E-003
 -6.651744022953330E-003 -1.553593238776778E-002  6.651744022960120E-003
 -8.490020553322262E-003  6.655305273137445E-003 -7.267737250730644E-003
22 51
  3.460608080961344E-003  1.146067334574801E-002 -2.857889164036009E-015
  1.146067334574659E-002  3.460608080962920E-003 -1.248187751073937E-015
 -9.351243737687476E-017  2.866359493508552E-015  3.612261808098983E-003
22 52
  3.460608080962007E-003  3.587692751390315E-015 -1.146067334574817E-002
 -4.201283418381330E-015  3.612261808091644E-003 -1.962744745377665E-015
 -1.146067334575512E-002 -5.654791955869709E-015  3.460608080964970E-003
22 53
 -1.553593238776547E-002 -6.651744022951810E-003  6.651744022957286E-003
 -6.655305273140435E-003 -7.267737250727625E-003 -8.490020553319409E-003
  6.655305273137789E-003 -8.490020553323855E-003 -7.267737250736715E-003
22 54
  1.202849407664931E-002 -1.474578588040810E-002 -8.608904062713807E-015
 -1.474578588041238E-002  1.202849407665389E-002 -1.029992063861229E-016
 -1.160096324559490E-015  1.788255958243279E-015  3.253157945648177E-002
22 55
 -1.553593238777010E-002 -6.651744022947638E-003  6.651744022963492E-003
 -6.655305273140216E-003 -7.267737250728784E-003 -8.490020553317023E-003
  6.655305273146586E-003 -8.490020553319773E-003 -7.267737250729484E-003
22 56
  1.202849407665573E-002  2.744047935925031E-015  1.474578588040831E-002
  5.526381761065957E-015  3.253157945646781E-002 -8.920951000482291E-016
  1.474578588040971E-002 -1.502975261608031E-015  1.202849407665363E-002
22 57
  3.460608080966249E-003  1.146067334575199E-002 -3.691369584134241E-015
  1.146067334575364E-002  3.460608080963927E-003 -1.972570327565815E-015
  2.511960908377353E-015  6.905012586017056E-016  3.612261808095534E-003
22 58
 -7.267737250725962E-003 -6.655305273142471E-003 -8.490020553313739E-003
 -6.651744022949295E-003 -1.553593238776334E-002  6.651744022958896E-003
 -8.490020553321176E-003  6.655305273138551E-003 -7.267737250724868E-003
22 59
 -7.267737250730624E-003  8.490020553312589E-003  6.655305273144146E-003
  8.490020553318571E-003 -7.267737250729676E-003  6.655305273137497E-003
  6.651744022951661E-003  6.651744022953938E-003 -1.553593238777504E-002
22 60
  3.460608080969322E-003  1.396926736611792E-015 -1.146067334575729E-002
  2.270048298641525E-016  3.612261808094251E-003 -3.462331875196678E-015
 -1.146067334574775E-002  8.944667923005412E-017  3.460608080958932E-003
22 61
  3.612261808090696E-003 -2.575996599189778E-015  6.461167321655803E-016
  1.721170948820738E-015  3.460608080964104E-003 -1.146067334575520E-002
 -5.204170427930421E-016 -1.146067334575415E-002  3.460608080966269E-003
22 62
  3.253157945647331E-002 -3.669346727505629E-016  2.722025079296420E-015
 -3.662909277106496E-015  1.202849407665930E-002  1.474578588040686E-002
 -4.322578536428145E-015  1.474578588040297E-002  1.202849407665070E-002
22 63
  3.612261808093427E-003  8.771873201765534E-016 -1.427419922712947E-015
  1.568705018314964E-016  3.460608080962729E-003 -1.146067334575031E-002
  1.275970431743878E-015 -1.146067334574455E-002  3.460608080961970E-003
22 64
 -1.266294654794339E-003  2.259206276916670E-015  3.049318610115481E-018
  5.024599443112510E-016 -1.266294654790666E-003 -1.408446384694451E-015
  8.741380015664379E-017 -1.954952042262925E-015 -1.266294654789669E-003
23 1
 -1.553593238776974E-002  6.651744022958197E-003  6.651744022946368E-003
  6.655305273139706E-003 -7.267737250728282E-003  8.490020553318919E-003
  6.655305273134560E-003  8.490020553314154E-003 -7.267737250729047E-003
23 2
 -7.914939155047793E-003  3.152317816501604E-015 -6.957867441925725E-015
  4.854515227303846E-015 -7.914939155046522E-003  1.665605587480856E-015
 -3.415236843329339E-016 -5.528075826960466E-015 -7.914939155051866E-003
23 3
 -1.553593238777074E-002 -6.651744022948811E-003 -6.651744022947288E-003
 -6.655305273137324E-003 -7.267737250728976E-003  8.490020553319636E-003
 -6.655305273136813E-003  8.490020553319750E-003 -7.267737250728564E-003
23 4
  3.044262756682605E-002  7.511488176251135E-016  1.306802431023935E-015
 -9.707675201892085E-015  1.840321607972308E-002 -1.429791614965259E-015
 -2.159595202319564E-015 -1.008985646769323E-015  1.840321607972557E-002
23 5
 -7.267737250722403E-003 -8.490020553316590E-003  6.655305273139086E-003
 -8.490020553320382E-003 -7.267737250726736E-003 -6.655305273132045E-003
  6.651744022951570E-003 -6.651744022957827E-003 -1.553593238776244E-002
23 6
 -7.267737250720606E-003 -6.655305273141983E-003  8.490020553320141E-003
 -6.651744022951931E-003 -1.553593238776755E-002 -6.651744022954638E-003
  8.490020553321938E-003 -6.655305273139489E-003 -7.267737250729068E-003
23 7
 -8.120621850553896E-001 -9.199106360171412E-001  2.734086828465321E-014
 -9.199106360171387E-001 -8.120621850553813E-001  2.220446049250313E-014
  5.224499218664524E-015 -3.972245709443767E-015  8.105872507470331E-002
23 8
 -8.120621850553881E-001 -1.916327339868129E-015  9.199106360171398E-001
 -4.798611052785062E-015  8.105872507471272E-002  5.322416227367122E-015
  9.199106360171346E-001  8.588914085158605E-016 -8.120621850553752E-001
23 9
  3.612261808095026E-003  1.794693408642412E-015  2.087089182034596E-016
 -4.201283418381330E-016  3.460608080962314E-003  1.146067334575294E-002
 -2.718636947507402E-015  1.146067334574494E-002  3.460608080962914E-003
23 10
  1.840321607972267E-002 -5.912628785013918E-015 -5.097444276576379E-015
 -4.471656335144902E-015  3.044262756681793E-002  1.910906329005702E-016
 -2.561427632497004E-015  5.743561008741960E-015  1.840321607972461E-002
23 11
  8.105872507470353E-002 -2.090477313823613E-015  3.357638602916047E-015
  7.022241945917052E-015 -8.120621850553826E-001  9.199106360171412E-001
 -1.606313281173055E-015  9.199106360171336E-001 -8.120621850553847E-001
23 12
  1.840321607972236E-002 -1.283763134858618E-015  4.687480330105298E-015
 -3.445391216251592E-015  1.840321607972603E-002  1.005055413894063E-014
 -2.127746763502802E-016 -6.959222694641332E-016  3.044262756682309E-002
23 13
  3.460608080964819E-003 -1.146067334574802E-002  2.686449695511739E-015
 -1.146067334574668E-002  3.460608080962252E-003  2.853484592710287E-015
  1.403364187010925E-015 -3.266159044612582E-015  3.612261808099790E-003
23 14
 -7.267737250726899E-003  6.655305273142593E-003  8.490020553316121E-003
  6.651744022956672E-003 -1.553593238777039E-002  6.651744022954762E-003
  8.490020553316468E-003  6.655305273139746E-003 -7.267737250726426E-003
23 15
 -7.267737250731061E-003 -8.490020553322042E-003 -6.655305273139016E-003
 -8.490020553318326E-003 -7.267737250732656E-003  6.655305273136389E-003
 -6.651744022961137E-003  6.651744022961978E-003 -1.553593238777251E-002
23 16
  3.460608080956346E-003 -2.971052765789184E-015  1.146067334575399E-002
 -1.352881023354569E-015  3.612261808099433E-003 -3.323079658668071E-015
  1.146067334574405E-002 -3.648340310413722E-015  3.460608080966775E-003
23 17
 -7.267737250731947E-003  6.655305273145422E-003 -8.490020553324276E-003
  6.651744022960147E-003 -1.553593238776700E-002 -6.651744022956311E-003
 -8.490020553322195E-003 -6.655305273138235E-003 -7.267737250726334E-003
23 18
 -7.267737250732377E-003  8.490020553317717E-003 -6.655305273139852E-003
  8.490020553321792E-003 -7.267737250731286E-003 -6.655305273138340E-003
 -6.651744022955403E-003 -6.651744022953729E-003 -1.553593238776513E-002
23 19
 -8.120621850553869E-001  3.042948922352129E-014 -9.199106360171392E-001
 -2.545164599909722E-015  8.105872507470201E-002 -1.124927516589491E-014
 -9.199106360171353E-001  1.927711462679227E-014 -8.120621850553844E-001
23 20
 -8.120621850553906E-001  9.199106360171327E-001  2.262594408705687E-015
  9.199106360171380E-001 -8.120621850553806E-001  2.703729167635727E-015
  1.436567878543293E-016  4.838252194716564E-016  8.105872507470568E-002
23 21
  3.253157945647496E-002  1.994254371015525E-015 -1.856696220381426E-016
 -5.041540102057596E-015  1.202849407666550E-002 -1.474578588040284E-002
 -4.957514433689969E-015 -1.474578588040110E-002  1.202849407666025E-002
23 22
  8.105872507470524E-002  2.048464479639800E-015 -1.172293598999952E-015
  2.564138137928218E-014 -8.120621850553842E-001 -9.199106360171402E-001
  2.698172631501738E-014 -9.199106360171346E-001 -8.120621850553820E-001
23 23
  6.140120841670734E+000 -4.289052972375820E-014 -4.704116057189373E-014
 -4.625511399684173E-014  6.140120841670757E+000 -3.949341938550011E-014
 -4.556291867234552E-014 -4.017443387509256E-014  6.140120841670742E+000
23 24
  8.105872507470316E-002  1.077764722086372E-015 -1.674753543311203E-015
  2.938289531389388E-014 -8.120621850553771E-001 -9.199106360171332E-001
  2.111890306730202E-014 -9.199106360171363E-001 -8.120621850553810E-001
23 25
 -7.267737250728882E-003  6.655305273142671E-003 -8.490020553322659E-003
  6.651744022950261E-003 -1.553593238777046E-002 -6.651744022953540E-003
 -8.490020553323777E-003 -6.655305273135103E-003 -7.267737250728388E-003
23 26
 -8.120621850553896E-001  9.199106360171360E-001 -4.222967461831040E-015
  9.199106360171380E-001 -8.120621850553870E-001  1.567349765599357E-015
 -8.082049569521632E-015  1.216339312257175E-015  8.105872507470689E-002
23 27
 -8.120621850553764E-001  2.839389964467975E-014 -9.199106360171312E-001
  4.475722093291723E-016  8.105872507471008E-002  6.291083105847139E-015
 -9.199106360171287E-001  2.049480919176505E-014 -8.120621850553806E-001
23 28
 -7.267737250723671E-003  8.490020553321279E-003 -6.655305273140772E-003
  8.490020553326007E-003 -7.267737250730728E-003 -6.655305273135776E-003
 -6.651744022950068E-003 -6.651744022953579E-003 -1.553593238777174E-002
23 29
  1.202849407665412E-002  1.474578588040572E-002 -1.066583887182615E-015
  1.474578588041146E-002  1.202849407665552E-002 -1.125537380311514E-015
  9.175060884658581E-016  5.528075826960466E-015  3.253157945648714E-002
23 30
 -1.553593238776253E-002  6.651744022950413E-003 -6.651744022951785E-003
  6.655305273139055E-003 -7.267737250731330E-003 -8.490020553316859E-003
 -6.655305273137787E-003 -8.490020553318647E-003 -7.267737250728596E-003
23 31
  1.202849407666342E-002  1.020302006944640E-014 -1.474578588040350E-002
 -3.986475862957639E-015  3.253157945648434E-002 -1.324759529505726E-015
 -1.474578588040312E-002  4.275822317739708E-016  1.202849407665798E-002
23 32
 -1.553593238775966E-002  6.651744022951088E-003 -6.651744022957541E-003
  6.655305273139861E-003 -7.267737250723777E-003 -8.490020553318676E-003
 -6.655305273133925E-003 -8.490020553325426E-003 -7.267737250730304E-003
23 33
  3.612261808086728E-003  1.719815696105131E-015 -4.590240947760504E-015
  1.197365774238679E-015  3.460608080964219E-003  1.146067334575186E-002
  1.836367429647323E-015  1.146067334574961E-002  3.460608080966224E-003
23 34
  1.840321607971302E-002  3.302750867933968E-015 -3.123179883116056E-015
  4.460814313420047E-015  1.840321607971936E-002 -3.533143829587138E-015
 -5.187907395343139E-015 -6.103380604735587E-015  3.044262756683606E-002
23 35
  8.105872507470777E-002 -2.073536654878527E-016 -3.949206413278450E-015
  5.237035306283888E-015 -8.120621850553764E-001  9.199106360171260E-001
 -4.262269790583639E-015  9.199106360171239E-001 -8.120621850553780E-001
23 36
  1.840321607972076E-002  2.632917213245267E-015 -3.002901204605946E-015
  3.903127820947816E-016  3.044262756682560E-002 -1.690000136361780E-015
 -2.040332963346159E-015  2.780300946067515E-015  1.840321607971816E-002
23 37
 -7.267737250729675E-003 -8.490020553319978E-003  6.655305273149959E-003
 -8.490020553323350E-003 -7.267737250731402E-003 -6.655305273143738E-003
  6.651744022952476E-003 -6.651744022951543E-003 -1.553593238777455E-002
23 38
 -8.120621850553754E-001  4.349344777561381E-015  9.199106360171256E-001
  5.143184055728112E-016  8.105872507470568E-002 -5.364767874729837E-015
  9.199106360171304E-001 -3.755405274946666E-015 -8.120621850553837E-001
23 39
 -8.120621850553779E-001 -9.199106360171256E-001  1.317712215384570E-014
 -9.199106360171303E-001 -8.120621850553779E-001  2.068454457195001E-014
 -4.140297046179020E-015  7.047314121155779E-017  8.105872507470865E-002
23 40
 -7.267737250732561E-003 -6.655305273143018E-003  8.490020553320618E-003
 -6.651744022953107E-003 -1.553593238777589E-002 -6.651744022949457E-003
  8.490020553324753E-003 -6.655305273132946E-003 -7.267737250729882E-003
23 41
 -1.553593238776634E-002  6.651744022949496E-003  6.651744022953791E-003
  6.655305273138315E-003 -7.267737250732070E-003  8.490020553318716E-003
  6.655305273137280E-003  8.490020553321117E-003 -7.267737250730611E-003
23 42
  3.044262756683329E-002  9.208942202548753E-016 -2.558039500707987E-015
  3.272596495011715E-015  1.840321607971987E-002 -9.605353621863766E-016
  4.683753385137379E-015 -7.074419175467916E-016  1.840321607971714E-002
23 43
 -1.553593238776508E-002 -6.651744022950852E-003 -6.651744022946392E-003
 -6.655305273143971E-003 -7.267737250733647E-003  8.490020553324231E-003
 -6.655305273134990E-003  8.490020553316775E-003 -7.267737250730494E-003
23 44
 -7.914939155043887E-003 -8.740024762948773E-015  3.549406862174420E-015
 -7.287871478176000E-016 -7.914939155045209E-003  8.874872408151657E-015
  5.556536133988210E-017  4.503504773961664E-015 -7.914939155049112E-003
23 45
  3.460608080967740E-003 -1.146067334575274E-002  1.025248679356605E-015
 -1.146067334574409E-002  3.460608080961897E-003 -1.203464411458910E-015
  2.480112469560591E-015  3.426078865054194E-015  3.612261808097600E-003
23 46
  3.460608080970818E-003 -6.457779189866786E-016  1.146067334574949E-002
  5.231275482242559E-015  3.612261808098311E-003  1.420982472313814E-015
  1.146067334575115E-002 -2.493664996716660E-016  3.460608080963494E-003
23 47
 -7.267737250727624E-003 -8.490020553326287E-003 -6.655305273139484E-003
 -8.490020553321672E-003 -7.267737250725187E-003  6.655305273144901E-003
 -6.651744022948924E-003  6.651744022946932E-003 -1.553593238776957E-002
23 48
 -7.267737250728321E-003  6.655305273144449E-003  8.490020553322951E-003
  6.651744022947524E-003 -1.553593238777838E-002  6.651744022950700E-003
  8.490020553321011E-003  6.655305273148824E-003 -7.267737250733674E-003
23 49
  3.460608080964467E-003  2.683400376901623E-015 -1.146067334574886E-002
 -5.478270289661913E-015  3.612261808093790E-003 -2.944286524655948E-015
 -1.146067334574627E-002 -2.231423596246729E-015  3.460608080964297E-003
23 50
 -7.267737250730930E-003  8.490020553319535E-003  6.655305273145345E-003
  8.490020553321674E-003 -7.267737250726860E-003  6.655305273142683E-003
  6.651744022953071E-003  6.651744022954546E-003 -1.553593238777991E-002
23 51
 -7.267737250739177E-003 -6.655305273145080E-003 -8.490020553314978E-003
 -6.651744022953841E-003 -1.553593238777865E-002  6.651744022949355E-003
 -8.490020553318120E-003  6.655305273144295E-003 -7.267737250726437E-003
23 52
  3.460608080963081E-003  1.146067334575034E-002 -8.062059591966431E-015
  1.146067334574243E-002  3.460608080966102E-003  2.886688284242656E-016
  1.730657717829986E-015  1.936656130602232E-015  3.612261808104365E-003
23 53
  1.202849407665266E-002 -5.307169634316544E-015  1.474578588040912E-002
  3.628011519679619E-015  3.253157945648478E-002  1.010510306074380E-014
  1.474578588041460E-002 -3.510104533421821E-016  1.202849407665191E-002
23 54
 -1.553593238777442E-002 -6.651744022946794E-003  6.651744022949377E-003
 -6.655305273139734E-003 -7.267737250731520E-003 -8.490020553320196E-003
  6.655305273138803E-003 -8.490020553323277E-003 -7.267737250730729E-003
23 55
  1.202849407665680E-002 -1.474578588040735E-002  5.848254281022591E-015
 -1.474578588041109E-002  1.202849407664934E-002  2.097253577401648E-016
 -4.239230494418322E-015  1.994254371015525E-015  3.253157945648340E-002
23 56
 -1.553593238776842E-002 -6.651744022951028E-003  6.651744022954570E-003
 -6.655305273143411E-003 -7.267737250730041E-003 -8.490020553314272E-003
  6.655305273134724E-003 -8.490020553317578E-003 -7.267737250724924E-003
23 57
  3.460608080971625E-003  1.958340174051942E-015 -1.146067334574961E-002
  1.190589510660645E-015  3.612261808094515E-003  1.542277590360630E-015
 -1.146067334574780E-002  1.028636811145622E-015  3.460608080962354E-003
23 58
  3.460608080969233E-003  1.146067334575165E-002  6.213833701057547E-016
  1.146067334575259E-002  3.460608080966218E-003 -3.037798962032823E-015
 -4.296151108473811E-016 -6.046459990680098E-015  3.612261808098411E-003
23 59
 -7.267737250727036E-003 -6.655305273144210E-003 -8.490020553320318E-003
 -6.651744022946457E-003 -1.553593238777114E-002  6.651744022951185E-003
 -8.490020553316711E-003  6.655305273141504E-003 -7.267737250720162E-003
23 60
 -7.267737250728684E-003  8.490020553318387E-003  6.655305273137684E-003
  8.490020553315308E-003 -7.267737250730993E-003  6.655305273144894E-003
  6.651744022953700E-003  6.651744022956884E-003 -1.553593238777390E-002
23 61
 -1.266294654795844E-003  4.031876828930470E-017 -3.050673862831088E-015
  2.265304914136901E-015 -1.266294654792857E-003 -6.742382260144231E-017
  7.460666199415877E-016  6.295148863993960E-016 -1.266294654795370E-003
23 62
  3.612261808091701E-003  9.717161970901333E-016  2.862971361719535E-016
  4.475383280112821E-015  3.460608080964223E-003 -1.146067334574498E-002
  1.551086733012075E-015 -1.146067334574739E-002  3.460608080968404E-003
23 63
  3.253157945647231E-002  2.454701481142962E-015  3.643258112730197E-015
 -1.576497721429704E-015  1.202849407665187E-002  1.474578588041255E-002
 -4.225000340904450E-015  1.474578588041507E-002  1.202849407664670E-002
23 64
  3.612261808091516E-003 -5.773376568485311E-016  3.713392440762853E-015
  9.862851637829073E-016  3.460608080963237E-003 -1.146067334575123E-002
 -4.139619419821217E-015 -1.146067334574840E-002  3.460608080964590E-003
24 1
  3.044262756682702E-002  3.567363960656211E-015 -1.268482660490150E-014
 -2.789787715076764E-015  1.840321607971928E-002  1.654085939398198E-015
  2.963937689032248E-015 -1.412850956020173E-016  1.840321607972280E-002
24 2
 -1.553593238777738E-002  6.651744022957376E-003  6.651744022951948E-003
  6.655305273133252E-003 -7.267737250728719E-003  8.490020553330604E-003
  6.655305273141801E-003  8.490020553315403E-003 -7.267737250722902E-003
24 3
 -7.914939155046706E-003  3.510104533421821E-015  4.808436634973212E-015
 -3.211948935988307E-015 -7.914939155045705E-003 -6.461844948013606E-015
 -1.409462824231156E-016 -2.126391510787196E-015 -7.914939155043750E-003
24 4
 -1.553593238777522E-002 -6.651744022958713E-003 -6.651744022953986E-003
 -6.655305273135944E-003 -7.267737250726538E-003  8.490020553314650E-003
 -6.655305273136255E-003  8.490020553317431E-003 -7.267737250732082E-003
24 5
 -8.120621850553601E-001 -4.273518388123176E-014  9.199106360171506E-001
  4.385597787703865E-015  8.105872507470423E-002 -6.640738306473715E-017
  9.199106360171218E-001  3.483744868103267E-014 -8.120621850553986E-001
24 6
 -7.267737250725314E-003 -8.490020553313125E-003  6.655305273145160E-003
 -8.490020553321551E-003 -7.267737250733409E-003 -6.655305273137638E-003
  6.651744022948312E-003 -6.651744022956999E-003 -1.553593238777209E-002
24 7
 -7.267737250726726E-003 -6.655305273146564E-003  8.490020553319899E-003
 -6.651744022955011E-003 -1.553593238776710E-002 -6.651744022960111E-003
  8.490020553314544E-003 -6.655305273137207E-003 -7.267737250732343E-003
24 8
 -8.120621850553897E-001 -9.199106360171363E-001  2.247991560695023E-014
 -9.199106360171312E-001 -8.120621850553761E-001  2.786907803056099E-014
  1.380663704024510E-015 -4.817245777624657E-015  8.105872507470153E-002
24 9
  1.840321607972621E-002  5.048316365635630E-016  1.015761910347357E-014
  2.623769257414921E-015  1.840321607972834E-002  2.981555974335137E-017
 -7.681572392059799E-015  3.842819075103310E-015  3.044262756682203E-002
24 10
  3.612261808098870E-003  3.076762477606521E-015 -3.003240017784847E-015
  5.382386160032726E-015  3.460608080964453E-003  1.146067334574260E-002
 -4.125050453128443E-015  1.146067334574949E-002  3.460608080964270E-003
24 11
  1.840321607971789E-002 -6.027825265840503E-015 -4.378143897768028E-015
  4.956836807332166E-015  3.044262756682934E-002  1.376259132698787E-015
 -7.741881137904305E-015  2.341199066210886E-015  1.840321607972243E-002
24 12
  8.105872507470449E-002 -2.801646176338324E-015  5.646321626397166E-015
  4.226355593620057E-015 -8.120621850552867E-001  9.199106360170701E-001
 -1.062280959810563E-014  9.199106360170510E-001 -8.120621850553327E-001
24 13
  3.460608080959463E-003 -4.404571325722362E-016  1.146067334574624E-002
  7.148958074826295E-016  3.612261808095426E-003 -3.579900048275575E-015
  1.146067334575062E-002  1.933267998813215E-015  3.460608080962718E-003
24 14
  3.460608080963382E-003 -1.146067334574576E-002 -4.356459854318318E-015
 -1.146067334574795E-002  3.460608080960371E-003  6.410345344820545E-016
  4.166385660954453E-015 -7.135405547670226E-015  3.612261808090021E-003
24 15
 -7.267737250730218E-003  6.655305273139960E-003  8.490020553326212E-003
  6.651744022960361E-003 -1.553593238777747E-002  6.651744022959607E-003
  8.490020553327822E-003  6.655305273140329E-003 -7.267737250714472E-003
24 16
 -7.267737250727095E-003 -8.490020553323385E-003 -6.655305273129084E-003
 -8.490020553312588E-003 -7.267737250729323E-003  6.655305273141314E-003
 -6.651744022951068E-003  6.651744022948688E-003 -1.553593238776034E-002
24 17
 -8.120621850553691E-001  9.199106360171589E-001 -5.486029111458762E-014
  9.199106360171332E-001 -8.120621850554004E-001  4.465693223196232E-014
 -1.783512573738655E-015 -6.381885037792800E-015  8.105872507470881E-002
24 18
 -7.267737250726887E-003  6.655305273141435E-003 -8.490020553320810E-003
  6.651744022954264E-003 -1.553593238777002E-002 -6.651744022953873E-003
 -8.490020553323928E-003 -6.655305273138657E-003 -7.267737250726419E-003
24 19
 -7.267737250727589E-003  8.490020553321183E-003 -6.655305273144528E-003
  8.490020553309746E-003 -7.267737250728687E-003 -6.655305273139858E-003
 -6.651744022956996E-003 -6.651744022957738E-003 -1.553593238776688E-002
24 20
 -8.120621850553846E-001  2.080482325046012E-014 -9.199106360171312E-001
 -1.923103603446163E-015  8.105872507470357E-002 -6.611600373088167E-015
 -9.199106360171350E-001  2.521176626843480E-014 -8.120621850553890E-001
24 21
  8.105872507470802E-002  3.748290198189730E-015  9.181837148236616E-017
 -3.289333866049460E-014 -8.120621850553981E-001 -9.199106360171534E-001
 -4.548634689391373E-014 -9.199106360171578E-001 -8.120621850554057E-001
24 22
  3.253157945647510E-002  3.855016349543772E-015  4.772522438009630E-015
 -4.888396545194018E-015  1.202849407665696E-002 -1.474578588040861E-002
 -7.193681414441322E-015 -1.474578588040415E-002  1.202849407665809E-002
24 23
  8.105872507470574E-002 -2.091493753360318E-015 -9.089679963575348E-015
  2.138724310499218E-014 -8.120621850553708E-001 -9.199106360171287E-001
  1.539092746478954E-014 -9.199106360171270E-001 -8.120621850553795E-001
24 24
  6.140120841670528E+000  2.203217399103161E-014 -2.803882343319075E-014
 -6.341091931053033E-014  6.140120841670472E+000  1.699046448238456E-013
 -6.801793151064647E-014  2.105989875219628E-013  6.140120841670456E+000
24 25
 -7.267737250727889E-003  8.490020553328436E-003 -6.655305273130074E-003
  8.490020553322904E-003 -7.267737250729272E-003 -6.655305273138389E-003
 -6.651744022947306E-003 -6.651744022953070E-003 -1.553593238777070E-002
24 26
 -7.267737250731708E-003  6.655305273139770E-003 -8.490020553330627E-003
  6.651744022961520E-003 -1.553593238777228E-002 -6.651744022955527E-003
 -8.490020553313084E-003 -6.655305273143675E-003 -7.267737250735929E-003
24 27
 -8.120621850553739E-001  9.199106360171325E-001 -1.026739457343773E-014
  9.199106360171312E-001 -8.120621850553794E-001 -1.007969207232617E-015
  1.199805229126771E-014 -8.494046395066124E-016  8.105872507469707E-002
24 28
 -8.120621850552882E-001 -4.741554913458013E-014 -9.199106360170785E-001
 -4.222967461831040E-015  8.105872507470499E-002 -3.124535135831663E-015
 -9.199106360170409E-001 -4.505266602491953E-014 -8.120621850553335E-001
24 29
 -1.553593238777396E-002  6.651744022958039E-003 -6.651744022959025E-003
  6.655305273132918E-003 -7.267737250727596E-003 -8.490020553328188E-003
 -6.655305273140816E-003 -8.490020553323870E-003 -7.267737250727480E-003
24 30
  1.202849407665571E-002  1.474578588040212E-002 -1.543971656255139E-015
  1.474578588041183E-002  1.202849407665625E-002  1.921748350730557E-015
  9.782891727608267E-015 -6.545870616381233E-015  3.253157945647664E-002
24 31
 -1.553593238776968E-002  6.651744022957692E-003 -6.651744022949873E-003
  6.655305273140083E-003 -7.267737250735181E-003 -8.490020553317474E-003
 -6.655305273135134E-003 -8.490020553322444E-003 -7.267737250727432E-003
24 32
  1.202849407665675E-002  2.536355457258277E-015 -1.474578588040912E-002
  3.064904016344960E-015  3.253157945647667E-002  3.930232875259954E-017
 -1.474578588040810E-002  2.655278883052781E-015  1.202849407666015E-002
24 33
  1.840321607971859E-002 -1.829252352890387E-015 -6.367993697457830E-015
  1.750986508564090E-015  3.044262756682076E-002 -5.462346070253532E-015
 -8.212831456577696E-015  3.747273758653025E-015  1.840321607972194E-002
24 34
  3.612261808091747E-003 -6.993104012531504E-016  3.819102152580189E-015
 -1.587000929975657E-015  3.460608080964577E-003  1.146067334575049E-002
 -3.127923267620680E-015  1.146067334575113E-002  3.460608080969501E-003
24 35
  1.840321607972085E-002 -1.379308451308903E-015 -1.402686560653121E-016
 -1.181102741651396E-015  1.840321607972410E-002  3.590064443642627E-015
 -2.432339811335449E-015 -2.998835446459125E-015  3.044262756682889E-002
24 36
  8.105872507470555E-002  1.124182127595907E-015 -2.280212694008577E-015
  5.091684452535050E-015 -8.120621850553279E-001  9.199106360170453E-001
 -2.770475363879366E-015  9.199106360170654E-001 -8.120621850552904E-001
24 37
 -7.267737250727836E-003 -6.655305273137748E-003  8.490020553331416E-003
 -6.651744022949447E-003 -1.553593238777662E-002 -6.651744022951139E-003
  8.490020553325841E-003 -6.655305273136847E-003 -7.267737250729367E-003
24 38
 -7.267737250728420E-003 -8.490020553326596E-003  6.655305273140030E-003
 -8.490020553313195E-003 -7.267737250732473E-003 -6.655305273136973E-003
  6.651744022958563E-003 -6.651744022952800E-003 -1.553593238776985E-002
24 39
 -8.120621850553733E-001  1.623592753297043E-015  9.199106360171218E-001
  1.699486905371028E-015  8.105872507470462E-002  1.446732273910345E-015
  9.199106360171276E-001  1.206174916890124E-015 -8.120621850553811E-001
24 40
 -8.120621850552959E-001 -9.199106360170782E-001 -4.851465908693731E-015
 -9.199106360170527E-001 -8.120621850553355E-001 -3.092009070657098E-015
  4.946333598786212E-015  2.959533117706525E-015  8.105872507470462E-002
24 41
 -7.914939155049700E-003 -1.566672139241554E-015  3.266497857791484E-015
  2.875168636159997E-015 -7.914939155048793E-003  1.153320060981455E-015
  4.396439809428720E-015  2.521786490565503E-015 -7.914939155050180E-003
24 42
 -1.553593238776868E-002  6.651744022946474E-003  6.651744022949168E-003
  6.655305273138191E-003 -7.267737250733167E-003  8.490020553322090E-003
  6.655305273139953E-003  8.490020553322370E-003 -7.267737250732026E-003
24 43
  3.044262756683353E-002  3.064565203166059E-015  9.859463506040056E-016
 -4.138941793463413E-015  1.840321607971876E-002  1.395910297075087E-015
  2.165693839539795E-015  1.555491304337797E-015  1.840321607971412E-002
24 44
 -1.553593238776336E-002 -6.651744022948907E-003 -6.651744022946131E-003
 -6.655305273137772E-003 -7.267737250723598E-003  8.490020553330676E-003
 -6.655305273136636E-003  8.490020553323232E-003 -7.267737250727102E-003
24 45
 -7.267737250726854E-003  6.655305273141295E-003  8.490020553322269E-003
  6.651744022942994E-003 -1.553593238777417E-002  6.651744022950449E-003
  8.490020553315953E-003  6.655305273143714E-003 -7.267737250727374E-003
24 46
  3.460608080967384E-003 -1.146067334575307E-002  5.722554591650053E-016
 -1.146067334574910E-002  3.460608080965268E-003 -2.999851885995830E-015
 -4.777943448872057E-015 -2.283600825797594E-016  3.612261808092334E-003
24 47
  3.460608080962443E-003  5.082197683525802E-018  1.146067334575032E-002
 -1.647309675820163E-015  3.612261808091614E-003  2.673913607892375E-015
  1.146067334574827E-002  4.126744519022951E-016  3.460608080957137E-003
24 48
 -7.267737250729619E-003 -8.490020553316017E-003 -6.655305273134465E-003
 -8.490020553320921E-003 -7.267737250726518E-003  6.655305273137871E-003
 -6.651744022956029E-003  6.651744022956410E-003 -1.553593238776815E-002
24 49
  3.460608080962954E-003  1.146067334574911E-002 -3.074729598533110E-015
  1.146067334574842E-002  3.460608080960245E-003  2.276824562219559E-016
  1.759456838036633E-015  4.528915762379293E-015  3.612261808096062E-003
24 50
  3.460608080965130E-003  7.250602028496811E-017 -1.146067334574478E-002
  2.740320990957112E-015  3.612261808097603E-003  2.511283282019550E-015
 -1.146067334574892E-002  1.214306433183765E-015  3.460608080962406E-003
24 51
 -7.267737250732202E-003  8.490020553326143E-003  6.655305273145991E-003
  8.490020553321150E-003 -7.267737250724469E-003  6.655305273137556E-003
  6.651744022965599E-003  6.651744022957856E-003 -1.553593238777818E-002
24 52
 -7.267737250730092E-003 -6.655305273137611E-003 -8.490020553325003E-003
 -6.651744022951047E-003 -1.553593238777249E-002  6.651744022948046E-003
 -8.490020553309781E-003  6.655305273145916E-003 -7.267737250729342E-003
24 53
 -1.553593238777500E-002 -6.651744022957660E-003  6.651744022953919E-003
 -6.655305273145905E-003 -7.267737250728514E-003 -8.490020553314855E-003
  6.655305273143377E-003 -8.490020553319095E-003 -7.267737250727465E-003
24 54
  1.202849407664980E-002  4.835541689285350E-015  1.474578588040804E-002
  3.849595338681344E-015  3.253157945648067E-002 -3.243119748447265E-015
  1.474578588041478E-002 -8.270429696990989E-016  1.202849407665219E-002
24 55
 -1.553593238777189E-002 -6.651744022948961E-003  6.651744022959647E-003
 -6.655305273140706E-003 -7.267737250727765E-003 -8.490020553321355E-003
  6.655305273142408E-003 -8.490020553318147E-003 -7.267737250732337E-003
24 56
  1.202849407665004E-002 -1.474578588040656E-002 -5.441678466340527E-015
 -1.474578588041467E-002  1.202849407665675E-002 -1.445377021194738E-015
  3.571429718803032E-015  4.147750936114858E-015  3.253157945647547E-002
24 57
 -7.267737250723976E-003  8.490020553317192E-003  6.655305273146043E-003
  8.490020553311920E-003 -7.267737250730670E-003  6.655305273141471E-003
  6.651744022947664E-003  6.651744022954779E-003 -1.553593238776942E-002
24 58
  3.460608080965080E-003  4.516379674759929E-016 -1.146067334574855E-002
 -1.341700188450812E-016  3.612261808093511E-003 -2.736255232810292E-015
 -1.146067334575009E-002 -4.675621868843738E-016  3.460608080964559E-003
24 59
  3.460608080962333E-003  1.146067334574776E-002 -1.338312056661795E-015
  1.146067334574150E-002  3.460608080957446E-003 -3.398973810742056E-015
  1.344749507060927E-015 -5.952947553303223E-016  3.612261808099235E-003
24 60
 -7.267737250731626E-003 -6.655305273141444E-003 -8.490020553315958E-003
 -6.651744022954227E-003 -1.553593238776731E-002  6.651744022961426E-003
 -8.490020553322691E-003  6.655305273134908E-003 -7.267737250724186E-003
24 61
  3.612261808099810E-003 -1.043205777838396E-015 -1.750986508564090E-015
 -2.675268860607982E-015  3.460608080969317E-003 -1.146067334574813E-002
 -3.851628217754755E-015 -1.146067334574840E-002  3.460608080962429E-003
24 62
 -1.266294654794779E-003  1.220066257225094E-015  1.049982041416431E-015
 -6.288372600415926E-016 -1.266294654794862E-003 -9.635846807964921E-016
 -1.907518197216684E-016 -3.659182332138577E-017 -1.266294654794823E-003
24 63
  3.612261808091220E-003  3.489775742687717E-017  5.423382554679834E-015
  4.330032426363983E-015  3.460608080959801E-003 -1.146067334574239E-002
  7.809643773684649E-016 -1.146067334575021E-002  3.460608080964103E-003
24 64
  3.253157945647213E-002 -8.870129023647033E-016  5.451504048528677E-015
  5.091006826177247E-015  1.202849407665549E-002  1.474578588040535E-002
 -1.520254733732018E-015  1.474578588040462E-002  1.202849407666149E-002
25 1
 -7.267737250730218E-003 -8.490020553315500E-003 -6.655305273136996E-003
 -8.490020553317828E-003 -7.267737250724492E-003  6.655305273133316E-003
 -6.651744022958514E-003  6.651744022956066E-003 -1.553593238776697E-002
25 2
  3.460608080964370E-003  2.415060339211461E-015  1.146067334574838E-002
  5.089312760282738E-015  3.612261808097806E-003 -2.539404775868392E-015
  1.146067334574402E-002 -2.815537516673294E-015  3.460608080959990E-003
25 3
  3.460608080959544E-003 -1.146067334575653E-002 -2.812149384884277E-015
 -1.146067334574363E-002  3.460608080962485E-003  3.531788576871531E-015
  4.906014830496908E-015  4.931087005735635E-015  3.612261808093973E-003
25 4
 -7.267737250732523E-003  6.655305273138188E-003  8.490020553322493E-003
  6.651744022960449E-003 -1.553593238776090E-002  6.651744022949794E-003
  8.490020553320772E-003  6.655305273132228E-003 -7.267737250731698E-003
25 5
 -1.553593238778057E-002 -6.651744022956289E-003 -6.651744022954709E-003
 -6.655305273140145E-003 -7.267737250728677E-003  8.490020553320255E-003
 -6.655305273140622E-003  8.490020553316300E-003 -7.267737250728359E-003
25 6
  3.044262756682967E-002 -6.806756764135558E-016 -7.877406409464993E-016
 -4.870100633533325E-015  1.840321607972017E-002  1.718121630210623E-015
  3.245830253878479E-015 -4.846383711010205E-015  1.840321607971864E-002
25 7
 -1.553593238777950E-002  6.651744022954719E-003  6.651744022953160E-003
  6.655305273144346E-003 -7.267737250732099E-003  8.490020553326948E-003
  6.655305273142541E-003  8.490020553323039E-003 -7.267737250723835E-003
25 8
 -7.914939155052543E-003  6.633962042895680E-016  8.931115395849343E-015
  1.966471690345584E-015 -7.914939155046733E-003 -5.231275482242559E-015
  6.810144895924575E-015 -9.812029660993815E-015 -7.914939155048099E-003
25 9
 -8.120621850553869E-001 -9.199106360171329E-001  2.407335398732502E-014
 -9.199106360171381E-001 -8.120621850553674E-001  2.872119317549882E-014
 -6.342582709040201E-016  3.733721231496956E-016  8.105872507470030E-002
25 10
 -8.120621850553869E-001 -9.236047256860891E-016  9.199106360171337E-001
 -5.659535340374333E-015  8.105872507470527E-002 -2.770475363879366E-015
  9.199106360171340E-001  8.878260539940674E-015 -8.120621850553846E-001
25 11
 -7.267737250727465E-003 -8.490020553315547E-003  6.655305273147622E-003
 -8.490020553322698E-003 -7.267737250727603E-003 -6.655305273144198E-003
  6.651744022949719E-003 -6.651744022953620E-003 -1.553593238776795E-002
25 12
 -7.267737250728733E-003 -6.655305273142698E-003  8.490020553324450E-003
 -6.651744022952151E-003 -1.553593238776863E-002 -6.651744022954318E-003
  8.490020553320925E-003 -6.655305273137469E-003 -7.267737250734750E-003
25 13
  8.105872507471426E-002 -8.088148206741863E-015 -1.445038208015836E-015
 -5.276676448215389E-015 -8.120621850553700E-001  9.199106360171312E-001
 -1.083185732948799E-015  9.199106360171325E-001 -8.120621850553804E-001
25 14
  1.840321607972964E-002  4.560425388017153E-015  4.628188023797497E-016
  2.062017006795869E-015  1.840321607972151E-002 -1.740822113197038E-015
 -5.816067029026928E-015  3.441664271283673E-015  3.044262756682735E-002
25 15
  3.612261808095515E-003  3.842141448745506E-015  1.026603932072212E-016
 -5.319366908757006E-016  3.460608080959297E-003  1.146067334574154E-002
  2.039655336988355E-015  1.146067334574812E-002  3.460608080960560E-003
25 16
  1.840321607971718E-002  2.241249178434879E-015 -6.859272806865324E-015
 -6.522153693858113E-016  3.044262756682196E-002 -7.132017415881209E-016
 -3.380000272723560E-015 -1.840433187794144E-015  1.840321607971310E-002
25 17
  1.202849407665202E-002  3.123518696294958E-015 -1.474578588041253E-002
 -4.817923403982460E-016  3.253157945648323E-002 -7.083905944477165E-015
 -1.474578588041117E-002  3.885509535644927E-015  1.202849407665796E-002
25 18
 -1.553593238776529E-002  6.651744022958625E-003 -6.651744022956342E-003
  6.655305273139604E-003 -7.267737250727995E-003 -8.490020553322302E-003
 -6.655305273140295E-003 -8.490020553317717E-003 -7.267737250726681E-003
25 19
  1.202849407666470E-002  1.474578588040747E-002 -3.023568808518950E-015
  1.474578588040609E-002  1.202849407666399E-002  6.382901477329506E-015
 -4.933119884809045E-015 -5.794382985577218E-015  3.253157945647668E-002
25 20
 -1.553593238777766E-002  6.651744022956673E-003 -6.651744022951982E-003
  6.655305273142808E-003 -7.267737250723233E-003 -8.490020553322231E-003
 -6.655305273143329E-003 -8.490020553320959E-003 -7.267737250731045E-003
25 21
 -8.120621850553740E-001  3.060330038429787E-014 -9.199106360171341E-001
 -4.763035669000382E-015  8.105872507470212E-002 -6.055269133331542E-015
 -9.199106360171273E-001  2.399203882438861E-014 -8.120621850553785E-001
25 22
 -8.120621850553839E-001  9.199106360171400E-001 -2.527885127785734E-015
  9.199106360171381E-001 -8.120621850553786E-001  5.781508084778952E-015
  1.112662479513249E-015 -5.149960319306146E-016  8.105872507470836E-002
25 23
 -7.267737250726263E-003  6.655305273142912E-003 -8.490020553320612E-003
  6.651744022961771E-003 -1.553593238777652E-002 -6.651744022958044E-003
 -8.490020553320824E-003 -6.655305273141769E-003 -7.267737250725088E-003
25 24
 -7.267737250728211E-003  8.490020553316276E-003 -6.655305273137993E-003
  8.490020553323107E-003 -7.267737250728845E-003 -6.655305273138734E-003
 -6.651744022956866E-003 -6.651744022946958E-003 -1.553593238776547E-002
25 25
  6.140120841670747E+000 -6.482038213476149E-014 -6.423457414844042E-014
 -7.320736356529467E-015  6.140120841670768E+000 -2.429849534470521E-014
 -5.538511272870639E-014 -2.200794884874013E-014  6.140120841670782E+000
25 26
  8.105872507471382E-002 -1.450459218878264E-015  2.065405138584886E-015
  2.398492374763167E-014 -8.120621850553699E-001 -9.199106360171347E-001
  2.442368681430940E-014 -9.199106360171320E-001 -8.120621850553795E-001
25 27
  3.253157945647699E-002 -8.944667923005412E-016  1.214577483726886E-014
  3.744563253221811E-015  1.202849407665525E-002 -1.474578588040844E-002
 -4.706792681302696E-015 -1.474578588040663E-002  1.202849407666821E-002
25 28
  8.105872507471082E-002 -3.613442552986845E-015  8.494046395066124E-016
  1.131771542803306E-014 -8.120621850553049E-001 -9.199106360170586E-001
  1.230095127320585E-014 -9.199106360170590E-001 -8.120621850553265E-001
25 29
 -8.120621850553746E-001  3.113489826199467E-014 -9.199106360171260E-001
  4.987329993433320E-016  8.105872507470707E-002 -2.499424820757989E-015
 -9.199106360171304E-001  3.285877971624662E-014 -8.120621850553814E-001
25 30
 -7.267737250725800E-003  8.490020553327175E-003 -6.655305273140413E-003
  8.490020553315727E-003 -7.267737250727725E-003 -6.655305273144167E-003
 -6.651744022957709E-003 -6.651744022951635E-003 -1.553593238777423E-002
25 31
 -7.267737250728892E-003  6.655305273137637E-003 -8.490020553325367E-003
  6.651744022954475E-003 -1.553593238776939E-002 -6.651744022950145E-003
 -8.490020553326436E-003 -6.655305273138356E-003 -7.267737250729142E-003
25 32
 -8.120621850553635E-001  9.199106360170267E-001  4.577908148048482E-014
  9.199106360171263E-001 -8.120621850552869E-001 -4.645196445378363E-014
 -5.224499218664524E-015 -1.023215800283195E-015  8.105872507469924E-002
25 33
 -7.267737250729357E-003 -8.490020553315407E-003 -6.655305273139192E-003
 -8.490020553321263E-003 -7.267737250734433E-003  6.655305273140831E-003
 -6.651744022949876E-003  6.651744022955482E-003 -1.553593238776816E-002
25 34
 -7.267737250727060E-003  6.655305273141116E-003  8.490020553323770E-003
  6.651744022950852E-003 -1.553593238777381E-002  6.651744022952020E-003
  8.490020553323452E-003  6.655305273141271E-003 -7.267737250732713E-003
25 35
  3.460608080966040E-003 -1.146067334574987E-002 -2.388971724436029E-015
 -1.146067334574974E-002  3.460608080966310E-003 -2.036267205199338E-016
  3.896351557369782E-016  5.454892180317694E-016  3.612261808092303E-003
25 36
  3.460608080963858E-003  2.511622095198451E-015  1.146067334574729E-002
  6.207057437479513E-016  3.612261808096930E-003 -7.365798509323396E-016
  1.146067334574810E-002 -2.957839051812017E-015  3.460608080966441E-003
25 37
  8.105872507471117E-002 -5.312590645178972E-016 -3.300717988860558E-015
  1.176359357146772E-015 -8.120621850553783E-001  9.199106360171372E-001
 -2.049142105997603E-015  9.199106360171312E-001 -8.120621850553831E-001
25 38
  1.840321607972227E-002 -6.233823678612749E-015 -4.816568151266853E-015
  5.275321195499783E-016  3.044262756683234E-002  9.229270993282856E-016
 -2.887365910600459E-015  5.015790300461065E-015  1.840321607971701E-002
25 39
  3.612261808097853E-003  6.957867441925725E-015 -2.039655336988355E-016
  1.170938346284345E-015  3.460608080964234E-003  1.146067334574864E-002
 -3.720168704340887E-015  1.146067334575127E-002  3.460608080962116E-003
25 40
  1.840321607972722E-002  1.623253940118141E-015  1.074715403476256E-015
  4.621411760219463E-016  1.840321607971112E-002  2.001030634593559E-015
  4.777265822514254E-016 -3.654438947633953E-015  3.044262756682039E-002
25 41
 -8.120621850553684E-001 -9.199106360171266E-001  2.434575978316200E-014
 -9.199106360171196E-001 -8.120621850553764E-001  2.776438475828036E-014
 -3.134021904840911E-015  5.576864924722313E-016  8.105872507471179E-002
25 42
 -7.267737250728581E-003 -6.655305273142636E-003  8.490020553319740E-003
 -6.651744022955827E-003 -1.553593238777507E-002 -6.651744022957671E-003
  8.490020553321818E-003 -6.655305273140059E-003 -7.267737250728150E-003
25 43
 -7.267737250727963E-003 -8.490020553316661E-003  6.655305273142201E-003
 -8.490020553324300E-003 -7.267737250724170E-003 -6.655305273135478E-003
  6.651744022957846E-003 -6.651744022948958E-003 -1.553593238776779E-002
25 44
 -8.120621850553869E-001 -1.453644062759940E-014  9.199106360169861E-001
 -6.481496112389906E-016  8.105872507469972E-002 -9.678198455327636E-015
  9.199106360171402E-001 -3.022213555803344E-016 -8.120621850552525E-001
25 45
 -1.553593238776857E-002 -6.651744022950334E-003 -6.651744022960945E-003
 -6.655305273145375E-003 -7.267737250733968E-003  8.490020553322000E-003
 -6.655305273138671E-003  8.490020553324139E-003 -7.267737250730473E-003
25 46
 -7.914939155043850E-003  5.044928233846613E-016  3.314609329195528E-015
  1.708296048022473E-015 -7.914939155054054E-003  2.860260856288321E-015
  2.707794925782547E-015  3.850950591396951E-015 -7.914939155051677E-003
25 47
 -1.553593238776894E-002  6.651744022955711E-003  6.651744022954671E-003
  6.655305273138548E-003 -7.267737250730562E-003  8.490020553323974E-003
  6.655305273142186E-003  8.490020553317235E-003 -7.267737250734802E-003
25 48
  3.044262756681411E-002  5.311574205642267E-015 -5.315978776967989E-015
  1.342039001629713E-015  1.840321607971974E-002 -4.363574931075254E-015
 -2.314094011898749E-015 -1.208885422321337E-015  1.840321607972286E-002
25 49
  3.253157945648509E-002 -7.625329404362113E-015 -1.952580350010613E-015
  2.495020249432267E-015  1.202849407666006E-002  1.474578588040695E-002
 -1.144510918330011E-015  1.474578588040646E-002  1.202849407666245E-002
25 50
  3.612261808091425E-003 -2.086411555676793E-015  3.747273758653025E-016
 -1.875330945221021E-015  3.460608080964715E-003 -1.146067334574910E-002
 -8.477105736121038E-016 -1.146067334574954E-002  3.460608080965129E-003
25 51
 -1.266294654794032E-003 -6.200281173901478E-016  5.061868892791699E-016
  1.809262375335186E-016 -1.266294654793684E-003  3.075407224890914E-015
 -1.720493322462935E-015 -1.454863790203986E-015 -1.266294654795283E-003
25 52
  3.612261808090649E-003 -6.877907531704919E-017  6.572975670693371E-016
  3.485371171361995E-015  3.460608080961673E-003 -1.146067334574258E-002
  1.334246298514974E-015 -1.146067334575721E-002  3.460608080963027E-003
25 53
 -7.267737250728616E-003 -6.655305273142100E-003 -8.490020553319834E-003
 -6.651744022955261E-003 -1.553593238776929E-002  6.651744022959867E-003
 -8.490020553323610E-003  6.655305273137635E-003 -7.267737250733118E-003
25 54
  3.460608080958746E-003  1.146067334574714E-002  7.260766423863863E-016
  1.146067334574463E-002  3.460608080966594E-003 -2.626479762846134E-015
 -1.454863790203986E-015 -1.612750731572188E-016  3.612261808096257E-003
25 55
  3.460608080960541E-003 -1.020166481673079E-015 -1.146067334574866E-002
  2.958855491348722E-015  3.612261808096546E-003 -1.829252352890387E-015
 -1.146067334574509E-002 -7.426784881525705E-016  3.460608080968701E-003
25 56
 -7.267737250728072E-003  8.490020553317759E-003  6.655305273144365E-003
  8.490020553319894E-003 -7.267737250736725E-003  6.655305273141131E-003
  6.651744022954234E-003  6.651744022952591E-003 -1.553593238776785E-002
25 57
  1.202849407665763E-002 -1.474578588040825E-002 -4.304960251125256E-015
 -1.474578588040540E-002  1.202849407665986E-002 -7.299052313079757E-015
  3.571090905624130E-015  5.055092629213664E-016  3.253157945647832E-002
25 58
 -1.553593238777605E-002 -6.651744022946398E-003  6.651744022954061E-003
 -6.655305273145656E-003 -7.267737250722538E-003 -8.490020553325232E-003
  6.655305273145398E-003 -8.490020553322835E-003 -7.267737250724865E-003
25 59
  1.202849407665242E-002  2.511283282019550E-015  1.474578588041099E-002
 -1.054217206152702E-014  3.253157945647514E-002 -3.286487835346685E-017
  1.474578588040652E-002 -5.630397406988785E-015  1.202849407665182E-002
25 60
 -1.553593238777085E-002 -6.651744022949697E-003  6.651744022953936E-003
 -6.655305273142427E-003 -7.267737250731337E-003 -8.490020553323043E-003
  6.655305273141457E-003 -8.490020553315472E-003 -7.267737250736284E-003
25 61
 -7.267737250727418E-003 -6.655305273149258E-003 -8.490020553323124E-003
 -6.651744022956842E-003 -1.553593238777128E-002  6.651744022958990E-003
 -8.490020553321615E-003  6.655305273142446E-003 -7.267737250725846E-003
25 62
 -7.267737250731518E-003  8.490020553317662E-003  6.655305273149045E-003
  8.490020553324701E-003 -7.267737250728800E-003  6.655305273138420E-003
  6.651744022947071E-003  6.651744022947674E-003 -1.553593238776757E-002
25 63
  3.460608080964148E-003  5.742883382384156E-016 -1.146067334574924E-002
 -2.267337793210311E-015  3.612261808096340E-003 -1.430130428144161E-015
 -1.146067334574577E-002  1.330180540368153E-015  3.460608080960497E-003
25 64
  3.460608080960276E-003  1.146067334575247E-002 -5.576187298364510E-015
  1.146067334574395E-002  3.460608080961661E-003 -2.910405206765776E-015
  2.930056371142076E-015  1.399976055221908E-015  3.612261808098835E-003
26 1
 -7.267737250731210E-003  6.655305273141726E-003  8.490020553322741E-003
  6.651744022961508E-003 -1.553593238776437E-002  6.651744022952109E-003
  8.490020553309026E-003  6.655305273137939E-003 -7.267737250724196E-003
26 2
 -7.267737250724673E-003 -8.490020553326419E-003 -6.655305273135727E-003
 -8.490020553313840E-003 -7.267737250727165E-003  6.655305273135009E-003
 -6.651744022958414E-003  6.651744022951649E-003 -1.553593238776715E-002
26 3
  3.460608080957387E-003 -2.810116505810867E-015  1.146067334574859E-002
 -8.165397611531455E-016  3.612261808096142E-003  2.557023061171282E-015
  1.146067334575139E-002 -6.539094352803199E-016  3.460608080965889E-003
26 4
  3.460608080960323E-003 -1.146067334574465E-002 -3.167225596373280E-015
 -1.146067334575173E-002  3.460608080961403E-003  5.895349312889930E-016
 -2.951062788233982E-015 -5.265156800132731E-015  3.612261808096964E-003
26 5
 -7.914939155052128E-003 -2.520770051028798E-016  6.048492869753508E-015
 -7.453889935837843E-017 -7.914939155038702E-003 -3.470802204669221E-015
 -5.387129544537350E-015  2.886688284242656E-015 -7.914939155044581E-003
26 6
 -1.553593238777190E-002 -6.651744022957605E-003 -6.651744022958304E-003
 -6.655305273139489E-003 -7.267737250718293E-003  8.490020553315627E-003
 -6.655305273142271E-003  8.490020553318815E-003 -7.267737250735867E-003
26 7
  3.044262756682505E-002 -1.291555837973357E-015  7.403067959002585E-016
 -3.562620576151587E-015  1.840321607971408E-002 -4.580754178751256E-015
  6.352747104407253E-015 -2.845353076416646E-015  1.840321607971526E-002
26 8
 -1.553593238777703E-002  6.651744022955704E-003  6.651744022956822E-003
  6.655305273137074E-003 -7.267737250727063E-003  8.490020553318560E-003
  6.655305273142915E-003  8.490020553314348E-003 -7.267737250723437E-003
26 9
 -7.267737250734487E-003 -6.655305273138372E-003  8.490020553317148E-003
 -6.651744022957935E-003 -1.553593238776588E-002 -6.651744022955788E-003
  8.490020553318180E-003 -6.655305273141427E-003 -7.267737250734966E-003
26 10
 -8.120621850553862E-001 -9.199106360171331E-001  2.448264030743830E-014
 -9.199106360171398E-001 -8.120621850553875E-001  2.582434049588911E-014
  5.549759870410176E-016  2.180601619411471E-015  8.105872507470852E-002
26 11
 -8.120621850553775E-001  2.510605655661746E-016  9.199106360171427E-001
  1.070310832150534E-015  8.105872507470380E-002 -2.410994581064640E-015
  9.199106360171316E-001  3.718135825267477E-015 -8.120621850553863E-001
26 12
 -7.267737250736588E-003 -8.490020553313967E-003  6.655305273142895E-003
 -8.490020553321626E-003 -7.267737250729397E-003 -6.655305273129896E-003
  6.651744022960790E-003 -6.651744022952781E-003 -1.553593238777293E-002
26 13
  1.840321607972755E-002 -8.480493867910055E-016  1.169583093568738E-015
 -2.233456475320139E-015  3.044262756682597E-002  4.431337566855598E-015
  1.093688941494753E-015 -3.653083694918347E-015  1.840321607972433E-002
26 14
  8.105872507471640E-002 -6.522153693858113E-016 -1.279697376711797E-015
  4.396100996249819E-015 -8.120621850553829E-001  9.199106360171360E-001
 -8.968384845528532E-016  9.199106360171276E-001 -8.120621850553810E-001
26 15
  1.840321607972086E-002  1.556846557053404E-015  4.555004377154726E-015
 -1.996287250088935E-015  1.840321607972132E-002  7.979050363135509E-016
 -4.060337135958214E-015 -8.151845084375386E-016  3.044262756682452E-002
26 16
  3.612261808095805E-003  3.364414866494081E-016 -5.552809189020291E-015
  5.546371738621159E-016  3.460608080960236E-003  1.146067334575274E-002
 -3.007305775931668E-015  1.146067334574388E-002  3.460608080967476E-003
26 17
 -1.553593238777250E-002  6.651744022957850E-003 -6.651744022953285E-003
  6.655305273140366E-003 -7.267737250731625E-003 -8.490020553321695E-003
 -6.655305273137464E-003 -8.490020553321938E-003 -7.267737250724726E-003
26 18
  1.202849407665923E-002 -3.466736446522400E-015 -1.474578588041123E-002
 -8.687169907040104E-016  3.253157945646898E-002  6.349358972618235E-016
 -1.474578588041223E-002 -6.234162491791650E-016  1.202849407666552E-002
26 19
 -1.553593238776885E-002  6.651744022950071E-003 -6.651744022959544E-003
  6.655305273141589E-003 -7.267737250721469E-003 -8.490020553318638E-003
 -6.655305273137077E-003 -8.490020553332013E-003 -7.267737250730508E-003
26 20
  1.202849407665058E-002  1.474578588041712E-002  3.260060407392351E-015
  1.474578588040997E-002  1.202849407665715E-002  3.027634566665771E-015
  3.728977846992332E-015 -1.469093943717859E-015  3.253157945648183E-002
26 21
 -7.267737250729379E-003  8.490020553328649E-003 -6.655305273141015E-003
  8.490020553319903E-003 -7.267737250730790E-003 -6.655305273143552E-003
 -6.651744022952145E-003 -6.651744022949204E-003 -1.553593238776774E-002
26 22
 -8.120621850553799E-001  2.255276044041410E-014 -9.199106360171371E-001
 -4.838252194716564E-016  8.105872507470262E-002  1.837045056005127E-015
 -9.199106360171340E-001  2.388768436528688E-014 -8.120621850553795E-001
26 23
 -8.120621850553826E-001  9.199106360171405E-001 -7.758821796849391E-016
  9.199106360171329E-001 -8.120621850553810E-001 -5.770666063054097E-015
 -2.032879073410321E-015 -8.145068820797352E-016  8.105872507470357E-002
26 24
 -7.267737250721985E-003  6.655305273143105E-003 -8.490020553313526E-003
  6.651744022945670E-003 -1.553593238776852E-002 -6.651744022953768E-003
 -8.490020553315792E-003 -6.655305273135593E-003 -7.267737250726353E-003
26 25
  8.105872507471015E-002 -6.974808100870811E-015 -6.534350968298575E-015
  2.331915585108979E-014 -8.120621850553823E-001 -9.199106360171393E-001
  2.211704669234649E-014 -9.199106360171315E-001 -8.120621850553791E-001
26 26
  6.140120841670753E+000 -4.853685135015537E-014 -3.696519544453547E-014
 -4.798780459374513E-014  6.140120841670741E+000 -4.856886919556158E-014
 -4.543484729072067E-014 -4.142126637345089E-014  6.140120841670756E+000
26 27
  8.105872507471244E-002  5.428464752363360E-015  4.257865219257917E-015
  2.372200472080394E-014 -8.120621850553802E-001 -9.199106360171395E-001
  1.690203424269121E-014 -9.199106360171332E-001 -8.120621850553844E-001
26 28
  3.253157945648549E-002 -3.776411692038573E-015  3.747273758653025E-015
  7.631428041582344E-015  1.202849407666232E-002 -1.474578588040177E-002
  2.088444434750203E-015 -1.474578588040762E-002  1.202849407665789E-002
26 29
 -8.120621850553834E-001  9.199106360171363E-001  1.029992063861229E-016
  9.199106360171395E-001 -8.120621850553934E-001 -5.075421419947768E-016
 -6.322253918306098E-016  8.206055192999662E-016  8.105872507470881E-002
26 30
 -8.120621850553801E-001  1.462792018590287E-014 -9.199106360171216E-001
  2.150108433310316E-015  8.105872507470867E-002 -6.979551485375435E-016
 -9.199106360171360E-001  2.259070751645109E-014 -8.120621850553834E-001
26 31
 -7.267737250733953E-003  8.490020553326753E-003 -6.655305273136734E-003
  8.490020553319124E-003 -7.267737250727157E-003 -6.655305273140343E-003
 -6.651744022952964E-003 -6.651744022952169E-003 -1.553593238777030E-002
26 32
 -7.267737250727136E-003  6.655305273143132E-003 -8.490020553326018E-003
  6.651744022958277E-003 -1.553593238776659E-002 -6.651744022952565E-003
 -8.490020553321480E-003 -6.655305273135100E-003 -7.267737250735997E-003
26 33
  3.460608080964183E-003  8.622795403048777E-016  1.146067334575103E-002
 -4.916179225863959E-015  3.612261808090868E-003 -4.404571325722362E-017
  1.146067334575344E-002  1.917682592583736E-015  3.460608080967273E-003
26 34
 -7.267737250727295E-003 -8.490020553319258E-003 -6.655305273137845E-003
 -8.490020553320567E-003 -7.267737250727647E-003  6.655305273136726E-003
 -6.651744022948602E-003  6.651744022949678E-003 -1.553593238776432E-002
26 35
 -7.267737250725892E-003  6.655305273139905E-003  8.490020553317875E-003
  6.651744022950924E-003 -1.553593238776455E-002  6.651744022956145E-003
  8.490020553324191E-003  6.655305273130821E-003 -7.267737250728283E-003
26 36
  3.460608080964549E-003 -1.146067334574996E-002 -3.735415297391464E-015
 -1.146067334575241E-002  3.460608080967372E-003  7.840136959785804E-016
 -5.868244258577793E-016 -2.215838190017250E-015  3.612261808094907E-003
26 37
  1.840321607972235E-002  1.648664928535770E-015 -8.788813860710620E-016
 -1.558540622947913E-016  1.840321607971804E-002  2.011872656318414E-015
 -4.729831977468013E-015  5.231275482242559E-016  3.044262756682846E-002
26 38
  8.105872507470960E-002  5.651403824080692E-016 -8.465586088038379E-015
  3.255994649245531E-016 -8.120621850553816E-001  9.199106360171360E-001
 -3.213304188703914E-015  9.199106360171263E-001 -8.120621850553865E-001
26 39
  1.840321607972703E-002 -1.649003741714672E-015 -3.753033582694354E-015
  8.311087278459195E-016  3.044262756683012E-002 -1.654424752577099E-015
 -4.193829528445492E-015  6.385273169581818E-015  1.840321607971822E-002
26 40
  3.612261808103384E-003  4.593629079549522E-015  4.380176776841438E-015
 -4.994106257011355E-016  3.460608080964018E-003  1.146067334574360E-002
 -7.941780913456320E-016  1.146067334574918E-002  3.460608080961135E-003
26 41
 -8.120621850553745E-001  4.550599805829003E-015  9.199106360171340E-001
 -4.605487540811082E-015  8.105872507470696E-002 -9.215718466126788E-017
  9.199106360171266E-001 -1.196688147880876E-015 -8.120621850553894E-001
26 42
 -8.120621850553844E-001 -9.199106360171284E-001  2.270319349184646E-014
 -9.199106360171232E-001 -8.120621850553775E-001  2.432339811335449E-014
  2.675946486965786E-015 -2.832478175618380E-016  8.105872507470430E-002
26 43
 -7.267737250728837E-003 -6.655305273138925E-003  8.490020553323997E-003
 -6.651744022948156E-003 -1.553593238776888E-002 -6.651744022950255E-003
  8.490020553320014E-003 -6.655305273138069E-003 -7.267737250730534E-003
26 44
 -7.267737250723964E-003 -8.490020553323957E-003  6.655305273139889E-003
 -8.490020553318054E-003 -7.267737250733418E-003 -6.655305273139897E-003
  6.651744022944313E-003 -6.651744022951830E-003 -1.553593238776771E-002
26 45
  3.044262756682619E-002  2.002724700488068E-015 -3.744902066400713E-015
 -1.093688941494753E-015  1.840321607970938E-002  5.116079001415974E-017
  4.857903359092863E-015  1.156708192770473E-015  1.840321607971384E-002
26 46
 -1.553593238776825E-002 -6.651744022948548E-003 -6.651744022947984E-003
 -6.655305273138207E-003 -7.267737250726334E-003  8.490020553319995E-003
 -6.655305273132571E-003  8.490020553320521E-003 -7.267737250728421E-003
26 47
 -7.914939155051983E-003  3.615475432060256E-015 -2.737610485525899E-016
 -2.713893563002778E-015 -7.914939155042915E-003  1.582257545471033E-015
  2.240232738898174E-015  2.883300152453638E-015 -7.914939155046196E-003
26 48
 -1.553593238777985E-002  6.651744022950623E-003  6.651744022945809E-003
  6.655305273142674E-003 -7.267737250730366E-003  8.490020553318338E-003
  6.655305273142593E-003  8.490020553322567E-003 -7.267737250729104E-003
26 49
  3.612261808095467E-003 -4.763713295358185E-015 -1.327470034936939E-015
  4.811147140404426E-016  3.460608080964706E-003 -1.146067334575050E-002
 -1.970537448492404E-015 -1.146067334574758E-002  3.460608080967177E-003
26 50
  3.253157945648034E-002 -1.775381057445014E-015  1.541261150823925E-015
  7.701223556436099E-016  1.202849407665559E-002  1.474578588040924E-002
  2.527546314606832E-016  1.474578588040906E-002  1.202849407665586E-002
26 51
  3.612261808100390E-003 -2.389310537614930E-015 -4.314785833313406E-015
 -3.509088093885115E-015  3.460608080963876E-003 -1.146067334574667E-002
 -1.029992063861229E-015 -1.146067334574748E-002  3.460608080964221E-003
26 52
 -1.266294654791545E-003  1.252931135578561E-015  2.258867463737768E-015
 -6.498436771334992E-016 -1.266294654795329E-003 -2.791481780971272E-015
  1.103175710504001E-015 -1.111307226797642E-016 -1.266294654795417E-003
26 53
 -7.267737250727425E-003  8.490020553320826E-003  6.655305273146580E-003
  8.490020553319891E-003 -7.267737250726890E-003  6.655305273141888E-003
  6.651744022950884E-003  6.651744022949555E-003 -1.553593238777490E-002
26 54
 -7.267737250730828E-003 -6.655305273138004E-003 -8.490020553324814E-003
 -6.651744022953021E-003 -1.553593238776428E-002  6.651744022951411E-003
 -8.490020553321142E-003  6.655305273137023E-003 -7.267737250728600E-003
26 55
  3.460608080962125E-003  1.146067334575075E-002  6.437450399132683E-016
  1.146067334575019E-002  3.460608080967410E-003  3.037798962032823E-015
 -3.440986644925870E-015 -3.211948935988307E-016  3.612261808095585E-003
26 56
  3.460608080961979E-003  3.018825424014326E-016 -1.146067334574219E-002
  4.045090542907637E-015  3.612261808090490E-003 -4.199928165665723E-015
 -1.146067334575135E-002 -1.307818870560640E-015  3.460608080967387E-003
26 57
 -1.553593238776976E-002 -6.651744022952206E-003  6.651744022948016E-003
 -6.655305273137780E-003 -7.267737250726507E-003 -8.490020553321239E-003
  6.655305273138692E-003 -8.490020553321185E-003 -7.267737250728234E-003
26 58
  1.202849407665731E-002 -1.474578588040630E-002 -4.081004739871219E-015
 -1.474578588040503E-002  1.202849407666299E-002  2.506201084336024E-015
  2.916503843986007E-015 -2.907017074976759E-015  3.253157945647678E-002
26 59
 -1.553593238776959E-002 -6.651744022958044E-003  6.651744022951201E-003
 -6.655305273140047E-003 -7.267737250729980E-003 -8.490020553318618E-003
  6.655305273140628E-003 -8.490020553317726E-003 -7.267737250723006E-003
26 60
  1.202849407665167E-002  1.169583093568738E-015  1.474578588041326E-002
  6.115577879176048E-016  3.253157945647005E-002 -2.573963720116368E-015
  1.474578588041179E-002  8.477105736121038E-016  1.202849407665633E-002
26 61
  3.460608080969629E-003  1.146067334574350E-002 -2.082006984351070E-015
  1.146067334575256E-002  3.460608080962843E-003 -4.904659577781301E-015
  6.437450399132683E-015  1.366772363689539E-015  3.612261808094980E-003
26 62
 -7.267737250727861E-003 -6.655305273140500E-003 -8.490020553312647E-003
 -6.651744022960298E-003 -1.553593238776341E-002  6.651744022955004E-003
 -8.490020553316598E-003  6.655305273139177E-003 -7.267737250726244E-003
26 63
 -7.267737250731484E-003  8.490020553313197E-003  6.655305273138367E-003
  8.490020553317356E-003 -7.267737250727737E-003  6.655305273138170E-003
  6.651744022952731E-003  6.651744022957286E-003 -1.553593238777292E-002
26 64
  3.460608080959479E-003  2.038300084272748E-015 -1.146067334575310E-002
 -1.854663341308016E-015  3.612261808092934E-003  3.360687921526162E-015
 -1.146067334575096E-002  7.752045533271357E-016  3.460608080965416E-003
27 1
  3.460608080960866E-003 -1.146067334574703E-002  2.070487336268412E-015
 -1.146067334574648E-002  3.460608080961109E-003  1.449442779341559E-015
 -3.062193510913747E-015 -1.190589510660645E-015  3.612261808091684E-003
27 2
 -7.267737250730850E-003  6.655305273143545E-003  8.490020553320484E-003
  6.651744022959368E-003 -1.553593238777481E-002  6.651744022955634E-003
  8.490020553314197E-003  6.655305273134446E-003 -7.267737250725072E-003
27 3
 -7.267737250732913E-003 -8.490020553319599E-003 -6.655305273140823E-003
 -8.490020553321641E-003 -7.267737250733503E-003  6.655305273138238E-003
 -6.651744022954278E-003  6.651744022947527E-003 -1.553593238775809E-002
27 4
  3.460608080965236E-003  4.374755765979010E-015  1.146067334574668E-002
 -4.881959094794885E-015  3.612261808094333E-003  1.588694995870166E-015
  1.146067334574829E-002  1.898709054565240E-015  3.460608080965010E-003
27 5
 -1.553593238777638E-002  6.651744022954607E-003  6.651744022952990E-003
  6.655305273143827E-003 -7.267737250727649E-003  8.490020553321929E-003
  6.655305273140278E-003  8.490020553311200E-003 -7.267737250728812E-003
27 6
 -7.914939155047497E-003 -6.585172945133833E-015 -2.564138137928218E-015
 -4.065758146820642E-017 -7.914939155043932E-003  1.195332895165269E-015
 -5.701548174558146E-015 -4.454715676199816E-015 -7.914939155041394E-003
27 7
 -1.553593238777268E-002 -6.651744022949507E-003 -6.651744022953409E-003
 -6.655305273145990E-003 -7.267737250732037E-003  8.490020553320207E-003
 -6.655305273144883E-003  8.490020553324514E-003 -7.267737250735365E-003
27 8
  3.044262756682582E-002  3.279711571768651E-015 -4.669523231623507E-015
 -6.595337340500884E-015  1.840321607972149E-002  6.386289609118523E-015
  3.979699599379605E-015  2.423869481862906E-015  1.840321607971905E-002
27 9
 -7.267737250729431E-003 -8.490020553315240E-003  6.655305273139476E-003
 -8.490020553320144E-003 -7.267737250731458E-003 -6.655305273136866E-003
  6.651744022953206E-003 -6.651744022961223E-003 -1.553593238776278E-002
27 10
 -7.267737250731674E-003 -6.655305273141059E-003  8.490020553317469E-003
 -6.651744022957603E-003 -1.553593238777567E-002 -6.651744022953957E-003
  8.490020553321358E-003 -6.655305273140186E-003 -7.267737250730337E-003
27 11
 -8.120621850553820E-001 -9.199106360171341E-001  3.238782939757323E-014
 -9.199106360171343E-001 -8.120621850553931E-001  3.377831868378589E-014
 -8.924339132271308E-016  3.289198340777899E-015  8.105872507469587E-002
27 12
 -8.120621850552863E-001  1.133330083426254E-015  9.199106360170742E-001
 -5.932618762569120E-015  8.105872507470539E-002  8.220624159692436E-015
  9.199106360170416E-001  5.140812363475800E-015 -8.120621850553353E-001
27 13
  3.612261808095161E-003 -1.769960046582586E-015  3.557877191646963E-015
 -2.850774087279073E-015  3.460608080965488E-003  1.146067334574972E-002
  1.011696152200536E-015  1.146067334574581E-002  3.460608080963773E-003
27 14
  1.840321607972401E-002 -4.749483141844313E-015  4.028488697141452E-016
 -9.520650327138336E-016  3.044262756682704E-002  2.072181402162920E-015
  2.778268066994105E-015 -3.259382781034548E-015  1.840321607971614E-002
27 15
  8.105872507470442E-002  4.906692456854711E-015  2.912438085839186E-015
  7.251957281212418E-015 -8.120621850552863E-001  9.199106360170773E-001
 -7.050702252944796E-016  9.199106360170465E-001 -8.120621850553243E-001
27 16
  1.840321607972263E-002  5.221111086875507E-015  1.033719008829148E-015
  4.441163149043748E-015  1.840321607972180E-002  4.345617832593462E-015
 -7.467442462993912E-016 -1.494166118956586E-015  3.044262756683009E-002
27 17
  1.202849407666006E-002  1.474578588041125E-002 -1.050320854595332E-016
  1.474578588041136E-002  1.202849407666451E-002  1.645615609925655E-015
  2.137233532512051E-015 -1.210240675036944E-015  3.253157945647615E-002
27 18
 -1.553593238776684E-002  6.651744022954757E-003 -6.651744022960896E-003
  6.655305273145808E-003 -7.267737250723865E-003 -8.490020553325043E-003
 -6.655305273142936E-003 -8.490020553316154E-003 -7.267737250734953E-003
27 19
  1.202849407665514E-002  2.546181039446427E-015 -1.474578588040778E-002
 -2.270048298641525E-016  3.253157945647821E-002 -7.756788917775981E-015
 -1.474578588040479E-002 -2.333067549917245E-015  1.202849407666056E-002
27 20
 -1.553593238777207E-002  6.651744022955725E-003 -6.651744022952369E-003
  6.655305273138380E-003 -7.267737250727649E-003 -8.490020553324904E-003
 -6.655305273146264E-003 -8.490020553323109E-003 -7.267737250729950E-003
27 21
 -7.267737250724073E-003  6.655305273143666E-003 -8.490020553323751E-003
  6.651744022951502E-003 -1.553593238776571E-002 -6.651744022950826E-003
 -8.490020553314956E-003 -6.655305273141420E-003 -7.267737250730868E-003
27 22
 -7.267737250729130E-003  8.490020553322129E-003 -6.655305273144585E-003
  8.490020553321206E-003 -7.267737250732925E-003 -6.655305273145303E-003
 -6.651744022954500E-003 -6.651744022952318E-003 -1.553593238777457E-002
27 23
 -8.120621850553816E-001  2.696749616150351E-014 -9.199106360171312E-001
 -5.515878552520004E-016  8.105872507470932E-002 -5.599226594529827E-015
 -9.199106360171285E-001  2.751840639039771E-014 -8.120621850553730E-001
27 24
 -8.120621850553789E-001  9.199106360171340E-001  4.779976327945468E-015
  9.199106360171245E-001 -8.120621850553782E-001 -1.734723475976807E-015
  2.218548695448463E-015  3.598195959936268E-015  8.105872507470310E-002
27 25
  3.253157945648361E-002 -7.056123263807224E-015 -2.692887145910872E-015
  1.965116437629977E-016  1.202849407665658E-002 -1.474578588040856E-002
  1.130958391173942E-015 -1.474578588040967E-002  1.202849407666002E-002
27 26
  8.105872507471346E-002 -1.419627219598207E-016 -1.970198635313503E-015
  3.584169094329737E-014 -8.120621850553860E-001 -9.199106360171371E-001
  2.944760863106410E-014 -9.199106360171322E-001 -8.120621850553792E-001
27 27
  6.140120841670569E+000  1.923205247399834E-014 -4.148089749293760E-014
  2.475250500443352E-014  6.140120841670567E+000 -3.729858761257476E-014
  3.807718029769092E-014  3.024720773327216E-014  6.140120841670532E+000
27 28
  8.105872507470244E-002 -1.821798462954549E-015 -1.324420716326824E-015
 -4.137179964933124E-014 -8.120621850552914E-001 -9.199106360170761E-001
 -4.890903762717891E-014 -9.199106360170530E-001 -8.120621850553289E-001
27 29
 -7.267737250731368E-003  6.655305273134483E-003 -8.490020553321726E-003
  6.651744022948919E-003 -1.553593238777013E-002 -6.651744022950797E-003
 -8.490020553322949E-003 -6.655305273144506E-003 -7.267737250726383E-003
27 30
 -8.120621850553782E-001  9.199106360171244E-001 -3.470124578311418E-015
  9.199106360171353E-001 -8.120621850553869E-001  2.774879935205088E-015
  5.045605860204416E-015 -5.667666856667974E-015  8.105872507469584E-002
27 31
 -8.120621850552928E-001 -4.297845174368320E-014 -9.199106360170706E-001
  6.629218658391056E-015  8.105872507470319E-002 -7.203168183450570E-016
 -9.199106360170524E-001 -5.057667609373317E-014 -8.120621850553320E-001
27 32
 -7.267737250730432E-003  8.490020553321400E-003 -6.655305273144185E-003
  8.490020553318026E-003 -7.267737250729521E-003 -6.655305273142094E-003
 -6.651744022962843E-003 -6.651744022957209E-003 -1.553593238777230E-002
27 33
  3.460608080967076E-003 -1.146067334575237E-002  1.050320854595332E-017
 -1.146067334575257E-002  3.460608080962085E-003  1.316966826390986E-015
  4.061692388673821E-015  1.191267137018448E-015  3.612261808087908E-003
27 34
  3.460608080964720E-003  1.768265980688077E-015  1.146067334574969E-002
 -4.508248158466288E-015  3.612261808097255E-003  2.873135757086587E-016
  1.146067334574946E-002  2.696952904057692E-015  3.460608080969718E-003
27 35
 -7.267737250728969E-003 -8.490020553323249E-003 -6.655305273143429E-003
 -8.490020553320892E-003 -7.267737250729754E-003  6.655305273137925E-003
 -6.651744022954951E-003  6.651744022950394E-003 -1.553593238775939E-002
27 36
 -7.267737250725720E-003  6.655305273131358E-003  8.490020553324337E-003
  6.651744022953147E-003 -1.553593238776218E-002  6.651744022951237E-003
  8.490020553319407E-003  6.655305273139890E-003 -7.267737250731215E-003
27 37
  3.612261808098322E-003 -4.700694044082465E-015 -1.179747488935790E-015
  1.282069068964109E-015  3.460608080963356E-003  1.146067334574674E-002
  2.446231151670419E-016  1.146067334575065E-002  3.460608080961522E-003
27 38
  1.840321607972562E-002  4.067791025894052E-015  3.611748487092337E-015
  4.901949072350087E-015  1.840321607972161E-002 -4.065758146820642E-018
 -9.466440218514061E-016  6.965998958219366E-016  3.044262756683090E-002
27 39
  8.105872507471561E-002  8.040036735337819E-016 -2.915148591270400E-015
  9.132709237295866E-015 -8.120621850553819E-001  9.199106360171316E-001
 -3.997995511040298E-016  9.199106360171304E-001 -8.120621850553807E-001
27 40
  1.840321607971866E-002 -6.007157661927498E-016  1.313917507780871E-015
  2.425902360936316E-016  3.044262756682099E-002  1.644937983567851E-015
  7.277707082808949E-016  7.799479378317598E-015  1.840321607971758E-002
27 41
 -7.267737250725206E-003 -8.490020553321384E-003  6.655305273141129E-003
 -8.490020553318989E-003 -7.267737250732247E-003 -6.655305273139966E-003
  6.651744022952184E-003 -6.651744022951444E-003 -1.553593238775905E-002
27 42
 -8.120621850553841E-001  7.003607221077457E-015  9.199106360171312E-001
  2.279535067650773E-015  8.105872507471222E-002  2.564815764286021E-016
  9.199106360171241E-001  1.985445228364080E-016 -8.120621850553831E-001
27 43
 -8.120621850553820E-001 -9.199106360171325E-001  1.727879449762992E-014
 -9.199106360171307E-001 -8.120621850553814E-001  1.420372608591791E-014
  9.364796264843545E-016 -2.107417972768699E-015  8.105872507470273E-002
27 44
 -7.267737250726087E-003 -6.655305273147546E-003  8.490020553318630E-003
 -6.651744022944342E-003 -1.553593238776203E-002 -6.651744022945154E-003
  8.490020553316402E-003 -6.655305273132146E-003 -7.267737250724767E-003
27 45
 -1.553593238777004E-002  6.651744022950560E-003  6.651744022949490E-003
  6.655305273136606E-003 -7.267737250727673E-003  8.490020553322953E-003
  6.655305273137919E-003  8.490020553328701E-003 -7.267737250727864E-003
27 46
  3.044262756681596E-002  3.980377225737408E-015  4.712552505344025E-015
 -6.262622798819395E-015  1.840321607971557E-002  3.948867600099548E-015
 -3.589386817284823E-015  9.181837148236616E-016  1.840321607971785E-002
27 47
 -1.553593238777455E-002 -6.651744022948353E-003 -6.651744022953058E-003
 -6.655305273142029E-003 -7.267737250727402E-003  8.490020553324533E-003
 -6.655305273134071E-003  8.490020553318451E-003 -7.267737250729248E-003
27 48
 -7.914939155052063E-003 -4.851127095514829E-015 -2.359833791050481E-015
 -5.921099114486461E-015 -7.914939155048142E-003  1.523981678699937E-015
 -2.717281694791795E-015  2.754551144470985E-015 -7.914939155045894E-003
27 49
 -1.266294654795699E-003  7.118464888725140E-016 -2.468592821477933E-015
  2.944286524655948E-015 -1.266294654794178E-003 -4.241940999849536E-016
 -1.990188612868704E-015 -7.975662231346492E-016 -1.266294654798582E-003
27 50
  3.612261808097527E-003 -9.300421760852218E-016 -1.266483662734630E-015
  7.555533889508359E-016  3.460608080965321E-003 -1.146067334574781E-002
  2.192121267494129E-015 -1.146067334574554E-002  3.460608080963008E-003
27 51
  3.253157945647919E-002 -5.096089023860773E-015  6.999880276109538E-016
 -2.547875105340935E-016  1.202849407665292E-002  1.474578588041193E-002
  6.465910706160427E-015  1.474578588040516E-002  1.202849407665756E-002
27 52
  3.612261808095095E-003 -7.867242014097942E-016  7.399679827213568E-016
 -4.031199202572666E-015  3.460608080964352E-003 -1.146067334574595E-002
  4.336808689942018E-016 -1.146067334574608E-002  3.460608080961504E-003
27 53
  3.460608080959858E-003  4.404571325722362E-016 -1.146067334574279E-002
  1.917004966225933E-015  3.612261808098849E-003  4.576010794246632E-015
 -1.146067334574396E-002  1.797742727252527E-015  3.460608080967747E-003
27 54
 -7.267737250728230E-003  8.490020553323020E-003  6.655305273135915E-003
  8.490020553322555E-003 -7.267737250729267E-003  6.655305273138329E-003
  6.651744022949890E-003  6.651744022945276E-003 -1.553593238776600E-002
27 55
 -7.267737250728155E-003 -6.655305273143762E-003 -8.490020553322130E-003
 -6.651744022948493E-003 -1.553593238777200E-002  6.651744022953779E-003
 -8.490020553324380E-003  6.655305273139177E-003 -7.267737250730348E-003
27 56
  3.460608080959850E-003  1.146067334575014E-002  3.899739689158799E-016
  1.146067334574726E-002  3.460608080968278E-003  1.044222217375101E-015
 -4.111836739151276E-015  1.474514954580286E-015  3.612261808094676E-003
27 57
  1.202849407664891E-002 -3.137410036629928E-015  1.474578588040803E-002
 -5.915678103624034E-016  3.253157945647347E-002 -7.260766423863863E-016
  1.474578588040134E-002  8.734603752086345E-016  1.202849407666297E-002
27 58
 -1.553593238777065E-002 -6.651744022946322E-003  6.651744022950263E-003
 -6.655305273141767E-003 -7.267737250727694E-003 -8.490020553319528E-003
  6.655305273140576E-003 -8.490020553325090E-003 -7.267737250729615E-003
27 59
  1.202849407664354E-002 -1.474578588042094E-002 -3.417947348760553E-015
 -1.474578588041546E-002  1.202849407665308E-002 -1.648326115356868E-015
  2.706439673066940E-015 -2.130457268934016E-015  3.253157945648100E-002
27 60
 -1.553593238777498E-002 -6.651744022951319E-003  6.651744022957547E-003
 -6.655305273146899E-003 -7.267737250735241E-003 -8.490020553314544E-003
  6.655305273144656E-003 -8.490020553325605E-003 -7.267737250721914E-003
27 61
  3.460608080967180E-003 -7.420008617947671E-017 -1.146067334574917E-002
 -3.676800617441467E-015  3.612261808095242E-003 -1.271227047239254E-015
 -1.146067334574697E-002 -1.242766740211509E-015  3.460608080960703E-003
27 62
  3.460608080968210E-003  1.146067334574981E-002 -1.209563048679141E-016
  1.146067334575204E-002  3.460608080964255E-003  3.848917712323541E-016
  5.691383779191095E-015 -1.534146074066989E-015  3.612261808093911E-003
27 63
 -7.267737250731631E-003 -6.655305273150429E-003 -8.490020553320278E-003
 -6.651744022952055E-003 -1.553593238777252E-002  6.651744022956541E-003
 -8.490020553322267E-003  6.655305273142210E-003 -7.267737250727548E-003
27 64
 -7.267737250733064E-003  8.490020553321001E-003  6.655305273144029E-003
  8.490020553314019E-003 -7.267737250732370E-003  6.655305273144631E-003
  6.651744022955584E-003  6.651744022955183E-003 -1.553593238777198E-002
28 1
  3.460608080963126E-003  6.766099182667351E-016  1.146067334575129E-002
  1.142478039256600E-015  3.612261808085954E-003 -5.996993266560446E-016
  1.146067334575333E-002  2.801984989517226E-015  3.460608080961924E-003
28 2
  3.460608080962458E-003 -1.146067334574728E-002 -1.689322510003977E-015
 -1.146067334575278E-002  3.460608080965712E-003  2.535000204542670E-015
  4.967678829057021E-015 -6.030874584450618E-016  3.612261808091892E-003
28 3
 -7.267737250728524E-003  6.655305273132473E-003  8.490020553320873E-003
  6.651744022943077E-003 -1.553593238776605E-002  6.651744022942744E-003
  8.490020553313202E-003  6.655305273135261E-003 -7.267737250736549E-003
28 4
 -7.267737250730395E-003 -8.490020553317209E-003 -6.655305273134946E-003
 -8.490020553317103E-003 -7.267737250726338E-003  6.655305273141630E-003
 -6.651744022954978E-003  6.651744022961681E-003 -1.553593238777316E-002
28 5
  3.044262756682142E-002  3.564314642046096E-015  1.367449990047342E-015
 -7.089326955339592E-015  1.840321607971741E-002  3.296652230713737E-015
  4.508586971645190E-015  1.122488061701399E-015  1.840321607971076E-002
28 6
 -1.553593238776741E-002  6.651744022950984E-003  6.651744022952964E-003
  6.655305273142266E-003 -7.267737250736472E-003  8.490020553321031E-003
  6.655305273135356E-003  8.490020553309375E-003 -7.267737250735800E-003
28 7
 -7.914939155053235E-003 -4.919567357652976E-016  1.908873449932291E-015
  1.225826081266423E-015 -7.914939155038834E-003 -9.723938234479368E-016
 -3.913969842672671E-015  5.624298769768554E-016 -7.914939155043920E-003
28 8
 -1.553593238778011E-002 -6.651744022946507E-003 -6.651744022952931E-003
 -6.655305273146547E-003 -7.267737250723424E-003  8.490020553318382E-003
 -6.655305273140471E-003  8.490020553326661E-003 -7.267737250730776E-003
28 9
 -8.120621850554045E-001 -5.885184917522879E-015  9.199106360171461E-001
 -4.000028390113708E-015  8.105872507469178E-002  7.998701527511809E-015
  9.199106360171568E-001  2.373725131385451E-015 -8.120621850554028E-001
28 10
 -7.267737250726360E-003 -8.490020553320411E-003  6.655305273138320E-003
 -8.490020553314260E-003 -7.267737250726080E-003 -6.655305273137373E-003
  6.651744022959121E-003 -6.651744022962935E-003 -1.553593238776619E-002
28 11
 -7.267737250723174E-003 -6.655305273146214E-003  8.490020553312714E-003
 -6.651744022946476E-003 -1.553593238776677E-002 -6.651744022949890E-003
  8.490020553320272E-003 -6.655305273139681E-003 -7.267737250718606E-003
28 12
 -8.120621850553761E-001 -9.199106360171427E-001  2.132354622735866E-014
 -9.199106360171356E-001 -8.120621850553924E-001  2.645961520632983E-014
  7.033761593999710E-016  1.936994943781134E-015  8.105872507469859E-002
28 13
  1.840321607972161E-002  6.268043809681823E-016 -6.451680552646555E-015
  4.294118229400401E-015  1.840321607971534E-002  5.868244258577793E-016
  6.382223850971702E-015  1.336211414952604E-014  3.044262756680849E-002
28 14
  3.612261808103348E-003  2.581417610052206E-015  5.830974808898604E-016
 -3.252606517456513E-016  3.460608080967997E-003  1.146067334574808E-002
 -4.269046054161674E-016  1.146067334574759E-002  3.460608080962544E-003
28 15
  1.840321607972049E-002  4.906014830496908E-015 -5.847237841485886E-015
 -1.097754699641573E-015  3.044262756682619E-002  1.389134033497053E-016
 -4.970389334488234E-016  2.613266048868967E-015  1.840321607971882E-002
28 16
  8.105872507470292E-002  1.240056234780296E-015 -8.301939322628848E-015
  8.653288589149932E-016 -8.120621850553726E-001  9.199106360171196E-001
  6.657678965418801E-016  9.199106360171211E-001 -8.120621850553660E-001
28 17
 -1.553593238777834E-002  6.651744022954924E-003 -6.651744022954776E-003
  6.655305273140641E-003 -7.267737250729813E-003 -8.490020553322090E-003
 -6.655305273148092E-003 -8.490020553328906E-003 -7.267737250720213E-003
28 18
  1.202849407666846E-002  1.474578588041137E-002 -8.546901250974792E-015
  1.474578588040592E-002  1.202849407666484E-002  1.727947212398773E-015
  3.067614521776174E-015 -5.324110293261630E-015  3.253157945647075E-002
28 19
 -1.553593238776250E-002  6.651744022958636E-003 -6.651744022956326E-003
  6.655305273137382E-003 -7.267737250724955E-003 -8.490020553322028E-003
 -6.655305273138439E-003 -8.490020553315670E-003 -7.267737250730717E-003
28 20
  1.202849407665629E-002  3.541614159059681E-015 -1.474578588041372E-002
 -3.367125371925295E-015  3.253157945647259E-002 -1.781479694665244E-015
 -1.474578588041171E-002  5.664956351236761E-016  1.202849407665608E-002
28 21
 -8.120621850553570E-001  9.199106360171629E-001  1.531435568635775E-016
  9.199106360171221E-001 -8.120621850554007E-001 -1.172293598999952E-015
 -5.105236979691119E-015  6.139294801699169E-016  8.105872507470090E-002
28 22
 -7.267737250723996E-003  6.655305273139360E-003 -8.490020553319986E-003
  6.651744022949922E-003 -1.553593238776717E-002 -6.651744022955089E-003
 -8.490020553316501E-003 -6.655305273142723E-003 -7.267737250734327E-003
28 23
 -7.267737250724993E-003  8.490020553317754E-003 -6.655305273140750E-003
  8.490020553318539E-003 -7.267737250729772E-003 -6.655305273141218E-003
 -6.651744022957771E-003 -6.651744022953466E-003 -1.553593238776567E-002
28 24
 -8.120621850552857E-001 -5.448082035421770E-014 -9.199106360170681E-001
 -1.362028979184915E-015  8.105872507469210E-002 -3.458604930228759E-015
 -9.199106360170436E-001 -4.021441383020297E-014 -8.120621850553331E-001
28 25
  8.105872507470582E-002 -2.242265617971584E-015 -3.547712796279912E-015
  9.347177979540655E-015 -8.120621850554035E-001 -9.199106360171523E-001
  8.857254122848768E-015 -9.199106360171467E-001 -8.120621850553974E-001
28 26
  3.253157945647944E-002  2.432678624514351E-015  5.063901771865109E-015
  4.350361217098087E-015  1.202849407666313E-002 -1.474578588040498E-002
 -4.135553661674396E-015 -1.474578588041610E-002  1.202849407666177E-002
28 27
  8.105872507469487E-002  2.548213918519837E-015 -6.000381398349464E-016
 -4.890497186903209E-014 -8.120621850552990E-001 -9.199106360170834E-001
 -5.453977384734660E-014 -9.199106360170515E-001 -8.120621850553237E-001
28 28
  6.140120841670455E+000  8.919256934587783E-014  4.477822735000914E-014
 -3.834348745630767E-014  6.140120841670427E+000 -7.364985357694032E-014
 -6.297351149656821E-015 -7.797785312423089E-014  6.140120841670374E+000
28 29
 -7.267737250731318E-003  8.490020553318531E-003 -6.655305273138276E-003
  8.490020553312706E-003 -7.267737250725179E-003 -6.655305273136565E-003
 -6.651744022953427E-003 -6.651744022955088E-003 -1.553593238777069E-002
28 30
 -7.267737250736230E-003  6.655305273136608E-003 -8.490020553328826E-003
  6.651744022946797E-003 -1.553593238777070E-002 -6.651744022945847E-003
 -8.490020553318371E-003 -6.655305273142480E-003 -7.267737250726945E-003
28 31
 -8.120621850553771E-001  9.199106360171241E-001  2.893125734641788E-015
  9.199106360171312E-001 -8.120621850553789E-001 -9.032759349519859E-016
  6.451002926288751E-016  4.107093354646651E-015  8.105872507469880E-002
28 32
 -8.120621850553648E-001 -3.466736446522400E-015 -9.199106360171145E-001
  7.268897940157504E-015  8.105872507469510E-002  7.440337408681774E-015
 -9.199106360171149E-001 -3.293264098924720E-016 -8.120621850553607E-001
28 33
 -7.267737250726995E-003  6.655305273136498E-003  8.490020553317774E-003
  6.651744022954600E-003 -1.553593238776114E-002  6.651744022955367E-003
  8.490020553318026E-003  6.655305273136528E-003 -7.267737250734282E-003
28 34
  3.460608080962031E-003 -1.146067334574896E-002  3.421674293728472E-015
 -1.146067334575509E-002  3.460608080965606E-003 -1.562606381094733E-015
  9.439335164201923E-016  3.367802998283098E-015  3.612261808092614E-003
28 35
  3.460608080966440E-003 -2.981894787514039E-015  1.146067334574706E-002
 -1.644599170388950E-015  3.612261808099117E-003 -7.724940478959219E-017
  1.146067334575226E-002  4.953448675543148E-016  3.460608080958986E-003
28 36
 -7.267737250724078E-003 -8.490020553320357E-003 -6.655305273138047E-003
 -8.490020553317122E-003 -7.267737250728960E-003  6.655305273137471E-003
 -6.651744022956248E-003  6.651744022946621E-003 -1.553593238776621E-002
28 37
  1.840321607972398E-002 -3.395585678953039E-015  2.301219111100483E-015
  3.747273758653025E-015  3.044262756682006E-002  1.287490079826537E-017
  3.057450126409123E-015 -6.992426386173700E-015  1.840321607972131E-002
28 38
  3.612261808100535E-003  9.839134715305953E-016  6.254491282525754E-016
  1.811972880766399E-015  3.460608080962025E-003  1.146067334575221E-002
 -4.296151108473811E-016  1.146067334574882E-002  3.460608080964641E-003
28 39
  1.840321607972217E-002  3.766586109850423E-015  1.324759529505726E-016
  2.221259200879677E-015  1.840321607971469E-002  4.315802272850111E-015
 -4.509603411181895E-016 -2.163322147287483E-015  3.044262756682378E-002
28 40
  8.105872507469714E-002 -5.949559421514206E-016 -4.181632254005030E-015
 -3.049996236473285E-015 -8.120621850553746E-001  9.199106360171085E-001
  4.299878053441730E-015  9.199106360171204E-001 -8.120621850553720E-001
28 41
 -7.267737250727692E-003 -6.655305273140468E-003  8.490020553319979E-003
 -6.651744022953765E-003 -1.553593238777085E-002 -6.651744022956109E-003
  8.490020553321483E-003 -6.655305273139874E-003 -7.267737250728167E-003
28 42
 -7.267737250731749E-003 -8.490020553322736E-003  6.655305273135128E-003
 -8.490020553324602E-003 -7.267737250730827E-003 -6.655305273135264E-003
  6.651744022942541E-003 -6.651744022949678E-003 -1.553593238777309E-002
28 43
 -8.120621850552887E-001  5.154026077452967E-015  9.199106360170776E-001
 -2.553296116203363E-015  8.105872507469637E-002 -5.461668443895729E-016
  9.199106360170434E-001  1.025248679356605E-015 -8.120621850553299E-001
28 44
 -8.120621850552852E-001 -9.199106360170921E-001 -5.508763475763068E-015
 -9.199106360170399E-001 -8.120621850553271E-001  5.154026077452967E-015
  1.152303621444750E-015 -2.041688216061766E-015  8.105872507470012E-002
28 45
 -7.914939155049002E-003 -6.583140066060422E-016 -9.424088571151346E-015
 -2.688821387764051E-015 -7.914939155039004E-003  9.419006373467820E-016
 -2.339505000316378E-015 -3.438953765852459E-015 -7.914939155042093E-003
28 46
 -1.553593238777685E-002  6.651744022954483E-003  6.651744022954964E-003
  6.655305273136475E-003 -7.267737250731602E-003  8.490020553317969E-003
  6.655305273138340E-003  8.490020553329015E-003 -7.267737250725818E-003
28 47
  3.044262756681503E-002  7.984132560819035E-015  8.090858712173077E-016
 -1.255641641009775E-015  1.840321607971299E-002  2.172470103117830E-015
 -7.995652208901693E-015  1.513817283332886E-015  1.840321607971209E-002
28 48
 -1.553593238776933E-002 -6.651744022954112E-003 -6.651744022953073E-003
 -6.655305273137987E-003 -7.267737250732842E-003  8.490020553318968E-003
 -6.655305273140131E-003  8.490020553314839E-003 -7.267737250736784E-003
28 49
  3.612261808096193E-003 -3.691030770955339E-015 -1.439617197153409E-015
  3.259382781034548E-016  3.460608080960909E-003 -1.146067334575217E-002
 -2.804356681769538E-015 -1.146067334575067E-002  3.460608080961065E-003
28 50
 -1.266294654795600E-003 -4.729831977468013E-016  2.202285662861181E-017
  1.444021768479131E-015 -1.266294654799876E-003  6.254491282525754E-016
 -1.236668102991278E-016  1.511106777901672E-016 -1.266294654797166E-003
28 51
  3.612261808091905E-003  1.318660892285495E-015  4.567540464774089E-015
 -5.021211311323492E-016  3.460608080964731E-003 -1.146067334574976E-002
  1.816377452092122E-015 -1.146067334575319E-002  3.460608080960585E-003
28 52
  3.253157945647412E-002 -3.615475432060256E-015 -1.586662116796755E-015
 -1.759795651215534E-015  1.202849407666449E-002  1.474578588040839E-002
  8.436448154652831E-017  1.474578588040809E-002  1.202849407665290E-002
28 53
  3.460608080957648E-003  1.146067334574770E-002  2.128763203039508E-015
  1.146067334574589E-002  3.460608080968664E-003  1.236668102991278E-015
  1.594454819911495E-015 -5.348166028963652E-015  3.612261808092519E-003
28 54
  3.460608080959236E-003 -6.511989298491061E-016 -1.146067334575160E-002
  3.560926510257079E-015  3.612261808095944E-003 -4.969711708130431E-015
 -1.146067334575023E-002 -1.129603138458335E-015  3.460608080970037E-003
28 55
 -7.267737250732939E-003  8.490020553320406E-003  6.655305273137661E-003
  8.490020553312055E-003 -7.267737250732598E-003  6.655305273137339E-003
  6.651744022955883E-003  6.651744022947978E-003 -1.553593238777726E-002
28 56
 -7.267737250729744E-003 -6.655305273138264E-003 -8.490020553318694E-003
 -6.651744022954264E-003 -1.553593238776372E-002  6.651744022953637E-003
 -8.490020553322849E-003  6.655305273142500E-003 -7.267737250729056E-003
28 57
 -1.553593238777091E-002 -6.651744022958639E-003  6.651744022955417E-003
 -6.655305273139283E-003 -7.267737250724697E-003 -8.490020553319093E-003
  6.655305273132149E-003 -8.490020553315616E-003 -7.267737250732105E-003
28 58
  1.202849407664642E-002  2.037622457914945E-015  1.474578588041216E-002
 -4.371367634189993E-015  3.253157945646567E-002 -5.880441533018255E-015
  1.474578588041266E-002  2.918875536238319E-015  1.202849407665958E-002
28 59
 -1.553593238777380E-002 -6.651744022956723E-003  6.651744022955167E-003
 -6.655305273143418E-003 -7.267737250732180E-003 -8.490020553317996E-003
  6.655305273147308E-003 -8.490020553316878E-003 -7.267737250725884E-003
28 60
  1.202849407665582E-002 -1.474578588040869E-002 -5.214334823297473E-016
 -1.474578588041098E-002  1.202849407667289E-002 -9.249599784016960E-016
  1.848225890908883E-015 -7.209944447028604E-016  3.253157945647547E-002
28 61
 -7.267737250724438E-003  8.490020553314798E-003  6.655305273135174E-003
  8.490020553314093E-003 -7.267737250729326E-003  6.655305273144574E-003
  6.651744022956058E-003  6.651744022955880E-003 -1.553593238776254E-002
28 62
  3.460608080968022E-003  3.513831478389740E-015 -1.146067334574616E-002
 -1.100465205072787E-015  3.612261808091096E-003  3.794707603699266E-017
 -1.146067334575508E-002  2.852806966352484E-016  3.460608080961234E-003
28 63
  3.460608080963884E-003  1.146067334574519E-002  5.136746605328979E-015
  1.146067334575693E-002  3.460608080959709E-003  2.606150972112031E-015
 -2.316465704151061E-015 -9.534202854294405E-016  3.612261808094199E-003
28 64
 -7.267737250731272E-003 -6.655305273137129E-003 -8.490020553320932E-003
 -6.651744022952128E-003 -1.553593238776291E-002  6.651744022950743E-003
 -8.490020553311967E-003  6.655305273132265E-003 -7.267737250735775E-003
29 1
  8.105872507470151E-002  6.831828939374285E-015 -7.033083967641907E-015
 -4.371841972640456E-014 -8.120621850554053E-001  9.199106360171700E-001
  3.537954976727542E-014  9.199106360171624E-001 -8.120621850553874E-001
29 2
  1.840321607972112E-002  1.258352146440989E-015  7.381383915552875E-015
  3.414559216971536E-015  1.840321607972416E-002  1.311884628707460E-015
 -8.012592867846779E-015 -1.962067119019861E-015  3.044262756682392E-002
29 3
  3.612261808092817E-003 -5.055770255571468E-015 -4.448617038979585E-015
  1.750647695385188E-015  3.460608080963175E-003  1.146067334575054E-002
 -2.263610848242392E-015  1.146067334575075E-002  3.460608080964058E-003
29 4
  1.840321607971443E-002  6.295826490351764E-015  3.239053990300444E-016
  9.324816309733142E-015  3.044262756681716E-002  3.021535929445540E-015
 -5.577203737901215E-015 -2.131812521649623E-015  1.840321607972606E-002
29 5
 -7.267737250726169E-003 -8.490020553323832E-003 -6.655305273136060E-003
 -8.490020553318140E-003 -7.267737250725404E-003  6.655305273143582E-003
 -6.651744022947057E-003  6.651744022954991E-003 -1.553593238776960E-002
29 6
  3.460608080959468E-003  1.184287585533073E-014  1.146067334574850E-002
 -3.522979434220086E-015  3.612261808098047E-003 -1.572431963282883E-015
  1.146067334574399E-002 -3.285471395809980E-015  3.460608080963253E-003
29 7
  3.460608080962956E-003 -1.146067334574698E-002 -6.151492076139631E-015
 -1.146067334574611E-002  3.460608080959492E-003 -1.176359357146772E-015
  1.606313281173055E-015 -4.116241310476998E-015  3.612261808098515E-003
29 8
 -7.267737250722505E-003  6.655305273140752E-003  8.490020553329246E-003
  6.651744022949411E-003 -1.553593238776983E-002  6.651744022956099E-003
  8.490020553327518E-003  6.655305273132005E-003 -7.267737250728239E-003
29 9
 -1.553593238777043E-002 -6.651744022956810E-003 -6.651744022959682E-003
 -6.655305273136047E-003 -7.267737250728059E-003  8.490020553315393E-003
 -6.655305273138874E-003  8.490020553316577E-003 -7.267737250737122E-003
29 10
  3.044262756682378E-002 -4.441163149043748E-015  4.282598581317743E-016
 -3.097091268340624E-015  1.840321607972189E-002 -2.093526632433729E-015
 -1.069972018971632E-015  8.304311014881161E-016  1.840321607972657E-002
29 11
 -1.553593238776591E-002  6.651744022959585E-003  6.651744022962677E-003
  6.655305273139385E-003 -7.267737250729726E-003  8.490020553316872E-003
  6.655305273137754E-003  8.490020553317244E-003 -7.267737250726656E-003
29 12
 -7.914939155045486E-003 -4.564491146163974E-015  6.540449605518805E-015
  3.987831115673246E-016 -7.914939155050836E-003 -4.209753747853873E-015
 -7.836748827996787E-016  1.241072674317001E-015 -7.914939155047365E-003
29 13
 -8.120621850553776E-001 -9.199106360171332E-001  2.737746010797459E-014
 -9.199106360171353E-001 -8.120621850553690E-001  2.646944078851798E-014
 -4.570928596563106E-015  4.054238498737983E-015  8.105872507471613E-002
29 14
 -8.120621850553783E-001 -3.533821455944941E-015  9.199106360171336E-001
  5.939395026147154E-015  8.105872507471490E-002 -2.341876692568690E-015
  9.199106360171300E-001 -3.632754904184243E-015 -8.120621850553699E-001
29 15
 -7.267737250735444E-003 -8.490020553317629E-003  6.655305273139425E-003
 -8.490020553321310E-003 -7.267737250722360E-003 -6.655305273140399E-003
  6.651744022955051E-003 -6.651744022960693E-003 -1.553593238777399E-002
29 16
 -7.267737250731500E-003 -6.655305273141726E-003  8.490020553313325E-003
 -6.651744022956473E-003 -1.553593238776319E-002 -6.651744022958650E-003
  8.490020553312860E-003 -6.655305273139332E-003 -7.267737250728055E-003
29 17
 -8.120621850553709E-001 -6.030095314139144E-014 -9.199106360171041E-001
 -3.075068411712012E-015  8.105872507471761E-002  4.363913744254155E-016
 -9.199106360171245E-001 -6.289287395998960E-014 -8.120621850553255E-001
29 18
 -7.267737250727448E-003  8.490020553320534E-003 -6.655305273137172E-003
  8.490020553317990E-003 -7.267737250730267E-003 -6.655305273140266E-003
 -6.651744022958541E-003 -6.651744022956671E-003 -1.553593238776427E-002
29 19
 -7.267737250722485E-003  6.655305273135258E-003 -8.490020553322241E-003
  6.651744022958600E-003 -1.553593238776632E-002 -6.651744022959049E-003
 -8.490020553317209E-003 -6.655305273142346E-003 -7.267737250731022E-003
29 20
 -8.120621850553535E-001  9.199106360170607E-001  5.036457904374070E-015
  9.199106360171103E-001 -8.120621850553218E-001 -8.466263714396183E-015
  7.539609670099978E-015 -3.390842294448415E-015  8.105872507471341E-002
29 21
  1.202849407665961E-002  3.964791819507929E-015 -1.474578588040631E-002
 -1.505008140681441E-015  3.253157945648107E-002 -3.097430081519525E-015
 -1.474578588040979E-002 -1.923103603446163E-015  1.202849407665847E-002
29 22
 -1.553593238777284E-002  6.651744022962012E-003 -6.651744022961363E-003
  6.655305273135676E-003 -7.267737250721664E-003 -8.490020553315568E-003
 -6.655305273136717E-003 -8.490020553318815E-003 -7.267737250734647E-003
29 23
  1.202849407666234E-002  1.474578588040977E-002  2.608183851185442E-015
  1.474578588041110E-002  1.202849407665641E-002 -3.925489490755329E-015
 -6.200281173901478E-015 -2.490954491285446E-015  3.253157945647627E-002
29 24
 -1.553593238776265E-002  6.651744022949669E-003 -6.651744022953529E-003
  6.655305273136891E-003 -7.267737250726041E-003 -8.490020553325461E-003
 -6.655305273137203E-003 -8.490020553319160E-003 -7.267737250723335E-003
29 25
 -8.120621850553731E-001  1.889832149278015E-014 -9.199106360171363E-001
 -2.046431600566390E-015  8.105872507470716E-002  1.454863790203986E-015
 -9.199106360171307E-001  2.035149121708962E-014 -8.120621850553811E-001
29 26
 -8.120621850553761E-001  9.199106360171325E-001  7.375285278332644E-015
  9.199106360171424E-001 -8.120621850553763E-001 -1.358640847395898E-015
 -7.852334234226266E-015 -2.085056302961186E-015  8.105872507471208E-002
29 27
 -7.267737250734645E-003  6.655305273143591E-003 -8.490020553317074E-003
  6.651744022960428E-003 -1.553593238776591E-002 -6.651744022953711E-003
 -8.490020553324557E-003 -6.655305273135300E-003 -7.267737250729108E-003
29 28
 -7.267737250730073E-003  8.490020553322613E-003 -6.655305273142323E-003
  8.490020553322833E-003 -7.267737250729072E-003 -6.655305273135399E-003
 -6.651744022963074E-003 -6.651744022948189E-003 -1.553593238776517E-002
29 29
  6.140120841670563E+000 -4.203113009547399E-014 -7.895092457403663E-014
 -7.753824302460591E-014  6.140120841670655E+000 -4.934407374888872E-014
  2.500475141612585E-014  3.399973309619816E-014  6.140120841670764E+000
29 30
  8.105872507470784E-002  3.104883971455363E-015 -3.226179089502179E-015
  2.246060325575283E-014 -8.120621850553869E-001 -9.199106360171235E-001
  1.979956454865872E-014 -9.199106360171347E-001 -8.120621850553740E-001
29 31
  3.253157945647795E-002  3.810970636286548E-015 -4.836896942000957E-015
  3.085232807079064E-015  1.202849407666047E-002 -1.474578588039736E-002
  5.637851296924623E-016 -1.474578588040845E-002  1.202849407666490E-002
29 32
  8.105872507469963E-002  1.060146436783482E-014  4.355782227960514E-015
  3.522843908948525E-014 -8.120621850552332E-001 -9.199106360171665E-001
  3.266226807248362E-014 -9.199106360169698E-001 -8.120621850554122E-001
29 33
 -1.553593238777008E-002 -6.651744022955080E-003 -6.651744022957182E-003
 -6.655305273146410E-003 -7.267737250730023E-003  8.490020553315259E-003
 -6.655305273138334E-003  8.490020553327624E-003 -7.267737250718548E-003
29 34
 -7.914939155041965E-003  4.045429356086538E-016  9.690056916589196E-017
 -3.199751661547845E-015 -7.914939155053237E-003  2.460800118363193E-015
 -4.855192853661650E-016 -2.358478538334874E-015 -7.914939155050820E-003
29 35
 -1.553593238776816E-002  6.651744022950076E-003  6.651744022954448E-003
  6.655305273143324E-003 -7.267737250732522E-003  8.490020553320772E-003
  6.655305273134115E-003  8.490020553322085E-003 -7.267737250735305E-003
29 36
  3.044262756681675E-002  4.588208068687094E-015 -4.805048503184195E-015
 -1.227858960339834E-015  1.840321607971849E-002 -3.087943312510277E-015
  5.112690869626957E-015 -1.492472053062077E-015  1.840321607972039E-002
29 37
 -7.267737250729188E-003 -8.490020553325733E-003 -6.655305273149889E-003
 -8.490020553318482E-003 -7.267737250728959E-003  6.655305273148034E-003
 -6.651744022964888E-003  6.651744022952969E-003 -1.553593238777551E-002
29 38
 -7.267737250727733E-003  6.655305273143531E-003  8.490020553320796E-003
  6.651744022953261E-003 -1.553593238777076E-002  6.651744022950606E-003
  8.490020553316206E-003  6.655305273139522E-003 -7.267737250734807E-003
29 39
  3.460608080958983E-003 -1.146067334574576E-002  2.536355457258277E-015
 -1.146067334574635E-002  3.460608080964421E-003 -2.532289699111456E-015
 -1.523981678699937E-015 -2.341876692568690E-015  3.612261808096648E-003
29 40
  3.460608080962729E-003 -1.034057822008050E-015  1.146067334574091E-002
  2.662732772988619E-015  3.612261808096746E-003  8.981937372684601E-016
  1.146067334574903E-002 -1.627319698264962E-015  3.460608080960094E-003
29 41
  8.105872507470435E-002 -2.440132514450188E-015  2.337810934421869E-016
  7.731039116179450E-015 -8.120621850553705E-001  9.199106360171307E-001
  2.901596064114331E-015  9.199106360171226E-001 -8.120621850553851E-001
29 42
  1.840321607971828E-002 -5.616844879832716E-015  3.460637809302169E-015
  3.374579261861133E-015  3.044262756682493E-002  2.381856647679093E-016
  2.799613297264913E-015  8.067819416007760E-015  1.840321607972181E-002
29 43
  3.612261808086424E-003 -5.011724542314244E-015  5.274643569141979E-015
  1.024232239819900E-015  3.460608080967423E-003  1.146067334575505E-002
  3.388131789017201E-016  1.146067334574957E-002  3.460608080961155E-003
29 44
  1.840321607971542E-002  3.703228045395801E-015  1.016439536705160E-017
  2.951740414591786E-015  1.840321607971418E-002  3.417269722402749E-015
 -3.949884039636253E-015 -9.547416568271572E-015  3.044262756682325E-002
29 45
 -8.120621850553251E-001 -9.199106360170519E-001 -8.492352329171615E-015
 -9.199106360170692E-001 -8.120621850552918E-001  2.716604068433992E-015
  4.536708465494033E-015  1.770298859761488E-015  8.105872507469647E-002
29 46
 -7.267737250726800E-003 -6.655305273135968E-003  8.490020553320573E-003
 -6.651744022945325E-003 -1.553593238777601E-002 -6.651744022947093E-003
  8.490020553326550E-003 -6.655305273140317E-003 -7.267737250721187E-003
29 47
 -7.267737250728378E-003 -8.490020553316640E-003  6.655305273139606E-003
 -8.490020553322252E-003 -7.267737250730150E-003 -6.655305273136826E-003
  6.651744022958921E-003 -6.651744022951586E-003 -1.553593238776376E-002
29 48
 -8.120621850553302E-001 -5.599938102205521E-014  9.199106360171818E-001
 -4.110820299614570E-015  8.105872507469718E-002 -1.184050416307841E-014
  9.199106360170896E-001  5.306492007958741E-014 -8.120621850554210E-001
29 49
 -7.267737250739491E-003 -6.655305273144487E-003 -8.490020553317375E-003
 -6.651744022951134E-003 -1.553593238776913E-002  6.651744022958625E-003
 -8.490020553320810E-003  6.655305273145290E-003 -7.267737250724651E-003
29 50
 -7.267737250735947E-003  8.490020553313396E-003  6.655305273143866E-003
  8.490020553320703E-003 -7.267737250727651E-003  6.655305273143406E-003
  6.651744022954416E-003  6.651744022950676E-003 -1.553593238777535E-002
29 51
  3.460608080965928E-003 -6.369687763352339E-016 -1.146067334574583E-002
 -7.060866648311848E-016  3.612261808093842E-003  3.894996304654175E-015
 -1.146067334574769E-002 -2.826040725219248E-015  3.460608080959388E-003
29 52
  3.460608080958636E-003  1.146067334574618E-002  1.559218249305716E-015
  1.146067334574939E-002  3.460608080964859E-003  5.522654816098038E-016
  5.948542981977500E-015 -8.019707944603716E-016  3.612261808099069E-003
29 53
  3.253157945648001E-002  2.602085213965211E-015  3.513492665210838E-015
  3.507732841169509E-015  1.202849407665413E-002  1.474578588040931E-002
 -2.276146935861756E-015  1.474578588041004E-002  1.202849407665505E-002
29 54
  3.612261808094201E-003  3.276323439979634E-015 -5.746271514173174E-016
 -4.763713295358185E-015  3.460608080967129E-003 -1.146067334575632E-002
  3.252606517456513E-017 -1.146067334574755E-002  3.460608080964679E-003
29 55
 -1.266294654797713E-003 -5.671732614814795E-016 -6.918565113173125E-016
  2.642065169075614E-015 -1.266294654791727E-003 -1.232263531665556E-015
 -3.635465409615457E-016  4.438452643612534E-017 -1.266294654792560E-003
29 56
  3.612261808097160E-003 -9.072061678272458E-015  3.322402032310268E-015
  2.137911158869854E-015  3.460608080965390E-003 -1.146067334574861E-002
 -1.668993719269873E-015 -1.146067334575391E-002  3.460608080962813E-003
29 57
 -7.267737250729253E-003 -6.655305273142644E-003 -8.490020553316368E-003
 -6.651744022952509E-003 -1.553593238777471E-002  6.651744022950141E-003
 -8.490020553317296E-003  6.655305273134628E-003 -7.267737250736585E-003
29 58
  3.460608080963169E-003  1.146067334575146E-002  4.682398132421772E-016
  1.146067334574587E-002  3.460608080964359E-003 -9.656175598699024E-017
  4.821311535771478E-016  1.158063445486079E-015  3.612261808096257E-003
29 59
  3.460608080964345E-003  4.483175983227561E-015 -1.146067334574505E-002
 -9.569778238079085E-015  3.612261808093484E-003  1.780124441949638E-015
 -1.146067334574769E-002 -1.895659735955124E-015  3.460608080963860E-003
29 60
 -7.267737250724762E-003  8.490020553318059E-003  6.655305273137378E-003
  8.490020553321218E-003 -7.267737250730412E-003  6.655305273146188E-003
  6.651744022953847E-003  6.651744022954464E-003 -1.553593238776800E-002
29 61
  1.202849407666083E-002 -1.474578588040731E-002  1.083524546127701E-015
 -1.474578588040995E-002  1.202849407665669E-002 -3.947173534205040E-016
  7.576201493421364E-015  5.440323213624920E-015  3.253157945647772E-002
29 62
 -1.553593238776318E-002 -6.651744022950168E-003  6.651744022958658E-003
 -6.655305273134800E-003 -7.267737250730664E-003 -8.490020553317634E-003
  6.655305273141199E-003 -8.490020553317023E-003 -7.267737250726422E-003
29 63
  1.202849407666006E-002 -2.516704292881977E-015  1.474578588040812E-002
 -4.304282624767453E-015  3.253157945647453E-002  2.492648557179955E-015
  1.474578588040669E-002  1.916327339868129E-015  1.202849407665807E-002
29 64
 -1.553593238776858E-002 -6.651744022954010E-003  6.651744022949199E-003
 -6.655305273145384E-003 -7.267737250730389E-003 -8.490020553321188E-003
  6.655305273139230E-003 -8.490020553318871E-003 -7.267737250733841E-003
30 1
  1.840321607972026E-002 -2.467915195120129E-015  1.653408313040394E-016
  1.958001360873041E-015  3.044262756683315E-002 -1.138039586612988E-014
  1.393538604822775E-015 -7.779150587583494E-016  1.840321607972085E-002
30 2
  8.105872507469711E-002 -8.286015103220468E-015  8.703432939627387E-015
 -4.176821106864625E-014 -8.120621850553656E-001  9.199106360171452E-001
  3.579086896646211E-014  9.199106360171152E-001 -8.120621850553980E-001
30 3
  1.840321607971556E-002  1.754374640353107E-015 -1.433179746754276E-015
  2.150108433310316E-015  1.840321607972236E-002  5.923809619917675E-015
  5.263801547417124E-015 -7.392903563635533E-016  3.044262756682786E-002
30 4
  3.612261808093568E-003  3.745240879579614E-015  6.410345344820545E-016
  1.115711798123364E-015  3.460608080961913E-003  1.146067334574903E-002
  1.931235119739805E-016  1.146067334575022E-002  3.460608080963288E-003
30 5
 -7.267737250729957E-003  6.655305273137830E-003  8.490020553323161E-003
  6.651744022952663E-003 -1.553593238776969E-002  6.651744022951871E-003
  8.490020553319337E-003  6.655305273140939E-003 -7.267737250734376E-003
30 6
 -7.267737250731213E-003 -8.490020553320000E-003 -6.655305273133510E-003
 -8.490020553314135E-003 -7.267737250722793E-003  6.655305273138703E-003
 -6.651744022952993E-003  6.651744022948847E-003 -1.553593238776454E-002
30 7
  3.460608080962171E-003  1.532113194993578E-015  1.146067334574684E-002
  2.200591596966672E-015  3.612261808097744E-003 -1.675431169669006E-015
  1.146067334574834E-002  6.789816105190472E-016  3.460608080963566E-003
30 8
  3.460608080963845E-003 -1.146067334574451E-002 -1.393199791643873E-015
 -1.146067334574942E-002  3.460608080964509E-003 -3.763875604419209E-015
  2.469948074193540E-015  4.808775448152114E-015  3.612261808093773E-003
30 9
 -7.914939155043349E-003 -4.208059681959364E-016 -2.645453300864631E-015
  1.675092356490104E-015 -7.914939155040861E-003  2.090477313823613E-015
  4.914146346790549E-015 -3.623945761532799E-015 -7.914939155041665E-003
30 10
 -1.553593238777249E-002 -6.651744022951816E-003 -6.651744022960636E-003
 -6.655305273140343E-003 -7.267737250727002E-003  8.490020553311960E-003
 -6.655305273141478E-003  8.490020553315722E-003 -7.267737250726550E-003
30 11
  3.044262756683453E-002  1.841788440509751E-015  3.992574500177870E-015
  4.035264960719487E-016  1.840321607971947E-002 -5.934990454821432E-015
  2.316465704151061E-015 -5.596177275919711E-015  1.840321607971355E-002
30 12
 -1.553593238778062E-002  6.651744022962786E-003  6.651744022959563E-003
  6.655305273143460E-003 -7.267737250728413E-003  8.490020553324333E-003
  6.655305273138692E-003  8.490020553321456E-003 -7.267737250726733E-003
30 13
 -7.267737250726933E-003 -6.655305273135416E-003  8.490020553316132E-003
 -6.651744022955699E-003 -1.553593238777233E-002 -6.651744022952604E-003
  8.490020553317611E-003 -6.655305273143709E-003 -7.267737250725170E-003
30 14
 -8.120621850553879E-001 -9.199106360171362E-001  3.238918465028884E-014
 -9.199106360171340E-001 -8.120621850553823E-001  2.090917770956185E-014
 -6.487255936431235E-015 -9.886229747173292E-015  8.105872507470219E-002
30 15
 -8.120621850552932E-001  7.521652571618187E-016  9.199106360170857E-001
 -4.153171946977285E-015  8.105872507470260E-002  3.099801773771838E-015
  9.199106360170409E-001 -5.489451124565670E-015 -8.120621850553247E-001
30 16
 -7.267737250728009E-003 -8.490020553311550E-003  6.655305273141392E-003
 -8.490020553316428E-003 -7.267737250724751E-003 -6.655305273132578E-003
  6.651744022958181E-003 -6.651744022955367E-003 -1.553593238775863E-002
30 17
 -8.120621850553955E-001  9.199106360171235E-001  4.652582572678421E-014
  9.199106360171534E-001 -8.120621850553641E-001 -5.667056992945951E-014
  9.941456295334272E-015 -1.572364200647103E-014  8.105872507470399E-002
30 18
 -8.120621850553964E-001 -4.009379633851395E-014 -9.199106360171473E-001
  6.161317658327781E-015  8.105872507470713E-002 -1.875330945221021E-015
 -9.199106360171538E-001 -4.726409964361106E-014 -8.120621850553983E-001
30 19
 -7.267737250726263E-003  8.490020553327555E-003 -6.655305273137665E-003
  8.490020553324314E-003 -7.267737250722175E-003 -6.655305273133556E-003
 -6.651744022960015E-003 -6.651744022951095E-003 -1.553593238776587E-002
30 20
 -7.267737250731556E-003  6.655305273143758E-003 -8.490020553322718E-003
  6.651744022955314E-003 -1.553593238776799E-002 -6.651744022954353E-003
 -8.490020553316999E-003 -6.655305273142663E-003 -7.267737250729513E-003
30 21
 -1.553593238776131E-002  6.651744022944607E-003 -6.651744022948356E-003
  6.655305273140690E-003 -7.267737250730547E-003 -8.490020553319003E-003
 -6.655305273135279E-003 -8.490020553325412E-003 -7.267737250728524E-003
30 22
  1.202849407666055E-002  1.856696220381426E-016 -1.474578588040226E-002
  1.812650507124203E-015  3.253157945647799E-002  8.973128230033156E-015
 -1.474578588040244E-002 -4.931425818914537E-015  1.202849407666304E-002
30 23
 -1.553593238776621E-002  6.651744022956309E-003 -6.651744022955037E-003
  6.655305273141820E-003 -7.267737250727976E-003 -8.490020553321678E-003
 -6.655305273140693E-003 -8.490020553317280E-003 -7.267737250732220E-003
30 24
  1.202849407666309E-002  1.474578588040700E-002  1.133668896605156E-015
  1.474578588040359E-002  1.202849407665624E-002 -8.077306185017008E-016
 -3.899062062800995E-015 -1.522626425984330E-015  3.253157945647488E-002
30 25
 -7.267737250728873E-003  8.490020553309790E-003 -6.655305273141056E-003
  8.490020553320442E-003 -7.267737250728406E-003 -6.655305273139248E-003
 -6.651744022954971E-003 -6.651744022956201E-003 -1.553593238776632E-002
30 26
 -8.120621850553726E-001  1.303617587142258E-014 -9.199106360171355E-001
 -8.528266526135198E-015  8.105872507470915E-002 -7.384094420984089E-015
 -9.199106360171387E-001  1.821832344272439E-014 -8.120621850553875E-001
30 27
 -8.120621850553832E-001  9.199106360171377E-001  2.141299290658871E-015
  9.199106360171352E-001 -8.120621850553779E-001 -1.327402272301159E-014
 -6.911450036416189E-015  4.873827578501244E-015  8.105872507469834E-002
30 28
 -7.267737250733999E-003  6.655305273144885E-003 -8.490020553318699E-003
  6.651744022960551E-003 -1.553593238776953E-002 -6.651744022950363E-003
 -8.490020553324339E-003 -6.655305273138413E-003 -7.267737250721115E-003
30 29
  8.105872507469687E-002 -1.592421940838085E-016 -5.880441533018255E-015
  1.629894678424615E-014 -8.120621850553900E-001 -9.199106360171329E-001
  3.014217564781263E-014 -9.199106360171436E-001 -8.120621850553872E-001
30 30
  6.140120841670474E+000 -6.600284012912849E-014  1.734831896194056E-013
  1.357556645223412E-014  6.140120841670529E+000 -2.646503621719226E-014
  2.212800729868396E-013 -5.628754163071112E-014  6.140120841670450E+000
30 31
  8.105872507470033E-002  4.483853609585364E-015 -2.218548695448463E-015
 -5.147995202868516E-014 -8.120621850552914E-001 -9.199106360170785E-001
 -4.594069536682094E-014 -9.199106360170483E-001 -8.120621850553322E-001
30 32
  3.253157945647291E-002  5.347827215784751E-015  8.741380015664379E-016
 -6.430674135554648E-016  1.202849407665495E-002 -1.474578588040799E-002
 -2.340860253031984E-015 -1.474578588040536E-002  1.202849407666557E-002
30 33
  3.044262756682018E-002  3.207883177841486E-015 -3.850950591396951E-015
  1.932251559276510E-015  1.840321607971983E-002 -4.296151108473811E-015
  5.620910637979537E-015 -5.809968391806697E-015  1.840321607972199E-002
30 34
 -1.553593238776475E-002 -6.651744022943613E-003 -6.651744022946794E-003
 -6.655305273140486E-003 -7.267737250726602E-003  8.490020553325123E-003
 -6.655305273137237E-003  8.490020553322396E-003 -7.267737250724516E-003
30 35
 -7.914939155046003E-003  3.324434911383678E-015 -5.126921023140829E-015
  3.364076053315179E-015 -7.914939155051858E-003  3.059821818661435E-015
 -1.865166549853969E-015  8.700722434196173E-016 -7.914939155047859E-003
30 36
 -1.553593238776671E-002  6.651744022947734E-003  6.651744022948783E-003
  6.655305273139367E-003 -7.267737250730246E-003  8.490020553320852E-003
  6.655305273140831E-003  8.490020553316062E-003 -7.267737250727564E-003
30 37
  3.460608080964942E-003 -4.550260992650101E-015  1.146067334574446E-002
  2.710505431213761E-015  3.612261808095743E-003  7.083228318119361E-015
  1.146067334574848E-002 -2.084378676603382E-015  3.460608080961498E-003
30 38
 -7.267737250732102E-003 -8.490020553313273E-003 -6.655305273141763E-003
 -8.490020553322380E-003 -7.267737250730710E-003  6.655305273145186E-003
 -6.651744022955068E-003  6.651744022955313E-003 -1.553593238776753E-002
30 39
 -7.267737250731841E-003  6.655305273140926E-003  8.490020553321294E-003
  6.651744022953085E-003 -1.553593238777305E-002  6.651744022946934E-003
  8.490020553319117E-003  6.655305273139669E-003 -7.267737250731243E-003
30 40
  3.460608080964433E-003 -1.146067334574967E-002 -4.506215279392878E-016
 -1.146067334575116E-002  3.460608080964692E-003 -2.598697082176193E-016
 -1.245816058821625E-015 -1.324420716326824E-015  3.612261808092977E-003
30 41
  1.840321607972313E-002 -5.610068616254682E-015  9.805253397415781E-016
 -5.213657196939669E-015  1.840321607971959E-002 -9.398677582733717E-016
 -6.273803633723152E-015 -5.521638376561333E-015  3.044262756682440E-002
30 42
  8.105872507469847E-002  2.295798100238056E-015  2.815537516673294E-015
 -7.982438494924526E-016 -8.120621850553723E-001  9.199106360171270E-001
 -1.206174916890124E-016  9.199106360171360E-001 -8.120621850553893E-001
30 43
  1.840321607971286E-002 -3.127245641262877E-015  5.908901840045999E-016
  2.111144917736618E-015  3.044262756682896E-002 -8.775261333554552E-016
  3.495535566729047E-015 -1.479597152263812E-015  1.840321607971227E-002
30 44
  3.612261808092659E-003  8.416119363918728E-016  5.759824041329242E-015
  6.508601166702044E-016  3.460608080957834E-003  1.146067334574665E-002
 -1.382018956740116E-015  1.146067334575241E-002  3.460608080965939E-003
30 45
 -8.120621850553261E-001  2.622414004699314E-016  9.199106360170448E-001
 -2.064388699048181E-015  8.105872507469432E-002  1.570737897388375E-015
  9.199106360170730E-001 -1.286473640289831E-015 -8.120621850553029E-001
30 46
 -8.120621850553358E-001 -9.199106360170514E-001 -2.144009796090085E-015
 -9.199106360170826E-001 -8.120621850552946E-001  7.020209066843641E-016
 -8.025806581823947E-015  9.510824744950186E-015  8.105872507470162E-002
30 47
 -7.267737250726228E-003 -6.655305273135348E-003  8.490020553322057E-003
 -6.651744022952724E-003 -1.553593238776960E-002 -6.651744022951211E-003
  8.490020553319736E-003 -6.655305273136029E-003 -7.267737250726244E-003
30 48
 -7.267737250729073E-003 -8.490020553317507E-003  6.655305273136220E-003
 -8.490020553317804E-003 -7.267737250728341E-003 -6.655305273134712E-003
  6.651744022952990E-003 -6.651744022954154E-003 -1.553593238776217E-002
30 49
  3.460608080964172E-003  1.146067334574971E-002  1.233279971202261E-016
  1.146067334574912E-002  3.460608080964889E-003 -5.717811207145429E-015
  8.283982224147057E-016  3.423029546444079E-015  3.612261808093870E-003
30 50
 -7.267737250732915E-003 -6.655305273142747E-003 -8.490020553314985E-003
 -6.651744022961962E-003 -1.553593238777065E-002  6.651744022957210E-003
 -8.490020553311229E-003  6.655305273146225E-003 -7.267737250730048E-003
30 51
 -7.267737250731215E-003  8.490020553309621E-003  6.655305273145707E-003
  8.490020553318805E-003 -7.267737250730624E-003  6.655305273145731E-003
  6.651744022956946E-003  6.651744022954344E-003 -1.553593238777296E-002
30 52
  3.460608080964974E-003 -3.470802204669221E-015 -1.146067334574933E-002
 -3.105900410992068E-015  3.612261808097581E-003 -1.702536223981144E-015
 -1.146067334574700E-002 -1.854663341308016E-015  3.460608080962553E-003
30 53
  3.612261808095531E-003  6.803368632346540E-015  4.675621868843738E-017
 -8.490658263277107E-016  3.460608080963111E-003 -1.146067334574949E-002
  3.088959752046982E-015 -1.146067334574836E-002  3.460608080966075E-003
30 54
  3.253157945647471E-002  2.703729167635727E-015 -1.404041813368728E-015
 -8.656676720938949E-016  1.202849407665376E-002  1.474578588041111E-002
  2.780978572425319E-015  1.474578588041015E-002  1.202849407666088E-002
30 55
  3.612261808091507E-003  1.112662479513249E-015 -1.074715403476256E-015
 -2.574980159653073E-016  3.460608080965423E-003 -1.146067334574834E-002
 -2.853484592710287E-015 -1.146067334575277E-002  3.460608080963321E-003
30 56
 -1.266294654796512E-003 -1.494166118956586E-015 -2.041688216061766E-015
  5.014435047745458E-016 -1.266294654795117E-003 -1.278342123996190E-015
 -1.694065894508601E-018 -2.627496202382840E-015 -1.266294654793212E-003
30 57
 -7.267737250730405E-003  8.490020553315505E-003  6.655305273136761E-003
  8.490020553321546E-003 -7.267737250730395E-003  6.655305273144249E-003
  6.651744022948951E-003  6.651744022954756E-003 -1.553593238777089E-002
30 58
 -7.267737250729417E-003 -6.655305273136017E-003 -8.490020553321180E-003
 -6.651744022950250E-003 -1.553593238776813E-002  6.651744022954988E-003
 -8.490020553318968E-003  6.655305273141004E-003 -7.267737250731964E-003
30 59
  3.460608080959220E-003  1.146067334574837E-002 -9.818805924571850E-016
  1.146067334574630E-002  3.460608080965420E-003  7.796091246528580E-016
  4.349344777561381E-015  2.325613659981407E-015  3.612261808097349E-003
30 60
  3.460608080961285E-003  1.228536586697637E-015 -1.146067334574629E-002
 -2.446231151670419E-016  3.612261808090437E-003  2.212111245049331E-015
 -1.146067334574955E-002 -4.496389697204728E-015  3.460608080968244E-003
30 61
 -1.553593238776942E-002 -6.651744022949930E-003  6.651744022953941E-003
 -6.655305273137450E-003 -7.267737250727361E-003 -8.490020553321693E-003
  6.655305273141162E-003 -8.490020553312546E-003 -7.267737250731971E-003
30 62
  1.202849407666444E-002 -1.474578588040928E-002  3.740497495074990E-016
 -1.474578588040437E-002  1.202849407665683E-002 -5.522316002919136E-015
  3.652067255381641E-015  1.180425115293593E-015  3.253157945647065E-002
30 63
 -1.553593238776320E-002 -6.651744022957901E-003  6.651744022957636E-003
 -6.655305273141744E-003 -7.267737250730874E-003 -8.490020553315601E-003
  6.655305273131882E-003 -8.490020553322387E-003 -7.267737250726282E-003
30 64
  1.202849407666072E-002 -5.503681278079542E-015  1.474578588040343E-002
  4.851804721872632E-016  3.253157945647261E-002  1.609362599783171E-015
  1.474578588040541E-002 -5.980052607615360E-016  1.202849407665851E-002
31 1
  3.612261808086380E-003 -1.803841364472758E-015  1.191267137018448E-015
 -1.313578694601969E-015  3.460608080964980E-003  1.146067334575089E-002
  3.425740051875292E-015  1.146067334575263E-002  3.460608080962053E-003
31 2
  1.840321607971313E-002 -1.757762772142124E-015  5.264479173774927E-015
  1.669332532448775E-015  3.044262756682614E-002  4.009853972301858E-015
  5.814372963132419E-015  6.561456022610712E-015  1.840321607971796E-002
31 3
  8.105872507468399E-002 -4.476399719649526E-015  2.072859028520724E-015
 -5.726281536617972E-015 -8.120621850554125E-001  9.199106360171412E-001
  6.949397112453182E-015  9.199106360171634E-001 -8.120621850554066E-001
31 4
  1.840321607971646E-002  3.712714814405049E-015 -2.359494977871579E-015
  3.608360355303319E-015  1.840321607972013E-002 -1.727608399219871E-015
  9.820161177287456E-015  4.827410172991708E-015  3.044262756681341E-002
31 5
  3.460608080961706E-003 -1.146067334575169E-002  4.509603411181895E-015
 -1.146067334575191E-002  3.460608080964224E-003  7.906883156029443E-015
  6.962610826430349E-015  4.368657128758779E-015  3.612261808088474E-003
31 6
 -7.267737250730344E-003  6.655305273137787E-003  8.490020553322011E-003
  6.651744022949558E-003 -1.553593238776423E-002  6.651744022947188E-003
  8.490020553313535E-003  6.655305273140167E-003 -7.267737250731022E-003
31 7
 -7.267737250724647E-003 -8.490020553317346E-003 -6.655305273140586E-003
 -8.490020553325803E-003 -7.267737250728988E-003  6.655305273136014E-003
 -6.651744022956131E-003  6.651744022950669E-003 -1.553593238776202E-002
31 8
  3.460608080967216E-003  2.841964944627628E-015  1.146067334574432E-002
 -7.772713137184362E-015  3.612261808099924E-003  1.786223079169869E-015
  1.146067334575252E-002  5.109980364195743E-015  3.460608080960606E-003
31 9
 -1.553593238776066E-002  6.651744022955343E-003  6.651744022949204E-003
  6.655305273129870E-003 -7.267737250729388E-003  8.490020553318723E-003
  6.655305273135959E-003  8.490020553308494E-003 -7.267737250733140E-003
31 10
 -7.914939155039687E-003 -9.730714498057402E-016 -5.414234598849488E-015
 -2.073536654878527E-015 -7.914939155049960E-003 -7.442031474576283E-015
 -1.547698601223058E-015 -7.382739168268482E-015 -7.914939155037335E-003
31 11
 -1.553593238776013E-002 -6.651744022950334E-003 -6.651744022951578E-003
 -6.655305273137077E-003 -7.267737250728043E-003  8.490020553324156E-003
 -6.655305273148294E-003  8.490020553319414E-003 -7.267737250729207E-003
31 12
  3.044262756682832E-002  2.018648919896449E-015  6.505213034913027E-016
 -8.504210790433175E-017  1.840321607971623E-002  9.683280653011161E-016
  2.269370672283721E-015  5.093378518429559E-015  1.840321607972036E-002
31 13
 -7.267737250724618E-003 -8.490020553317953E-003  6.655305273138089E-003
 -8.490020553316753E-003 -7.267737250730042E-003 -6.655305273145422E-003
  6.651744022951912E-003 -6.651744022956271E-003 -1.553593238776942E-002
31 14
 -7.267737250727752E-003 -6.655305273139504E-003  8.490020553323069E-003
 -6.651744022947425E-003 -1.553593238777010E-002 -6.651744022951540E-003
  8.490020553315467E-003 -6.655305273149207E-003 -7.267737250729031E-003
31 15
 -8.120621850553865E-001 -9.199106360171418E-001  2.703864692907287E-014
 -9.199106360171307E-001 -8.120621850553766E-001  2.024747557116680E-014
  1.063941144387182E-014  6.555696198569383E-015  8.105872507469676E-002
31 16
 -8.120621850553724E-001  5.207558559719438E-015  9.199106360171225E-001
 -1.331196979904858E-015  8.105872507470374E-002 -4.919228544474075E-015
  9.199106360171260E-001 -2.048464479639800E-015 -8.120621850553696E-001
31 17
 -7.267737250726215E-003  6.655305273136927E-003 -8.490020553319230E-003
  6.651744022948502E-003 -1.553593238776468E-002 -6.651744022952258E-003
 -8.490020553324647E-003 -6.655305273151130E-003 -7.267737250725711E-003
31 18
 -8.120621850553976E-001  9.199106360171245E-001 -3.455894424797545E-016
  9.199106360171609E-001 -8.120621850553573E-001 -1.074715403476256E-015
 -1.360334913290406E-015 -1.408785197873352E-015  8.105872507470209E-002
31 19
 -8.120621850554044E-001  1.477225460011500E-014 -9.199106360171498E-001
  5.160463527852099E-015  8.105872507470609E-002 -5.907546587330392E-015
 -9.199106360171513E-001  1.367483871365233E-014 -8.120621850554007E-001
31 20
 -7.267737250727201E-003  8.490020553319046E-003 -6.655305273142574E-003
  8.490020553320037E-003 -7.267737250726668E-003 -6.655305273145290E-003
 -6.651744022960236E-003 -6.651744022954548E-003 -1.553593238776434E-002
31 21
  1.202849407666832E-002  1.474578588040179E-002  3.078456543501029E-015
  1.474578588041134E-002  1.202849407666757E-002 -2.064727512227083E-015
 -8.132193919999087E-015  2.558717127065790E-015  3.253157945647082E-002
31 22
 -1.553593238776248E-002  6.651744022951035E-003 -6.651744022949343E-003
  6.655305273132055E-003 -7.267737250728356E-003 -8.490020553327468E-003
 -6.655305273136940E-003 -8.490020553314813E-003 -7.267737250734970E-003
31 23
  1.202849407666396E-002  1.851275209518999E-015 -1.474578588040202E-002
  2.187377882989505E-015  3.253157945647996E-002  3.784543208332214E-015
 -1.474578588041194E-002 -2.399813746160884E-015  1.202849407666064E-002
31 24
 -1.553593238776464E-002  6.651744022946392E-003 -6.651744022953795E-003
  6.655305273138473E-003 -7.267737250730323E-003 -8.490020553320165E-003
 -6.655305273149966E-003 -8.490020553320697E-003 -7.267737250726295E-003
31 25
 -7.267737250729592E-003  6.655305273134381E-003 -8.490020553321325E-003
  6.651744022951495E-003 -1.553593238776773E-002 -6.651744022959732E-003
 -8.490020553315335E-003 -6.655305273135050E-003 -7.267737250730147E-003
31 26
 -7.267737250731451E-003  8.490020553314829E-003 -6.655305273142346E-003
  8.490020553322524E-003 -7.267737250731932E-003 -6.655305273143090E-003
 -6.651744022950873E-003 -6.651744022954089E-003 -1.553593238777099E-002
31 27
 -8.120621850553001E-001 -4.949247392124767E-014 -9.199106360170767E-001
  1.351525770638962E-015  8.105872507470777E-002  5.488434685028964E-015
 -9.199106360170514E-001 -5.828365947421060E-014 -8.120621850553323E-001
31 28
 -8.120621850553839E-001  9.199106360171390E-001 -8.822695178600792E-016
  9.199106360171230E-001 -8.120621850553763E-001 -1.436906691722195E-015
  7.188599216757796E-015 -4.084054058481335E-015  8.105872507470893E-002
31 29
  3.253157945646985E-002  4.166724474133354E-015 -6.259912293388181E-015
 -1.274276365849369E-015  1.202849407665793E-002 -1.474578588041201E-002
  4.675283055664836E-015 -1.474578588040921E-002  1.202849407665630E-002
31 30
  8.105872507469541E-002  1.852630462234606E-015  9.893344823930228E-016
 -5.754267505195254E-014 -8.120621850552938E-001 -9.199106360170621E-001
 -4.172687586082025E-014 -9.199106360170378E-001 -8.120621850553397E-001
31 31
  6.140120841670420E+000 -4.210973475297919E-014 -7.479368686891252E-014
  9.519362837058509E-014  6.140120841670462E+000  4.636895522495271E-014
 -7.158292377905037E-014  8.536398042428839E-016  6.140120841670363E+000
31 32
  8.105872507469478E-002  6.511989298491061E-015  7.682250018417602E-015
 -9.364796264843545E-016 -8.120621850553668E-001 -9.199106360171176E-001
 -2.314771638256552E-015 -9.199106360171124E-001 -8.120621850553652E-001
31 33
 -1.553593238775915E-002  6.651744022956945E-003  6.651744022957042E-003
  6.655305273137371E-003 -7.267737250726735E-003  8.490020553321001E-003
  6.655305273133552E-003  8.490020553317814E-003 -7.267737250722539E-003
31 34
  3.044262756682575E-002  6.186728646745410E-015 -6.227386228213616E-016
 -5.114046122342564E-015  1.840321607972224E-002  5.382386160032726E-015
 -1.431146867680866E-015  1.683901499141549E-015  1.840321607971542E-002
31 35
 -1.553593238776748E-002 -6.651744022948733E-003 -6.651744022954741E-003
 -6.655305273137267E-003 -7.267737250733662E-003  8.490020553317604E-003
 -6.655305273132964E-003  8.490020553319022E-003 -7.267737250738765E-003
31 36
 -7.914939155037434E-003 -6.112867373744835E-015 -1.014406657631750E-015
  7.623296525288703E-017 -7.914939155045599E-003  8.853188364701947E-016
 -8.244002269036654E-015  4.372384073726698E-015 -7.914939155039638E-003
31 37
  3.460608080964031E-003 -1.146067334574949E-002  2.194831772925343E-015
 -1.146067334575067E-002  3.460608080965708E-003  3.449795787577314E-015
  1.069294392613829E-015  4.109126233720062E-015  3.612261808091902E-003
31 38
  3.460608080963848E-003  2.493664996716660E-016  1.146067334574975E-002
  2.795886352296995E-015  3.612261808099382E-003 -2.577690665084287E-015
  1.146067334574953E-002  2.910405206765776E-016  3.460608080965898E-003
31 39
 -7.267737250730655E-003 -8.490020553321998E-003 -6.655305273138591E-003
 -8.490020553318460E-003 -7.267737250732802E-003  6.655305273135218E-003
 -6.651744022949288E-003  6.651744022944636E-003 -1.553593238777369E-002
31 40
 -7.267737250733376E-003  6.655305273132192E-003  8.490020553320585E-003
  6.651744022952604E-003 -1.553593238777098E-002  6.651744022954272E-003
  8.490020553329402E-003  6.655305273142018E-003 -7.267737250727636E-003
31 41
  3.612261808093439E-003 -2.867714746224159E-015 -4.607859233063394E-015
  2.771491803416071E-016  3.460608080963794E-003  1.146067334574639E-002
  4.736608241046047E-016  1.146067334575223E-002  3.460608080963060E-003
31 42
  1.840321607970987E-002  2.336455681706262E-015  4.452005170768603E-016
  2.635627718676481E-015  1.840321607971758E-002  8.195890797632610E-016
 -2.363899549197301E-015 -4.097267772458502E-015  3.044262756682584E-002
31 43
  8.105872507469213E-002  5.014435047745458E-017  2.256495771485456E-016
  4.499439015814843E-015 -8.120621850552879E-001  9.199106360170788E-001
  3.504683522559393E-015  9.199106360170424E-001 -8.120621850553384E-001
31 44
  1.840321607971031E-002 -7.501323780884084E-016  5.439984400446018E-015
  7.934665836699384E-015  3.044262756681694E-002  7.711387951803150E-016
  7.595175031439860E-015 -2.033895512947026E-015  1.840321607971277E-002
31 45
 -7.267737250733942E-003 -8.490020553319816E-003  6.655305273131200E-003
 -8.490020553320116E-003 -7.267737250725309E-003 -6.655305273144511E-003
  6.651744022938793E-003 -6.651744022952689E-003 -1.553593238777221E-002
31 46
 -8.120621850553709E-001  9.730714498057402E-016  9.199106360171023E-001
  3.107255663707675E-015  8.105872507469730E-002 -2.765393166195840E-015
  9.199106360171121E-001  1.568705018314964E-016 -8.120621850553726E-001
31 47
 -8.120621850553320E-001 -9.199106360170427E-001  9.603998369148159E-015
 -9.199106360170892E-001 -8.120621850552838E-001 -2.375080384101058E-016
  9.175060884658581E-015  8.748156279242414E-016  8.105872507470771E-002
31 48
 -7.267737250733276E-003 -6.655305273138313E-003  8.490020553318970E-003
 -6.651744022953348E-003 -1.553593238777223E-002 -6.651744022956174E-003
  8.490020553313970E-003 -6.655305273139497E-003 -7.267737250730930E-003
31 49
  3.460608080962655E-003  4.065758146820642E-016 -1.146067334574907E-002
 -1.872959252968709E-015  3.612261808091293E-003  1.521609986447625E-015
 -1.146067334575012E-002  3.494857940371243E-015  3.460608080962926E-003
31 50
  3.460608080962584E-003  1.146067334574524E-002  1.933267998813215E-015
  1.146067334574784E-002  3.460608080958613E-003 -6.410345344820545E-016
  2.465204689688916E-015  1.202786785101106E-016  3.612261808091070E-003
31 51
 -7.267737250731725E-003 -6.655305273144690E-003 -8.490020553317382E-003
 -6.651744022953921E-003 -1.553593238777080E-002  6.651744022953538E-003
 -8.490020553312175E-003  6.655305273140909E-003 -7.267737250735387E-003
31 52
 -7.267737250732465E-003  8.490020553313340E-003  6.655305273143270E-003
  8.490020553312763E-003 -7.267737250724972E-003  6.655305273137234E-003
  6.651744022960582E-003  6.651744022956685E-003 -1.553593238777242E-002
31 53
 -1.266294654799967E-003  2.092510192897024E-015  5.969888212248309E-016
 -1.008985646769323E-015 -1.266294654794964E-003  1.022199360746490E-015
 -5.448115916739660E-016 -9.337691210531407E-016 -1.266294654796458E-003
31 54
  3.612261808095407E-003  7.399679827213568E-016 -1.604619215278547E-015
 -1.741499739554841E-016  3.460608080962037E-003 -1.146067334575144E-002
 -3.252606517456513E-017 -1.146067334575051E-002  3.460608080970100E-003
31 55
  3.253157945646703E-002 -5.578897803795724E-015 -7.655144964105465E-015
  1.494843745314389E-015  1.202849407664745E-002  1.474578588040787E-002
  4.261592164225836E-015  1.474578588041356E-002  1.202849407665680E-002
31 56
  3.612261808094939E-003  2.835866307407398E-015  3.523657060577889E-016
  3.840108569672096E-015  3.460608080969861E-003 -1.146067334574809E-002
  4.610569738494608E-015 -1.146067334575415E-002  3.460608080961652E-003
31 57
  3.460608080964058E-003 -1.061840502677991E-015 -1.146067334574979E-002
  4.959886125942281E-015  3.612261808095148E-003  4.642079364132468E-015
 -1.146067334575318E-002  2.466559942404523E-015  3.460608080964006E-003
31 58
 -7.267737250729916E-003  8.490020553315585E-003  6.655305273132997E-003
  8.490020553315913E-003 -7.267737250733338E-003  6.655305273139693E-003
  6.651744022947190E-003  6.651744022951382E-003 -1.553593238777759E-002
31 59
 -7.267737250730728E-003 -6.655305273139724E-003 -8.490020553318807E-003
 -6.651744022956899E-003 -1.553593238777545E-002  6.651744022958234E-003
 -8.490020553317327E-003  6.655305273153563E-003 -7.267737250728173E-003
31 60
  3.460608080960289E-003  1.146067334575281E-002  3.310882384227609E-015
  1.146067334574488E-002  3.460608080961413E-003  3.453522732545233E-015
 -2.989687490628778E-015 -9.205554070759736E-016  3.612261808090253E-003
31 61
  1.202849407666161E-002  1.263773157303416E-015  1.474578588040702E-002
 -7.485738374654605E-015  3.253157945647391E-002 -4.162319902807632E-015
  1.474578588040824E-002 -1.991543865584311E-015  1.202849407665510E-002
31 62
 -1.553593238776536E-002 -6.651744022953008E-003  6.651744022950649E-003
 -6.655305273136181E-003 -7.267737250729367E-003 -8.490020553318598E-003
  6.655305273143376E-003 -8.490020553318935E-003 -7.267737250731874E-003
31 63
  1.202849407667048E-002 -1.474578588040949E-002  4.490629873163399E-015
 -1.474578588040525E-002  1.202849407665380E-002  1.510429151543868E-015
 -3.455894424797545E-016  7.457278067626860E-016  3.253157945647975E-002
31 64
 -1.553593238777214E-002 -6.651744022954099E-003  6.651744022946831E-003
 -6.655305273142235E-003 -7.267737250723644E-003 -8.490020553319447E-003
  6.655305273143788E-003 -8.490020553314173E-003 -7.267737250734292E-003
32 1
  1.840321607971152E-002  8.931115395849343E-016 -3.123857509473860E-015
  2.511960908377353E-015  1.840321607971624E-002 -1.577852974145311E-015
 -1.488067481736355E-015 -5.035780278016266E-015  3.044262756684809E-002
32 2
  3.612261808091799E-003  3.706616177184818E-015  2.567526269717235E-015
 -3.157061201006228E-015  3.460608080963203E-003  1.146067334575149E-002
 -5.599904220887630E-015  1.146067334574719E-002  3.460608080962682E-003
32 3
  1.840321607971881E-002  3.977666720306194E-016 -3.060160631840336E-015
 -1.184152060261512E-015  3.044262756682406E-002 -1.792321716390100E-016
 -3.436920886779049E-015  7.964142583263834E-015  1.840321607972187E-002
32 4
  8.105872507469097E-002  4.239908120776126E-015 -2.205673794650198E-015
  5.514929875619079E-014 -8.120621850553740E-001  9.199106360171350E-001
 -5.991572255698019E-014  9.199106360171208E-001 -8.120621850553884E-001
32 5
  3.460608080963655E-003 -1.490777987167569E-015  1.146067334575514E-002
 -3.950222852815155E-015  3.612261808084196E-003  7.728667423927138E-015
  1.146067334574838E-002 -4.603793474916573E-015  3.460608080961603E-003
32 6
  3.460608080962581E-003 -1.146067334573814E-002 -1.941399515106856E-015
 -1.146067334574586E-002  3.460608080960581E-003 -3.591419696358233E-017
  1.718121630210623E-015 -1.448765152983755E-015  3.612261808099781E-003
32 7
 -7.267737250717037E-003  6.655305273139625E-003  8.490020553317866E-003
  6.651744022954464E-003 -1.553593238775996E-002  6.651744022950652E-003
  8.490020553320567E-003  6.655305273145583E-003 -7.267737250725098E-003
32 8
 -7.267737250715576E-003 -8.490020553322809E-003 -6.655305273133687E-003
 -8.490020553316723E-003 -7.267737250735248E-003  6.655305273149862E-003
 -6.651744022948661E-003  6.651744022945782E-003 -1.553593238777081E-002
32 9
  3.044262756683170E-002  3.069647400849584E-016 -1.606652094351957E-015
 -3.104883971455363E-015  1.840321607971984E-002  2.968003447179068E-016
  1.040834085586084E-015 -3.432177502274425E-015  1.840321607972223E-002
32 10
 -1.553593238776437E-002  6.651744022958343E-003  6.651744022946575E-003
  6.655305273144010E-003 -7.267737250713657E-003  8.490020553316793E-003
  6.655305273142485E-003  8.490020553320312E-003 -7.267737250726738E-003
32 11
 -7.914939155037043E-003  7.560277274012983E-015  3.783187955616607E-015
  5.985812431656690E-015 -7.914939155036145E-003  2.298508605669269E-015
  6.088472824863911E-016  5.624637582947456E-015 -7.914939155047407E-003
32 12
 -1.553593238776152E-002 -6.651744022955083E-003 -6.651744022952464E-003
 -6.655305273144702E-003 -7.267737250734942E-003  8.490020553311212E-003
 -6.655305273136849E-003  8.490020553321405E-003 -7.267737250735853E-003
32 13
 -8.120621850553730E-001  5.715100701714215E-014  9.199106360171372E-001
  5.283113898614522E-015  8.105872507469601E-002 -2.236505793930255E-015
  9.199106360171221E-001 -5.900329866619786E-014 -8.120621850553865E-001
32 14
 -7.267737250732922E-003 -8.490020553318940E-003  6.655305273139370E-003
 -8.490020553318057E-003 -7.267737250718091E-003 -6.655305273138019E-003
  6.651744022948346E-003 -6.651744022952788E-003 -1.553593238776931E-002
32 15
 -7.267737250735713E-003 -6.655305273147470E-003  8.490020553311398E-003
 -6.651744022956555E-003 -1.553593238776903E-002 -6.651744022956088E-003
  8.490020553318298E-003 -6.655305273142312E-003 -7.267737250730414E-003
32 16
 -8.120621850553872E-001 -9.199106360171337E-001  1.463063069133408E-014
 -9.199106360171405E-001 -8.120621850553903E-001  1.868622444278767E-014
  2.858227977214911E-015 -5.704597493168262E-015  8.105872507470288E-002
32 17
 -7.267737250721003E-003  8.490020553325543E-003 -6.655305273141611E-003
  8.490020553321882E-003 -7.267737250719254E-003 -6.655305273143094E-003
 -6.651744022952572E-003 -6.651744022953600E-003 -1.553593238777760E-002
32 18
 -7.267737250723861E-003  6.655305273140719E-003 -8.490020553314818E-003
  6.651744022957938E-003 -1.553593238775841E-002 -6.651744022952388E-003
 -8.490020553323803E-003 -6.655305273136941E-003 -7.267737250726735E-003
32 19
 -8.120621850553997E-001  9.199106360171186E-001 -4.403893699364558E-015
  9.199106360171498E-001 -8.120621850553629E-001 -1.902435999533159E-015
 -7.908577221923951E-015 -8.160654227026831E-015  8.105872507471144E-002
32 20
 -8.120621850553882E-001  1.813904115886139E-014 -9.199106360171294E-001
 -7.537237977847666E-015  8.105872507469518E-002 -8.284321037325959E-015
 -9.199106360171518E-001  2.614485776313014E-014 -8.120621850553743E-001
32 21
 -1.553593238776267E-002  6.651744022954264E-003 -6.651744022947987E-003
  6.655305273140709E-003 -7.267737250726448E-003 -8.490020553316569E-003
 -6.655305273138416E-003 -8.490020553329300E-003 -7.267737250727348E-003
32 22
  1.202849407665958E-002  1.474578588040672E-002 -1.921748350730557E-015
  1.474578588040740E-002  1.202849407666319E-002  6.207057437479513E-016
 -4.396439809428720E-015 -7.311588400699121E-016  3.253157945647894E-002
32 23
 -1.553593238776173E-002  6.651744022952594E-003 -6.651744022949102E-003
  6.655305273141492E-003 -7.267737250726870E-003 -8.490020553316166E-003
 -6.655305273146284E-003 -8.490020553320977E-003 -7.267737250726974E-003
32 24
  1.202849407666760E-002 -3.232277726722410E-015 -1.474578588040520E-002
  1.184626398711974E-014  3.253157945646876E-002 -1.371515748194163E-015
 -1.474578588040465E-002  3.506716401632803E-016  1.202849407666498E-002
32 25
 -8.120621850553652E-001  9.199106360171426E-001 -7.099491350706644E-015
  9.199106360171241E-001 -8.120621850553924E-001 -6.283968029090203E-015
  6.105413483808997E-016 -3.629027959216324E-015  8.105872507470883E-002
32 26
 -7.267737250730674E-003  6.655305273145709E-003 -8.490020553310797E-003
  6.651744022956364E-003 -1.553593238776297E-002 -6.651744022951177E-003
 -8.490020553318963E-003 -6.655305273146183E-003 -7.267737250726531E-003
32 27
 -7.267737250732645E-003  8.490020553317705E-003 -6.655305273136134E-003
  8.490020553316401E-003 -7.267737250727666E-003 -6.655305273135459E-003
 -6.651744022957215E-003 -6.651744022955398E-003 -1.553593238776205E-002
32 28
 -8.120621850553660E-001  5.394583434473188E-015 -9.199106360170884E-001
  3.148252058354784E-015  8.105872507469651E-002 -5.206880933361635E-015
 -9.199106360171149E-001 -5.326143172335041E-016 -8.120621850553695E-001
32 29
  8.105872507469671E-002 -2.618348246552493E-015 -8.986003130831421E-015
  1.200076279669893E-014 -8.120621850553857E-001 -9.199106360171300E-001
  2.740727566771795E-014 -9.199106360171371E-001 -8.120621850553792E-001
32 30
  3.253157945647107E-002  7.899768079272507E-015  1.098432325999377E-015
 -3.765230857134816E-015  1.202849407666579E-002 -1.474578588040530E-002
 -2.212450058228232E-015 -1.474578588040210E-002  1.202849407666257E-002
32 31
  8.105872507469522E-002  5.076776672663375E-015  2.904306569545545E-015
  3.793352350983659E-015 -8.120621850553588E-001 -9.199106360170880E-001
 -9.581636699340645E-016 -9.199106360171110E-001 -8.120621850553709E-001
32 32
  6.140120841670445E+000  1.374388883951250E-013 -7.408082394050330E-014
  1.368759502983798E-013  6.140120841670433E+000 -6.972470289936389E-014
 -2.369566199614433E-013 -2.265791111048625E-013  6.140120841670858E+000
32 33
 -7.914939155043915E-003  3.186199134391776E-015  7.611099250848241E-015
  6.637350174684697E-016 -7.914939155042426E-003  3.720168704340887E-016
  3.641225233656786E-015 -1.829591166069289E-016 -7.914939155049032E-003
32 34
 -1.553593238775620E-002  6.651744022946103E-003  6.651744022949897E-003
  6.655305273141533E-003 -7.267737250731768E-003  8.490020553314999E-003
  6.655305273143956E-003  8.490020553322902E-003 -7.267737250734517E-003
32 35
  3.044262756681781E-002 -2.652907190800469E-015 -1.797742727252527E-015
 -2.288683023481120E-015  1.840321607971914E-002 -1.314595134138674E-016
  1.266822475913532E-015  4.652921385857323E-015  1.840321607972564E-002
32 36
 -1.553593238776135E-002 -6.651744022951377E-003 -6.651744022956511E-003
 -6.655305273133361E-003 -7.267737250732665E-003  8.490020553311522E-003
 -6.655305273141917E-003  8.490020553322965E-003 -7.267737250725144E-003
32 37
 -7.267737250737406E-003  6.655305273147246E-003  8.490020553313951E-003
  6.651744022956109E-003 -1.553593238776069E-002  6.651744022952938E-003
  8.490020553320468E-003  6.655305273136881E-003 -7.267737250736225E-003
32 38
  3.460608080962298E-003 -1.146067334574686E-002 -1.583612798186640E-015
 -1.146067334574282E-002  3.460608080960445E-003 -1.305447178308328E-015
 -1.605635654815252E-015  1.998997755520149E-015  3.612261808093602E-003
32 39
  3.460608080960681E-003 -1.931912746097608E-015  1.146067334575045E-002
  1.542616403539532E-015  3.612261808095546E-003  3.014082039509702E-015
  1.146067334574825E-002  1.246493685179428E-015  3.460608080965614E-003
32 40
 -7.267737250736067E-003 -8.490020553319927E-003 -6.655305273147887E-003
 -8.490020553325098E-003 -7.267737250730726E-003  6.655305273137226E-003
 -6.651744022953188E-003  6.651744022955053E-003 -1.553593238776700E-002
32 41
  1.840321607972205E-002 -1.267161289092433E-016 -3.249218385667496E-015
  3.179422870813742E-015  3.044262756682070E-002  2.927345865710862E-016
 -5.928891817601201E-015 -1.409801637410057E-015  1.840321607972620E-002
32 42
  3.612261808093541E-003  4.282598581317743E-016  1.853985714950213E-015
 -2.205673794650198E-016  3.460608080960783E-003  1.146067334575136E-002
 -5.895349312889930E-016  1.146067334574834E-002  3.460608080966850E-003
32 43
  1.840321607971178E-002 -3.729655473350135E-015  5.580930682869134E-015
 -5.549082244052372E-015  1.840321607971426E-002  4.329354800006180E-015
 -5.572121540217689E-015 -3.493502687655636E-015  3.044262756683224E-002
32 44
  8.105872507469711E-002 -6.012578672789926E-015  4.403893699364558E-015
  1.288845332542143E-015 -8.120621850553814E-001  9.199106360171461E-001
 -1.239073676561481E-014  9.199106360171363E-001 -8.120621850554156E-001
32 45
 -7.267737250726222E-003 -6.655305273135620E-003  8.490020553312683E-003
 -6.651744022944670E-003 -1.553593238775521E-002 -6.651744022954367E-003
  8.490020553323633E-003 -6.655305273141023E-003 -7.267737250722984E-003
32 46
 -7.267737250723396E-003 -8.490020553325201E-003  6.655305273137527E-003
 -8.490020553311306E-003 -7.267737250731617E-003 -6.655305273147239E-003
  6.651744022952045E-003 -6.651744022953415E-003 -1.553593238776807E-002
32 47
 -8.120621850553789E-001  4.718989955743158E-015  9.199106360171494E-001
 -2.792837033686879E-015  8.105872507469464E-002 -7.987859505786954E-015
  9.199106360171359E-001 -1.036260107670911E-014 -8.120621850554135E-001
32 48
 -8.120621850553625E-001 -9.199106360171336E-001 -2.856195098141501E-015
 -9.199106360171312E-001 -8.120621850553594E-001  3.032716764349297E-015
  1.280036189890699E-015 -8.809142651444724E-017  8.105872507471415E-002
32 49
 -7.267737250733106E-003  8.490020553319613E-003  6.655305273142844E-003
  8.490020553319648E-003 -7.267737250739160E-003  6.655305273147790E-003
  6.651744022951209E-003  6.651744022949695E-003 -1.553593238777647E-002
32 50
  3.460608080960547E-003 -4.787430217881306E-015 -1.146067334575019E-002
 -6.313444775654653E-015  3.612261808092684E-003  1.511784404259475E-015
 -1.146067334575186E-002 -4.441840775401551E-016  3.460608080963969E-003
32 51
  3.460608080966769E-003  1.146067334574617E-002  9.751043288791506E-016
  1.146067334574563E-002  3.460608080965587E-003 -7.169286865560398E-016
 -1.132313643889549E-015  3.118436498611432E-015  3.612261808093645E-003
32 52
 -7.267737250735908E-003 -6.655305273149311E-003 -8.490020553310202E-003
 -6.651744022958510E-003 -1.553593238777383E-002  6.651744022958902E-003
 -8.490020553317768E-003  6.655305273141239E-003 -7.267737250730412E-003
32 53
  3.612261808094334E-003 -1.386423528065839E-015  3.634110156899850E-015
 -1.680513367352532E-016  3.460608080961682E-003 -1.146067334574909E-002
 -1.419627219598207E-016 -1.146067334575092E-002  3.460608080961909E-003
32 54
 -1.266294654796926E-003  1.748953629490679E-015  6.783039841612437E-016
  1.014406657631750E-015 -1.266294654796126E-003 -2.371353439133139E-015
 -2.006451645455987E-015  1.435890252185490E-015 -1.266294654792625E-003
32 55
  3.612261808092461E-003 -2.663071586167520E-015 -7.333272444148831E-015
 -4.153849573335089E-016  3.460608080961651E-003 -1.146067334575271E-002
 -1.442327702584623E-015 -1.146067334574256E-002  3.460608080968400E-003
32 56
  3.253157945647513E-002 -3.792674724625855E-015  6.468621211591641E-015
 -6.157929526538763E-015  1.202849407666627E-002  1.474578588041055E-002
  2.441826580344697E-015  1.474578588040209E-002  1.202849407665846E-002
32 57
  3.460608080966900E-003  1.146067334575079E-002 -5.230597855884755E-015
  1.146067334575001E-002  3.460608080964355E-003 -4.404571325722362E-018
  3.072019093101896E-015  1.494166118956586E-016  3.612261808093451E-003
32 58
  3.460608080961993E-003  2.331034670843835E-016 -1.146067334575632E-002
 -8.097634975751111E-016  3.612261808089633E-003  8.805754519655706E-016
 -1.146067334574246E-002 -6.044427111606687E-016  3.460608080967530E-003
32 59
 -7.267737250727735E-003  8.490020553319272E-003  6.655305273144109E-003
  8.490020553320184E-003 -7.267737250730942E-003  6.655305273137652E-003
  6.651744022957104E-003  6.651744022953661E-003 -1.553593238778092E-002
32 60
 -7.267737250724542E-003 -6.655305273129231E-003 -8.490020553322675E-003
 -6.651744022950286E-003 -1.553593238775656E-002  6.651744022947802E-003
 -8.490020553315230E-003  6.655305273142709E-003 -7.267737250737767E-003
32 61
 -1.553593238777085E-002 -6.651744022955218E-003  6.651744022956920E-003
 -6.655305273149521E-003 -7.267737250737175E-003 -8.490020553311071E-003
  6.655305273146070E-003 -8.490020553320059E-003 -7.267737250728567E-003
32 62
  1.202849407666764E-002 -7.668019864903730E-015  1.474578588040606E-002
 -6.481834925568808E-015  3.253157945646968E-002  4.130810277169772E-015
  1.474578588040108E-002  3.783526768795509E-015  1.202849407666114E-002
32 63
 -1.553593238776119E-002 -6.651744022954543E-003  6.651744022951266E-003
 -6.655305273126008E-003 -7.267737250728266E-003 -8.490020553323374E-003
  6.655305273141037E-003 -8.490020553316590E-003 -7.267737250732030E-003
32 64
  1.202849407665797E-002 -1.474578588039920E-002 -9.799832386553353E-015
 -1.474578588040573E-002  1.202849407666198E-002 -4.719328768922060E-015
  8.430688330611502E-015  6.877907531704919E-017  3.253157945647941E-002
33 1
  1.202849407666749E-002 -1.474578588040550E-002 -3.493278687145755E-015
 -1.474578588040445E-002  1.202849407666772E-002  2.667137344314341E-015
  8.825405684032006E-015 -2.862293735361732E-015  3.253157945647075E-002
33 2
 -1.553593238775864E-002 -6.651744022951911E-003  6.651744022953028E-003
 -6.655305273134337E-003 -7.267737250728126E-003 -8.490020553317731E-003
  6.655305273132897E-003 -8.490020553321237E-003 -7.267737250735997E-003
33 3
  1.202849407665878E-002 -9.004277866668433E-016  1.474578588040470E-002
 -2.331019581701702E-015  3.253157945647784E-002 -4.423545077395260E-015
  1.474578588040412E-002  6.396792817664476E-015  1.202849407666676E-002
33 4
 -1.553593238777286E-002 -6.651744022945802E-003  6.651744022949524E-003
 -6.655305273143205E-003 -7.267737250732884E-003 -8.490020553326013E-003
  6.655305273142070E-003 -8.490020553319891E-003 -7.267737250725523E-003
33 5
 -7.267737250730378E-003 -6.655305273132241E-003 -8.490020553318597E-003
 -6.651744022955576E-003 -1.553593238776485E-002  6.651744022954384E-003
 -8.490020553318156E-003  6.655305273131532E-003 -7.267737250738794E-003
33 6
 -7.267737250731036E-003  8.490020553318722E-003  6.655305273128368E-003
  8.490020553317485E-003 -7.267737250731042E-003  6.655305273129210E-003
  6.651744022962380E-003  6.651744022954367E-003 -1.553593238776550E-002
33 7
  3.460608080963635E-003 -1.599656131603228E-015 -1.146067334574823E-002
 -1.832301671500502E-015  3.612261808094849E-003  1.452830911130576E-015
 -1.146067334575426E-002  3.599551212651875E-015  3.460608080966632E-003
33 8
  3.460608080954074E-003  1.146067334575529E-002  2.551484259789627E-015
  1.146067334574793E-002  3.460608080962518E-003  1.136479987198856E-016
 -4.477754972365133E-015  2.775557561562891E-015  3.612261808086847E-003
33 9
  3.253157945647269E-002 -6.362012928029569E-015 -6.200277230159484E-016
 -7.155734338404329E-016  1.202849407665137E-002  1.474578588040253E-002
  3.697129408175570E-015  1.474578588040696E-002  1.202849407666885E-002
33 10
  3.612261808091466E-003 -8.640803969262125E-015 -1.163051673450748E-015
 -1.702197410802242E-015  3.460608080964225E-003 -1.146067334575087E-002
 -2.753873518113181E-015 -1.146067334575371E-002  3.460608080963607E-003
33 11
 -1.266294654795094E-003 -2.127784600713225E-015  9.774742894612278E-016
 -1.680513153698130E-015 -1.266294654793769E-003  1.355243657121711E-015
 -5.529431079676073E-016 -4.336808689942018E-017 -1.266294654794916E-003
33 12
  3.612261808100094E-003  2.211374132658717E-015  6.204788943981296E-015
  1.336066095862591E-015  3.460608080964062E-003 -1.146067334574596E-002
 -3.469446951953614E-016 -1.146067334574776E-002  3.460608080960896E-003
33 13
 -7.267737250731891E-003 -6.655305273143512E-003 -8.490020553325458E-003
 -6.651744022952616E-003 -1.553593238777056E-002  6.651744022946544E-003
 -8.490020553324359E-003  6.655305273133450E-003 -7.267737250728223E-003
33 14
  3.460608080964935E-003  1.146067334574395E-002 -5.792209816671918E-016
  1.146067334575389E-002  3.460608080955511E-003  3.392208135075863E-015
  1.008308020411519E-015 -2.222614453595284E-015  3.612261808093949E-003
33 15
  3.460608080965493E-003  3.867249027314451E-015 -1.146067334575014E-002
  1.864818332262144E-015  3.612261808097747E-003  7.285844127251101E-015
 -1.146067334574771E-002  1.507041019754851E-015  3.460608080962599E-003
33 16
 -7.267737250731847E-003  8.490020553322746E-003  6.655305273140427E-003
  8.490020553321114E-003 -7.267737250732197E-003  6.655305273138245E-003
  6.651744022946268E-003  6.651744022950979E-003 -1.553593238776228E-002
33 17
 -8.120621850553740E-001 -9.199106360171398E-001  3.249320029621167E-014
 -9.199106360171412E-001 -8.120621850553696E-001  3.163397007451690E-014
 -7.914675859144182E-016 -6.602791230436722E-015  8.105872507470166E-002
33 18
 -8.120621850553822E-001 -6.107446362882407E-015  9.199106360171369E-001
 -6.266688556966216E-015  8.105872507470742E-002 -3.230922474006803E-015
  9.199106360171322E-001 -1.409462824231156E-016 -8.120621850553758E-001
33 19
 -7.267737250731496E-003 -8.490020553312961E-003  6.655305273132339E-003
 -8.490020553320845E-003 -7.267737250729177E-003 -6.655305273143067E-003
  6.651744022957456E-003 -6.651744022952589E-003 -1.553593238776519E-002
33 20
 -7.267737250728188E-003 -6.655305273136876E-003  8.490020553312652E-003
 -6.651744022957386E-003 -1.553593238776378E-002 -6.651744022957141E-003
  8.490020553318850E-003 -6.655305273138416E-003 -7.267737250724667E-003
33 21
  8.105872507469609E-002  7.836748827996787E-016 -6.975485727228614E-015
 -6.212478448341940E-015 -8.120621850553837E-001  9.199106360171327E-001
  6.722053469410127E-015  9.199106360171232E-001 -8.120621850553775E-001
33 22
  1.840321607971533E-002 -1.139767533825382E-015  2.962582436316636E-015
  3.252606517456513E-016  1.840321607972590E-002  2.667137344314341E-015
  3.729655473350135E-015  0.000000000000000E+000  3.044262756683489E-002
33 23
  3.612261808099164E-003  5.095750210681871E-016 -1.029992063861229E-015
 -2.168404344971009E-016  3.460608080966079E-003  1.146067334574925E-002
 -1.366094737331736E-015  1.146067334575012E-002  3.460608080967131E-003
33 24
  1.840321607971890E-002  1.039140019691576E-015  7.082550691761553E-015
  1.040834085586084E-015  3.044262756681697E-002 -5.041540102057596E-015
  4.857225732735060E-015  1.084202172485504E-016  1.840321607971722E-002
33 25
 -7.267737250728518E-003 -8.490020553317315E-003 -6.655305273143747E-003
 -8.490020553315110E-003 -7.267737250733959E-003  6.655305273133677E-003
 -6.651744022961067E-003  6.651744022957966E-003 -1.553593238776429E-002
33 26
  3.460608080965744E-003  4.589456118795314E-015  1.146067334574413E-002
 -3.046608104684267E-015  3.612261808098210E-003 -4.087442190270352E-015
  1.146067334574798E-002  6.613633252161577E-016  3.460608080961525E-003
33 27
  3.460608080968857E-003 -1.146067334574931E-002 -3.004717031486622E-017
 -1.146067334574897E-002  3.460608080966149E-003  4.504828262941749E-015
  5.453536927602087E-015  1.507041019754851E-015  3.612261808093016E-003
33 28
 -7.267737250726661E-003  6.655305273141428E-003  8.490020553319520E-003
  6.651744022958025E-003 -1.553593238776980E-002  6.651744022956976E-003
  8.490020553314102E-003  6.655305273137430E-003 -7.267737250735899E-003
33 29
 -1.553593238776593E-002 -6.651744022956381E-003 -6.651744022953813E-003
 -6.655305273133700E-003 -7.267737250730766E-003  8.490020553317880E-003
 -6.655305273136236E-003  8.490020553315467E-003 -7.267737250726098E-003
33 30
  3.044262756681163E-002  8.685687599382409E-016 -3.131057289525521E-016
  1.951563910473908E-015  1.840321607972026E-002  6.451002926288751E-015
  9.540979117872439E-016  4.575333167888829E-015  1.840321607972133E-002
33 31
 -1.553593238776395E-002  6.651744022959070E-003  6.651744022955326E-003
  6.655305273137809E-003 -7.267737250724465E-003  8.490020553327678E-003
  6.655305273137483E-003  8.490020553313484E-003 -7.267737250740485E-003
33 32
 -7.914939155044088E-003  1.275208102091349E-015 -2.799814467589886E-015
 -1.203464411458910E-015 -7.914939155042461E-003 -5.767955557622886E-015
  1.409462824231156E-015 -2.168404344971009E-015 -7.914939155036813E-003
33 33
  6.140120841670789E+000 -6.279742171517675E-014 -7.151070342808413E-014
 -6.271041225105815E-014  6.140120841670786E+000 -6.853306582967066E-014
 -4.276093368282829E-014 -3.458604930228759E-014  6.140120841670714E+000
33 34
  8.105872507470152E-002  2.987065278675093E-015 -7.848299126493314E-016
  2.276824562219559E-014 -8.120621850553806E-001 -9.199106360171190E-001
  2.675810961694225E-014 -9.199106360171282E-001 -8.120621850553726E-001
33 35
  3.253157945647822E-002  4.250069653442720E-015 -8.445973742027157E-015
  1.409462824231156E-015  1.202849407664865E-002 -1.474578588040882E-002
  5.757113535898029E-015 -1.474578588041034E-002  1.202849407665546E-002
33 36
  8.105872507471082E-002  4.323278823072795E-015 -1.396646501592895E-015
 -7.990908824397069E-015 -8.120621850553165E-001 -9.199106360171482E-001
  7.155734338404329E-016 -9.199106360170326E-001 -8.120621850553930E-001
33 37
 -8.120621850553816E-001  2.553702692018045E-014 -9.199106360171221E-001
  8.489303010561500E-015  8.105872507470609E-002  3.567025147477310E-015
 -9.199106360171329E-001  3.239596091386687E-014 -8.120621850553733E-001
33 38
 -7.267737250725593E-003  8.490020553323744E-003 -6.655305273141030E-003
  8.490020553319523E-003 -7.267737250724483E-003 -6.655305273142481E-003
 -6.651744022952405E-003 -6.651744022955245E-003 -1.553593238777111E-002
33 39
 -7.267737250726930E-003  6.655305273137467E-003 -8.490020553320776E-003
  6.651744022947837E-003 -1.553593238776693E-002 -6.651744022960298E-003
 -8.490020553319329E-003 -6.655305273137343E-003 -7.267737250722640E-003
33 40
 -8.120621850553980E-001  9.199106360170038E-001 -1.247679531305584E-014
  9.199106360171563E-001 -8.120621850552665E-001  1.191707594151020E-014
 -7.253312533928025E-015 -2.063236734239915E-014  8.105872507469483E-002
33 41
  1.202849407665365E-002  4.989616982390907E-015 -1.474578588040954E-002
  6.808774554066833E-015  3.253157945647559E-002 -9.259086339371803E-015
 -1.474578588040943E-002  5.529431079676073E-015  1.202849407665891E-002
33 42
 -1.553593238777022E-002  6.651744022953356E-003 -6.651744022955632E-003
  6.655305273136818E-003 -7.267737250727261E-003 -8.490020553323001E-003
 -6.655305273140726E-003 -8.490020553314459E-003 -7.267737250727367E-003
33 43
  1.202849407665899E-002  1.474578588040935E-002  4.283761597258990E-015
  1.474578588041110E-002  1.202849407666149E-002  7.643625316022806E-015
 -1.180696165836714E-014 -1.285863776567808E-014  3.253157945646868E-002
33 44
 -1.553593238776354E-002  6.651744022954005E-003 -6.651744022957297E-003
  6.655305273139529E-003 -7.267737250727349E-003 -8.490020553316496E-003
 -6.655305273142579E-003 -8.490020553316454E-003 -7.267737250729687E-003
33 45
 -8.120621850553150E-001 -7.541303735994487E-015 -9.199106360171426E-001
  4.770583603065456E-016  8.105872507471104E-002 -5.160807869179510E-015
 -9.199106360170340E-001 -8.673617379884035E-016 -8.120621850553913E-001
33 46
 -8.120621850552731E-001  9.199106360171532E-001  1.311105358395986E-014
  9.199106360170047E-001 -8.120621850553980E-001 -8.649222831003112E-015
 -1.381273567746533E-014 -8.044780119842443E-015  8.105872507469383E-002
33 47
 -7.267737250727405E-003  6.655305273137002E-003 -8.490020553318316E-003
  6.651744022951107E-003 -1.553593238776271E-002 -6.651744022954278E-003
 -8.490020553312216E-003 -6.655305273144834E-003 -7.267737250726543E-003
33 48
 -7.267737250724116E-003  8.490020553316380E-003 -6.655305273142858E-003
  8.490020553317349E-003 -7.267737250722726E-003 -6.655305273140850E-003
 -6.651744022952757E-003 -6.651744022951266E-003 -1.553593238776272E-002
33 49
 -8.120621850553782E-001 -9.199106360171186E-001  1.811058085183365E-014
 -9.199106360171247E-001 -8.120621850553730E-001  2.139063123678120E-014
 -4.922277863084190E-015 -3.079134169858833E-015  8.105872507470743E-002
33 50
 -7.267737250727197E-003 -6.655305273137479E-003  8.490020553321292E-003
 -6.651744022949924E-003 -1.553593238777191E-002 -6.651744022953232E-003
  8.490020553319219E-003 -6.655305273148162E-003 -7.267737250725144E-003
33 51
 -7.267737250730291E-003 -8.490020553323673E-003  6.655305273134236E-003
 -8.490020553315691E-003 -7.267737250732322E-003 -6.655305273149201E-003
  6.651744022953538E-003 -6.651744022952133E-003 -1.553593238776642E-002
33 52
 -8.120621850554032E-001  5.747525122935110E-014  9.199106360171565E-001
 -2.743036095836919E-015  8.105872507470312E-002 -1.352000181407842E-014
  9.199106360171673E-001 -2.938187887435717E-014 -8.120621850554112E-001
33 53
 -1.553593238777052E-002 -6.651744022947007E-003 -6.651744022954644E-003
 -6.655305273139654E-003 -7.267737250733747E-003  8.490020553322057E-003
 -6.655305273147534E-003  8.490020553321886E-003 -7.267737250724569E-003
33 54
 -7.914939155053081E-003  1.983105299847290E-015 -6.164499325835905E-015
 -1.875669758399923E-015 -7.914939155050961E-003 -1.344410693882028E-015
 -5.366800753803247E-015 -8.749511531958021E-015 -7.914939155048813E-003
33 55
 -1.553593238777293E-002  6.651744022954651E-003  6.651744022955184E-003
  6.655305273141004E-003 -7.267737250729969E-003  8.490020553316756E-003
  6.655305273136356E-003  8.490020553322765E-003 -7.267737250729947E-003
33 56
  3.044262756682381E-002 -5.553402112083369E-015  3.230626012475264E-015
  1.105886215935215E-015  1.840321607971500E-002  8.142358315366138E-015
  2.927345865710862E-016  5.540273101400928E-015  1.840321607971665E-002
33 57
 -7.267737250730024E-003 -8.490020553314961E-003 -6.655305273143300E-003
 -8.490020553322970E-003 -7.267737250734799E-003  6.655305273132382E-003
 -6.651744022947000E-003  6.651744022954177E-003 -1.553593238776968E-002
33 58
 -7.267737250729711E-003  6.655305273138606E-003  8.490020553318578E-003
  6.651744022949095E-003 -1.553593238776738E-002  6.651744022949378E-003
  8.490020553320271E-003  6.655305273139098E-003 -7.267737250731108E-003
33 59
  3.460608080961687E-003 -1.146067334575009E-002  4.655232197616551E-015
 -1.146067334575192E-002  3.460608080962478E-003  2.180855729295647E-015
  4.954803928258755E-015  7.643625316022806E-015  3.612261808096041E-003
33 60
  3.460608080962638E-003 -2.382476371394017E-015  1.146067334574621E-002
 -4.705432829138497E-015  3.612261808094650E-003  4.878910499368952E-015
  1.146067334575257E-002  4.217546450968612E-015  3.460608080960116E-003
33 61
  8.105872507470042E-002 -2.494967423326181E-015 -9.392569391078645E-015
  5.264546936410708E-014 -8.120621850554048E-001  9.199106360171529E-001
 -3.199480611004724E-014  9.199106360171645E-001 -8.120621850554128E-001
33 62
  1.840321607971651E-002  7.884407326506351E-016  5.996650730649206E-015
 -6.429318882839041E-015  3.044262756682741E-002  5.941427905220564E-015
  5.399326818977812E-015  3.361026734705064E-016  1.840321607971682E-002
33 63
  3.612261808094945E-003 -3.779163567292012E-015  3.516832843063493E-015
 -1.279861489345327E-015  3.460608080966026E-003  1.146067334574944E-002
  6.938893903907228E-016  1.146067334574844E-002  3.460608080960810E-003
33 64
  1.840321607971815E-002 -4.465799904297282E-015 -1.986155268760989E-015
 -6.259459050998904E-015  1.840321607971734E-002 -5.553068856748711E-015
  8.500145032286355E-015  1.091791587692903E-014  3.044262756681393E-002
34 1
 -1.553593238776122E-002 -6.651744022947794E-003  6.651744022952355E-003
 -6.655305273149399E-003 -7.267737250730728E-003 -8.490020553317983E-003
  6.655305273142380E-003 -8.490020553326781E-003 -7.267737250726697E-003
34 2
  1.202849407666524E-002 -1.474578588040102E-002 -4.159426094152676E-015
 -1.474578588040609E-002  1.202849407666833E-002 -3.100818213308543E-015
  4.379614116963060E-017  2.818925198999897E-015  3.253157945647212E-002
34 3
 -1.553593238776403E-002 -6.651744022956017E-003  6.651744022955123E-003
 -6.655305273136649E-003 -7.267737250730023E-003 -8.490020553326007E-003
  6.655305273138760E-003 -8.490020553312551E-003 -7.267737250728513E-003
34 4
  1.202849407666277E-002  1.444593515718528E-015  1.474578588040413E-002
 -4.694595406862234E-015  3.253157945648001E-002 -1.409462824231156E-016
  1.474578588040902E-002 -4.076600168545497E-015  1.202849407666858E-002
34 5
  3.460608080967346E-003  1.146067334575612E-002 -7.455967813536576E-016
  1.146067334575174E-002  3.460608080966176E-003 -1.029992063861229E-015
  1.474514954580286E-015  8.890457814381136E-016  3.612261808089525E-003
34 6
 -7.267737250726851E-003 -6.655305273136700E-003 -8.490020553318380E-003
 -6.651744022959300E-003 -1.553593238776010E-002  6.651744022951201E-003
 -8.490020553314026E-003  6.655305273137320E-003 -7.267737250727985E-003
34 7
 -7.267737250727735E-003  8.490020553319304E-003  6.655305273140552E-003
  8.490020553319100E-003 -7.267737250729329E-003  6.655305273138958E-003
  6.651744022960164E-003  6.651744022962094E-003 -1.553593238777192E-002
34 8
  3.460608080960297E-003  1.375925613475806E-015 -1.146067334575332E-002
  2.428612866367530E-015  3.612261808086262E-003  2.580401170515501E-015
 -1.146067334574906E-002 -1.844854964476607E-015  3.460608080961277E-003
34 9
  3.612261808090192E-003  2.102257808755317E-015  7.564569655695845E-015
  3.534499082302744E-015  3.460608080963282E-003 -1.146067334575465E-002
  4.987329993433320E-016 -1.146067334574428E-002  3.460608080963238E-003
34 10
  3.253157945647256E-002 -3.646280314831995E-016  1.564395859774040E-015
  3.577867169202165E-016  1.202849407666179E-002  1.474578588040626E-002
 -4.662066032965219E-016  1.474578588040617E-002  1.202849407666143E-002
34 11
  3.612261808092217E-003 -7.038702950353008E-015 -3.052658282009957E-015
 -1.853985714950213E-015  3.460608080964171E-003 -1.146067334574882E-002
 -1.198192954851232E-015 -1.146067334575018E-002  3.460608080966299E-003
34 12
 -1.266294654795528E-003  7.003194888760832E-016  2.924239794286555E-016
  3.610393234376730E-015 -1.266294654794179E-003 -1.647987302177967E-015
  1.485356526842726E-015  4.991240780016277E-016 -1.266294654794958E-003
34 13
 -7.267737250734159E-003  8.490020553325123E-003  6.655305273138228E-003
  8.490020553327784E-003 -7.267737250733233E-003  6.655305273141798E-003
  6.651744022945707E-003  6.651744022949309E-003 -1.553593238776640E-002
34 14
 -7.267737250734725E-003 -6.655305273139830E-003 -8.490020553325806E-003
 -6.651744022947308E-003 -1.553593238776735E-002  6.651744022957208E-003
 -8.490020553326035E-003  6.655305273143196E-003 -7.267737250728551E-003
34 15
  3.460608080963521E-003  1.146067334574649E-002  1.395394467245099E-015
  1.146067334575268E-002  3.460608080964800E-003  5.898059818321144E-015
 -2.265281809981174E-015 -2.919986253716579E-016  3.612261808088363E-003
34 16
  3.460608080961429E-003 -4.021356415027775E-015 -1.146067334574697E-002
 -1.095044194210359E-015  3.612261808089417E-003 -5.973953970395129E-015
 -1.146067334574367E-002  3.196887631394941E-015  3.460608080959548E-003
34 17
 -7.267737250724160E-003 -6.655305273133960E-003  8.490020553316255E-003
 -6.651744022960785E-003 -1.553593238776215E-002 -6.651744022950529E-003
  8.490020553322125E-003 -6.655305273137744E-003 -7.267737250720590E-003
34 18
 -8.120621850553802E-001 -9.199106360171325E-001  2.772304955045435E-014
 -9.199106360171402E-001 -8.120621850553779E-001  2.515349040166370E-014
  1.409462824231156E-015 -2.396086801192965E-015  8.105872507470246E-002
34 19
 -8.120621850553799E-001 -4.511297477076404E-015  9.199106360171347E-001
 -1.517883041479706E-015  8.105872507470620E-002 -8.239936510889834E-015
  9.199106360171396E-001 -2.491293304464348E-015 -8.120621850553779E-001
34 20
 -7.267737250727483E-003 -8.490020553316602E-003  6.655305273138987E-003
 -8.490020553323156E-003 -7.267737250728798E-003 -6.655305273141061E-003
  6.651744022962256E-003 -6.651744022962843E-003 -1.553593238777067E-002
34 21
  1.840321607971263E-002  1.370838121836360E-015  1.465028185571038E-015
 -5.486062992776652E-015  3.044262756684115E-002  3.014082039509702E-015
  4.304282624767453E-015 -6.071532165918825E-015  1.840321607971506E-002
34 22
  8.105872507469755E-002 -5.745593887815370E-015  1.399637242043006E-015
 -5.594483210025203E-015 -8.120621850553816E-001  9.199106360171300E-001
  1.029992063861229E-015  9.199106360171384E-001 -8.120621850553831E-001
34 23
  1.840321607971519E-002 -1.239378608422492E-015  4.929731753019979E-016
 -2.634611279139776E-015  1.840321607972094E-002 -3.111660235033398E-015
  1.810617628050792E-015  0.000000000000000E+000  3.044262756682930E-002
34 24
  3.612261808094166E-003  5.182486384480711E-015 -1.952241536831709E-015
 -7.155734338404329E-016  3.460608080962588E-003  1.146067334574499E-002
 -1.886511780124778E-015  1.146067334574845E-002  3.460608080964800E-003
34 25
 -7.267737250729565E-003  6.655305273146022E-003  8.490020553321088E-003
  6.651744022952545E-003 -1.553593238777247E-002  6.651744022947667E-003
  8.490020553311814E-003  6.655305273145300E-003 -7.267737250733807E-003
34 26
 -7.267737250728858E-003 -8.490020553321490E-003 -6.655305273141097E-003
 -8.490020553318363E-003 -7.267737250731975E-003  6.655305273148802E-003
 -6.651744022958065E-003  6.651744022960489E-003 -1.553593238776975E-002
34 27
  3.460608080966145E-003  8.816660068851605E-016  1.146067334574803E-002
 -3.881443777498106E-015  3.612261808094046E-003  3.165870343657673E-015
  1.146067334574683E-002  1.406087927331939E-016  3.460608080960858E-003
34 28
  3.460608080964020E-003 -1.146067334574777E-002 -1.106737219349409E-015
 -1.146067334574890E-002  3.460608080959682E-003  1.008308020411519E-015
  1.290200585257750E-015  8.456776945386935E-016  3.612261808093765E-003
34 29
 -7.914939155044098E-003 -4.892779940696059E-016 -9.541879090378897E-016
  4.824699667560495E-015 -7.914939155050104E-003  2.146720301521299E-015
 -1.322726650432315E-015 -4.423544863740858E-015 -7.914939155047785E-003
34 30
 -1.553593238776585E-002 -6.651744022954709E-003 -6.651744022954435E-003
 -6.655305273140139E-003 -7.267737250729709E-003  8.490020553319242E-003
 -6.655305273137218E-003  8.490020553328467E-003 -7.267737250727396E-003
34 31
  3.044262756681782E-002  5.238898778767848E-016  8.857847045911846E-016
 -6.548581121812447E-015  1.840321607972302E-002  3.361026734705064E-016
  3.773023560249555E-015 -1.951563910473908E-016  1.840321607971221E-002
34 32
 -1.553593238775738E-002  6.651744022955391E-003  6.651744022954215E-003
  6.655305273146384E-003 -7.267737250722672E-003  8.490020553320434E-003
  6.655305273134597E-003  8.490020553313106E-003 -7.267737250731655E-003
34 33
  8.105872507469809E-002 -9.049136359592374E-015 -1.489171362207496E-015
  2.081668171172169E-014 -8.120621850553820E-001 -9.199106360171218E-001
  2.793988998495145E-014 -9.199106360171289E-001 -8.120621850553754E-001
34 34
  6.140120841670771E+000 -6.004080798562201E-014 -2.576273021204949E-014
 -6.947567521287112E-014  6.140120841670731E+000 -6.609296443471635E-014
 -9.638823770201455E-015 -1.032949703758402E-014  6.140120841670757E+000
34 35
  8.105872507470364E-002  7.776273480643080E-016  4.450128745807086E-016
  1.641482089143054E-014 -8.120621850553758E-001 -9.199106360171281E-001
  2.696207515064108E-014 -9.199106360171249E-001 -8.120621850553810E-001
34 36
  3.253157945647388E-002  3.786617519502672E-015  3.415116140791286E-016
 -3.892285799222961E-015  1.202849407665242E-002 -1.474578588040157E-002
 -1.908195989010610E-015 -1.474578588040275E-002  1.202849407666588E-002
34 37
 -8.120621850553813E-001  9.199106360171343E-001  4.516718487938831E-015
  9.199106360171343E-001 -8.120621850553879E-001 -5.280064580004407E-015
 -4.781331580661075E-015  2.103352214621879E-015  8.105872507470549E-002
34 38
 -8.120621850553761E-001  2.583958708893969E-014 -9.199106360171310E-001
  1.463672932855431E-015  8.105872507470598E-002 -4.640385298237959E-015
 -9.199106360171332E-001  2.472997392803655E-014 -8.120621850553834E-001
34 39
 -7.267737250729768E-003  8.490020553320784E-003 -6.655305273140904E-003
  8.490020553320758E-003 -7.267737250729058E-003 -6.655305273143685E-003
 -6.651744022957542E-003 -6.651744022959517E-003 -1.553593238777690E-002
34 40
 -7.267737250727622E-003  6.655305273137739E-003 -8.490020553324078E-003
  6.651744022955028E-003 -1.553593238776562E-002 -6.651744022949900E-003
 -8.490020553329834E-003 -6.655305273140714E-003 -7.267737250720699E-003
34 41
 -1.553593238776528E-002  6.651744022952413E-003 -6.651744022949459E-003
  6.655305273145355E-003 -7.267737250727248E-003 -8.490020553319967E-003
 -6.655305273142937E-003 -8.490020553312830E-003 -7.267737250730689E-003
34 42
  1.202849407666149E-002 -3.222335677504013E-015 -1.474578588040663E-002
  5.182486384480711E-015  3.253157945647805E-002 -1.875669758399923E-015
 -1.474578588040553E-002  2.493664996716660E-016  1.202849407665509E-002
34 43
 -1.553593238776858E-002  6.651744022954180E-003 -6.651744022949000E-003
  6.655305273149822E-003 -7.267737250727844E-003 -8.490020553318189E-003
 -6.655305273137295E-003 -8.490020553324854E-003 -7.267737250723345E-003
34 44
  1.202849407666434E-002  1.474578588040656E-002 -5.224735461447470E-015
  1.474578588040139E-002  1.202849407665078E-002  5.160802341031001E-015
  2.189660334150509E-015 -6.039005651281845E-015  3.253157945647098E-002
34 45
 -7.267737250728933E-003  8.490020553314312E-003 -6.655305273136453E-003
  8.490020553319403E-003 -7.267737250730576E-003 -6.655305273143880E-003
 -6.651744022949499E-003 -6.651744022957378E-003 -1.553593238776551E-002
34 46
 -8.120621850553319E-001  1.152506909352091E-014 -9.199106360170491E-001
  3.035766082959412E-015  8.105872507470832E-002  0.000000000000000E+000
 -9.199106360170607E-001  1.602789624112477E-014 -8.120621850553001E-001
34 47
 -8.120621850552630E-001  9.199106360171480E-001  6.859272806865324E-015
  9.199106360169986E-001 -8.120621850553912E-001 -1.243579891840874E-014
 -6.408335569902862E-015 -6.039742061943688E-015  8.105872507469514E-002
34 48
 -7.267737250724439E-003  6.655305273141861E-003 -8.490020553321057E-003
  6.651744022950984E-003 -1.553593238777706E-002 -6.651744022950974E-003
 -8.490020553319157E-003 -6.655305273149168E-003 -7.267737250730733E-003
34 49
 -8.120621850553811E-001  3.227534342217786E-015  9.199106360171221E-001
 -3.371868756429919E-015  8.105872507471117E-002 -4.900593819634480E-015
  9.199106360171279E-001  5.684607515613060E-015 -8.120621850553709E-001
34 50
 -8.120621850553754E-001 -9.199106360171301E-001  2.826006843901357E-014
 -9.199106360171273E-001 -8.120621850553831E-001  2.607506224827638E-014
 -2.623085448300529E-015 -1.127642163364953E-014  8.105872507471178E-002
34 51
 -7.267737250732514E-003 -6.655305273137664E-003  8.490020553321133E-003
 -6.651744022953099E-003 -1.553593238777758E-002 -6.651744022954345E-003
  8.490020553312399E-003 -6.655305273145991E-003 -7.267737250731969E-003
34 52
 -7.267737250726617E-003 -8.490020553312560E-003  6.655305273135177E-003
 -8.490020553321995E-003 -7.267737250730391E-003 -6.655305273144336E-003
  6.651744022948719E-003 -6.651744022950537E-003 -1.553593238776131E-002
34 53
  3.044262756682793E-002  3.054231401209556E-015  8.570702876792638E-016
 -6.418476861114186E-015  1.840321607972306E-002  2.255140518769849E-015
 -1.507041019754851E-015 -1.734723475976807E-016  1.840321607972325E-002
34 54
 -1.553593238777216E-002 -6.651744022951735E-003 -6.651744022960013E-003
 -6.655305273139565E-003 -7.267737250729036E-003  8.490020553318883E-003
 -6.655305273143792E-003  8.490020553312006E-003 -7.267737250734924E-003
34 55
 -7.914939155042889E-003  6.342201544213934E-015  4.445424783559621E-015
  6.245004513516506E-015 -7.914939155050364E-003 -1.658829323902822E-015
  3.382710778154774E-015 -2.482822974991805E-015 -7.914939155050007E-003
34 56
 -1.553593238776645E-002  6.651744022948151E-003  6.651744022952172E-003
  6.655305273141365E-003 -7.267737250728212E-003  8.490020553321681E-003
  6.655305273137204E-003  8.490020553327792E-003 -7.267737250730126E-003
34 57
  3.460608080966546E-003 -2.510253607593044E-015  1.146067334574836E-002
 -4.662069341687669E-016  3.612261808092713E-003  3.317658647805644E-015
  1.146067334574909E-002  1.685280574658797E-015  3.460608080964851E-003
34 58
 -7.267737250727207E-003 -8.490020553314211E-003 -6.655305273135391E-003
 -8.490020553322743E-003 -7.267737250727985E-003  6.655305273139164E-003
 -6.651744022947448E-003  6.651744022951754E-003 -1.553593238776372E-002
34 59
 -7.267737250728716E-003  6.655305273139963E-003  8.490020553319143E-003
  6.651744022952524E-003 -1.553593238777616E-002  6.651744022947038E-003
  8.490020553323027E-003  6.655305273138553E-003 -7.267737250733735E-003
34 60
  3.460608080962324E-003 -1.146067334575274E-002 -4.309343646627297E-015
 -1.146067334574868E-002  3.460608080962273E-003  1.994931997373328E-015
  3.165186534543281E-015 -3.136995902205068E-016  3.612261808093672E-003
34 61
  1.840321607971911E-002 -5.710907650546173E-016 -6.838156975933441E-015
  3.035766082959412E-016  1.840321607971854E-002 -8.456776945386935E-016
  1.398620802506301E-015 -2.168404344971009E-017  3.044262756681838E-002
34 62
  8.105872507469707E-002  1.050151401090779E-014 -3.304324563647583E-015
  3.636414086516382E-014 -8.120621850553635E-001  9.199106360170205E-001
 -3.259111730491426E-014  9.199106360171173E-001 -8.120621850552817E-001
34 63
  1.840321607971633E-002 -3.544217347684350E-015 -5.134047030216387E-015
  2.331034670843835E-015  3.044262756681560E-002  1.041918287758570E-014
 -1.090432110764192E-015 -8.317922547389531E-015  1.840321607971793E-002
34 64
  3.612261808095597E-003 -5.114287208542387E-016  4.502002004549406E-015
 -1.062518129035794E-015  3.460608080963889E-003  1.146067334574868E-002
  1.293114907991897E-016  1.146067334574929E-002  3.460608080964501E-003
35 1
  1.202849407665862E-002  6.083612973329039E-015  1.474578588041199E-002
 -1.529809265377047E-014  3.253157945647664E-002 -3.501973017128179E-015
  1.474578588041655E-002 -1.376936759056591E-015  1.202849407665393E-002
35 2
 -1.553593238776092E-002 -6.651744022946490E-003  6.651744022944604E-003
 -6.655305273135358E-003 -7.267737250731270E-003 -8.490020553320314E-003
  6.655305273140192E-003 -8.490020553319244E-003 -7.267737250731422E-003
35 3
  1.202849407666051E-002 -1.474578588040365E-002  1.540890573909501E-015
 -1.474578588041242E-002  1.202849407665828E-002 -3.686287386450715E-015
  5.431852967583047E-015  3.057449973239442E-015  3.253157945647374E-002
35 4
 -1.553593238776881E-002 -6.651744022958896E-003  6.651744022954142E-003
 -6.655305273137353E-003 -7.267737250722878E-003 -8.490020553316987E-003
  6.655305273130713E-003 -8.490020553323195E-003 -7.267737250727165E-003
35 5
  3.460608080966608E-003  3.983471542972847E-015 -1.146067334575194E-002
  2.743031496388326E-015  3.612261808091021E-003  3.621235256101585E-015
 -1.146067334575049E-002  1.090987700486399E-015  3.460608080965355E-003
35 6
  3.460608080965702E-003  1.146067334574973E-002  5.698797964457530E-016
  1.146067334574854E-002  3.460608080960159E-003 -1.431146867680866E-015
  2.309350627394124E-015  8.782037597132586E-016  3.612261808093331E-003
35 7
 -7.267737250728508E-003 -6.655305273143283E-003 -8.490020553317995E-003
 -6.651744022952068E-003 -1.553593238776985E-002  6.651744022956253E-003
 -8.490020553323416E-003  6.655305273134057E-003 -7.267737250730121E-003
35 8
 -7.267737250729397E-003  8.490020553315979E-003  6.655305273142001E-003
  8.490020553323794E-003 -7.267737250726759E-003  6.655305273143045E-003
  6.651744022950610E-003  6.651744022958872E-003 -1.553593238776615E-002
35 9
 -1.266294654794963E-003 -9.926122298201347E-017  2.991345636899513E-015
  1.680513367352532E-015 -1.266294654798364E-003 -2.927345865710862E-016
 -1.875669911569603E-015 -1.452824797042939E-015 -1.266294654793529E-003
35 10
  3.612261808093977E-003  2.497467404120577E-015  4.734299494091910E-015
  1.398620802506301E-015  3.460608080966935E-003 -1.146067334575007E-002
  3.794707603699266E-015 -1.146067334575230E-002  3.460608080967152E-003
35 11
  3.253157945647239E-002 -6.292143639310950E-015 -7.543423823732398E-015
  1.561251128379126E-015  1.202849407666186E-002  1.474578588041017E-002
  4.640384967365714E-015  1.474578588040393E-002  1.202849407666096E-002
35 12
  3.612261808089888E-003  2.601142300631838E-015 -1.341698363329185E-015
 -7.589415207398531E-016  3.460608080960896E-003 -1.146067334575446E-002
  3.263177885684941E-016 -1.146067334575128E-002  3.460608080972939E-003
35 13
  3.460608080960201E-003  2.161101332778901E-015 -1.146067334574883E-002
  2.406928822917820E-015  3.612261808093873E-003  9.909607856517511E-015
 -1.146067334575236E-002  1.546581576523866E-015  3.460608080963347E-003
35 14
 -7.267737250729741E-003  8.490020553323888E-003  6.655305273136654E-003
  8.490020553315880E-003 -7.267737250733048E-003  6.655305273138589E-003
  6.651744022948808E-003  6.651744022959685E-003 -1.553593238776496E-002
35 15
 -7.267737250724136E-003 -6.655305273138378E-003 -8.490020553318390E-003
 -6.651744022956449E-003 -1.553593238776143E-002  6.651744022957294E-003
 -8.490020553322548E-003  6.655305273143986E-003 -7.267737250739975E-003
35 16
  3.460608080964317E-003  1.146067334574986E-002  4.895391184453767E-015
  1.146067334574611E-002  3.460608080960528E-003  2.558717127065790E-015
  3.577874253465662E-015  3.989867202745749E-015  3.612261808092078E-003
35 17
 -7.267737250729286E-003 -8.490020553318435E-003  6.655305273138247E-003
 -8.490020553313398E-003 -7.267737250728538E-003 -6.655305273135814E-003
  6.651744022956385E-003 -6.651744022953895E-003 -1.553593238777218E-002
35 18
 -7.267737250733267E-003 -6.655305273141914E-003  8.490020553321927E-003
 -6.651744022953900E-003 -1.553593238776890E-002 -6.651744022958378E-003
  8.490020553323610E-003 -6.655305273139251E-003 -7.267737250728266E-003
35 19
 -8.120621850553829E-001 -9.199106360171346E-001  2.685433255975034E-014
 -9.199106360171415E-001 -8.120621850553759E-001  2.204183016663031E-014
 -4.445228907190568E-016 -5.702903427273753E-015  8.105872507470124E-002
35 20
 -8.120621850553766E-001  1.025113154085044E-014  9.199106360171336E-001
  6.830473686658678E-016  8.105872507469933E-002 -6.754579534584693E-015
  9.199106360171381E-001 -6.215866580130958E-015 -8.120621850553733E-001
35 21
  3.612261808090794E-003  4.011548038196366E-016 -2.667137344314341E-015
  1.582935171828836E-015  3.460608080969050E-003  1.146067334575344E-002
 -4.141652298894627E-015  1.146067334575243E-002  3.460608080968226E-003
35 22
  1.840321607971384E-002 -3.471479831027025E-015  6.457101563508982E-015
 -3.957337929572091E-015  3.044262756682225E-002 -5.269222558279552E-015
  6.310056643865636E-015 -4.662069341687669E-015  1.840321607971660E-002
35 23
  8.105872507469972E-002 -3.275984626800732E-015 -8.782037597132586E-016
 -2.612927235690066E-015 -8.120621850553758E-001  9.199106360171395E-001
  6.071532165918825E-015  9.199106360171340E-001 -8.120621850553927E-001
35 24
  1.840321607971235E-002  3.498584885339162E-015  1.067261513540418E-015
  5.388484797252957E-015  1.840321607971590E-002 -2.255140518769849E-015
  1.040834085586084E-015 -1.376936759056591E-015  3.044262756683319E-002
35 25
  3.460608080965376E-003 -1.146067334574718E-002  1.939633980807423E-015
 -1.146067334574769E-002  3.460608080960170E-003 -8.890457814381136E-016
 -2.168404344971009E-017  4.933119884809045E-015  3.612261808095640E-003
35 26
 -7.267737250734332E-003  6.655305273137947E-003  8.490020553320564E-003
  6.651744022956112E-003 -1.553593238777171E-002  6.651744022958248E-003
  8.490020553317582E-003  6.655305273140562E-003 -7.267737250731096E-003
35 27
 -7.267737250727304E-003 -8.490020553314541E-003 -6.655305273139464E-003
 -8.490020553320064E-003 -7.267737250732993E-003  6.655305273139825E-003
 -6.651744022953042E-003  6.651744022952356E-003 -1.553593238776440E-002
35 28
  3.460608080966504E-003  2.204027374358973E-015  1.146067334575097E-002
 -7.480994990149981E-016  3.612261808093689E-003  3.686287386450715E-016
  1.146067334575276E-002  1.677854477991541E-015  3.460608080961714E-003
35 29
 -1.553593238776626E-002  6.651744022952787E-003  6.651744022957200E-003
  6.655305273132648E-003 -7.267737250722271E-003  8.490020553320423E-003
  6.655305273135388E-003  8.490020553323584E-003 -7.267737250728983E-003
35 30
 -7.914939155041106E-003 -4.634805468697921E-015 -2.301473220984659E-015
 -2.938187887435717E-015 -7.914939155048305E-003 -4.445228907190568E-015
 -3.404394821604484E-015  4.000706016471511E-015 -7.914939155047068E-003
35 31
 -1.553593238776021E-002 -6.651744022957777E-003 -6.651744022949019E-003
 -6.655305273134307E-003 -7.267737250725166E-003  8.490020553322179E-003
 -6.655305273133613E-003  8.490020553316839E-003 -7.267737250728025E-003
35 32
  3.044262756681798E-002 -2.157244685890933E-015  3.096540696924908E-015
  3.100818213308543E-015  1.840321607971168E-002 -4.423544863740858E-015
 -2.363560736018400E-015 -6.310056643865636E-015  1.840321607971869E-002
35 33
  3.253157945647204E-002 -1.251599645245581E-015 -6.087096014193162E-015
  8.998878031629687E-016  1.202849407665728E-002 -1.474578588041893E-002
  3.946496238719481E-015 -1.474578588040939E-002  1.202849407665670E-002
35 34
  8.105872507469924E-002 -6.098103718017603E-015  1.820503499578636E-015
  2.006858221270669E-014 -8.120621850553792E-001 -9.199106360171297E-001
  3.105155021998485E-014 -9.199106360171307E-001 -8.120621850553857E-001
35 35
  6.140120841670702E+000 -4.887426947471545E-014 -4.016214495355173E-015
 -1.184274033005916E-013  6.140120841670546E+000 -1.499560024764701E-013
  5.421035977174911E-014 -7.088128550144660E-014  6.140120841670699E+000
35 36
  8.105872507469680E-002  8.399130060024779E-016  7.177293322094545E-015
 -4.525459867954496E-014 -8.120621850553323E-001 -9.199106360170440E-001
 -3.802059849681433E-014 -9.199106360170675E-001 -8.120621850552938E-001
35 37
 -7.267737250728768E-003  6.655305273134472E-003 -8.490020553322500E-003
  6.651744022956698E-003 -1.553593238776598E-002 -6.651744022961230E-003
 -8.490020553323296E-003 -6.655305273137440E-003 -7.267737250728396E-003
35 38
 -8.120621850553806E-001  9.199106360171371E-001  9.530814722505387E-016
  9.199106360171407E-001 -8.120621850553754E-001  1.441988889405721E-015
 -5.431852884152377E-015 -4.260914537868032E-015  8.105872507470750E-002
35 39
 -8.120621850553693E-001  2.181855228173407E-014 -9.199106360171301E-001
 -5.312590645178972E-016  8.105872507470059E-002  4.553649124439119E-016
 -9.199106360171270E-001  2.090240144598382E-014 -8.120621850553761E-001
35 40
 -7.267737250724019E-003  8.490020553323822E-003 -6.655305273138665E-003
  8.490020553319122E-003 -7.267737250722888E-003 -6.655305273135738E-003
 -6.651744022953010E-003 -6.651744022950584E-003 -1.553593238777099E-002
35 41
  1.202849407666320E-002  1.474578588040173E-002  2.835792026588390E-015
  1.474578588040988E-002  1.202849407666467E-002  1.615461237003402E-015
 -1.205632824146948E-014  7.589430524366587E-017  3.253157945647991E-002
35 42
 -1.553593238776568E-002  6.651744022953049E-003 -6.651744022948059E-003
  6.655305273140237E-003 -7.267737250730359E-003 -8.490020553318005E-003
 -6.655305273137028E-003 -8.490020553319736E-003 -7.267737250724781E-003
35 43
  1.202849407666492E-002  2.027553353754459E-015 -1.474578588040878E-002
  1.929879867024198E-015  3.253157945646813E-002  1.376936759056591E-015
 -1.474578588040886E-002 -1.788933584601082E-015  1.202849407666129E-002
35 44
 -1.553593238776520E-002  6.651744022949994E-003 -6.651744022949394E-003
  6.655305273132506E-003 -7.267737250725979E-003 -8.490020553319717E-003
 -6.655305273140485E-003 -8.490020553318208E-003 -7.267737250727031E-003
35 45
 -7.267737250731374E-003  6.655305273140310E-003 -8.490020553308641E-003
  6.651744022952362E-003 -1.553593238776184E-002 -6.651744022953597E-003
 -8.490020553316610E-003 -6.655305273137156E-003 -7.267737250724453E-003
35 46
 -7.267737250730879E-003  8.490020553312662E-003 -6.655305273139939E-003
  8.490020553318449E-003 -7.267737250727714E-003 -6.655305273143631E-003
 -6.651744022949336E-003 -6.651744022960666E-003 -1.553593238776254E-002
35 47
 -8.120621850552280E-001  1.775685989306025E-014 -9.199106360169607E-001
  5.290906601729262E-015  8.105872507469702E-002  6.754579534584693E-015
 -9.199106360169688E-001  1.655847767928487E-014 -8.120621850552158E-001
35 48
 -8.120621850553251E-001  9.199106360170914E-001 -3.188909639822990E-015
  9.199106360170634E-001 -8.120621850553287E-001 -7.340048707726865E-015
 -4.987337077696818E-015  1.496195790030904E-015  8.105872507469000E-002
35 49
 -7.267737250723992E-003 -8.490020553320196E-003  6.655305273135640E-003
 -8.490020553317528E-003 -7.267737250734187E-003 -6.655305273139196E-003
  6.651744022953316E-003 -6.651744022966173E-003 -1.553593238776691E-002
35 50
 -8.120621850553690E-001 -5.162835220104411E-015  9.199106360171281E-001
 -5.117434254131581E-015  8.105872507470299E-002 -7.979727989493313E-015
  9.199106360171214E-001  6.594659714143081E-015 -8.120621850553797E-001
35 51
 -8.120621850552938E-001 -9.199106360170729E-001  1.329841727189252E-014
 -9.199106360170448E-001 -8.120621850553256E-001  6.830473686658678E-015
  5.973956881603953E-015 -3.393551834824047E-015  8.105872507471167E-002
35 52
 -7.267737250722114E-003 -6.655305273140871E-003  8.490020553318526E-003
 -6.651744022960602E-003 -1.553593238777086E-002 -6.651744022957554E-003
  8.490020553314992E-003 -6.655305273140756E-003 -7.267737250725169E-003
35 53
 -1.553593238776898E-002  6.651744022949720E-003  6.651744022949413E-003
  6.655305273145843E-003 -7.267737250733861E-003  8.490020553316281E-003
  6.655305273147328E-003  8.490020553318415E-003 -7.267737250727882E-003
35 54
  3.044262756682788E-002 -3.648425013708448E-015 -3.505234093975108E-016
 -3.057450126409123E-015  1.840321607972172E-002 -8.565197162635485E-016
  4.185020385794047E-015 -1.951563910473908E-015  1.840321607972492E-002
35 55
 -1.553593238776419E-002 -6.651744022944009E-003 -6.651744022942175E-003
 -6.655305273135965E-003 -7.267737250727757E-003  8.490020553324847E-003
 -6.655305273141986E-003  8.490020553317493E-003 -7.267737250726077E-003
35 56
 -7.914939155042921E-003 -2.826760703224414E-016 -5.226712092239226E-015
 -4.792173602385930E-015 -7.914939155047991E-003  9.118140270603092E-015
 -6.678685382510707E-015 -8.782037597132586E-016 -7.914939155046288E-003
35 57
  3.460608080966003E-003 -1.146067334575246E-002 -1.309989392487979E-016
 -1.146067334574849E-002  3.460608080959042E-003  9.324138683375338E-016
  2.049139194788780E-015  3.371867791374337E-015  3.612261808096209E-003
35 58
  3.460608080966108E-003  2.414609029469252E-015  1.146067334575322E-002
 -4.336808689942018E-016  3.612261808096540E-003  2.775557561562891E-015
  1.146067334575256E-002 -1.155753957215831E-015  3.460608080964819E-003
35 59
 -7.267737250733520E-003 -8.490020553314366E-003 -6.655305273139931E-003
 -8.490020553318298E-003 -7.267737250730197E-003  6.655305273138242E-003
 -6.651744022952479E-003  6.651744022952394E-003 -1.553593238776533E-002
35 60
 -7.267737250734062E-003  6.655305273142398E-003  8.490020553312508E-003
  6.651744022946604E-003 -1.553593238776668E-002  6.651744022953120E-003
  8.490020553316265E-003  6.655305273141676E-003 -7.267737250734074E-003
35 61
  3.612261808089937E-003  4.105666231615284E-015  4.014302301625695E-016
  1.723881454251952E-015  3.460608080958977E-003  1.146067334574895E-002
  2.677196853179721E-015  1.146067334575087E-002  3.460608080964690E-003
35 62
  1.840321607971655E-002  3.177308830636815E-015 -4.093306327236020E-016
  4.456070928915423E-015  1.840321607971733E-002  2.168404344971009E-015
 -4.987329993433320E-016 -3.122502256758253E-015  3.044262756680905E-002
35 63
  8.105872507468659E-002  9.281967115240288E-015 -1.576516587435619E-014
 -3.632077277826440E-015 -8.120621850553664E-001  9.199106360170163E-001
 -4.684092198316281E-015  9.199106360171264E-001 -8.120621850552869E-001
35 64
  1.840321607970947E-002  1.568754444155039E-015  4.256859653519735E-015
  1.919037845299343E-015  3.044262756682684E-002  1.268516541808040E-015
  3.346991796098294E-015  4.356499324305703E-017  1.840321607971701E-002
36 1
 -1.553593238776716E-002 -6.651744022952605E-003  6.651744022950577E-003
 -6.655305273145528E-003 -7.267737250722504E-003 -8.490020553321844E-003
  6.655305273142828E-003 -8.490020553322071E-003 -7.267737250725242E-003
36 2
  1.202849407666475E-002 -1.262301437557562E-015  1.474578588040287E-002
 -1.810617628050792E-015  3.253157945646833E-002  2.222614453595284E-015
  1.474578588040342E-002 -6.938893903907228E-016  1.202849407667052E-002
36 3
 -1.553593238776605E-002 -6.651744022953820E-003  6.651744022959815E-003
 -6.655305273133694E-003 -7.267737250741158E-003 -8.490020553310232E-003
  6.655305273141300E-003 -8.490020553319750E-003 -7.267737250730598E-003
36 4
  1.202849407665797E-002 -1.474578588041263E-002 -3.795935801472784E-015
 -1.474578588040935E-002  1.202849407666417E-002 -2.721347452938616E-015
  4.813857645835640E-015 -1.897353801849633E-015  3.253157945647531E-002
36 5
 -7.267737250727304E-003  8.490020553320625E-003  6.655305273135784E-003
  8.490020553320043E-003 -7.267737250725870E-003  6.655305273144010E-003
  6.651744022961132E-003  6.651744022955429E-003 -1.553593238776532E-002
36 6
  3.460608080965538E-003 -9.642980413567578E-016 -1.146067334575195E-002
 -1.604619215278547E-015  3.612261808091759E-003 -2.157562323246154E-015
 -1.146067334575043E-002 -2.016616040823038E-015  3.460608080967532E-003
36 7
  3.460608080966175E-003  1.146067334574616E-002 -3.719083443377218E-016
  1.146067334575566E-002  3.460608080964263E-003 -9.866239769618090E-016
  4.304282624767453E-015 -2.428612866367530E-015  3.612261808090197E-003
36 8
 -7.267737250731349E-003 -6.655305273133453E-003 -8.490020553317382E-003
 -6.651744022947878E-003 -1.553593238777528E-002  6.651744022950881E-003
 -8.490020553316737E-003  6.655305273144921E-003 -7.267737250726445E-003
36 9
  3.612261808097367E-003 -1.562958630704736E-015  1.136462233335112E-015
 -1.008308020411519E-015  3.460608080962946E-003 -1.146067334575136E-002
 -1.431146867680866E-015 -1.146067334574610E-002  3.460608080963965E-003
36 10
 -1.266294654794889E-003 -2.562356498522208E-015 -9.381568131197863E-016
 -1.214306433183765E-015 -1.266294654793599E-003 -1.550409106654271E-015
 -2.818925648462312E-016 -5.421010862427522E-017 -1.266294654795111E-003
36 11
  3.612261808093926E-003 -2.768821992840879E-015 -6.830741475542027E-015
 -2.390665790330537E-015  3.460608080963759E-003 -1.146067334575081E-002
  1.441988889405721E-015 -1.146067334574827E-002  3.460608080959997E-003
36 12
  3.253157945647525E-002  5.400077269931088E-015  6.889773076965664E-015
 -9.866239769618090E-016  1.202849407665448E-002  1.474578588040982E-002
  2.808083626737456E-015  1.474578588041227E-002  1.202849407665521E-002
36 13
  3.460608080959464E-003  1.146067334575415E-002  6.650148313122118E-016
  1.146067334575054E-002  3.460608080967337E-003 -2.710505431213761E-017
 -3.512815038853034E-015  4.748805515486509E-015  3.612261808086240E-003
36 14
  3.460608080963126E-003 -4.230356500806853E-015 -1.146067334575513E-002
  8.348356728138384E-016  3.612261808088246E-003 -1.095044194210359E-015
 -1.146067334575305E-002  2.276824562219559E-016  3.460608080961720E-003
36 15
 -7.267737250730473E-003  8.490020553323409E-003  6.655305273137322E-003
  8.490020553313084E-003 -7.267737250739033E-003  6.655305273141335E-003
  6.651744022950746E-003  6.651744022945487E-003 -1.553593238776916E-002
36 16
 -7.267737250731042E-003 -6.655305273138668E-003 -8.490020553316997E-003
 -6.651744022952364E-003 -1.553593238776244E-002  6.651744022958070E-003
 -8.490020553318472E-003  6.655305273138601E-003 -7.267737250728321E-003
36 17
 -8.120621850554056E-001  8.599756106883460E-015  9.199106360171665E-001
  3.263448539181368E-015  8.105872507470487E-002 -6.310056643865636E-015
  9.199106360171674E-001 -1.437652080715779E-014 -8.120621850553990E-001
36 18
 -7.267737250729947E-003 -8.490020553326110E-003  6.655305273140285E-003
 -8.490020553305385E-003 -7.267737250738588E-003 -6.655305273139012E-003
  6.651744022956612E-003 -6.651744022954215E-003 -1.553593238776445E-002
36 19
 -7.267737250732121E-003 -6.655305273136941E-003  8.490020553319830E-003
 -6.651744022943850E-003 -1.553593238777391E-002 -6.651744022943693E-003
  8.490020553315967E-003 -6.655305273144531E-003 -7.267737250727681E-003
36 20
 -8.120621850552916E-001 -9.199106360170569E-001  5.647338065933871E-015
 -9.199106360170569E-001 -8.120621850553323E-001 -2.200930410145574E-015
 -2.168404344971009E-017  2.157562323246154E-015  8.105872507470598E-002
36 21
  1.840321607971204E-002 -4.194168341624394E-015 -3.990541621104460E-015
 -1.507041019754851E-015  1.840321607972005E-002 -6.310056643865636E-015
  4.011548038196366E-015 -1.886511780124778E-015  3.044262756681313E-002
36 22
  3.612261808093721E-003 -4.152494320619482E-015  3.870601755773251E-015
  5.421010862427522E-017  3.460608080966133E-003  1.146067334574953E-002
  7.914675859144182E-016  1.146067334574647E-002  3.460608080961352E-003
36 23
  1.840321607971912E-002 -3.591080883179332E-015  1.616477676540107E-015
 -2.081668171172169E-015  3.044262756680669E-002  8.565197162635485E-016
  3.816391647148976E-015 -2.916503843986007E-015  1.840321607972309E-002
36 24
  8.105872507469226E-002  7.691059161069047E-017  2.038977710630552E-015
 -6.830473686658678E-016 -8.120621850553279E-001  9.199106360170459E-001
 -1.116728237660070E-015  9.199106360170646E-001 -8.120621850552803E-001
36 25
  3.460608080965072E-003 -6.355049975232600E-016  1.146067334575277E-002
  2.699663409488906E-015  3.612261808089981E-003  2.612927235690066E-015
  1.146067334575031E-002  1.604619215278547E-015  3.460608080965461E-003
36 26
  3.460608080957430E-003 -1.146067334574350E-002 -5.083109567433080E-015
 -1.146067334574999E-002  3.460608080962122E-003 -3.626656266964012E-015
 -3.144186300207963E-016 -1.734723475976807E-015  3.612261808088788E-003
36 27
 -7.267737250724748E-003  6.655305273142302E-003  8.490020553314820E-003
  6.651744022949824E-003 -1.553593238776450E-002  6.651744022949466E-003
  8.490020553321648E-003  6.655305273138991E-003 -7.267737250731715E-003
36 28
 -7.267737250731742E-003 -8.490020553318789E-003 -6.655305273141682E-003
 -8.490020553324000E-003 -7.267737250728711E-003  6.655305273141343E-003
 -6.651744022953316E-003  6.651744022955592E-003 -1.553593238777292E-002
36 29
  3.044262756681580E-002 -4.670179682157629E-015  5.050052783177501E-015
 -7.827939685345342E-015  1.840321607972330E-002  1.626303258728257E-015
 -7.589415207398531E-017  4.217546450968612E-015  1.840321607972088E-002
36 30
 -1.553593238776778E-002  6.651744022949250E-003  6.651744022954929E-003
  6.655305273137483E-003 -7.267737250736062E-003  8.490020553311890E-003
  6.655305273141463E-003  8.490020553322115E-003 -7.267737250725480E-003
36 31
 -7.914939155040749E-003 -8.817612980917267E-017  2.939172563236900E-015
  1.387778780781446E-015 -7.914939155040195E-003  3.816391647148976E-015
 -1.290200585257750E-015 -3.762181538524700E-015 -7.914939155044726E-003
36 32
 -1.553593238776539E-002 -6.651744022951647E-003 -6.651744022951919E-003
 -6.655305273146233E-003 -7.267737250720222E-003  8.490020553322278E-003
 -6.655305273145040E-003  8.490020553318232E-003 -7.267737250730771E-003
36 33
  8.105872507470527E-002 -1.704039628315361E-015 -1.862578501162020E-015
 -9.150666335777657E-015 -8.120621850553862E-001 -9.199106360171387E-001
  2.602085213965211E-015 -9.199106360171273E-001 -8.120621850553624E-001
36 34
  3.253157945647104E-002  4.897208595470950E-015  9.842490998591532E-016
 -6.299214622140781E-015  1.202849407665996E-002 -1.474578588040625E-002
 -2.200930410145574E-015 -1.474578588041218E-002  1.202849407665848E-002
36 35
  8.105872507470058E-002  4.132367812791117E-015 -4.794915506672173E-015
 -4.988414195605806E-014 -8.120621850553220E-001 -9.199106360170451E-001
 -3.686287386450715E-014 -9.199106360170687E-001 -8.120621850552910E-001
36 36
  6.140120841670560E+000 -3.087323706294567E-015 -4.286746409338394E-014
  5.637851296924623E-014  6.140120841670341E+000 -5.196038911636780E-014
  4.525459867954496E-014 -6.805537036691511E-014  6.140120841670662E+000
36 37
 -7.267737250732746E-003  8.490020553317802E-003 -6.655305273132840E-003
  8.490020553319589E-003 -7.267737250736766E-003 -6.655305273134828E-003
 -6.651744022957587E-003 -6.651744022959104E-003 -1.553593238777067E-002
36 38
 -7.267737250727046E-003  6.655305273139117E-003 -8.490020553318628E-003
  6.651744022945850E-003 -1.553593238777085E-002 -6.651744022945900E-003
 -8.490020553320543E-003 -6.655305273147708E-003 -7.267737250732029E-003
36 39
 -8.120621850552843E-001  9.199106360170749E-001  2.936155008362307E-015
  9.199106360170538E-001 -8.120621850553313E-001 -1.631724269590684E-015
 -7.806255641895632E-016 -1.897353801849633E-015  8.105872507470721E-002
36 40
 -8.120621850553837E-001  1.800893689816313E-014 -9.199106360171307E-001
 -2.808083626737456E-015  8.105872507470711E-002 -6.548581121812447E-015
 -9.199106360171343E-001  2.820009850634797E-014 -8.120621850553749E-001
36 41
 -1.553593238777135E-002  6.651744022952722E-003 -6.651744022951447E-003
  6.655305273138638E-003 -7.267737250741597E-003 -8.490020553311191E-003
 -6.655305273141929E-003 -8.490020553320803E-003 -7.267737250728483E-003
36 42
  1.202849407666004E-002  1.474578588041217E-002  1.644196829739004E-016
  1.474578588040348E-002  1.202849407665990E-002  1.463672932855431E-015
 -3.794707603699266E-015 -2.894819800536297E-015  3.253157945647641E-002
36 43
 -1.553593238776543E-002  6.651744022959395E-003 -6.651744022959365E-003
  6.655305273141425E-003 -7.267737250715007E-003 -8.490020553329551E-003
 -6.655305273147003E-003 -8.490020553318579E-003 -7.267737250730923E-003
36 44
  1.202849407666077E-002 -3.384118970429584E-015 -1.474578588040323E-002
  8.619407271259760E-015  3.253157945646807E-002 -3.512815038853034E-015
 -1.474578588040452E-002  7.025630077706069E-015  1.202849407666649E-002
36 45
 -8.120621850552812E-001  9.199106360171124E-001  6.165044603295700E-015
  9.199106360170135E-001 -8.120621850553594E-001 -3.464025941091187E-015
  1.105886215935215E-015  6.396792817664476E-016  8.105872507470759E-002
36 46
 -7.267737250724206E-003  6.655305273146410E-003 -8.490020553318031E-003
  6.651744022959121E-003 -1.553593238776184E-002 -6.651744022961935E-003
 -8.490020553319903E-003 -6.655305273141408E-003 -7.267737250725447E-003
36 47
 -7.267737250726188E-003  8.490020553320115E-003 -6.655305273135438E-003
  8.490020553320201E-003 -7.267737250715641E-003 -6.655305273146494E-003
 -6.651744022956405E-003 -6.651744022955473E-003 -1.553593238776442E-002
36 48
 -8.120621850553199E-001  1.452288810044333E-014 -9.199106360171685E-001
  5.421010862427522E-015  8.105872507470374E-002  8.239936510889834E-016
 -9.199106360170530E-001  2.236709081837596E-014 -8.120621850553937E-001
36 49
 -7.267737250726781E-003 -6.655305273133941E-003  8.490020553314929E-003
 -6.651744022957403E-003 -1.553593238775990E-002 -6.651744022961886E-003
  8.490020553321291E-003 -6.655305273147208E-003 -7.267737250724374E-003
36 50
 -7.267737250730969E-003 -8.490020553319775E-003  6.655305273140327E-003
 -8.490020553327291E-003 -7.267737250717289E-003 -6.655305273144059E-003
  6.651744022956514E-003 -6.651744022956698E-003 -1.553593238777014E-002
36 51
 -8.120621850553726E-001  2.133167774365230E-015  9.199106360171393E-001
 -5.193328406205566E-015  8.105872507470702E-002  2.168404344971009E-015
  9.199106360171216E-001  2.515349040166370E-015 -8.120621850553831E-001
36 52
 -8.120621850553622E-001 -9.199106360171027E-001  5.494736610156536E-014
 -9.199106360171105E-001 -8.120621850553601E-001  5.606951535008786E-014
  5.052382123782451E-015 -1.962405932198763E-015  8.105872507470846E-002
36 53
 -7.914939155045295E-003  8.776637762093840E-016 -1.336104477043013E-015
  5.095750210681871E-015 -7.914939155046256E-003 -1.311884628707460E-015
 -6.949735925632083E-015  6.320898665590491E-015 -7.914939155047308E-003
36 54
 -1.553593238776708E-002  6.651744022955077E-003  6.651744022953565E-003
  6.655305273142736E-003 -7.267737250720558E-003  8.490020553322168E-003
  6.655305273145290E-003  8.490020553319350E-003 -7.267737250730446E-003
36 55
  3.044262756682777E-002 -1.603496896623435E-015  3.833649943449282E-015
 -8.023096076392733E-016  1.840321607972294E-002 -5.204170427930421E-016
 -1.864827736675068E-015 -2.059984127722458E-015  1.840321607971777E-002
36 56
 -1.553593238777248E-002 -6.651744022952914E-003 -6.651744022961722E-003
 -6.655305273134811E-003 -7.267737250735975E-003  8.490020553310844E-003
 -6.655305273144585E-003  8.490020553320163E-003 -7.267737250734815E-003
36 57
 -7.267737250722929E-003  6.655305273141370E-003  8.490020553319827E-003
  6.651744022956194E-003 -1.553593238776846E-002  6.651744022952892E-003
  8.490020553315143E-003  6.655305273145008E-003 -7.267737250731605E-003
36 58
  3.460608080964780E-003 -1.146067334574912E-002  5.922282313634657E-016
 -1.146067334574874E-002  3.460608080959330E-003  1.387778780781446E-015
  4.119968255444917E-016  1.420304845956011E-015  3.612261808087715E-003
36 59
  3.460608080962046E-003 -2.288174803712767E-015  1.146067334575046E-002
 -1.626303258728257E-015  3.612261808093141E-003  6.602791230436722E-015
  1.146067334574759E-002 -2.081668171172169E-015  3.460608080963921E-003
36 60
 -7.267737250730335E-003 -8.490020553324340E-003 -6.655305273133850E-003
 -8.490020553310074E-003 -7.267737250730820E-003  6.655305273140292E-003
 -6.651744022952264E-003  6.651744022952492E-003 -1.553593238776397E-002
36 61
  1.840321607971702E-002  2.817268065304853E-015 -3.601348220799227E-015
 -3.686287386450715E-016  3.044262756681120E-002 -4.472333961502706E-016
 -3.458604930228759E-015  6.830473686658678E-015  1.840321607972192E-002
36 62
  3.612261808091576E-003 -3.059287441401730E-015 -9.216165614502263E-016
 -1.474514954580286E-015  3.460608080962636E-003  1.146067334575003E-002
 -3.686287386450715E-016  1.146067334575075E-002  3.460608080963976E-003
36 63
  1.840321607970549E-002  4.339569910824615E-016  6.687013224906903E-015
 -2.244298497044994E-015  1.840321607971919E-002 -7.031051088568496E-015
 -6.396792817664476E-016  5.648693318649478E-015  3.044262756681384E-002
36 64
  8.105872507468136E-002 -1.198695765203206E-014  4.542797546457212E-016
 -6.392456008974534E-014 -8.120621850553726E-001  9.199106360171728E-001
  5.212844045310305E-014  9.199106360171213E-001 -8.120621850553976E-001
37 1
 -7.267737250737686E-003 -6.655305273142463E-003 -8.490020553316819E-003
 -6.651744022949746E-003 -1.553593238775774E-002  6.651744022952334E-003
 -8.490020553315018E-003  6.655305273134226E-003 -7.267737250726714E-003
37 2
  3.460608080963520E-003  1.146067334575177E-002 -1.969859822134601E-015
  1.146067334575407E-002  3.460608080966873E-003  1.086912677916718E-015
  3.058127752766926E-015  5.681897010181847E-016  3.612261808089754E-003
37 3
  3.460608080965585E-003 -7.352245982167327E-016 -1.146067334575188E-002
 -6.057979638762756E-016  3.612261808090773E-003  2.270048298641525E-016
 -1.146067334574632E-002  8.917562868693274E-016  3.460608080959873E-003
37 4
 -7.267737250734818E-003  8.490020553323789E-003  6.655305273141769E-003
  8.490020553320876E-003 -7.267737250732270E-003  6.655305273136496E-003
  6.651744022956935E-003  6.651744022948969E-003 -1.553593238776643E-002
37 5
  1.202849407666082E-002 -1.474578588040556E-002  3.203139793336862E-015
 -1.474578588040385E-002  1.202849407666369E-002 -8.660064852727967E-016
 -1.971892701208011E-016 -4.149783815188268E-015  3.253157945647354E-002
37 6
 -1.553593238776876E-002 -6.651744022950155E-003  6.651744022953702E-003
 -6.655305273139225E-003 -7.267737250731766E-003 -8.490020553319445E-003
  6.655305273143213E-003 -8.490020553321898E-003 -7.267737250729120E-003
37 7
  1.202849407666048E-002 -2.746419628177343E-015  1.474578588040462E-002
  3.034410830243806E-015  3.253157945647347E-002  7.345469718589293E-016
  1.474578588040712E-002  2.527885127785734E-015  1.202849407666243E-002
37 8
 -1.553593238776886E-002 -6.651744022950865E-003  6.651744022958280E-003
 -6.655305273136245E-003 -7.267737250729964E-003 -8.490020553324960E-003
  6.655305273136085E-003 -8.490020553323640E-003 -7.267737250727497E-003
37 9
 -7.267737250726287E-003 -6.655305273141957E-003 -8.490020553326217E-003
 -6.651744022955736E-003 -1.553593238776703E-002  6.651744022960982E-003
 -8.490020553319792E-003  6.655305273143972E-003 -7.267737250731677E-003
37 10
 -7.267737250724454E-003  8.490020553330903E-003  6.655305273137401E-003
  8.490020553313330E-003 -7.267737250728610E-003  6.655305273140888E-003
  6.651744022956866E-003  6.651744022956480E-003 -1.553593238777371E-002
37 11
  3.460608080962795E-003  1.202786785101106E-015 -1.146067334574819E-002
  1.623592753297043E-015  3.612261808089628E-003 -7.609743998132634E-016
 -1.146067334575431E-002  2.780300946067515E-015  3.460608080966705E-003
37 12
  3.460608080964120E-003  1.146067334574811E-002  7.367153762039003E-015
  1.146067334574929E-002  3.460608080963245E-003  1.980024217501652E-015
 -5.553148002199193E-015 -1.521271173268723E-015  3.612261808093250E-003
37 13
  3.253157945648360E-002  1.266822475913532E-015 -1.376259132698787E-015
 -4.979198477139679E-015  1.202849407666395E-002  1.474578588040444E-002
  2.921924854848434E-015  1.474578588040533E-002  1.202849407666150E-002
37 14
  3.612261808095254E-003  3.119452938148137E-015  1.185168499798217E-015
 -7.067642911889882E-016  3.460608080961055E-003 -1.146067334575395E-002
  2.086750368855694E-015 -1.146067334574418E-002  3.460608080963349E-003
37 15
 -1.266294654793090E-003  2.916503843986007E-015  1.062179315856893E-015
  1.762506156646748E-015 -1.266294654797715E-003 -5.820810413531552E-016
 -5.885184917522879E-016  1.441988889405721E-015 -1.266294654796497E-003
37 16
  3.612261808089678E-003 -1.826203034280272E-015 -6.813194214534690E-015
 -3.852305844112558E-015  3.460608080962819E-003 -1.146067334574538E-002
  4.632592595123219E-015 -1.146067334574133E-002  3.460608080956043E-003
37 17
 -1.553593238777493E-002 -6.651744022951302E-003 -6.651744022953757E-003
 -6.655305273136700E-003 -7.267737250730147E-003  8.490020553315542E-003
 -6.655305273143376E-003  8.490020553321919E-003 -7.267737250724410E-003
37 18
  3.044262756683097E-002 -3.023907621697852E-015  8.707498697774207E-017
 -4.102349970142027E-015  1.840321607971536E-002  1.242089113853706E-015
  8.805754519655706E-016  8.910447791936338E-015  1.840321607971584E-002
37 19
 -1.553593238776956E-002  6.651744022951645E-003  6.651744022946606E-003
  6.655305273139112E-003 -7.267737250727834E-003  8.490020553326512E-003
  6.655305273137650E-003  8.490020553325055E-003 -7.267737250730226E-003
37 20
 -7.914939155052121E-003  5.540273101400928E-015  7.806255641895632E-016
  2.618348246552493E-015 -7.914939155043921E-003  2.656295322589486E-016
 -1.702197410802242E-015 -4.217546450968612E-015 -7.914939155049001E-003
37 21
 -8.120621850553792E-001 -9.199106360171225E-001  3.256943326146455E-014
 -9.199106360171346E-001 -8.120621850553841E-001  2.980878347977334E-014
 -9.024627833226218E-015 -4.901949072350087E-015  8.105872507470223E-002
37 22
 -8.120621850553794E-001 -1.441988889405721E-015  9.199106360171315E-001
 -3.663248090285398E-015  8.105872507470042E-002  3.937009138837988E-015
  9.199106360171329E-001  6.207057437479513E-016 -8.120621850553816E-001
37 23
 -7.267737250730272E-003 -8.490020553323339E-003  6.655305273134024E-003
 -8.490020553320370E-003 -7.267737250729272E-003 -6.655305273135879E-003
  6.651744022952748E-003 -6.651744022960778E-003 -1.553593238776937E-002
37 24
 -7.267737250729860E-003 -6.655305273139988E-003  8.490020553323556E-003
 -6.651744022954085E-003 -1.553593238775716E-002 -6.651744022954364E-003
  8.490020553319700E-003 -6.655305273139288E-003 -7.267737250725965E-003
37 25
  8.105872507470775E-002 -3.828588921589438E-016 -6.979212672196533E-015
 -6.645481690978339E-015 -8.120621850553799E-001  9.199106360171363E-001
  1.757085145784321E-015  9.199106360171327E-001 -8.120621850553816E-001
37 26
  1.840321607972084E-002 -5.983440739404378E-016 -1.869909934358593E-015
  8.097634975751111E-016  1.840321607972061E-002  9.967883723288606E-016
  2.624108070593822E-015 -1.219727444046192E-017  3.044262756682669E-002
37 27
  3.612261808095911E-003 -2.125036258071589E-015  6.949735925632083E-015
 -1.745565497701662E-015  3.460608080964856E-003  1.146067334575010E-002
  1.174326478073362E-015  1.146067334574731E-002  3.460608080962722E-003
37 28
  1.840321607972388E-002 -4.902287885528989E-015  7.775084829436674E-015
 -6.944314914769656E-015  3.044262756681160E-002  5.333597062270878E-015
  2.938865513793520E-015  7.968885967768458E-016  1.840321607971853E-002
37 29
 -7.267737250729277E-003 -8.490020553319591E-003 -6.655305273141440E-003
 -8.490020553316838E-003 -7.267737250735395E-003  6.655305273137291E-003
 -6.651744022954353E-003  6.651744022955215E-003 -1.553593238777346E-002
37 30
  3.460608080964827E-003  2.181956872127078E-015  1.146067334574766E-002
  1.265128410019023E-015  3.612261808094650E-003 -7.813031905473666E-016
  1.146067334574584E-002  2.439454888092385E-017  3.460608080961238E-003
37 31
  3.460608080959616E-003 -1.146067334574884E-002  9.717161970901333E-016
 -1.146067334574613E-002  3.460608080965730E-003  3.591419696358233E-017
  5.437273895014805E-015  1.692033015435190E-015  3.612261808093304E-003
37 32
 -7.267737250727513E-003  6.655305273144772E-003  8.490020553320545E-003
  6.651744022955588E-003 -1.553593238775997E-002  6.651744022948804E-003
  8.490020553320798E-003  6.655305273132689E-003 -7.267737250732539E-003
37 33
 -8.120621850553795E-001  2.000353008235756E-014 -9.199106360171284E-001
 -9.601287863716945E-015  8.105872507470067E-002  2.635966531855383E-015
 -9.199106360171412E-001  2.722668824336333E-014 -8.120621850553810E-001
37 34
 -8.120621850553896E-001  9.199106360171384E-001  3.561942949793784E-015
  9.199106360171408E-001 -8.120621850553813E-001  2.624446883772724E-015
 -7.546385933678013E-015  4.411686402479298E-015  8.105872507469790E-002
37 35
 -7.267737250728742E-003  6.655305273143374E-003 -8.490020553319991E-003
  6.651744022947048E-003 -1.553593238776740E-002 -6.651744022953597E-003
 -8.490020553316097E-003 -6.655305273140310E-003 -7.267737250736927E-003
37 36
 -7.267737250730404E-003  8.490020553322168E-003 -6.655305273141769E-003
  8.490020553312879E-003 -7.267737250728612E-003 -6.655305273137686E-003
 -6.651744022952155E-003 -6.651744022948423E-003 -1.553593238776552E-002
37 37
  6.140120841670734E+000 -7.001506579368266E-014 -6.753308985163811E-014
 -5.110319177374645E-014  6.140120841670783E+000 -2.602898365594575E-014
 -1.309750105680380E-014 -1.690389771517517E-014  6.140120841670768E+000
37 38
  8.105872507470796E-002  1.208546609142436E-015 -2.346620077073314E-015
  2.761259645413239E-014 -8.120621850553746E-001 -9.199106360171334E-001
  2.945336845510543E-014 -9.199106360171287E-001 -8.120621850553789E-001
37 39
  3.253157945647503E-002  4.911435841359335E-015 -3.686287386450715E-015
 -3.581932927348985E-015  1.202849407665932E-002 -1.474578588041064E-002
  5.398649192620009E-015 -1.474578588040739E-002  1.202849407665491E-002
37 40
  8.105872507471074E-002  1.165381810150357E-014  1.343733067524222E-015
  1.368263141676707E-014 -8.120621850553350E-001 -9.199106360170529E-001
  1.226029369173764E-014 -9.199106360170677E-001 -8.120621850552998E-001
37 41
 -8.120621850553695E-001  2.311044693288633E-014 -9.199106360171276E-001
  2.484855854065215E-015  8.105872507470918E-002  3.985798236599836E-015
 -9.199106360171211E-001  2.887365910600459E-014 -8.120621850553705E-001
37 42
 -7.267737250729207E-003  8.490020553317854E-003 -6.655305273147401E-003
  8.490020553319056E-003 -7.267737250727256E-003 -6.655305273138420E-003
 -6.651744022959287E-003 -6.651744022962453E-003 -1.553593238777742E-002
37 43
 -7.267737250725013E-003  6.655305273148969E-003 -8.490020553318435E-003
  6.651744022952605E-003 -1.553593238776468E-002 -6.651744022947641E-003
 -8.490020553320366E-003 -6.655305273144124E-003 -7.267737250721756E-003
37 44
 -8.120621850553921E-001  9.199106360169972E-001 -1.871095780484749E-014
  9.199106360171485E-001 -8.120621850552685E-001  9.715806718185727E-015
  3.971568083085963E-015 -1.403736881507717E-014  8.105872507469809E-002
37 45
  1.202849407665676E-002  5.736784745163925E-015 -1.474578588040670E-002
  4.960224939121183E-016  3.253157945646953E-002 -4.013580917269777E-015
 -1.474578588040514E-002  3.427772930948703E-015  1.202849407666559E-002
37 46
 -1.553593238776553E-002  6.651744022954883E-003 -6.651744022950011E-003
  6.655305273141015E-003 -7.267737250725133E-003 -8.490020553321941E-003
 -6.655305273137537E-003 -8.490020553324418E-003 -7.267737250720994E-003
37 47
  1.202849407665247E-002  1.474578588040405E-002  3.786237274226723E-015
  1.474578588041010E-002  1.202849407666355E-002 -2.482822974991805E-015
 -5.451165235349775E-015 -3.222113331355358E-015  3.253157945647140E-002
37 48
 -1.553593238776869E-002  6.651744022946310E-003 -6.651744022954280E-003
  6.655305273139611E-003 -7.267737250723791E-003 -8.490020553318271E-003
 -6.655305273143525E-003 -8.490020553319128E-003 -7.267737250733475E-003
37 49
  8.105872507471693E-002 -1.794354595463510E-015 -9.310247343040368E-015
  5.058480761002682E-016 -8.120621850553758E-001  9.199106360171263E-001
  3.272257681832813E-015  9.199106360171284E-001 -8.120621850553712E-001
37 50
  1.840321607972289E-002 -3.330533548603909E-016 -2.618009433373591E-015
  3.469446951953614E-016  3.044262756682834E-002  3.572446158339737E-015
 -3.955643863677583E-015 -2.107079159589798E-015  1.840321607972421E-002
37 51
  3.612261808095816E-003  2.675268860607982E-015  6.732217864777179E-016
 -3.754050022231059E-015  3.460608080965014E-003  1.146067334574867E-002
 -4.607859233063394E-016  1.146067334574501E-002  3.460608080960822E-003
37 52
  1.840321607971579E-002  6.526219452004933E-015  3.233632979438017E-015
  3.972245709443767E-015  1.840321607971960E-002 -1.149457590741976E-014
 -1.111984853155445E-015  4.396778622607622E-015  3.044262756681641E-002
37 53
 -8.120621850553771E-001 -9.199106360171208E-001  2.972306374551120E-014
 -9.199106360171332E-001 -8.120621850553782E-001  2.845895177502888E-014
 -6.383240290508407E-016 -2.821974967072427E-015  8.105872507470900E-002
37 54
 -7.267737250730174E-003 -6.655305273142264E-003  8.490020553320177E-003
 -6.651744022953697E-003 -1.553593238776995E-002 -6.651744022953299E-003
  8.490020553320442E-003 -6.655305273147735E-003 -7.267737250731369E-003
37 55
 -7.267737250728734E-003 -8.490020553322574E-003  6.655305273141355E-003
 -8.490020553313417E-003 -7.267737250730010E-003 -6.655305273138098E-003
  6.651744022958465E-003 -6.651744022951081E-003 -1.553593238777159E-002
37 56
 -8.120621850553671E-001  3.854745299000650E-014  9.199106360170222E-001
  7.701223556436099E-015  8.105872507470026E-002 -6.540449605518805E-015
  9.199106360171272E-001 -2.986841459926004E-014 -8.120621850552765E-001
37 57
 -1.553593238777412E-002 -6.651744022956407E-003 -6.651744022952245E-003
 -6.655305273134079E-003 -7.267737250729316E-003  8.490020553320574E-003
 -6.655305273142707E-003  8.490020553321912E-003 -7.267737250736457E-003
37 58
 -7.914939155049648E-003  3.650712002666034E-015  5.138101858044586E-015
  4.230421351766878E-015 -7.914939155039290E-003  3.041864720179643E-015
  7.308200268910103E-016  2.548552731698739E-015 -7.914939155047634E-003
37 59
 -1.553593238777444E-002  6.651744022951392E-003  6.651744022951049E-003
  6.655305273141487E-003 -7.267737250732438E-003  8.490020553319303E-003
  6.655305273136887E-003  8.490020553323532E-003 -7.267737250728494E-003
37 60
  3.044262756681789E-002 -7.050702252944796E-016  4.578043673320042E-015
  4.016969049058794E-015  1.840321607971368E-002 -7.413232354369637E-016
  5.512490420730987E-015  2.947674656444965E-016  1.840321607971705E-002
37 61
 -7.267737250728990E-003 -8.490020553324460E-003 -6.655305273145959E-003
 -8.490020553315377E-003 -7.267737250728414E-003  6.655305273133590E-003
 -6.651744022955386E-003  6.651744022950868E-003 -1.553593238776054E-002
37 62
 -7.267737250734113E-003  6.655305273141736E-003  8.490020553320191E-003
  6.651744022947628E-003 -1.553593238776262E-002  6.651744022949146E-003
  8.490020553321743E-003  6.655305273131224E-003 -7.267737250726796E-003
37 63
  3.460608080964269E-003 -1.146067334574543E-002 -2.773524682489481E-015
 -1.146067334575171E-002  3.460608080960048E-003 -5.166223351893429E-015
 -1.041850525122789E-015 -2.242604431150486E-015  3.612261808092810E-003
37 64
  3.460608080960646E-003  1.748276003132876E-015  1.146067334574719E-002
  2.652907190800469E-015  3.612261808094166E-003  2.896175053251904E-015
  1.146067334574605E-002  2.961904809958837E-015  3.460608080960164E-003
38 1
 -7.267737250733809E-003  8.490020553321846E-003  6.655305273140527E-003
  8.490020553311769E-003 -7.267737250729964E-003  6.655305273146913E-003
  6.651744022952039E-003  6.651744022954234E-003 -1.553593238777197E-002
38 2
 -7.267737250729767E-003 -6.655305273140787E-003 -8.490020553315908E-003
 -6.651744022948247E-003 -1.553593238776424E-002  6.651744022953653E-003
 -8.490020553322606E-003  6.655305273145087E-003 -7.267737250735653E-003
38 3
  3.460608080963862E-003  1.146067334574764E-002 -1.696437586760913E-015
  1.146067334575254E-002  3.460608080964478E-003 -4.750160768202116E-016
  3.073035532638602E-016  5.698498855948031E-015  3.612261808091934E-003
38 4
  3.460608080963024E-003  4.713907758059632E-015 -1.146067334574958E-002
 -2.879912020664621E-015  3.612261808089121E-003  7.846913223363838E-016
 -1.146067334575627E-002 -1.957662547694139E-015  3.460608080964103E-003
38 5
 -1.553593238776967E-002 -6.651744022950804E-003  6.651744022959068E-003
 -6.655305273136540E-003 -7.267737250725011E-003 -8.490020553320913E-003
  6.655305273142167E-003 -8.490020553323959E-003 -7.267737250732634E-003
38 6
  1.202849407666391E-002 -1.474578588040663E-002 -1.039817646049379E-015
 -1.474578588040641E-002  1.202849407666805E-002 -3.006628149573864E-015
  2.528901567322439E-015  8.195213171274807E-015  3.253157945646833E-002
38 7
 -1.553593238776592E-002 -6.651744022957460E-003  6.651744022954692E-003
 -6.655305273140269E-003 -7.267737250730556E-003 -8.490020553324550E-003
  6.655305273138012E-003 -8.490020553322902E-003 -7.267737250729159E-003
38 8
  1.202849407666221E-002  2.879912020664621E-017  1.474578588040633E-002
  7.987181879429150E-015  3.253157945647472E-002  3.634110156899850E-015
  1.474578588040663E-002 -6.987683001669076E-015  1.202849407666441E-002
38 9
  3.460608080962805E-003  1.146067334574857E-002  3.218725199566341E-015
  1.146067334575177E-002  3.460608080961563E-003 -3.842141448745506E-015
  4.044074103370932E-015 -1.557185370232306E-015  3.612261808085625E-003
38 10
 -7.267737250732959E-003 -6.655305273132813E-003 -8.490020553323221E-003
 -6.651744022952061E-003 -1.553593238776693E-002  6.651744022957869E-003
 -8.490020553315453E-003  6.655305273137577E-003 -7.267737250730048E-003
38 11
 -7.267737250733947E-003  8.490020553317780E-003  6.655305273142167E-003
  8.490020553324226E-003 -7.267737250732728E-003  6.655305273139934E-003
  6.651744022951748E-003  6.651744022951033E-003 -1.553593238777055E-002
38 12
  3.460608080961167E-003 -3.398296184384253E-015 -1.146067334574580E-002
  7.155734338404329E-016  3.612261808095209E-003  1.671026598343284E-015
 -1.146067334574844E-002 -6.411700597536152E-015  3.460608080969763E-003
38 13
  3.612261808097494E-003  5.814034149953518E-016  5.712390196283001E-016
  1.849919956803392E-016  3.460608080961186E-003 -1.146067334574586E-002
  1.543971656255139E-015 -1.146067334575213E-002  3.460608080967217E-003
38 14
  3.253157945648023E-002  1.530757942277972E-015 -4.219579330042023E-015
 -2.172470103117830E-015  1.202849407666115E-002  1.474578588040707E-002
  1.021521734388686E-015  1.474578588040879E-002  1.202849407666092E-002
38 15
  3.612261808089507E-003  1.897692615028534E-015  4.433031632750106E-015
 -4.404571325722362E-016  3.460608080964907E-003 -1.146067334575257E-002
 -2.111822544094422E-015 -1.146067334574933E-002  3.460608080960698E-003
38 16
 -1.266294654796811E-003 -7.067642911889882E-016 -5.387129544537350E-017
 -8.090858712173077E-016 -1.266294654799032E-003  1.077425908907470E-015
 -1.936317317423331E-015 -2.026780436190090E-015 -1.266294654797200E-003
38 17
 -7.914939155049492E-003  6.591949208711867E-015 -6.223320470066795E-015
  2.276824562219559E-015 -7.914939155044747E-003  8.023096076392733E-016
 -5.128276275856436E-015  2.070826149447313E-015 -7.914939155042633E-003
38 18
 -1.553593238776490E-002 -6.651744022957183E-003 -6.651744022957966E-003
 -6.655305273145193E-003 -7.267737250732730E-003  8.490020553320845E-003
 -6.655305273138955E-003  8.490020553320260E-003 -7.267737250726733E-003
38 19
  3.044262756682622E-002 -5.893655246995422E-015 -4.257187592900114E-015
  1.749631255848483E-015  1.840321607970616E-002 -5.466411828400353E-015
 -3.375595701397838E-015 -1.130280764816138E-015  1.840321607971173E-002
38 20
 -1.553593238777334E-002  6.651744022961995E-003  6.651744022956432E-003
  6.655305273137488E-003 -7.267737250726079E-003  8.490020553324790E-003
  6.655305273140809E-003  8.490020553316279E-003 -7.267737250728212E-003
38 21
 -7.267737250733750E-003 -6.655305273128552E-003  8.490020553329199E-003
 -6.651744022955357E-003 -1.553593238776552E-002 -6.651744022949883E-003
  8.490020553320276E-003 -6.655305273138365E-003 -7.267737250734761E-003
38 22
 -8.120621850553847E-001 -9.199106360171415E-001  2.379010616976318E-014
 -9.199106360171395E-001 -8.120621850553837E-001  2.381179021321289E-014
  3.050673862831088E-015  6.437450399132683E-016  8.105872507470253E-002
38 23
 -8.120621850553890E-001 -3.911936963599261E-015  9.199106360171363E-001
 -4.472333961502706E-015  8.105872507470954E-002  2.661716333451913E-015
  9.199106360171332E-001 -3.469446951953614E-015 -8.120621850553896E-001
38 24
 -7.267737250730153E-003 -8.490020553315115E-003  6.655305273141346E-003
 -8.490020553318982E-003 -7.267737250727071E-003 -6.655305273137036E-003
  6.651744022950091E-003 -6.651744022955750E-003 -1.553593238776944E-002
38 25
  1.840321607971901E-002  9.090357589933151E-016 -2.236166980751353E-017
  3.076423664427619E-016  3.044262756682368E-002  4.365946623327566E-015
  4.594306705907325E-016  5.525365321529252E-015  1.840321607971411E-002
38 26
  8.105872507471112E-002 -3.139442915703339E-015 -9.164896489291530E-016
 -1.967149316703387E-015 -8.120621850553862E-001  9.199106360171412E-001
 -8.165058798352554E-015  9.199106360171381E-001 -8.120621850553841E-001
38 27
  1.840321607972423E-002 -3.155705948290621E-015  4.309703635629880E-016
 -7.697835424647081E-015  1.840321607972393E-002  3.777766944754180E-015
  2.646130927222434E-016 -2.297153352953663E-016  3.044262756683024E-002
38 28
  3.612261808097624E-003 -2.634611279139776E-015  6.497081518619385E-015
  7.318364664277155E-017  3.460608080960430E-003  1.146067334574633E-002
  4.911435841359335E-015  1.146067334574854E-002  3.460608080963482E-003
38 29
 -7.267737250726929E-003  6.655305273142545E-003  8.490020553322397E-003
  6.651744022951624E-003 -1.553593238776806E-002  6.651744022956591E-003
  8.490020553316867E-003  6.655305273143203E-003 -7.267737250728446E-003
38 30
 -7.267737250723581E-003 -8.490020553324925E-003 -6.655305273137136E-003
 -8.490020553318108E-003 -7.267737250732449E-003  6.655305273143198E-003
 -6.651744022955372E-003  6.651744022956730E-003 -1.553593238776686E-002
38 31
  3.460608080964877E-003  2.388632911257127E-016  1.146067334575150E-002
 -1.436567878543293E-015  3.612261808095198E-003  5.597193715456417E-016
  1.146067334575075E-002  2.416415591927068E-015  3.460608080968541E-003
38 32
  3.460608080962965E-003 -1.146067334574741E-002 -2.249041881549618E-015
 -1.146067334574881E-002  3.460608080968189E-003  1.149931929192438E-015
  8.910786605115240E-017 -3.206189111946978E-015  3.612261808091176E-003
38 33
 -7.267737250731834E-003  8.490020553314744E-003 -6.655305273141726E-003
  8.490020553319957E-003 -7.267737250730085E-003 -6.655305273141367E-003
 -6.651744022952618E-003 -6.651744022954078E-003 -1.553593238776451E-002
38 34
 -8.120621850553872E-001  1.997642502804542E-014 -9.199106360171343E-001
 -3.292586472566916E-015  8.105872507469941E-002  1.493488492598782E-015
 -9.199106360171337E-001  2.027187012004772E-014 -8.120621850553913E-001
38 35
 -8.120621850553906E-001  9.199106360171386E-001 -3.601584091725285E-016
  9.199106360171362E-001 -8.120621850553853E-001  4.523155938337964E-016
 -2.022714678043269E-016 -3.049318610115481E-016  8.105872507470935E-002
38 36
 -7.267737250732038E-003  6.655305273142218E-003 -8.490020553321098E-003
  6.651744022944181E-003 -1.553593238777216E-002 -6.651744022949756E-003
 -8.490020553318973E-003 -6.655305273139137E-003 -7.267737250729668E-003
38 37
  8.105872507470888E-002 -4.117935376371507E-015  5.217722955086490E-016
  1.960237527853792E-014 -8.120621850553856E-001 -9.199106360171402E-001
  1.914701036609401E-014 -9.199106360171331E-001 -8.120621850553862E-001
38 38
  6.140120841670750E+000 -4.182309880362833E-014 -4.642909456420777E-014
 -4.235910125265085E-014  6.140120841670748E+000 -4.924649555336502E-014
 -3.982325401516093E-014 -4.173331331121938E-014  6.140120841670732E+000
38 39
  8.105872507470875E-002  4.499439015814843E-016 -3.309188318333101E-015
  2.313755198719847E-014 -8.120621850553813E-001 -9.199106360171307E-001
  2.651551938084862E-014 -9.199106360171319E-001 -8.120621850553820E-001
38 40
  3.253157945648162E-002  1.221760323119603E-014  8.294146619514109E-016
 -2.925990612995255E-015  1.202849407666113E-002 -1.474578588040332E-002
  2.127069137144999E-015 -1.474578588039915E-002  1.202849407665882E-002
38 41
 -8.120621850553743E-001  9.199106360171344E-001  2.959871930885427E-015
  9.199106360171303E-001 -8.120621850553915E-001 -4.367301876043173E-015
 -5.189262648058746E-015  1.837383869184028E-015  8.105872507470620E-002
38 42
 -8.120621850553819E-001  2.168201057063668E-014 -9.199106360171284E-001
  2.771491803416071E-016  8.105872507470546E-002 -8.307699146670178E-016
 -9.199106360171232E-001  2.808896778366821E-014 -8.120621850553799E-001
38 43
 -7.267737250725352E-003  8.490020553326663E-003 -6.655305273142217E-003
  8.490020553322767E-003 -7.267737250728964E-003 -6.655305273142983E-003
 -6.651744022950786E-003 -6.651744022954377E-003 -1.553593238776895E-002
38 44
 -7.267737250722442E-003  6.655305273140893E-003 -8.490020553322479E-003
  6.651744022945753E-003 -1.553593238776957E-002 -6.651744022948589E-003
 -8.490020553325164E-003 -6.655305273147187E-003 -7.267737250731752E-003
38 45
 -1.553593238776848E-002  6.651744022953758E-003 -6.651744022949534E-003
  6.655305273143241E-003 -7.267737250729602E-003 -8.490020553325362E-003
 -6.655305273135329E-003 -8.490020553315943E-003 -7.267737250727557E-003
38 46
  1.202849407665932E-002  1.541599964002827E-015 -1.474578588040433E-002
  3.447085282146101E-015  3.253157945647927E-002  1.456219042919593E-015
 -1.474578588040118E-002  5.790317227430397E-016  1.202849407666237E-002
38 47
 -1.553593238777117E-002  6.651744022954174E-003 -6.651744022957156E-003
  6.655305273139587E-003 -7.267737250727272E-003 -8.490020553315457E-003
 -6.655305273145010E-003 -8.490020553323907E-003 -7.267737250727439E-003
38 48
  1.202849407666137E-002  1.474578588040992E-002 -5.079825991273490E-015
  1.474578588040643E-002  1.202849407665824E-002  4.551616245365708E-015
  9.656175598699024E-016 -4.701032857261367E-015  3.253157945647212E-002
38 49
  1.840321607972472E-002 -2.311383506467535E-015 -2.185345003916095E-015
 -2.260561529632277E-015  1.840321607972528E-002  8.382238046028556E-016
  5.526042947887055E-016 -7.687671029280030E-016  3.044262756683359E-002
38 50
  8.105872507471162E-002  5.610746242612485E-015 -6.405940773494823E-015
  4.095912519742895E-015 -8.120621850553856E-001  9.199106360171332E-001
 -3.089976191583688E-015  9.199106360171365E-001 -8.120621850553872E-001
38 51
  1.840321607972245E-002  2.006451645455987E-015 -2.465543502867817E-015
 -5.346471963069144E-015  3.044262756681936E-002  5.311235392463365E-015
 -3.090653817941491E-015 -3.510443346600722E-015  1.840321607972306E-002
38 52
  3.612261808099627E-003  1.172293598999952E-016  2.051174985071014E-015
 -2.381179021321289E-015  3.460608080959731E-003  1.146067334574707E-002
 -2.068454457195001E-015  1.146067334574508E-002  3.460608080964317E-003
38 53
 -8.120621850553806E-001  2.367626494165220E-015  9.199106360171301E-001
 -2.565493390643825E-015  8.105872507470896E-002  4.664102220761079E-015
  9.199106360171367E-001 -6.102025352019980E-015 -8.120621850553896E-001
38 54
 -8.120621850553813E-001 -9.199106360171270E-001  1.757728890824234E-014
 -9.199106360171276E-001 -8.120621850553870E-001  2.384431627838746E-014
 -2.150447246489218E-015  4.672233737054721E-016  8.105872507471054E-002
38 55
 -7.267737250729447E-003 -6.655305273141977E-003  8.490020553324984E-003
 -6.651744022951982E-003 -1.553593238777486E-002 -6.651744022955169E-003
  8.490020553319403E-003 -6.655305273143826E-003 -7.267737250725095E-003
38 56
 -7.267737250729980E-003 -8.490020553316002E-003  6.655305273141032E-003
 -8.490020553320135E-003 -7.267737250731132E-003 -6.655305273138524E-003
  6.651744022951380E-003 -6.651744022950323E-003 -1.553593238776816E-002
38 57
  3.044262756682208E-002  3.774378812965162E-016  4.297506361189418E-015
  4.330032426363983E-016  1.840321607971779E-002  2.510605655661746E-015
  1.684579125499353E-015  3.287843088062292E-015  1.840321607971754E-002
38 58
 -1.553593238777380E-002 -6.651744022950261E-003 -6.651744022950214E-003
 -6.655305273139503E-003 -7.267737250729443E-003  8.490020553316695E-003
 -6.655305273140503E-003  8.490020553316577E-003 -7.267737250727605E-003
38 59
 -7.914939155046609E-003  2.500441260294695E-015  4.064741707283936E-015
  7.752045533271357E-015 -7.914939155045117E-003 -1.718460443389525E-015
 -5.944138410651778E-015 -3.330872361782811E-015 -7.914939155047901E-003
38 60
 -1.553593238777219E-002  6.651744022949290E-003  6.651744022950707E-003
  6.655305273143439E-003 -7.267737250732074E-003  8.490020553323770E-003
  6.655305273141967E-003  8.490020553324210E-003 -7.267737250732573E-003
38 61
  3.460608080963376E-003 -2.635966531855383E-015  1.146067334574577E-002
 -2.258528650558866E-015  3.612261808100311E-003 -9.649399335120989E-016
  1.146067334575135E-002 -5.983440739404378E-016  3.460608080963059E-003
38 62
 -7.267737250732684E-003 -8.490020553317327E-003 -6.655305273138025E-003
 -8.490020553316395E-003 -7.267737250724895E-003  6.655305273142971E-003
 -6.651744022954244E-003  6.651744022946915E-003 -1.553593238777067E-002
38 63
 -7.267737250729413E-003  6.655305273145802E-003  8.490020553311840E-003
  6.651744022955470E-003 -1.553593238777226E-002  6.651744022955795E-003
  8.490020553320680E-003  6.655305273147670E-003 -7.267737250728162E-003
38 64
  3.460608080960629E-003 -1.146067334575057E-002  1.227181333982030E-015
 -1.146067334575475E-002  3.460608080961153E-003  3.435565634063442E-016
  5.688673273759881E-016  3.480627786857371E-015  3.612261808092812E-003
39 1
  3.460608080963155E-003  1.303414299234917E-015 -1.146067334574687E-002
 -6.696981294171400E-015  3.612261808090234E-003 -6.532318089225164E-016
 -1.146067334575290E-002 -4.272434185950691E-015  3.460608080964007E-003
39 2
 -7.267737250728622E-003  8.490020553320090E-003  6.655305273141623E-003
  8.490020553308502E-003 -7.267737250732703E-003  6.655305273141714E-003
  6.651744022948401E-003  6.651744022949192E-003 -1.553593238776668E-002
39 3
 -7.267737250731896E-003 -6.655305273142649E-003 -8.490020553319060E-003
 -6.651744022957451E-003 -1.553593238776774E-002  6.651744022956754E-003
 -8.490020553320087E-003  6.655305273142300E-003 -7.267737250733730E-003
39 4
  3.460608080965654E-003  1.146067334575081E-002 -4.276838757276413E-015
  1.146067334574943E-002  3.460608080963321E-003 -1.048287975521922E-015
 -4.319529217818030E-015  1.171954785821050E-015  3.612261808093633E-003
39 5
  1.202849407665530E-002 -2.579384730978795E-015  1.474578588040725E-002
 -7.975662231346492E-016  3.253157945647060E-002  4.817923403982460E-016
  1.474578588040619E-002 -2.306640121962911E-015  1.202849407666473E-002
39 6
 -1.553593238777011E-002 -6.651744022954871E-003  6.651744022954311E-003
 -6.655305273146439E-003 -7.267737250739567E-003 -8.490020553306993E-003
  6.655305273137177E-003 -8.490020553322580E-003 -7.267737250731710E-003
39 7
  1.202849407666019E-002 -1.474578588041172E-002  2.469270447835736E-015
 -1.474578588040374E-002  1.202849407665847E-002 -6.708500942254059E-017
 -1.129603138458335E-015 -2.391343416688341E-015  3.253157945647352E-002
39 8
 -1.553593238776776E-002 -6.651744022957302E-003  6.651744022951437E-003
 -6.655305273138657E-003 -7.267737250721253E-003 -8.490020553321966E-003
  6.655305273129220E-003 -8.490020553317986E-003 -7.267737250717094E-003
39 9
  3.460608080966161E-003 -1.368805242762949E-015 -1.146067334575141E-002
  4.566524025237384E-015  3.612261808091173E-003  1.006952767695912E-015
 -1.146067334574927E-002 -1.046932722806315E-015  3.460608080962985E-003
39 10
  3.460608080963353E-003  1.146067334575308E-002  1.740483300018136E-015
  1.146067334575299E-002  3.460608080967661E-003  2.207029047365805E-015
 -1.582935171828836E-015 -1.603941588920743E-015  3.612261808095120E-003
39 11
 -7.267737250726719E-003 -6.655305273141495E-003 -8.490020553321688E-003
 -6.651744022949088E-003 -1.553593238776566E-002  6.651744022948840E-003
 -8.490020553318569E-003  6.655305273135594E-003 -7.267737250723431E-003
39 12
 -7.267737250729831E-003  8.490020553315138E-003  6.655305273138597E-003
  8.490020553326169E-003 -7.267737250721154E-003  6.655305273136397E-003
  6.651744022958572E-003  6.651744022956991E-003 -1.553593238776408E-002
39 13
 -1.266294654794207E-003 -5.854691731421724E-016 -1.607668533888662E-015
 -1.303075486056016E-015 -1.266294654794218E-003  4.438452643612534E-016
 -6.356135236196270E-016 -1.590727874943576E-015 -1.266294654795571E-003
39 14
  3.612261808093187E-003 -2.223292079953088E-015 -3.268191923685992E-015
 -9.059864403831996E-016  3.460608080960829E-003 -1.146067334574860E-002
  1.949869844579399E-015 -1.146067334575509E-002  3.460608080966633E-003
39 15
  3.253157945647987E-002  1.502636448429129E-015 -5.607358110823468E-016
  1.920393098014950E-015  1.202849407666197E-002  1.474578588040900E-002
  1.755052266710910E-015  1.474578588041030E-002  1.202849407665480E-002
39 16
  3.612261808097011E-003 -1.870248747537495E-016 -1.789272397779984E-015
 -1.490777987167569E-017  3.460608080960752E-003 -1.146067334574833E-002
  1.387101154423642E-015 -1.146067334574831E-002  3.460608080963124E-003
39 17
 -1.553593238777551E-002  6.651744022956697E-003  6.651744022956600E-003
  6.655305273142656E-003 -7.267737250727952E-003  8.490020553313193E-003
  6.655305273135488E-003  8.490020553319219E-003 -7.267737250722777E-003
39 18
 -7.914939155049507E-003  3.252606517456513E-016 -7.892991815694472E-015
 -1.029992063861229E-015 -7.914939155043548E-003 -5.496905014501507E-015
  5.210946691508456E-016  2.272758804072739E-015 -7.914939155043684E-003
39 19
 -1.553593238777568E-002 -6.651744022953189E-003 -6.651744022953914E-003
 -6.655305273140153E-003 -7.267737250727328E-003  8.490020553324500E-003
 -6.655305273140895E-003  8.490020553325456E-003 -7.267737250736919E-003
39 20
  3.044262756682224E-002  7.389515431846516E-016 -1.239039795243591E-015
  8.322606926541853E-015  1.840321607972197E-002  1.067939139898222E-015
  2.335100428990655E-015 -1.348476452028846E-016  1.840321607971691E-002
39 21
 -7.267737250724374E-003 -8.490020553316682E-003  6.655305273138719E-003
 -8.490020553315375E-003 -7.267737250733363E-003 -6.655305273140271E-003
  6.651744022954353E-003 -6.651744022954394E-003 -1.553593238776822E-002
39 22
 -7.267737250728603E-003 -6.655305273142143E-003  8.490020553318999E-003
 -6.651744022952126E-003 -1.553593238776789E-002 -6.651744022951558E-003
  8.490020553323660E-003 -6.655305273137218E-003 -7.267737250738683E-003
39 23
 -8.120621850553881E-001 -9.199106360171372E-001  2.651213124905960E-014
 -9.199106360171325E-001 -8.120621850553823E-001  2.714977765175264E-014
  4.662069341687669E-015  4.029166323499256E-015  8.105872507469995E-002
39 24
 -8.120621850553847E-001  6.743737512859838E-015  9.199106360171390E-001
  1.242766740211509E-015  8.105872507470370E-002 -2.385244779468110E-016
  9.199106360171249E-001 -3.694418902744356E-015 -8.120621850553768E-001
39 25
  3.612261808099988E-003 -5.887217796596289E-015 -5.551115123125783E-015
  1.935300877886625E-015  3.460608080959724E-003  1.146067334574881E-002
  9.297033629063201E-016  1.146067334574833E-002  3.460608080961649E-003
39 26
  1.840321607972317E-002  5.438967960909313E-015  1.088267930632325E-015
  2.127069137144999E-015  3.044262756683018E-002  2.886688284242656E-016
  2.940220766509127E-015  3.955982676856484E-015  1.840321607971598E-002
39 27
  8.105872507471398E-002 -2.138249972048756E-015  1.481630031337222E-015
  3.281066824484258E-015 -8.120621850553806E-001  9.199106360171380E-001
  1.051676107310939E-014  9.199106360171296E-001 -8.120621850553854E-001
39 28
  1.840321607971840E-002 -2.327307725875916E-015  3.381355525439167E-015
 -6.049170496111311E-015  1.840321607971715E-002  1.626303258728257E-016
  1.029517725410767E-014  1.604619215278547E-015  3.044262756681959E-002
39 29
  3.460608080961464E-003 -1.146067334575320E-002 -5.793705359219414E-016
 -1.146067334574796E-002  3.460608080969165E-003 -2.268693045925918E-015
 -3.513831478389740E-015  6.132518538121134E-016  3.612261808095976E-003
39 30
 -7.267737250723350E-003  6.655305273131329E-003  8.490020553325652E-003
  6.651744022948228E-003 -1.553593238777306E-002  6.651744022946143E-003
  8.490020553317172E-003  6.655305273136739E-003 -7.267737250726444E-003
39 31
 -7.267737250724487E-003 -8.490020553319334E-003 -6.655305273137432E-003
 -8.490020553328015E-003 -7.267737250729860E-003  6.655305273142047E-003
 -6.651744022955572E-003  6.651744022956624E-003 -1.553593238776740E-002
39 32
  3.460608080963622E-003  2.580401170515501E-015  1.146067334574481E-002
 -5.550437496767979E-015  3.612261808091204E-003 -4.133520782600986E-016
  1.146067334574929E-002 -1.573448402819588E-015  3.460608080961590E-003
39 33
 -7.267737250736084E-003  6.655305273144114E-003 -8.490020553314551E-003
  6.651744022961405E-003 -1.553593238776618E-002 -6.651744022972728E-003
 -8.490020553316919E-003 -6.655305273134440E-003 -7.267737250722702E-003
39 34
 -7.267737250740927E-003  8.490020553321754E-003 -6.655305273137761E-003
  8.490020553323822E-003 -7.267737250731114E-003 -6.655305273139606E-003
 -6.651744022951133E-003 -6.651744022951892E-003 -1.553593238776596E-002
39 35
 -8.120621850553909E-001  2.374639926968486E-014 -9.199106360171307E-001
 -2.584466928662321E-015  8.105872507470112E-002 -3.055417247335712E-015
 -9.199106360171346E-001  2.244366259680775E-014 -8.120621850553806E-001
39 36
 -8.120621850552949E-001  9.199106360170739E-001  6.297859369425174E-015
  9.199106360170480E-001 -8.120621850553286E-001  3.120469377684842E-016
  9.061219656547603E-015  1.977652525249340E-015  8.105872507469668E-002
39 37
  3.253157945648537E-002 -6.072209792276628E-015 -7.935004649878286E-016
 -8.795590124288655E-016  1.202849407665495E-002 -1.474578588040527E-002
  2.402185438413196E-015 -1.474578588040847E-002  1.202849407666040E-002
39 38
  8.105872507470963E-002 -1.590727874943576E-015 -2.283600825797594E-016
  2.105385093695289E-014 -8.120621850553831E-001 -9.199106360171312E-001
  2.768510247441736E-014 -9.199106360171332E-001 -8.120621850553844E-001
39 39
  6.140120841670576E+000 -4.445161144554788E-014 -2.724108780346665E-014
  3.164108515127384E-014  6.140120841670534E+000 -9.555209271386311E-015
  2.150836881644955E-014 -3.980953208141541E-014  6.140120841670569E+000
39 40
  8.105872507471101E-002  2.878217954770113E-015  1.643243917673343E-016
 -4.503098198146982E-014 -8.120621850553291E-001 -9.199106360170517E-001
 -3.940634439852236E-014 -9.199106360170816E-001 -8.120621850552894E-001
39 41
 -7.267737250722517E-003  6.655305273140796E-003 -8.490020553323372E-003
  6.651744022950418E-003 -1.553593238776084E-002 -6.651744022950459E-003
 -8.490020553320678E-003 -6.655305273134488E-003 -7.267737250728774E-003
39 42
 -8.120621850553847E-001  9.199106360171360E-001  4.333420558153001E-015
  9.199106360171320E-001 -8.120621850553865E-001  7.636849052444772E-016
  2.256156958306554E-015  1.935978504244429E-015  8.105872507470438E-002
39 43
 -8.120621850553736E-001  2.165897127447136E-014 -9.199106360171284E-001
  1.495521371672193E-015  8.105872507470534E-002  1.134346522962959E-015
 -9.199106360171287E-001  1.960373053125353E-014 -8.120621850553807E-001
39 44
 -7.267737250724948E-003  8.490020553316121E-003 -6.655305273145035E-003
  8.490020553307174E-003 -7.267737250725711E-003 -6.655305273136212E-003
 -6.651744022952417E-003 -6.651744022947888E-003 -1.553593238776844E-002
39 45
  1.202849407665399E-002  1.474578588041309E-002 -1.025587492535507E-015
  1.474578588040487E-002  1.202849407666346E-002  5.217722955086490E-016
 -3.345102515296683E-015  5.190956713953254E-015  3.253157945647586E-002
39 46
 -1.553593238776906E-002  6.651744022951081E-003 -6.651744022947035E-003
  6.655305273137662E-003 -7.267737250732344E-003 -8.490020553328015E-003
 -6.655305273143634E-003 -8.490020553320762E-003 -7.267737250728420E-003
39 47
  1.202849407664876E-002  2.515349040166370E-015 -1.474578588041857E-002
 -2.317482143687766E-016  3.253157945647586E-002  3.152995442859408E-015
 -1.474578588041660E-002  1.020505294851981E-015  1.202849407665592E-002
39 48
 -1.553593238777203E-002  6.651744022955313E-003 -6.651744022954945E-003
  6.655305273144861E-003 -7.267737250730332E-003 -8.490020553318212E-003
 -6.655305273138941E-003 -8.490020553321471E-003 -7.267737250730996E-003
39 49
  3.612261808100184E-003  3.095058389267213E-015 -2.391682229867242E-015
 -8.571973426213519E-016  3.460608080959833E-003  1.146067334574568E-002
  3.270563615938304E-015  1.146067334575095E-002  3.460608080966849E-003
39 50
  1.840321607972385E-002  5.610746242612485E-016 -2.623430444236019E-015
  2.735577606452488E-015  1.840321607972294E-002  1.233279971202261E-015
 -1.506024580218146E-015 -1.660862202976232E-015  3.044262756682534E-002
39 51
  8.105872507470860E-002  7.972274099557475E-016  2.615637741121279E-015
  8.509970614474505E-015 -8.120621850553267E-001  9.199106360170628E-001
  2.742353870030523E-015  9.199106360170791E-001 -8.120621850552994E-001
39 52
  1.840321607973095E-002 -3.422690733265177E-015  7.806255641895632E-016
 -6.301925127571995E-017  3.044262756682399E-002  1.036090701081460E-015
 -5.173677241829266E-016  3.026956940307968E-015  1.840321607972677E-002
39 53
 -7.267737250727851E-003 -8.490020553324630E-003  6.655305273140732E-003
 -8.490020553323041E-003 -7.267737250727328E-003 -6.655305273133350E-003
  6.651744022950908E-003 -6.651744022951286E-003 -1.553593238777180E-002
39 54
 -8.120621850553743E-001  1.584968050902247E-015  9.199106360171131E-001
  2.582434049588911E-015  8.105872507470374E-002 -3.408460579751305E-016
  9.199106360171279E-001  4.134876035316593E-015 -8.120621850553816E-001
39 55
 -8.120621850552981E-001 -9.199106360170801E-001  2.767087232090348E-015
 -9.199106360170562E-001 -8.120621850553348E-001  3.192975397969811E-015
 -4.127422145380755E-015 -4.306315503840863E-015  8.105872507470624E-002
39 56
 -7.267737250726829E-003 -6.655305273142364E-003  8.490020553320092E-003
 -6.651744022965094E-003 -1.553593238777268E-002 -6.651744022958219E-003
  8.490020553311991E-003 -6.655305273138825E-003 -7.267737250726841E-003
39 57
 -1.553593238777102E-002  6.651744022947886E-003  6.651744022952705E-003
  6.655305273137874E-003 -7.267737250730915E-003  8.490020553330726E-003
  6.655305273137209E-003  8.490020553320370E-003 -7.267737250728979E-003
39 58
  3.044262756681484E-002 -1.047271535985217E-015  3.098107707877329E-015
 -4.736608241046047E-015  1.840321607971311E-002 -1.833656924216109E-015
 -3.532127390050432E-015 -4.294457042579303E-015  1.840321607971885E-002
39 59
 -1.553593238777970E-002 -6.651744022949833E-003 -6.651744022950384E-003
 -6.655305273139028E-003 -7.267737250727562E-003  8.490020553312589E-003
 -6.655305273145126E-003  8.490020553316626E-003 -7.267737250726459E-003
39 60
 -7.914939155049174E-003  2.439116074913483E-015 -1.395910297075087E-016
 -2.985621732481958E-015 -7.914939155046662E-003  6.009868167358712E-015
 -4.621750573398364E-015 -6.260928732924886E-015 -7.914939155043783E-003
39 61
  3.460608080960368E-003 -1.146067334575072E-002 -1.029992063861229E-016
 -1.146067334574932E-002  3.460608080962803E-003 -2.581756423231107E-016
  2.895836240073002E-015  1.089623183347932E-015  3.612261808094414E-003
39 62
  3.460608080964266E-003  2.534661391363768E-015  1.146067334575181E-002
  3.205172672410272E-015  3.612261808093312E-003 -1.644599170388950E-015
  1.146067334575376E-002 -2.776912814278498E-015  3.460608080965838E-003
39 63
 -7.267737250731874E-003 -8.490020553315806E-003 -6.655305273147921E-003
 -8.490020553317896E-003 -7.267737250732357E-003  6.655305273144174E-003
 -6.651744022950751E-003  6.651744022949428E-003 -1.553593238776774E-002
39 64
 -7.267737250737361E-003  6.655305273142425E-003  8.490020553317707E-003
  6.651744022958371E-003 -1.553593238777243E-002  6.651744022960070E-003
  8.490020553323031E-003  6.655305273142112E-003 -7.267737250730405E-003
40 1
  3.460608080964083E-003  1.146067334574939E-002  7.545369494141307E-016
  1.146067334575181E-002  3.460608080964940E-003  7.420008617947671E-016
  1.855340967665819E-015 -3.435565634063442E-015  3.612261808089475E-003
40 2
  3.460608080965483E-003 -1.072682524402846E-015 -1.146067334574802E-002
  4.542468289535362E-015  3.612261808088527E-003  3.127923267620680E-015
 -1.146067334574892E-002 -8.158621347953421E-016  3.460608080962858E-003
40 3
 -7.267737250729754E-003  8.490020553317070E-003  6.655305273138659E-003
  8.490020553311788E-003 -7.267737250739575E-003  6.655305273140565E-003
  6.651744022955743E-003  6.651744022955920E-003 -1.553593238777003E-002
40 4
 -7.267737250728446E-003 -6.655305273140675E-003 -8.490020553316425E-003
 -6.651744022954569E-003 -1.553593238776336E-002  6.651744022959040E-003
 -8.490020553311899E-003  6.655305273146542E-003 -7.267737250724293E-003
40 5
 -1.553593238777689E-002 -6.651744022953852E-003  6.651744022952521E-003
 -6.655305273149007E-003 -7.267737250721187E-003 -8.490020553328950E-003
  6.655305273138531E-003 -8.490020553320148E-003 -7.267737250728928E-003
40 6
  1.202849407665802E-002  9.927226141820400E-017  1.474578588040902E-002
 -2.679334618754803E-015  3.253157945647236E-002 -9.194034422677078E-015
  1.474578588040819E-002  1.370160495478556E-015  1.202849407666490E-002
40 7
 -1.553593238776975E-002 -6.651744022958265E-003  6.651744022953309E-003
 -6.655305273134363E-003 -7.267737250731262E-003 -8.490020553313417E-003
  6.655305273138047E-003 -8.490020553312166E-003 -7.267737250726186E-003
40 8
  1.202849407666184E-002 -1.474578588041115E-002  1.660523389797330E-015
 -1.474578588040806E-002  1.202849407666571E-002 -2.280212694008577E-015
 -5.040184849341989E-015 -5.920421488128658E-015  3.253157945646651E-002
40 9
 -7.267737250729565E-003  8.490020553313198E-003  6.655305273131927E-003
  8.490020553325926E-003 -7.267737250722347E-003  6.655305273137717E-003
  6.651744022944877E-003  6.651744022952437E-003 -1.553593238775798E-002
40 10
  3.460608080965187E-003  2.442504206702500E-015 -1.146067334574719E-002
  6.708500942254059E-017  3.612261808090970E-003 -3.908548831810243E-015
 -1.146067334575298E-002 -1.207530169605731E-015  3.460608080966740E-003
40 11
  3.460608080962099E-003  1.146067334574826E-002  4.269046054161674E-016
  1.146067334575033E-002  3.460608080970355E-003 -9.175060884658581E-016
 -3.149607311070390E-015  3.457927303870956E-015  3.612261808091035E-003
40 12
 -7.267737250730343E-003 -6.655305273143658E-003 -8.490020553314902E-003
 -6.651744022948199E-003 -1.553593238777590E-002  6.651744022944007E-003
 -8.490020553324222E-003  6.655305273132813E-003 -7.267737250736428E-003
40 13
  3.612261808095932E-003  6.694609601919088E-015  4.831475931138529E-016
 -1.366433550510637E-015  3.460608080971899E-003 -1.146067334575083E-002
  4.850449469157025E-015 -1.146067334575550E-002  3.460608080965373E-003
40 14
 -1.266294654797265E-003 -3.503328269843786E-016 -2.571592027864056E-016
 -4.651904946320617E-016 -1.266294654800828E-003 -8.473717604332021E-016
  5.427787126005557E-016 -7.121853020514157E-016 -1.266294654795961E-003
40 15
  3.612261808093958E-003  4.828426612528414E-015 -2.133845400723033E-015
 -6.254491282525754E-016  3.460608080961380E-003 -1.146067334574825E-002
  1.454863790203986E-015 -1.146067334574750E-002  3.460608080968920E-003
40 16
  3.253157945647522E-002  1.822476089312353E-015 -1.188082293136772E-014
 -9.110686380667254E-016  1.202849407666083E-002  1.474578588040193E-002
 -2.168404344971009E-017  1.474578588040548E-002  1.202849407666758E-002
40 17
  3.044262756681946E-002  1.977652525249340E-015  2.186361443452800E-015
  2.012889095855119E-015  1.840321607971358E-002  1.507718646112655E-016
 -5.091684452535050E-015  4.946672411965114E-016  1.840321607971794E-002
40 18
 -1.553593238776783E-002  6.651744022957535E-003  6.651744022950267E-003
  6.655305273136924E-003 -7.267737250742172E-003  8.490020553314170E-003
  6.655305273137098E-003  8.490020553322925E-003 -7.267737250729552E-003
40 19
 -7.914939155044577E-003  1.626303258728257E-016 -7.285838599102590E-015
 -4.553649124439119E-016 -7.914939155040990E-003  9.269928574751063E-016
  6.292438358562746E-015 -1.382357769919018E-016 -7.914939155042081E-003
40 20
 -1.553593238777455E-002 -6.651744022949187E-003 -6.651744022951702E-003
 -6.655305273145056E-003 -7.267737250722136E-003  8.490020553327182E-003
 -6.655305273150843E-003  8.490020553314305E-003 -7.267737250727624E-003
40 21
 -8.120621850553650E-001  3.209238430557093E-015  9.199106360171497E-001
 -7.359022245745361E-016  8.105872507470631E-002 -4.952093422827542E-015
  9.199106360171216E-001 -2.366271241449613E-015 -8.120621850553997E-001
40 22
 -7.267737250728539E-003 -8.490020553313920E-003  6.655305273136553E-003
 -8.490020553311982E-003 -7.267737250737307E-003 -6.655305273133356E-003
  6.651744022945975E-003 -6.651744022948430E-003 -1.553593238776424E-002
40 23
 -7.267737250728119E-003 -6.655305273140827E-003  8.490020553314192E-003
 -6.651744022948114E-003 -1.553593238777801E-002 -6.651744022943403E-003
  8.490020553315845E-003 -6.655305273140042E-003 -7.267737250729072E-003
40 24
 -8.120621850552914E-001 -9.199106360170693E-001 -1.830946418784896E-015
 -9.199106360170368E-001 -8.120621850553350E-001  6.315477654728063E-015
  1.280713816248502E-015 -8.902655088821598E-015  8.105872507470130E-002
40 25
  1.840321607972218E-002 -4.461830752956752E-015 -1.260385025514399E-015
 -1.175681730788969E-015  1.840321607971625E-002  3.251928891098710E-015
  1.679835740994728E-015 -4.296151108473811E-016  3.044262756681984E-002
40 26
  3.612261808094816E-003  3.610393234376730E-015  1.268516541808040E-015
 -8.402566836762659E-017  3.460608080962417E-003  1.146067334574907E-002
  3.867891250342037E-015  1.146067334574556E-002  3.460608080964022E-003
40 27
  1.840321607972042E-002  3.838753316956489E-015  6.731201425240474E-015
 -5.313268271536775E-015  3.044262756681571E-002  3.085910433436867E-015
  1.467061064644448E-015  1.580224666397623E-015  1.840321607971106E-002
40 28
  8.105872507469622E-002 -7.601951295017895E-015 -8.443224418230866E-016
 -1.808923562156284E-015 -8.120621850553690E-001  9.199106360171199E-001
  3.501295390770376E-015  9.199106360171054E-001 -8.120621850553773E-001
40 29
  3.460608080964529E-003 -4.546872860861084E-015  1.146067334574723E-002
  1.518560667837510E-015  3.612261808092217E-003 -2.024408743937778E-015
  1.146067334574908E-002 -9.690056916589196E-016  3.460608080969098E-003
40 30
  3.460608080962681E-003 -1.146067334575371E-002  2.622752817878216E-015
 -1.146067334574835E-002  3.460608080974208E-003 -9.188613411814650E-016
  3.158416453721835E-015 -1.246832498358330E-015  3.612261808092819E-003
40 31
 -7.267737250728783E-003  6.655305273140085E-003  8.490020553322946E-003
  6.651744022946869E-003 -1.553593238777424E-002  6.651744022946081E-003
  8.490020553322371E-003  6.655305273137558E-003 -7.267737250731419E-003
40 32
 -7.267737250730184E-003 -8.490020553316709E-003 -6.655305273140155E-003
 -8.490020553324326E-003 -7.267737250727178E-003  6.655305273145589E-003
 -6.651744022950068E-003  6.651744022952873E-003 -1.553593238776306E-002
40 33
 -8.120621850554059E-001  9.199106360171572E-001  4.522817125159062E-015
  9.199106360171541E-001 -8.120621850554091E-001  4.069146278609659E-016
 -4.382887282272652E-015  6.041038979817670E-015  8.105872507470592E-002
40 34
 -7.267737250734000E-003  6.655305273134079E-003 -8.490020553321081E-003
  6.651744022955615E-003 -1.553593238776282E-002 -6.651744022956890E-003
 -8.490020553321372E-003 -6.655305273139598E-003 -7.267737250725553E-003
40 35
 -7.267737250731432E-003  8.490020553311601E-003 -6.655305273136457E-003
  8.490020553323334E-003 -7.267737250719514E-003 -6.655305273150703E-003
 -6.651744022947225E-003 -6.651744022958313E-003 -1.553593238776559E-002
40 36
 -8.120621850553854E-001  8.898928143853679E-015 -9.199106360171329E-001
  3.064565203166059E-015  8.105872507469924E-002  1.608007347067564E-015
 -9.199106360171319E-001  2.507861268912642E-014 -8.120621850553856E-001
40 37
  8.105872507470989E-002  1.663572708407446E-016  3.749306637726435E-015
  9.102554864373613E-015 -8.120621850554014E-001 -9.199106360171503E-001
  1.218914292416828E-014 -9.199106360171454E-001 -8.120621850554035E-001
40 38
  3.253157945648171E-002  2.183989751200488E-015  3.964114193150126E-016
 -7.209266820670801E-015  1.202849407666126E-002 -1.474578588040556E-002
  2.036944831557141E-015 -1.474578588040755E-002  1.202849407666233E-002
40 39
  8.105872507470191E-002 -4.401183193933345E-016  4.194845967982197E-015
 -4.967848235646471E-014 -8.120621850553313E-001 -9.199106360170399E-001
 -4.983128710014939E-014 -9.199106360170770E-001 -8.120621850552932E-001
40 40
  6.140120841670470E+000  8.418135302333193E-014 -1.316966826390986E-014
  4.535353212778426E-015  6.140120841670392E+000 -1.895470000574939E-013
 -4.508993547459872E-014 -1.609227074511610E-014  6.140120841670414E+000
40 41
 -7.267737250726863E-003  8.490020553318683E-003 -6.655305273146239E-003
  8.490020553313918E-003 -7.267737250738406E-003 -6.655305273140509E-003
 -6.651744022951367E-003 -6.651744022955424E-003 -1.553593238777079E-002
40 42
 -7.267737250728440E-003  6.655305273137888E-003 -8.490020553324972E-003
  6.651744022940386E-003 -1.553593238777598E-002 -6.651744022937562E-003
 -8.490020553320260E-003 -6.655305273144078E-003 -7.267737250730332E-003
40 43
 -8.120621850552875E-001  9.199106360170888E-001  2.282923199439790E-015
  9.199106360170319E-001 -8.120621850553265E-001  3.662570463927595E-015
  1.240056234780296E-016 -6.394759938591066E-015  8.105872507469733E-002
40 44
 -8.120621850552890E-001 -5.054177833630630E-014 -9.199106360170897E-001
 -2.686788508690641E-015  8.105872507470947E-002 -8.108476997475966E-015
 -9.199106360170375E-001 -3.322469794946048E-014 -8.120621850553307E-001
40 45
 -1.553593238777004E-002  6.651744022957496E-003 -6.651744022956959E-003
  6.655305273133417E-003 -7.267737250740037E-003 -8.490020553316361E-003
 -6.655305273142615E-003 -8.490020553314626E-003 -7.267737250723952E-003
40 46
  1.202849407665298E-002  1.474578588041151E-002  2.730495408768963E-015
  1.474578588040696E-002  1.202849407666465E-002  1.245138432463821E-015
 -5.893316433816520E-015 -7.218753589680049E-015  3.253157945647173E-002
40 47
 -1.553593238777474E-002  6.651744022955861E-003 -6.651744022954272E-003
  6.655305273149824E-003 -7.267737250724699E-003 -8.490020553330912E-003
 -6.655305273140839E-003 -8.490020553319502E-003 -7.267737250730527E-003
40 48
  1.202849407665440E-002 -4.086764563912548E-015 -1.474578588040610E-002
  4.138941793463413E-015  3.253157945647969E-002 -3.496213193086850E-015
 -1.474578588041082E-002  6.606856988583543E-016  1.202849407666483E-002
40 49
  1.840321607972432E-002  2.817570395746705E-015 -2.033556699768124E-015
  1.059807623604581E-015  3.044262756682163E-002  4.791157162849224E-015
 -2.292409968449038E-015 -1.365417110973932E-015  1.840321607972024E-002
40 50
  3.612261808099035E-003  1.067261513540418E-015 -1.880751956083448E-015
 -1.067261513540418E-016  3.460608080966159E-003  1.146067334574596E-002
  3.104883971455363E-015  1.146067334574829E-002  3.460608080962003E-003
40 51
  1.840321607972452E-002  1.157047005949374E-015  1.158741071843883E-016
  6.569587538904353E-016  1.840321607971922E-002 -8.049523504347067E-015
 -3.347474207548995E-015 -1.942754767822463E-015  3.044262756681803E-002
40 52
  8.105872507470711E-002 -1.678141675100220E-015  3.017808984477621E-015
  5.635818417851213E-015 -8.120621850553557E-001  9.199106360171235E-001
  1.221082696761799E-015  9.199106360171226E-001 -8.120621850553709E-001
40 53
 -7.267737250726145E-003 -6.655305273138432E-003  8.490020553324585E-003
 -6.651744022956443E-003 -1.553593238776668E-002 -6.651744022959549E-003
  8.490020553319804E-003 -6.655305273136131E-003 -7.267737250731552E-003
40 54
 -7.267737250735334E-003 -8.490020553319091E-003  6.655305273132421E-003
 -8.490020553328575E-003 -7.267737250717835E-003 -6.655305273145040E-003
  6.651744022953044E-003 -6.651744022960243E-003 -1.553593238777414E-002
40 55
 -8.120621850553820E-001  6.505213034913027E-016  9.199106360171266E-001
 -4.053899685559081E-015  8.105872507471426E-002  2.747774880892950E-015
  9.199106360171336E-001  5.223143965948918E-015 -8.120621850553813E-001
40 56
 -8.120621850553664E-001 -9.199106360171176E-001  4.911571366630896E-014
 -9.199106360171201E-001 -8.120621850553792E-001  4.896121485672977E-014
  6.401536202169100E-015  6.264655677892805E-015  8.105872507470080E-002
40 57
 -7.914939155049549E-003 -1.057639219259610E-014  2.411672207422444E-015
 -2.683400376901623E-016 -7.914939155045424E-003 -4.717634703027551E-015
 -5.278031700930996E-015 -4.723055713889979E-016 -7.914939155042667E-003
40 58
 -1.553593238777873E-002  6.651744022954947E-003  6.651744022962824E-003
  6.655305273147044E-003 -7.267737250725924E-003  8.490020553325145E-003
  6.655305273138001E-003  8.490020553316656E-003 -7.267737250733573E-003
40 59
  3.044262756681452E-002 -1.077764722086372E-015  5.649709758186183E-015
  1.893626856881714E-015  1.840321607971904E-002  5.850964786453805E-015
  7.250602028496811E-016  2.446231151670419E-016  1.840321607972106E-002
40 60
 -1.553593238777425E-002 -6.651744022957438E-003 -6.651744022953600E-003
 -6.655305273138522E-003 -7.267737250734082E-003  8.490020553313524E-003
 -6.655305273143162E-003  8.490020553314792E-003 -7.267737250732939E-003
40 61
 -7.267737250729533E-003  6.655305273135274E-003  8.490020553319889E-003
  6.651744022953468E-003 -1.553593238777094E-002  6.651744022955933E-003
  8.490020553318626E-003  6.655305273140726E-003 -7.267737250728316E-003
40 62
  3.460608080967438E-003 -1.146067334574661E-002  2.232101222604532E-015
 -1.146067334575357E-002  3.460608080968409E-003  3.102851092381953E-015
  3.428789370485408E-015  2.287666583944414E-015  3.612261808090995E-003
40 63
  3.460608080961250E-003  2.105046280516387E-015  1.146067334574584E-002
  7.064254780100865E-016  3.612261808093495E-003  3.642241673193491E-016
  1.146067334575344E-002  4.370690007832190E-016  3.460608080960886E-003
40 64
 -7.267737250738130E-003 -8.490020553312527E-003 -6.655305273146043E-003
 -8.490020553316610E-003 -7.267737250733118E-003  6.655305273137004E-003
 -6.651744022952133E-003  6.651744022957247E-003 -1.553593238777649E-002
41 1
  3.253157945647137E-002 -4.434386885465713E-015  5.789639601072594E-015
  5.861467994999758E-016  1.202849407666152E-002  1.474578588040912E-002
 -5.885184917522879E-015  1.474578588041264E-002  1.202849407665690E-002
41 2
  3.612261808092680E-003 -1.420304845956011E-015  7.253312533928025E-015
  3.203767127113422E-015  3.460608080965343E-003 -1.146067334574903E-002
 -1.264479900418781E-015 -1.146067334575064E-002  3.460608080963328E-003
41 3
 -1.266294654798342E-003 -7.914675859144182E-016 -1.127570259384925E-015
  3.920159847227268E-016 -1.266294654791705E-003  3.222113387554322E-015
 -2.068025789732017E-017  5.868244820567429E-016 -1.266294654794061E-003
41 4
  3.612261808088376E-003 -1.084202172485504E-015  3.848917712323541E-015
  2.844945441810780E-016  3.460608080958578E-003 -1.146067334574972E-002
 -4.238071118071768E-015 -1.146067334575617E-002  3.460608080961518E-003
41 5
 -7.267737250730153E-003 -6.655305273135088E-003 -8.490020553315370E-003
 -6.651744022949382E-003 -1.553593238776120E-002  6.651744022952151E-003
 -8.490020553319681E-003  6.655305273135716E-003 -7.267737250731860E-003
41 6
  3.460608080961579E-003  1.146067334575488E-002 -4.629543276513104E-015
  1.146067334575150E-002  3.460608080968411E-003  1.219727444046192E-016
 -1.175681730788969E-015  2.346281263894412E-015  3.612261808089363E-003
41 7
  3.460608080963900E-003 -1.398620802506301E-015 -1.146067334575416E-002
  2.963260062674444E-015  3.612261808089111E-003 -9.730714498057402E-016
 -1.146067334574900E-002  2.025763996653385E-015  3.460608080966368E-003
41 8
 -7.267737250719213E-003  8.490020553315923E-003  6.655305273139208E-003
  8.490020553325803E-003 -7.267737250728623E-003  6.655305273131989E-003
  6.651744022956470E-003  6.651744022947214E-003 -1.553593238776465E-002
41 9
  1.202849407665930E-002 -1.474578588041413E-002 -9.194034422677078E-015
 -1.474578588040765E-002  1.202849407666182E-002  3.078795356679931E-015
  1.778769751223667E-016  2.743008247650390E-017  3.253157945647065E-002
41 10
 -1.553593238776896E-002 -6.651744022953163E-003  6.651744022960829E-003
 -6.655305273142324E-003 -7.267737250728706E-003 -8.490020553318541E-003
  6.655305273137671E-003 -8.490020553320090E-003 -7.267737250727288E-003
41 11
  1.202849407666509E-002  6.722053469410127E-016  1.474578588041022E-002
 -3.328839538908364E-015  3.253157945646999E-002 -8.299587286628934E-015
  1.474578588040394E-002  4.093879309797239E-015  1.202849407666126E-002
41 12
 -1.553593238776470E-002 -6.651744022952757E-003  6.651744022953440E-003
 -6.655305273140740E-003 -7.267737250727021E-003 -8.490020553309682E-003
  6.655305273140369E-003 -8.490020553319759E-003 -7.267737250733289E-003
41 13
 -7.267737250726661E-003 -6.655305273138448E-003 -8.490020553313170E-003
 -6.651744022960622E-003 -1.553593238776807E-002  6.651744022961376E-003
 -8.490020553320271E-003  6.655305273134657E-003 -7.267737250725381E-003
41 14
 -7.267737250730142E-003  8.490020553319837E-003  6.655305273145984E-003
  8.490020553316525E-003 -7.267737250729474E-003  6.655305273137491E-003
  6.651744022955673E-003  6.651744022950938E-003 -1.553593238777139E-002
41 15
  3.460608080960105E-003  2.873135757086587E-015 -1.146067334574445E-002
  2.491300041474263E-015  3.612261808094255E-003  3.845529106600401E-016
 -1.146067334575382E-002  2.813480814798242E-015  3.460608080965604E-003
41 16
  3.460608080958489E-003  1.146067334574589E-002 -1.561251128379126E-015
  1.146067334575073E-002  3.460608080964844E-003  2.736449785690364E-015
  2.624437095295148E-015 -3.016325352702934E-017  3.612261808092778E-003
41 17
 -7.267737250723562E-003 -8.490020553313245E-003 -6.655305273131889E-003
 -8.490020553316741E-003 -7.267737250730603E-003  6.655305273137307E-003
 -6.651744022957196E-003  6.651744022960699E-003 -1.553593238777067E-002
41 18
  3.460608080960571E-003 -2.710505431213761E-015  1.146067334575237E-002
 -4.778621075229861E-015  3.612261808084874E-003  3.513492665210838E-016
  1.146067334574990E-002  6.396792817664476E-016  3.460608080964591E-003
41 19
  3.460608080964279E-003 -1.146067334575644E-002 -5.941427905220564E-015
 -1.146067334574938E-002  3.460608080967296E-003  3.972584522622669E-015
  8.243324642678851E-016 -4.485886488658775E-015  3.612261808092493E-003
41 20
 -7.267737250723919E-003  6.655305273135586E-003  8.490020553316054E-003
  6.651744022959080E-003 -1.553593238776576E-002  6.651744022961725E-003
  8.490020553319783E-003  6.655305273142235E-003 -7.267737250727335E-003
41 21
 -1.553593238777208E-002 -6.651744022956709E-003 -6.651744022951309E-003
 -6.655305273143829E-003 -7.267737250731007E-003  8.490020553319459E-003
 -6.655305273138454E-003  8.490020553317209E-003 -7.267737250736008E-003
41 22
  3.044262756682590E-002 -5.204170427930421E-016 -1.029992063861229E-015
 -1.131297204352844E-015  1.840321607971639E-002  7.257717105253747E-015
  1.029992063861229E-016  5.480641981914225E-015  1.840321607971942E-002
41 23
 -1.553593238777204E-002  6.651744022960590E-003  6.651744022960189E-003
  6.655305273137195E-003 -7.267737250728939E-003  8.490020553321749E-003
  6.655305273140107E-003  8.490020553323627E-003 -7.267737250727572E-003
41 24
 -7.914939155044359E-003 -2.537033083616080E-015  1.301042606982605E-016
 -3.754388835409961E-015 -7.914939155041472E-003 -2.446908778028223E-015
  1.409462824231156E-015  4.824699667560495E-015 -7.914939155049372E-003
41 25
 -8.120621850553740E-001 -9.199106360171371E-001  2.628106066104863E-014
 -9.199106360171344E-001 -8.120621850553847E-001  2.862124328772281E-014
 -3.687303825987420E-015  1.862794857601657E-015  8.105872507470518E-002
41 26
 -8.120621850553740E-001 -4.445228907190568E-016  9.199106360171408E-001
 -5.478609102840815E-015  8.105872507470975E-002  1.399637242043006E-015
  9.199106360171363E-001  6.464894266623722E-015 -8.120621850553832E-001
41 27
 -7.267737250739044E-003 -8.490020553315294E-003  6.655305273142731E-003
 -8.490020553320023E-003 -7.267737250726006E-003 -6.655305273145013E-003
  6.651744022953409E-003 -6.651744022945279E-003 -1.553593238776773E-002
41 28
 -7.267737250731736E-003 -6.655305273137071E-003  8.490020553320748E-003
 -6.651744022960817E-003 -1.553593238776360E-002 -6.651744022948493E-003
  8.490020553317143E-003 -6.655305273135751E-003 -7.267737250735756E-003
41 29
  8.105872507469518E-002  1.311884628707460E-015 -5.757113535898029E-015
  1.067973021216112E-014 -8.120621850553810E-001  9.199106360171273E-001
 -1.247442362080353E-014  9.199106360171352E-001 -8.120621850553745E-001
41 30
  1.840321607971645E-002  2.092510192897024E-015 -6.667843360785852E-015
  4.600744156306458E-015  1.840321607971402E-002  2.165016213181992E-016
 -6.905012586017056E-016 -1.235651663454573E-015  3.044262756683187E-002
41 31
  3.612261808090761E-003  3.285132582631078E-015  6.722053469410127E-016
  1.467452817382553E-015  3.460608080965792E-003  1.146067334575118E-002
 -8.186441086314804E-016  1.146067334575585E-002  3.460608080967250E-003
41 32
  1.840321607970905E-002  2.656295322589486E-015 -2.612927235690066E-015
 -8.622795403048777E-016  3.044262756681562E-002  4.065758146820642E-016
 -1.710667740274785E-015 -1.109613160903133E-015  1.840321607971322E-002
41 33
  1.202849407666003E-002 -6.505213034913027E-017 -1.474578588041382E-002
 -1.473159645665716E-015  3.253157945647585E-002 -5.881600223209886E-016
 -1.474578588040576E-002  2.233795619371286E-015  1.202849407665826E-002
41 34
 -1.553593238775964E-002  6.651744022957240E-003 -6.651744022949618E-003
  6.655305273137215E-003 -7.267737250726567E-003 -8.490020553323411E-003
 -6.655305273133532E-003 -8.490020553322469E-003 -7.267737250735365E-003
41 35
  1.202849407666282E-002  1.474578588040483E-002  7.480994990149981E-016
  1.474578588040000E-002  1.202849407666651E-002  3.646307431340312E-015
 -8.334809820878680E-017 -4.768442894848274E-015  3.253157945647848E-002
41 36
 -1.553593238777534E-002  6.651744022952448E-003 -6.651744022956384E-003
  6.655305273138283E-003 -7.267737250731617E-003 -8.490020553316732E-003
 -6.655305273145268E-003 -8.490020553321485E-003 -7.267737250725266E-003
41 37
 -8.120621850553751E-001  2.405844620745334E-014 -9.199106360171415E-001
 -6.274142446902053E-015  8.105872507470782E-002  8.273817828780006E-016
 -9.199106360171260E-001  3.079337457766174E-014 -8.120621850553816E-001
41 38
 -8.120621850553773E-001  9.199106360171365E-001  5.204170427930421E-016
  9.199106360171380E-001 -8.120621850553814E-001  6.227725041392518E-015
 -1.565655699704849E-015 -1.707279608485768E-015  8.105872507470334E-002
41 39
 -7.267737250734230E-003  6.655305273137646E-003 -8.490020553321712E-003
  6.651744022950363E-003 -1.553593238777452E-002 -6.651744022949632E-003
 -8.490020553315662E-003 -6.655305273142343E-003 -7.267737250727988E-003
41 40
 -7.267737250729990E-003  8.490020553323306E-003 -6.655305273139922E-003
  8.490020553314472E-003 -7.267737250730503E-003 -6.655305273145683E-003
 -6.651744022958007E-003 -6.651744022951199E-003 -1.553593238776680E-002
41 41
  6.140120841670554E+000 -1.051242426441945E-013 -1.538916563625925E-013
 -4.388159610976923E-014  6.140120841670700E+000 -8.052452997052476E-015
 -7.945755453830125E-014  5.184887000017785E-014  6.140120841670706E+000
41 42
  8.105872507469900E-002  3.144186300207963E-015  1.029992063861229E-015
  2.463375098522846E-014 -8.120621850553695E-001 -9.199106360171260E-001
  2.734832217458905E-014 -9.199106360171282E-001 -8.120621850553709E-001
41 43
  3.253157945647198E-002 -9.107298248878237E-016  1.778091562876227E-015
  2.305962495605107E-015  1.202849407666109E-002 -1.474578588040861E-002
  3.886864788360533E-015 -1.474578588040974E-002  1.202849407666150E-002
41 44
  8.105872507469490E-002  6.819631664933823E-015  1.322726650432315E-014
  2.135844398478554E-014 -8.120621850552296E-001 -9.199106360169619E-001
  1.575582925846669E-014 -9.199106360169694E-001 -8.120621850552224E-001
41 45
 -8.120621850553282E-001 -4.864815147942458E-014 -9.199106360170437E-001
  1.023886689631083E-015  8.105872507469621E-002  5.573815653505611E-015
 -9.199106360170675E-001 -4.584955462169638E-014 -8.120621850552907E-001
41 46
 -7.267737250725447E-003  8.490020553321605E-003 -6.655305273139804E-003
  8.490020553321372E-003 -7.267737250723020E-003 -6.655305273140869E-003
 -6.651744022946276E-003 -6.651744022951247E-003 -1.553593238776676E-002
41 47
 -7.267737250724580E-003  6.655305273142047E-003 -8.490020553321301E-003
  6.651744022951125E-003 -1.553593238776543E-002 -6.651744022950739E-003
 -8.490020553318932E-003 -6.655305273134954E-003 -7.267737250730843E-003
41 48
 -8.120621850553302E-001  9.199106360170576E-001 -3.014082039509702E-015
  9.199106360170943E-001 -8.120621850553270E-001 -5.720182899397741E-015
  4.780751839079035E-016 -3.866527117021654E-015  8.105872507469181E-002
41 49
 -7.267737250730684E-003 -8.490020553315544E-003 -6.655305273134481E-003
 -8.490020553321206E-003 -7.267737250722840E-003  6.655305273133892E-003
 -6.651744022964686E-003  6.651744022953637E-003 -1.553593238776290E-002
41 50
 -7.267737250729730E-003  6.655305273137797E-003  8.490020553317462E-003
  6.651744022955828E-003 -1.553593238776999E-002  6.651744022953075E-003
  8.490020553317922E-003  6.655305273133399E-003 -7.267737250728359E-003
41 51
  3.460608080960821E-003 -1.146067334575010E-002 -1.344410693882025E-015
 -1.146067334575156E-002  3.460608080963819E-003  9.784951076461279E-016
  1.694399475673986E-015 -2.791816270009457E-015  3.612261808094344E-003
41 52
  3.460608080957958E-003  8.673617379884035E-017  1.146067334575346E-002
  4.225341334629207E-015  3.612261808096303E-003  1.788929075530445E-015
  1.146067334575051E-002 -3.291350995604007E-015  3.460608080965682E-003
41 53
  8.105872507469924E-002 -5.984795992119984E-015 -1.940721888749053E-015
 -2.624785696951626E-015 -8.120621850553709E-001  9.199106360171252E-001
  1.657474071187215E-015  9.199106360171168E-001 -8.120621850553782E-001
41 54
  1.840321607972350E-002 -4.466912950640278E-015  5.854691731421724E-016
  7.928228386300251E-017  3.044262756682998E-002 -3.277339879516339E-015
 -4.061014762316018E-015  5.169950296861348E-015  1.840321607972009E-002
41 55
  3.612261808096236E-003 -4.315124646492308E-015  2.797241605012601E-015
  2.181431447001984E-015  3.460608080968299E-003  1.146067334575203E-002
  2.752233715266856E-015  1.146067334575233E-002  3.460608080964173E-003
41 56
  1.840321607971573E-002  1.940721888749053E-015 -7.806255641895632E-016
  3.449118161219511E-015  1.840321607972008E-002 -2.820280901177918E-015
 -1.290539398436652E-015 -1.130619577995040E-015  3.044262756681228E-002
41 57
 -8.120621850553240E-001 -9.199106360170406E-001  6.136584296267955E-015
 -9.199106360170708E-001 -8.120621850552879E-001  9.295000749989790E-015
 -1.941347194971688E-016  8.523518817489856E-015  8.105872507470266E-002
41 58
 -7.267737250724667E-003 -6.655305273141452E-003  8.490020553320260E-003
 -6.651744022947457E-003 -1.553593238776678E-002 -6.651744022950006E-003
  8.490020553321147E-003 -6.655305273142983E-003 -7.267737250725618E-003
41 59
 -7.267737250722228E-003 -8.490020553323350E-003  6.655305273132149E-003
 -8.490020553314376E-003 -7.267737250733164E-003 -6.655305273142032E-003
  6.651744022952705E-003 -6.651744022957943E-003 -1.553593238777408E-002
41 60
 -8.120621850553646E-001 -2.428612866367530E-015  9.199106360170156E-001
  1.027416865646991E-014  8.105872507468963E-002 -1.131195109492109E-014
  9.199106360171214E-001  6.701724678676024E-016 -8.120621850552810E-001
41 61
 -1.553593238777377E-002 -6.651744022953836E-003 -6.651744022956487E-003
 -6.655305273141385E-003 -7.267737250722707E-003  8.490020553317686E-003
 -6.655305273137898E-003  8.490020553318685E-003 -7.267737250720782E-003
41 62
 -7.914939155044803E-003  5.215012449655276E-015  7.209944447028604E-015
 -5.576864924722313E-016 -7.914939155039368E-003 -5.835040567045424E-015
 -3.695435342281062E-015 -9.927903768178203E-015 -7.914939155045779E-003
41 63
 -1.553593238777280E-002  6.651744022946739E-003  6.651744022951819E-003
  6.655305273140061E-003 -7.267737250730962E-003  8.490020553314988E-003
  6.655305273142881E-003  8.490020553317948E-003 -7.267737250731692E-003
41 64
  3.044262756682579E-002  1.723881454251952E-015 -1.951563910473908E-016
  1.153014752772164E-015  1.840321607971503E-002  5.884883351401085E-015
  1.187261999524076E-015 -1.358314944642469E-017  1.840321607971868E-002
42 1
  3.612261808089879E-003  1.121471622164694E-015  3.310204757869806E-015
  1.392522165286070E-015  3.460608080964548E-003 -1.146067334574728E-002
 -3.506038775275000E-015 -1.146067334575266E-002  3.460608080968152E-003
42 2
  3.253157945646959E-002 -3.554827873036848E-015  6.086439945790501E-015
  8.859964628279982E-016  1.202849407665994E-002  1.474578588040873E-002
 -2.906339448618955E-015  1.474578588040355E-002  1.202849407665870E-002
42 3
  3.612261808090644E-003 -2.141299290658871E-016 -2.746419628177343E-015
 -1.695421147224208E-015  3.460608080964574E-003 -1.146067334575197E-002
 -1.709651300738080E-015 -1.146067334574842E-002  3.460608080963338E-003
42 4
 -1.266294654796101E-003 -6.098637220230962E-016  0.000000000000000E+000
 -4.736608241046047E-016 -1.266294654796573E-003 -7.182839392716467E-017
 -2.273436430430542E-015  6.972775221797400E-016 -1.266294654793143E-003
42 5
 -7.267737250734136E-003  8.490020553314031E-003  6.655305273143121E-003
  8.490020553323353E-003 -7.267737250731802E-003  6.655305273138725E-003
  6.651744022950613E-003  6.651744022950594E-003 -1.553593238777462E-002
42 6
 -7.267737250733575E-003 -6.655305273140484E-003 -8.490020553311580E-003
 -6.651744022951536E-003 -1.553593238776814E-002  6.651744022959191E-003
 -8.490020553326471E-003  6.655305273135028E-003 -7.267737250729183E-003
42 7
  3.460608080965339E-003  1.146067334575257E-002 -2.316804517329962E-015
  1.146067334574860E-002  3.460608080962881E-003  2.359494977871579E-015
 -3.063209950450452E-015  4.316479899207915E-016  3.612261808095738E-003
42 8
  3.460608080965565E-003  3.361704361062867E-015 -1.146067334574974E-002
  5.800481622797449E-015  3.612261808099536E-003  1.404041813368728E-015
 -1.146067334575027E-002  3.173663046772413E-015  3.460608080967406E-003
42 9
 -1.553593238776520E-002 -6.651744022951261E-003  6.651744022952055E-003
 -6.655305273133976E-003 -7.267737250734823E-003 -8.490020553316975E-003
  6.655305273141968E-003 -8.490020553316924E-003 -7.267737250731706E-003
42 10
  1.202849407665764E-002 -1.474578588040421E-002 -3.253961770172120E-015
 -1.474578588041149E-002  1.202849407665461E-002  5.193667219384468E-015
  1.206174916890124E-016 -2.887365910600459E-015  3.253157945647733E-002
42 11
 -1.553593238776784E-002 -6.651744022953206E-003  6.651744022954042E-003
 -6.655305273133774E-003 -7.267737250733913E-003 -8.490020553321086E-003
  6.655305273143519E-003 -8.490020553315216E-003 -7.267737250726174E-003
42 12
  1.202849407665824E-002  5.737462371521729E-015  1.474578588041047E-002
  5.511812794373183E-015  3.253157945647869E-002  1.303414299234917E-015
  1.474578588041238E-002  3.652406068560543E-015  1.202849407664822E-002
42 13
  3.460608080965803E-003  1.146067334574782E-002  2.398797306624179E-016
  1.146067334574635E-002  3.460608080962402E-003 -4.624799892008480E-016
  2.507217523872729E-015 -5.682913449718552E-015  3.612261808098889E-003
42 14
 -7.267737250730072E-003 -6.655305273142446E-003 -8.490020553315542E-003
 -6.651744022960157E-003 -1.553593238776941E-002  6.651744022952500E-003
 -8.490020553317471E-003  6.655305273131504E-003 -7.267737250721984E-003
42 15
 -7.267737250735712E-003  8.490020553316656E-003  6.655305273153871E-003
  8.490020553320210E-003 -7.267737250727827E-003  6.655305273133163E-003
  6.651744022959644E-003  6.651744022958560E-003 -1.553593238776679E-002
42 16
  3.460608080963537E-003  1.215661685899372E-015 -1.146067334575289E-002
  2.218887508627365E-015  3.612261808096824E-003 -3.523657060577889E-016
 -1.146067334574678E-002  2.024747557116680E-015  3.460608080963371E-003
42 17
 -7.267737250723926E-003  6.655305273141623E-003  8.490020553317388E-003
  6.651744022961686E-003 -1.553593238777758E-002  6.651744022958603E-003
  8.490020553320082E-003  6.655305273134012E-003 -7.267737250724478E-003
42 18
 -7.267737250730711E-003 -8.490020553317525E-003 -6.655305273137901E-003
 -8.490020553323074E-003 -7.267737250725316E-003  6.655305273134922E-003
 -6.651744022959265E-003  6.651744022959619E-003 -1.553593238776398E-002
42 19
  3.460608080964480E-003  1.531435568635775E-015  1.146067334574708E-002
 -3.427434117769801E-015  3.612261808096093E-003 -7.444741980007497E-015
  1.146067334574633E-002  2.766748418911447E-015  3.460608080960434E-003
42 20
  3.460608080962500E-003 -1.146067334574580E-002 -2.921924854848434E-015
 -1.146067334574715E-002  3.460608080960467E-003 -3.211271309630503E-015
  1.317983265927691E-016 -5.835040567045424E-015  3.612261808094337E-003
42 21
 -7.914939155039652E-003 -2.059984127722458E-015  3.317658647805644E-015
  2.396086801192965E-015 -7.914939155048982E-003 -1.165517335421917E-015
  6.591949208711867E-015 -7.517586813471366E-015 -7.914939155052054E-003
42 22
 -1.553593238777081E-002 -6.651744022952122E-003 -6.651744022956725E-003
 -6.655305273135472E-003 -7.267737250729470E-003  8.490020553318942E-003
 -6.655305273137890E-003  8.490020553323851E-003 -7.267737250732253E-003
42 23
  3.044262756683259E-002  3.588709190927020E-015  2.791820594150174E-015
  1.632740709127389E-015  1.840321607971846E-002  3.320707966415759E-015
  5.076776672663375E-015  5.473865718336191E-015  1.840321607971847E-002
42 24
 -1.553593238777077E-002  6.651744022956085E-003  6.651744022955511E-003
  6.655305273132792E-003 -7.267737250728080E-003  8.490020553323869E-003
  6.655305273137520E-003  8.490020553317079E-003 -7.267737250726543E-003
42 25
 -7.267737250729001E-003 -6.655305273145232E-003  8.490020553313504E-003
 -6.651744022951300E-003 -1.553593238777388E-002 -6.651744022954483E-003
  8.490020553324061E-003 -6.655305273142625E-003 -7.267737250730323E-003
42 26
 -8.120621850553766E-001 -9.199106360171356E-001  2.100235133375983E-014
 -9.199106360171336E-001 -8.120621850553842E-001  2.359427215235799E-014
 -4.243635065744045E-015 -2.917181470343810E-016  8.105872507470369E-002
42 27
 -8.120621850553782E-001  3.829266547947241E-015  9.199106360171381E-001
  7.901123331988114E-016  8.105872507470668E-002  6.640738306473715E-016
  9.199106360171343E-001  6.682751140657528E-015 -8.120621850553854E-001
42 28
 -7.267737250734376E-003 -8.490020553318088E-003  6.655305273139363E-003
 -8.490020553321600E-003 -7.267737250729210E-003 -6.655305273136921E-003
  6.651744022958889E-003 -6.651744022957321E-003 -1.553593238777402E-002
42 29
  1.840321607971683E-002  9.419006373467820E-015 -1.847209451372178E-015
  1.154336500518161E-015  3.044262756681699E-002  9.510485931771284E-016
 -4.227033219977860E-015  1.511106777901672E-015  1.840321607972253E-002
42 30
  8.105872507470181E-002 -2.883977778811442E-015 -2.612927235690066E-015
  5.547388178157864E-015 -8.120621850553813E-001  9.199106360171284E-001
 -6.921275618604339E-015  9.199106360171284E-001 -8.120621850553776E-001
42 31
  1.840321607971163E-002 -7.420008617947671E-016 -2.148753180594709E-015
  4.473689214218313E-015  1.840321607971565E-002 -4.252783021574391E-015
 -1.683901499141549E-016  2.019665359433154E-015  3.044262756682396E-002
42 32
  3.612261808086782E-003  1.897353801849633E-015 -3.328500669530499E-015
 -1.317983265927691E-016  3.460608080964366E-003  1.146067334575169E-002
 -3.246846693415184E-015  1.146067334574823E-002  3.460608080961317E-003
42 33
 -1.553593238776380E-002  6.651744022951686E-003 -6.651744022957730E-003
  6.655305273139348E-003 -7.267737250733339E-003 -8.490020553313932E-003
 -6.655305273133120E-003 -8.490020553316199E-003 -7.267737250727315E-003
42 34
  1.202849407666016E-002  1.202786785101106E-015 -1.474578588039647E-002
 -9.217751345200198E-015  3.253157945647910E-002 -1.219727444046192E-016
 -1.474578588040542E-002  1.441650076226819E-015  1.202849407666179E-002
42 35
 -1.553593238776398E-002  6.651744022950664E-003 -6.651744022956430E-003
  6.655305273133592E-003 -7.267737250728145E-003 -8.490020553320345E-003
 -6.655305273135548E-003 -8.490020553326021E-003 -7.267737250728610E-003
42 36
  1.202849407665851E-002  1.474578588040849E-002 -1.275292805386075E-015
  1.474578588041216E-002  1.202849407665244E-002  4.623105826113971E-015
  5.403392577124633E-015 -5.274304755963077E-015  3.253157945647790E-002
42 37
 -7.267737250730923E-003  8.490020553317754E-003 -6.655305273142297E-003
  8.490020553318049E-003 -7.267737250733297E-003 -6.655305273145848E-003
 -6.651744022954004E-003 -6.651744022955887E-003 -1.553593238777428E-002
42 38
 -8.120621850553804E-001  2.223088792045746E-014 -9.199106360171315E-001
 -3.883137843392614E-015  8.105872507470507E-002 -1.314595134138674E-016
 -9.199106360171322E-001  2.443351239649755E-014 -8.120621850553879E-001
42 39
 -8.120621850553813E-001  9.199106360171336E-001 -1.940044262391249E-015
  9.199106360171332E-001 -8.120621850553874E-001  1.546343348507451E-015
 -1.946481712790382E-015  5.656147208585316E-015  8.105872507470711E-002
42 40
 -7.267737250729756E-003  6.655305273140490E-003 -8.490020553316531E-003
  6.651744022946881E-003 -1.553593238776984E-002 -6.651744022947187E-003
 -8.490020553318033E-003 -6.655305273143897E-003 -7.267737250726789E-003
42 41
  8.105872507470166E-002 -1.474514954580286E-015 -4.708147934018303E-015
  2.098676592753035E-014 -8.120621850553866E-001 -9.199106360171363E-001
  1.972400920976364E-014 -9.199106360171363E-001 -8.120621850553857E-001
42 42
  6.140120841670527E+000  2.710166618034859E-014 -1.935639691065527E-014
 -4.093134251675901E-014  6.140120841670569E+000 -2.390733552966318E-014
 -4.173822610231345E-014  2.475741779552759E-014  6.140120841670561E+000
42 43
  8.105872507469648E-002 -1.390489286212659E-015 -1.297654475193588E-015
  2.128221101953265E-014 -8.120621850553816E-001 -9.199106360171329E-001
  2.063033446332574E-014 -9.199106360171322E-001 -8.120621850553820E-001
42 44
  3.253157945647193E-002  1.090978436063539E-015  7.257378292074845E-016
 -9.107298248878237E-016  1.202849407665203E-002 -1.474578588041234E-002
 -3.219741639103046E-015 -1.474578588041333E-002  1.202849407665510E-002
42 45
 -8.120621850553338E-001  9.199106360170491E-001 -2.448941657101633E-015
  9.199106360170791E-001 -8.120621850552918E-001 -1.012373778558340E-015
 -1.189234257945038E-015  3.249557198846398E-015  8.105872507469787E-002
42 46
 -8.120621850553372E-001 -4.544772219151894E-014 -9.199106360170451E-001
 -3.219741639103046E-015  8.105872507470797E-002  4.115902497298096E-015
 -9.199106360170810E-001 -4.376178781330398E-014 -8.120621850552925E-001
42 47
 -7.267737250728577E-003  8.490020553320828E-003 -6.655305273139399E-003
  8.490020553321515E-003 -7.267737250727730E-003 -6.655305273142227E-003
 -6.651744022954611E-003 -6.651744022952608E-003 -1.553593238776950E-002
42 48
 -7.267737250728492E-003  6.655305273143974E-003 -8.490020553328509E-003
  6.651744022947965E-003 -1.553593238776749E-002 -6.651744022951960E-003
 -8.490020553323789E-003 -6.655305273137674E-003 -7.267737250728700E-003
42 49
  3.460608080963767E-003 -7.602967734554600E-016  1.146067334574830E-002
  1.541599964002827E-016  3.612261808099446E-003 -4.337147503120919E-015
  1.146067334574942E-002  2.532967325469260E-015  3.460608080968231E-003
42 50
 -7.267737250733566E-003 -8.490020553316657E-003 -6.655305273138671E-003
 -8.490020553319790E-003 -7.267737250727936E-003  6.655305273135604E-003
 -6.651744022959483E-003  6.651744022952265E-003 -1.553593238776983E-002
42 51
 -7.267737250729375E-003  6.655305273140121E-003  8.490020553312964E-003
  6.651744022953753E-003 -1.553593238776777E-002  6.651744022958197E-003
  8.490020553322403E-003  6.655305273138315E-003 -7.267737250727830E-003
42 52
  3.460608080959874E-003 -1.146067334574947E-002  2.984266479766351E-015
 -1.146067334575142E-002  3.460608080960123E-003 -1.131636017531745E-016
 -3.326128977278187E-015  9.690056916589196E-017  3.612261808094201E-003
42 53
  1.840321607971806E-002  1.937333756960036E-015  7.607711119059224E-015
  4.112175552330177E-015  1.840321607972055E-002  6.270754315113036E-015
 -1.757423958963222E-015 -1.456896669277397E-017  3.044262756682732E-002
42 54
  8.105872507470169E-002  3.176712365382528E-015 -2.374402757743255E-015
  2.386600032183717E-015 -8.120621850553758E-001  9.199106360171204E-001
  1.768604793866979E-015  9.199106360171249E-001 -8.120621850553768E-001
42 55
  1.840321607971782E-002 -3.342053196686567E-015 -3.241086869373855E-015
 -4.475722093291723E-016  3.044262756681316E-002  3.491808621761128E-015
 -3.755066461767764E-015 -1.237684542527984E-015  1.840321607972039E-002
42 56
  3.612261808092046E-003 -2.222614453595284E-015  2.114194236346734E-015
 -3.859082107690592E-016  3.460608080964649E-003  1.146067334575201E-002
 -3.527384005545808E-015  1.146067334575042E-002  3.460608080962264E-003
42 57
 -8.120621850553390E-001 -2.439454888092385E-016  9.199106360170554E-001
 -5.251604272976662E-017  8.105872507470302E-002  1.589372622227969E-015
  9.199106360170742E-001  3.533821455944941E-016 -8.120621850552959E-001
42 58
 -8.120621850553382E-001 -9.199106360170572E-001 -2.572947280579663E-015
 -9.199106360170808E-001 -8.120621850552946E-001  3.045930478326464E-015
 -1.278003310817288E-015  3.605649849872106E-015  8.105872507470351E-002
42 59
 -7.267737250722875E-003 -6.655305273138058E-003  8.490020553317257E-003
 -6.651744022946614E-003 -1.553593238777222E-002 -6.651744022950499E-003
  8.490020553315707E-003 -6.655305273142779E-003 -7.267737250726452E-003
42 60
 -7.267737250729212E-003 -8.490020553321332E-003  6.655305273144924E-003
 -8.490020553323643E-003 -7.267737250733983E-003 -6.655305273138457E-003
  6.651744022947600E-003 -6.651744022952892E-003 -1.553593238776503E-002
42 61
  3.044262756681890E-002 -3.117081245895825E-017  4.100994717426421E-015
 -8.400872770868151E-015  1.840321607972961E-002 -1.790288837316689E-015
  2.824685472503641E-015  2.515349040166370E-015  1.840321607972726E-002
42 62
 -1.553593238776798E-002 -6.651744022950076E-003 -6.651744022952141E-003
 -6.655305273142934E-003 -7.267737250727706E-003  8.490020553317691E-003
 -6.655305273134729E-003  8.490020553313920E-003 -7.267737250727865E-003
42 63
 -7.914939155040480E-003 -1.561251128379126E-015  5.794382985577218E-015
 -3.340697943970961E-015 -7.914939155044418E-003 -1.977991338428242E-015
 -2.714571189360582E-015 -3.154011882396113E-015 -7.914939155042875E-003
42 64
 -1.553593238776933E-002  6.651744022944566E-003  6.651744022949797E-003
  6.655305273141570E-003 -7.267737250730599E-003  8.490020553316642E-003
  6.655305273144263E-003  8.490020553318529E-003 -7.267737250729720E-003
43 1
 -1.266294654799664E-003  2.195509399283146E-015  1.931235119739805E-015
  4.113191991866882E-016 -1.266294654801230E-003  2.083362237066677E-015
  4.912791094074942E-016  3.367802998283098E-016 -1.266294654797490E-003
43 2
  3.612261808091285E-003  2.165016213181992E-015  3.008661028647275E-016
  1.025926305714409E-015  3.460608080965649E-003 -1.146067334575003E-002
  1.799097979968134E-016 -1.146067334575349E-002  3.460608080963940E-003
43 3
  3.253157945647218E-002  5.299038118022903E-016 -6.438128025490486E-015
  5.776764700274328E-016  1.202849407666220E-002  1.474578588040104E-002
  1.931912746097608E-015  1.474578588039956E-002  1.202849407666024E-002
43 4
  3.612261808096063E-003  9.324138683375338E-016 -2.558717127065790E-015
  8.073918053227991E-016  3.460608080966232E-003 -1.146067334575044E-002
  2.693225959089773E-015 -1.146067334574744E-002  3.460608080968308E-003
43 5
  3.460608080963770E-003 -1.604619215278547E-015 -1.146067334574976E-002
  7.115076756936123E-017  3.612261808096628E-003  1.009663273127126E-016
 -1.146067334575023E-002  1.211257114573649E-015  3.460608080961355E-003
43 6
 -7.267737250728809E-003  8.490020553321220E-003  6.655305273141869E-003
  8.490020553323319E-003 -7.267737250727740E-003  6.655305273140953E-003
  6.651744022956924E-003  6.651744022956423E-003 -1.553593238778071E-002
43 7
 -7.267737250723967E-003 -6.655305273137698E-003 -8.490020553324953E-003
 -6.651744022951953E-003 -1.553593238777643E-002  6.651744022952307E-003
 -8.490020553321001E-003  6.655305273145714E-003 -7.267737250734221E-003
43 8
  3.460608080970714E-003  1.146067334575076E-002 -4.500116642172647E-015
  1.146067334574782E-002  3.460608080965055E-003  2.772847056131678E-015
 -3.181455749887152E-015  3.275984626800732E-015  3.612261808094050E-003
43 9
  1.202849407666699E-002  0.000000000000000E+000  1.474578588039689E-002
  1.895659735955124E-015  3.253157945647059E-002 -3.686287386450715E-016
  1.474578588039924E-002  6.508601166702044E-016  1.202849407665933E-002
43 10
 -1.553593238776941E-002 -6.651744022950478E-003  6.651744022944633E-003
 -6.655305273137091E-003 -7.267737250725998E-003 -8.490020553318487E-003
  6.655305273140099E-003 -8.490020553318656E-003 -7.267737250734812E-003
43 11
  1.202849407666226E-002 -1.474578588040021E-002  9.662951862277058E-016
 -1.474578588040636E-002  1.202849407665959E-002 -2.137911158869854E-016
 -2.894142174178493E-015  7.409844222580619E-016  3.253157945647974E-002
43 12
 -1.553593238776738E-002 -6.651744022955434E-003  6.651744022948511E-003
 -6.655305273139165E-003 -7.267737250729094E-003 -8.490020553314073E-003
  6.655305273132870E-003 -8.490020553325282E-003 -7.267737250729826E-003
43 13
  3.460608080968078E-003 -6.715277205832093E-016 -1.146067334575058E-002
 -1.312901068244166E-015  3.612261808097309E-003 -2.819942087999017E-015
 -1.146067334574688E-002  7.853689486941873E-016  3.460608080965283E-003
43 14
  3.460608080970151E-003  1.146067334574801E-002  4.917534478579566E-015
  1.146067334574584E-002  3.460608080965096E-003 -3.760826285809094E-017
  4.187053264867457E-015 -3.727283781097823E-015  3.612261808094896E-003
43 15
 -7.267737250732575E-003 -6.655305273145555E-003 -8.490020553308705E-003
 -6.651744022951881E-003 -1.553593238776891E-002  6.651744022948431E-003
 -8.490020553325567E-003  6.655305273138278E-003 -7.267737250723328E-003
43 16
 -7.267737250733991E-003  8.490020553316166E-003  6.655305273133389E-003
  8.490020553315693E-003 -7.267737250730193E-003  6.655305273134529E-003
  6.651744022947604E-003  6.651744022949066E-003 -1.553593238776344E-002
43 17
  3.460608080963358E-003 -1.146067334575147E-002 -1.268516541808040E-015
 -1.146067334574847E-002  3.460608080963224E-003 -4.078971860797809E-015
 -1.733029410082298E-015 -1.082169293412094E-015  3.612261808089490E-003
43 18
 -7.267737250728738E-003  6.655305273141256E-003  8.490020553326169E-003
  6.651744022950266E-003 -1.553593238777386E-002  6.651744022955194E-003
  8.490020553327482E-003  6.655305273140047E-003 -7.267737250729335E-003
43 19
 -7.267737250725873E-003 -8.490020553321336E-003 -6.655305273137597E-003
 -8.490020553314862E-003 -7.267737250731925E-003  6.655305273136184E-003
 -6.651744022947191E-003  6.651744022952374E-003 -1.553593238776511E-002
43 20
  3.460608080965260E-003  3.442341897641477E-016  1.146067334574962E-002
  4.018324301774401E-016  3.612261808098989E-003  2.290377089375628E-016
  1.146067334574844E-002  1.977991338428242E-015  3.460608080961581E-003
43 21
 -1.553593238777051E-002  6.651744022954714E-003  6.651744022956058E-003
  6.655305273139543E-003 -7.267737250726358E-003  8.490020553319533E-003
  6.655305273137478E-003  8.490020553324630E-003 -7.267737250729807E-003
43 22
 -7.914939155040792E-003 -3.035766082959412E-016  2.168404344971009E-016
 -2.200930410145574E-015 -7.914939155043734E-003 -2.466559942404523E-015
 -2.270387111820427E-015 -5.705613932704967E-016 -7.914939155050090E-003
43 23
 -1.553593238777153E-002 -6.651744022952524E-003 -6.651744022948589E-003
 -6.655305273137985E-003 -7.267737250730439E-003  8.490020553316727E-003
 -6.655305273142941E-003  8.490020553323020E-003 -7.267737250732953E-003
43 24
  3.044262756682999E-002 -9.107298248878237E-016 -5.421010862427522E-016
 -8.206055192999662E-016  1.840321607971902E-002 -9.066640667410031E-016
  3.170613728162297E-015 -3.825200789800420E-016  1.840321607971434E-002
43 25
 -7.267737250731460E-003 -8.490020553314400E-003  6.655305273136556E-003
 -8.490020553323398E-003 -7.267737250728072E-003 -6.655305273136594E-003
  6.651744022948148E-003 -6.651744022951140E-003 -1.553593238776570E-002
43 26
 -7.267737250734491E-003 -6.655305273143154E-003  8.490020553318033E-003
 -6.651744022951061E-003 -1.553593238777041E-002 -6.651744022950654E-003
  8.490020553318942E-003 -6.655305273148304E-003 -7.267737250734207E-003
43 27
 -8.120621850553865E-001 -9.199106360171329E-001  3.225230412601254E-014
 -9.199106360171306E-001 -8.120621850553826E-001  2.819467749548554E-014
 -4.117596563192605E-015  2.735916419631390E-015  8.105872507469844E-002
43 28
 -8.120621850552974E-001 -1.908195823574488E-015  9.199106360170899E-001
 -9.268573322035456E-015  8.105872507469931E-002  4.853159974588239E-015
  9.199106360170360E-001 -8.012931681025681E-016 -8.120621850553335E-001
43 29
  3.612261808098687E-003 -8.348356728138384E-016 -4.228388472693467E-016
  2.388294098078225E-015  3.460608080970184E-003  1.146067334575073E-002
 -2.310705880109731E-016  1.146067334574932E-002  3.460608080966480E-003
43 30
  1.840321607971556E-002 -7.026985330421676E-016  2.272081177714935E-015
  3.692047210492044E-015  3.044262756682645E-002  5.732380173838203E-015
  6.454391058077769E-016 -1.888883472377090E-015  1.840321607971332E-002
43 31
  8.105872507469290E-002 -6.657001339060997E-015  4.553649124439119E-015
 -1.972570327565815E-015 -8.120621850552966E-001  9.199106360170826E-001
 -2.888382350137164E-015  9.199106360170342E-001 -8.120621850553292E-001
43 32
  1.840321607971554E-002  1.170260719926541E-015  1.639855785884325E-015
  1.234296410738966E-015  1.840321607971378E-002 -6.891460058860988E-016
  1.050320854595332E-015  8.741380015664379E-017  3.044262756682491E-002
43 33
  1.202849407666423E-002  1.474578588040190E-002  5.084908188957016E-015
  1.474578588039859E-002  1.202849407666561E-002 -1.046593909627413E-015
  1.043544591017298E-015  1.074037777118453E-016  3.253157945647557E-002
43 34
 -1.553593238776576E-002  6.651744022950125E-003 -6.651744022945122E-003
  6.655305273137326E-003 -7.267737250732270E-003 -8.490020553317880E-003
 -6.655305273133756E-003 -8.490020553323084E-003 -7.267737250726407E-003
43 35
  1.202849407666070E-002 -4.714924197596337E-015 -1.474578588040663E-002
 -3.013743226330801E-015  3.253157945647715E-002  2.984605292945253E-015
 -1.474578588040141E-002 -6.043410672069982E-015  1.202849407665968E-002
43 36
 -1.553593238776772E-002  6.651744022948396E-003 -6.651744022956711E-003
  6.655305273135224E-003 -7.267737250724670E-003 -8.490020553325234E-003
 -6.655305273144685E-003 -8.490020553316222E-003 -7.267737250731795E-003
43 37
 -7.267737250732896E-003  6.655305273140931E-003 -8.490020553318222E-003
  6.651744022951410E-003 -1.553593238776817E-002 -6.651744022952692E-003
 -8.490020553324241E-003 -6.655305273134331E-003 -7.267737250728535E-003
43 38
 -7.267737250735248E-003  8.490020553316288E-003 -6.655305273142635E-003
  8.490020553318990E-003 -7.267737250734057E-003 -6.655305273139885E-003
 -6.651744022952919E-003 -6.651744022952254E-003 -1.553593238777397E-002
43 39
 -8.120621850553862E-001  1.918292456305759E-014 -9.199106360171294E-001
 -4.022390059921221E-015  8.105872507469791E-002  8.653288589149932E-016
 -9.199106360171322E-001  2.791142967792370E-014 -8.120621850553810E-001
43 40
 -8.120621850552914E-001  9.199106360170829E-001  9.540979117872439E-016
  9.199106360170413E-001 -8.120621850553323E-001 -7.181484140000860E-015
 -1.059943148876141E-014  1.462317680139824E-015  8.105872507470345E-002
43 41
  3.253157945647326E-002 -2.862293735361732E-015 -4.073889663114283E-015
 -8.199278929421627E-016  1.202849407666006E-002 -1.474578588040932E-002
 -2.829767670187167E-015 -1.474578588040795E-002  1.202849407665924E-002
43 42
  8.105872507469308E-002 -1.203464411458910E-015 -9.432558900623889E-016
  1.619730283057563E-014 -8.120621850553865E-001 -9.199106360171276E-001
  2.261442443897421E-014 -9.199106360171324E-001 -8.120621850553865E-001
43 43
  6.140120841670450E+000  1.050205658114506E-013  1.145303741168641E-013
  1.097881754583661E-013  6.140120841670452E+000  1.130441701076117E-013
  1.087907094596795E-013  1.085494744763014E-013  6.140120841670440E+000
43 44
  8.105872507469278E-002  3.204495046052469E-015  9.601965490074749E-015
  8.503871977254274E-015 -8.120621850553665E-001 -9.199106360171196E-001
  9.918078185990054E-015 -9.199106360171211E-001 -8.120621850553646E-001
43 45
 -7.267737250722490E-003  6.655305273133399E-003 -8.490020553328615E-003
  6.651744022947490E-003 -1.553593238776476E-002 -6.651744022955107E-003
 -8.490020553317679E-003 -6.655305273144643E-003 -7.267737250735296E-003
43 46
 -8.120621850553313E-001  9.199106360170437E-001 -4.916179225863959E-015
  9.199106360170859E-001 -8.120621850552998E-001 -6.670553866217066E-015
 -2.262933221884589E-015 -4.172145484995782E-015  8.105872507470246E-002
43 47
 -8.120621850553754E-001  1.076409469370765E-014 -9.199106360171226E-001
  5.962773135491373E-015  8.105872507470033E-002  7.049008187050287E-015
 -9.199106360171223E-001  9.547755381450473E-015 -8.120621850553653E-001
43 48
 -7.267737250725079E-003  8.490020553323492E-003 -6.655305273136582E-003
  8.490020553325338E-003 -7.267737250725186E-003 -6.655305273134871E-003
 -6.651744022950014E-003 -6.651744022951940E-003 -1.553593238776590E-002
43 49
  3.460608080964211E-003 -1.146067334575015E-002  4.291407723969187E-015
 -1.146067334574543E-002  3.460608080965114E-003  5.441339653161625E-016
 -4.411347589300396E-016 -1.093350128315851E-015  3.612261808098353E-003
43 50
  3.460608080961298E-003  6.979551485375435E-016  1.146067334575066E-002
  5.177742999976087E-015  3.612261808099310E-003  1.532790821351382E-015
  1.146067334574873E-002  1.603602775741841E-015  3.460608080964573E-003
43 51
 -7.267737250736235E-003 -8.490020553314286E-003 -6.655305273148716E-003
 -8.490020553319296E-003 -7.267737250722119E-003  6.655305273140172E-003
 -6.651744022958239E-003  6.651744022952242E-003 -1.553593238777802E-002
43 52
 -7.267737250733590E-003  6.655305273141704E-003  8.490020553314766E-003
  6.651744022953974E-003 -1.553593238776729E-002  6.651744022951777E-003
  8.490020553310561E-003  6.655305273147156E-003 -7.267737250731330E-003
43 53
  3.612261808095488E-003 -2.818925648462312E-016 -2.276824562219559E-016
  1.393199791643873E-015  3.460608080967917E-003  1.146067334575260E-002
  7.182839392716467E-016  1.146067334575029E-002  3.460608080960411E-003
43 54
  1.840321607971821E-002 -7.596191470976565E-016  4.587530442329291E-016
 -1.362028979184915E-016  1.840321607971837E-002 -4.149783815188268E-015
  1.555152491158895E-016 -3.838753316956489E-015  3.044262756683370E-002
43 55
  8.105872507470387E-002 -6.613633252161577E-016 -7.491837011874836E-015
 -3.764214417598111E-015 -8.120621850553271E-001  9.199106360170368E-001
  5.093717331608461E-015  9.199106360170765E-001 -8.120621850552947E-001
43 56
  1.840321607972248E-002  2.135878279796444E-015  3.169258475446690E-015
 -1.886172966945876E-015  3.044262756682434E-002  8.934503527638360E-016
  2.521108864207700E-015  6.541127231876609E-015  1.840321607972083E-002
43 57
 -7.267737250724304E-003 -8.490020553322587E-003  6.655305273137986E-003
 -8.490020553318092E-003 -7.267737250735197E-003 -6.655305273141223E-003
  6.651744022952599E-003 -6.651744022956393E-003 -1.553593238777283E-002
43 58
 -8.120621850553307E-001  1.633079522306291E-016  9.199106360170325E-001
 -3.706616177184818E-016  8.105872507469730E-002 -3.188570826644088E-015
  9.199106360170788E-001  4.443196028117158E-015 -8.120621850552907E-001
43 59
 -8.120621850553730E-001 -9.199106360171260E-001  6.664455228996835E-015
 -9.199106360171301E-001 -8.120621850553691E-001  6.437789212311584E-015
  3.269885989580501E-015  3.578205982381066E-015  8.105872507470833E-002
43 60
 -7.267737250725311E-003 -6.655305273133865E-003  8.490020553323440E-003
 -6.651744022950230E-003 -1.553593238776533E-002 -6.651744022952830E-003
  8.490020553323811E-003 -6.655305273141850E-003 -7.267737250723423E-003
43 61
 -1.553593238776982E-002  6.651744022949168E-003  6.651744022952025E-003
  6.655305273138179E-003 -7.267737250729225E-003  8.490020553317327E-003
  6.655305273146528E-003  8.490020553312190E-003 -7.267737250735038E-003
43 62
  3.044262756682391E-002 -4.675621868843738E-017  2.823669032966936E-015
 -3.726944967918921E-016  1.840321607972393E-002  4.797255800069455E-015
  7.711387951803150E-015  1.764877848899060E-015  1.840321607972306E-002
43 63
 -1.553593238776360E-002 -6.651744022946443E-003 -6.651744022946168E-003
 -6.655305273136592E-003 -7.267737250725726E-003  8.490020553321724E-003
 -6.655305273139451E-003  8.490020553319705E-003 -7.267737250721721E-003
43 64
 -7.914939155042473E-003 -3.362381987420671E-015 -7.483027869223391E-015
 -2.007129271813790E-015 -7.914939155045970E-003 -2.455379107500766E-015
 -5.773376568485311E-016  6.376464026930373E-016 -7.914939155050598E-003
44 1
  3.612261808085893E-003  5.963111948670274E-016  4.586175189613684E-015
  6.362233873416501E-015  3.460608080961424E-003 -1.146067334575272E-002
  1.049982041416431E-015 -1.146067334575042E-002  3.460608080960544E-003
44 2
 -1.266294654800674E-003 -5.393905808115385E-016 -3.699839913606784E-016
  9.347855605898459E-016 -1.266294654795044E-003 -5.766600304907277E-016
  8.097634975751111E-017  1.354575089249077E-015 -1.266294654796074E-003
44 3
  3.612261808091658E-003 -3.543985851311993E-016 -6.127097527258707E-015
  6.000381398349464E-016  3.460608080967696E-003 -1.146067334574350E-002
 -1.215322872720470E-015 -1.146067334575364E-002  3.460608080965206E-003
44 4
  3.253157945646712E-002  4.817245777624657E-015  4.826054920276102E-015
  1.662895082049642E-015  1.202849407666337E-002  1.474578588041464E-002
  1.118422303554578E-015  1.474578588041139E-002  1.202849407665783E-002
44 5
  3.460608080963460E-003  1.146067334575283E-002  1.602586336205136E-015
  1.146067334574731E-002  3.460608080967768E-003  2.682383937364918E-015
 -1.622237500581436E-015 -6.407634839389331E-015  3.612261808097382E-003
44 6
  3.460608080962089E-003  3.675445364725860E-015 -1.146067334575474E-002
  1.555830117516699E-015  3.612261808094131E-003  2.783689077856533E-015
 -1.146067334574713E-002 -7.396291695424551E-016  3.460608080965352E-003
44 7
 -7.267737250724244E-003  8.490020553319306E-003  6.655305273140026E-003
  8.490020553322968E-003 -7.267737250732850E-003  6.655305273143767E-003
  6.651744022947272E-003  6.651744022960385E-003 -1.553593238776868E-002
44 8
 -7.267737250717396E-003 -6.655305273148869E-003 -8.490020553319355E-003
 -6.651744022951695E-003 -1.553593238777489E-002  6.651744022946255E-003
 -8.490020553330707E-003  6.655305273138021E-003 -7.267737250726762E-003
44 9
 -1.553593238776183E-002 -6.651744022956983E-003  6.651744022945469E-003
 -6.655305273134848E-003 -7.267737250727280E-003 -8.490020553324503E-003
  6.655305273138223E-003 -8.490020553311980E-003 -7.267737250726647E-003
44 10
  1.202849407665737E-002  2.439454888092385E-015  1.474578588040614E-002
  2.476724337771574E-015  3.253157945648081E-002 -3.496213193086850E-015
  1.474578588041300E-002 -8.300922883092143E-017  1.202849407665594E-002
44 11
 -1.553593238776064E-002 -6.651744022948027E-003  6.651744022953803E-003
 -6.655305273143329E-003 -7.267737250732224E-003 -8.490020553322928E-003
  6.655305273134156E-003 -8.490020553315592E-003 -7.267737250724189E-003
44 12
  1.202849407667208E-002 -1.474578588040380E-002 -3.973600962159374E-015
 -1.474578588040867E-002  1.202849407666042E-002  3.062193510913747E-015
 -3.945479468310531E-015 -3.140459355240044E-015  3.253157945646962E-002
44 13
 -7.267737250729904E-003  8.490020553314959E-003  6.655305273148841E-003
  8.490020553324458E-003 -7.267737250721620E-003  6.655305273136377E-003
  6.651744022959629E-003  6.651744022950551E-003 -1.553593238778108E-002
44 14
  3.460608080962698E-003  2.413705086495854E-015 -1.146067334574274E-002
 -4.391018798566293E-015  3.612261808099680E-003 -1.653069499861493E-015
 -1.146067334574469E-002  2.166032652718697E-015  3.460608080963623E-003
44 15
  3.460608080960883E-003  1.146067334574903E-002 -1.215661685899372E-015
  1.146067334574757E-002  3.460608080961977E-003 -3.726944967918921E-017
 -1.796726287715822E-015 -5.939733839326056E-015  3.612261808097894E-003
44 16
 -7.267737250740385E-003 -6.655305273145246E-003 -8.490020553323619E-003
 -6.651744022956789E-003 -1.553593238776869E-002  6.651744022952859E-003
 -8.490020553313176E-003  6.655305273143570E-003 -7.267737250731142E-003
44 17
  3.460608080962521E-003  2.335100428990655E-015  1.146067334575610E-002
 -2.842642570985432E-016  3.612261808091917E-003 -1.745226684522760E-015
  1.146067334574435E-002  2.929039931605371E-015  3.460608080964329E-003
44 18
  3.460608080962620E-003 -1.146067334575021E-002  1.170938346284345E-015
 -1.146067334574743E-002  3.460608080958986E-003  1.017455976241866E-015
  4.921939049905288E-015  3.950222852815155E-015  3.612261808095669E-003
44 19
 -7.267737250726993E-003  6.655305273137944E-003  8.490020553318520E-003
  6.651744022954102E-003 -1.553593238776894E-002  6.651744022961373E-003
  8.490020553315734E-003  6.655305273141386E-003 -7.267737250729159E-003
44 20
 -7.267737250723514E-003 -8.490020553327321E-003 -6.655305273144468E-003
 -8.490020553326001E-003 -7.267737250724760E-003  6.655305273143460E-003
 -6.651744022956962E-003  6.651744022950459E-003 -1.553593238778156E-002
44 21
  3.044262756682367E-002  4.119968255444917E-015  7.784571598445922E-015
 -5.740850503310746E-015  1.840321607971889E-002  8.044780119842443E-015
 -1.387778780781446E-015  5.616167253474913E-015  1.840321607972188E-002
44 22
 -1.553593238776928E-002  6.651744022954736E-003  6.651744022952513E-003
  6.655305273143485E-003 -7.267737250732007E-003  8.490020553323182E-003
  6.655305273143978E-003  8.490020553314563E-003 -7.267737250732918E-003
44 23
 -7.914939155046027E-003  4.412702842016003E-015  8.586881206085195E-015
 -6.776263578034403E-016 -7.914939155053795E-003 -2.596664203102783E-015
 -1.674075916953399E-015 -2.585144555020125E-015 -7.914939155044366E-003
44 24
 -1.553593238777067E-002 -6.651744022958444E-003 -6.651744022958595E-003
 -6.655305273138042E-003 -7.267737250729133E-003  8.490020553325156E-003
 -6.655305273130658E-003  8.490020553321180E-003 -7.267737250730540E-003
44 25
 -8.120621850554021E-001 -1.919037845299343E-015  9.199106360171452E-001
  1.354575089249077E-015  8.105872507470993E-002  2.371692252312041E-018
  9.199106360171525E-001  3.909226458168047E-015 -8.120621850554033E-001
44 26
 -7.267737250727323E-003 -8.490020553315370E-003  6.655305273150337E-003
 -8.490020553318480E-003 -7.267737250734281E-003 -6.655305273142333E-003
  6.651744022955109E-003 -6.651744022955155E-003 -1.553593238776821E-002
44 27
 -7.267737250736426E-003 -6.655305273147362E-003  8.490020553326316E-003
 -6.651744022950028E-003 -1.553593238777522E-002 -6.651744022951211E-003
  8.490020553319147E-003 -6.655305273141164E-003 -7.267737250724343E-003
44 28
 -8.120621850552932E-001 -9.199106360170749E-001  3.613781366165747E-015
 -9.199106360170409E-001 -8.120621850553279E-001  9.232997938250775E-015
  9.951959503880226E-015  2.867037119866356E-015  8.105872507470557E-002
44 29
  1.840321607971200E-002 -2.009162150887200E-015  9.778148343103643E-016
  2.142654543374478E-015  1.840321607971778E-002 -5.150299132485048E-015
 -1.921748350730557E-015  2.867375933045258E-015  3.044262756681321E-002
44 30
  3.612261808089482E-003  3.035766082959412E-015 -7.914675859144182E-016
  1.740483300018136E-015  3.460608080974756E-003  1.146067334574787E-002
 -2.566509830180530E-015  1.146067334575602E-002  3.460608080961176E-003
44 31
  1.840321607971310E-002 -4.275822317739708E-016 -1.010340899484929E-015
 -8.897234077959171E-016  3.044262756681991E-002 -1.122488061701399E-015
  2.339505000316378E-015  2.728801342874454E-015  1.840321607971322E-002
44 32
  8.105872507470174E-002  7.047314121155779E-016 -6.830473686658678E-016
  3.686287386450715E-015 -8.120621850553640E-001  9.199106360171717E-001
  1.062518129035794E-015  9.199106360171065E-001 -8.120621850554079E-001
44 33
 -1.553593238776798E-002  6.651744022957408E-003 -6.651744022954345E-003
  6.655305273140321E-003 -7.267737250732026E-003 -8.490020553322201E-003
 -6.655305273132995E-003 -8.490020553323227E-003 -7.267737250730055E-003
44 34
  1.202849407666858E-002  1.474578588041104E-002  1.680513367352532E-015
  1.474578588040525E-002  1.202849407666219E-002  4.078294234440005E-015
  2.986638172018663E-015  1.774703431087210E-015  3.253157945647677E-002
44 35
 -1.553593238776504E-002  6.651744022945128E-003 -6.651744022952676E-003
  6.655305273140198E-003 -7.267737250721748E-003 -8.490020553323083E-003
 -6.655305273138138E-003 -8.490020553320047E-003 -7.267737250734038E-003
44 36
  1.202849407665258E-002 -5.807935512733287E-015 -1.474578588040831E-002
 -3.049318610115481E-016  3.253157945648198E-002 -6.020371375904665E-015
 -1.474578588040778E-002  1.779785628770736E-015  1.202849407665696E-002
44 37
 -8.120621850554007E-001  9.199106360171566E-001 -3.946495907847236E-015
  9.199106360171492E-001 -8.120621850554125E-001  7.105251174747973E-015
  7.692075600605752E-015  5.936006894358137E-016  8.105872507471014E-002
44 38
 -7.267737250729253E-003  6.655305273145663E-003 -8.490020553321204E-003
  6.651744022950230E-003 -1.553593238777134E-002 -6.651744022946203E-003
 -8.490020553316907E-003 -6.655305273143695E-003 -7.267737250731347E-003
44 39
 -7.267737250735064E-003  8.490020553313077E-003 -6.655305273149940E-003
  8.490020553316430E-003 -7.267737250728289E-003 -6.655305273136326E-003
 -6.651744022951911E-003 -6.651744022947347E-003 -1.553593238777456E-002
44 40
 -8.120621850552890E-001 -5.538104697055957E-014 -9.199106360170699E-001
  9.477621053417817E-015  8.105872507470967E-002  1.775381057445014E-016
 -9.199106360170378E-001 -3.777597538164729E-014 -8.120621850553216E-001
44 41
  8.105872507469720E-002  3.513492665210838E-015  2.863648988077339E-015
  2.591141548286685E-014 -8.120621850554066E-001 -9.199106360171471E-001
  2.638236580154024E-014 -9.199106360171474E-001 -8.120621850554051E-001
44 42
  3.253157945647248E-002  2.181279245769274E-015 -8.328027937404281E-016
 -2.427257613651923E-015  1.202849407665049E-002 -1.474578588041434E-002
 -2.918536723059417E-015 -1.474578588041507E-002  1.202849407665618E-002
44 43
  8.105872507470534E-002 -1.572093150103981E-015  6.830473686658678E-016
 -9.618906149019835E-015 -8.120621850553681E-001 -9.199106360171186E-001
 -7.576540306600266E-015 -9.199106360171284E-001 -8.120621850553728E-001
44 44
  6.140120841670566E+000  1.198077281914373E-013  1.018831557748207E-013
 -1.284810067581424E-013  6.140120841670476E+000 -2.167028763464668E-013
 -1.219551261193164E-013 -1.651375433966984E-013  6.140120841670453E+000
44 45
 -7.267737250726969E-003  8.490020553318415E-003 -6.655305273147102E-003
  8.490020553317474E-003 -7.267737250730354E-003 -6.655305273137823E-003
 -6.651744022952944E-003 -6.651744022949707E-003 -1.553593238776795E-002
44 46
 -7.267737250726702E-003  6.655305273148552E-003 -8.490020553323058E-003
  6.651744022953405E-003 -1.553593238777133E-002 -6.651744022950122E-003
 -8.490020553321393E-003 -6.655305273142351E-003 -7.267737250728557E-003
44 47
 -8.120621850553739E-001  9.199106360171322E-001  3.424723612338587E-015
  9.199106360171331E-001 -8.120621850553860E-001 -6.020032562725763E-015
 -3.088620938868081E-015 -8.815918915022758E-016  8.105872507470087E-002
44 48
 -8.120621850553660E-001  1.991950441398993E-014 -9.199106360171547E-001
 -2.824346659324739E-015  8.105872507470149E-002  6.630573911106663E-016
 -9.199106360171307E-001  2.611233169795557E-014 -8.120621850554119E-001
44 49
 -7.267737250727354E-003  6.655305273149247E-003  8.490020553320987E-003
  6.651744022960677E-003 -1.553593238776942E-002  6.651744022945484E-003
  8.490020553322685E-003  6.655305273134163E-003 -7.267737250727680E-003
44 50
  3.460608080961041E-003 -1.146067334574904E-002 -4.953448675543148E-016
 -1.146067334574989E-002  3.460608080967148E-003 -1.040834085586084E-015
 -6.019693749546862E-015 -3.048302170578776E-015  3.612261808095579E-003
44 51
  3.460608080962925E-003 -2.085733929318989E-015  1.146067334574579E-002
 -1.423015351387225E-017  3.612261808100268E-003 -1.162806829990704E-015
  1.146067334574763E-002 -3.592774949073840E-015  3.460608080963627E-003
44 52
 -7.267737250734712E-003 -8.490020553320578E-003 -6.655305273144593E-003
 -8.490020553311437E-003 -7.267737250726545E-003  6.655305273139810E-003
 -6.651744022951837E-003  6.651744022947377E-003 -1.553593238777334E-002
44 53
  1.840321607971615E-002 -4.669523231623507E-015 -8.558420899057451E-016
 -3.913292216314868E-016  3.044262756682355E-002  7.372574772901430E-016
 -2.880250833843523E-015 -5.831652435256407E-015  1.840321607971946E-002
44 54
  3.612261808095478E-003  1.008308020411519E-015 -1.192622389734055E-015
 -3.371191130072115E-015  3.460608080965233E-003  1.146067334574925E-002
  7.379351036479465E-016  1.146067334575020E-002  3.460608080972924E-003
44 55
  1.840321607972216E-002 -9.260441805741815E-015 -2.522125303744405E-015
 -3.443697150357083E-015  1.840321607972227E-002  2.598697082176193E-016
  6.965998958219366E-016 -1.237684542527984E-015  3.044262756681569E-002
44 56
  8.105872507470885E-002  1.908195823574488E-015 -1.745565497701662E-015
 -1.140106347004288E-015 -8.120621850554165E-001  9.199106360171048E-001
  1.725236706967559E-015  9.199106360171665E-001 -8.120621850553755E-001
44 57
 -7.267737250724203E-003 -6.655305273138811E-003  8.490020553323778E-003
 -6.651744022948907E-003 -1.553593238777335E-002 -6.651744022955377E-003
  8.490020553321757E-003 -6.655305273135152E-003 -7.267737250730859E-003
44 58
 -7.267737250724808E-003 -8.490020553319553E-003  6.655305273144542E-003
 -8.490020553321797E-003 -7.267737250727407E-003 -6.655305273138199E-003
  6.651744022953627E-003 -6.651744022950871E-003 -1.553593238777132E-002
44 59
 -8.120621850553674E-001  1.646632049462360E-016  9.199106360171218E-001
 -2.419803723716085E-015  8.105872507470667E-002  1.495860184851094E-015
  9.199106360171269E-001 -5.190617900774352E-016 -8.120621850553802E-001
44 60
 -8.120621850553709E-001 -9.199106360171565E-001  1.847887077729982E-014
 -9.199106360171337E-001 -8.120621850554068E-001  2.656600254450497E-014
 -7.392903563635533E-015  6.391710619980950E-015  8.105872507471032E-002
44 61
 -7.914939155042489E-003 -3.085910433436867E-015 -4.299539240262829E-015
  5.664956351236761E-016 -7.914939155051027E-003 -5.975309223110736E-015
 -2.877540328412309E-015 -4.930748192556733E-015 -7.914939155046494E-003
44 62
 -1.553593238777464E-002  6.651744022954844E-003  6.651744022954779E-003
  6.655305273135800E-003 -7.267737250725293E-003  8.490020553324568E-003
  6.655305273137710E-003  8.490020553316347E-003 -7.267737250730706E-003
44 63
  3.044262756683234E-002  4.201283418381330E-017 -2.283600825797594E-015
  2.544825786730820E-015  1.840321607972023E-002 -1.114017732228856E-015
  5.508424662584166E-015 -1.409124011052254E-015  1.840321607972338E-002
44 64
 -1.553593238776612E-002 -6.651744022948450E-003 -6.651744022953023E-003
 -6.655305273142861E-003 -7.267737250729886E-003  8.490020553315776E-003
 -6.655305273138462E-003  8.490020553316395E-003 -7.267737250729591E-003
45 1
 -7.267737250728489E-003 -6.655305273138329E-003 -8.490020553325844E-003
 -6.651744022952166E-003 -1.553593238776477E-002  6.651744022951225E-003
 -8.490020553322136E-003  6.655305273139922E-003 -7.267737250724927E-003
45 2
 -7.267737250732099E-003  8.490020553326164E-003  6.655305273140509E-003
  8.490020553322094E-003 -7.267737250727762E-003  6.655305273139737E-003
  6.651744022953088E-003  6.651744022953126E-003 -1.553593238776653E-002
45 3
  3.460608080962447E-003 -4.141652298894627E-015 -1.146067334574834E-002
 -3.792796448368736E-017  3.612261808096490E-003 -2.778320894434184E-016
 -1.146067334574946E-002 -1.246832498358330E-016  3.460608080963797E-003
45 4
  3.460608080963433E-003  1.146067334574908E-002  9.595189226496714E-016
  1.146067334575202E-002  3.460608080961018E-003 -1.206875042560589E-015
  2.900240811398724E-015 -1.566672139241554E-015  3.612261808089834E-003
45 5
  3.253157945647367E-002  4.477754972365133E-015  3.024924061234557E-015
 -6.498966166927026E-015  1.202849407666310E-002  1.474578588040689E-002
  1.566672139241554E-015  1.474578588040671E-002  1.202849407666241E-002
45 6
  3.612261808092447E-003  2.385244779468110E-016  3.848917712323541E-015
  4.472333961502706E-016  3.460608080966215E-003 -1.146067334575140E-002
 -3.615814245239157E-015 -1.146067334575330E-002  3.460608080964924E-003
45 7
 -1.266294654793539E-003 -8.565197162635485E-016 -3.632077277826440E-016
 -9.893344823930228E-017 -1.266294654795624E-003 -2.575996599189778E-015
  5.529431079676073E-016 -1.067939139898222E-015 -1.266294654795903E-003
45 8
  3.612261808093282E-003  2.005774019098183E-015 -3.794707603699266E-015
 -2.361848141278170E-015  3.460608080964463E-003 -1.146067334575186E-002
  5.318011656041399E-015 -1.146067334574881E-002  3.460608080963358E-003
45 9
 -7.267737250733411E-003 -6.655305273132810E-003 -8.490020553305661E-003
 -6.651744022956820E-003 -1.553593238776487E-002  6.651744022963840E-003
 -8.490020553314248E-003  6.655305273148612E-003 -7.267737250730722E-003
45 10
  3.460608080966312E-003  1.146067334574993E-002  2.683400376901623E-015
  1.146067334574756E-002  3.460608080964939E-003 -7.434916397819347E-015
  2.585822181377928E-015  3.073713158996405E-015  3.612261808096773E-003
45 11
  3.460608080969136E-003 -5.545694112263355E-015 -1.146067334575461E-002
 -3.644269269522894E-015  3.612261808091378E-003 -7.860523492296184E-015
 -1.146067334574530E-002  2.000353008235756E-015  3.460608080959248E-003
45 12
 -7.267737250731904E-003  8.490020553312650E-003  6.655305273131043E-003
  8.490020553320399E-003 -7.267737250729989E-003  6.655305273144557E-003
  6.651744022952372E-003  6.651744022950700E-003 -1.553593238777460E-002
45 13
  1.202849407665681E-002 -1.474578588040918E-002  2.168404344971009E-016
 -1.474578588041250E-002  1.202849407665862E-002  3.346733053720147E-016
  2.385244779468110E-016  3.507394027990607E-015  3.253157945647384E-002
45 14
 -1.553593238777620E-002 -6.651744022946274E-003  6.651744022948502E-003
 -6.655305273136332E-003 -7.267737250730178E-003 -8.490020553322413E-003
  6.655305273135819E-003 -8.490020553319518E-003 -7.267737250732370E-003
45 15
  1.202849407665824E-002 -3.865180744910823E-015  1.474578588040405E-002
  1.358337069869238E-015  3.253157945647649E-002  8.927041063907565E-015
  1.474578588041028E-002 -2.661716333451913E-015  1.202849407665646E-002
45 16
 -1.553593238775959E-002 -6.651744022957159E-003  6.651744022962125E-003
 -6.655305273138309E-003 -7.267737250732693E-003 -8.490020553319388E-003
  6.655305273143869E-003 -8.490020553320298E-003 -7.267737250727014E-003
45 17
  8.105872507471186E-002 -1.886511780124778E-015 -1.254421913565729E-014
  6.316832907443670E-015 -8.120621850553993E-001  9.199106360171673E-001
 -1.650155706522938E-014  9.199106360171568E-001 -8.120621850553986E-001
45 18
  1.840321607972090E-002 -4.504860026677271E-015 -1.621966450038315E-014
 -6.160978845148879E-015  1.840321607971412E-002 -2.015260788107431E-015
 -1.355252715606881E-016  2.824346659324739E-015  3.044262756682191E-002
45 19
  3.612261808092409E-003 -1.203464411458910E-015  7.719519468096792E-015
 -1.218711004509487E-015  3.460608080966217E-003  1.146067334574880E-002
 -1.214306433183765E-015  1.146067334575094E-002  3.460608080964306E-003
45 20
  1.840321607972354E-002 -3.100818213308543E-015  9.540979117872439E-016
  1.687628444109468E-015  3.044262756682145E-002  4.254328856703130E-015
 -1.431146867680866E-015  2.265982540494704E-015  1.840321607972179E-002
45 21
 -7.267737250732289E-003 -8.490020553310676E-003 -6.655305273133330E-003
 -8.490020553324661E-003 -7.267737250728549E-003  6.655305273141170E-003
 -6.651744022942896E-003  6.651744022949618E-003 -1.553593238777319E-002
45 22
  3.460608080967217E-003 -2.059984127722458E-015  1.146067334575045E-002
 -1.734723475976807E-016  3.612261808093287E-003  5.887217796596289E-015
  1.146067334574819E-002 -1.225148454908620E-015  3.460608080961005E-003
45 23
  3.460608080966285E-003 -1.146067334575084E-002 -5.529431079676073E-016
 -1.146067334574768E-002  3.460608080962382E-003 -2.336455681706262E-015
  1.452830911130576E-015 -2.168404344971009E-016  3.612261808092095E-003
45 24
 -7.267737250734490E-003  6.655305273135586E-003  8.490020553303650E-003
  6.651744022948702E-003 -1.553593238776403E-002  6.651744022953868E-003
  8.490020553319370E-003  6.655305273142362E-003 -7.267737250730186E-003
45 25
 -1.553593238777470E-002 -6.651744022948317E-003 -6.651744022945330E-003
 -6.655305273137524E-003 -7.267737250731510E-003  8.490020553320118E-003
 -6.655305273141668E-003  8.490020553313033E-003 -7.267737250727930E-003
45 26
  3.044262756681292E-002 -2.228035464457712E-015 -8.131516293641283E-017
 -3.034749643422707E-015  1.840321607972632E-002 -7.655144964105465E-015
 -3.886864788360533E-015 -4.900593819634480E-015  1.840321607972728E-002
45 27
 -1.553593238777548E-002  6.651744022946100E-003  6.651744022946132E-003
  6.655305273147456E-003 -7.267737250729735E-003  8.490020553315785E-003
  6.655305273138047E-003  8.490020553320266E-003 -7.267737250734777E-003
45 28
 -7.914939155043122E-003  4.174178364069192E-015  2.309350627394124E-015
  4.974238040442321E-015 -7.914939155047996E-003  4.976138570617723E-015
 -2.119615247209161E-015  3.751339516799845E-015 -7.914939155047165E-003
45 29
 -8.120621850553259E-001 -9.199106360170520E-001  3.203817419694666E-015
 -9.199106360170575E-001 -8.120621850552977E-001 -9.168284621080547E-016
 -1.984089975648473E-015  1.778091562876227E-015  8.105872507470861E-002
45 30
 -8.120621850553255E-001  1.577514160966409E-015  9.199106360170390E-001
 -5.885184917522879E-016  8.105872507469876E-002  4.533659146883917E-015
  9.199106360170616E-001 -4.315124646492308E-015 -8.120621850552774E-001
45 31
 -7.267737250726488E-003 -8.490020553330084E-003  6.655305273147658E-003
 -8.490020553318814E-003 -7.267737250733050E-003 -6.655305273136214E-003
  6.651744022955413E-003 -6.651744022957679E-003 -1.553593238776792E-002
45 32
 -7.267737250724569E-003 -6.655305273150060E-003  8.490020553329166E-003
 -6.651744022953295E-003 -1.553593238776382E-002 -6.651744022955208E-003
  8.490020553317398E-003 -6.655305273138497E-003 -7.267737250729985E-003
45 33
 -8.120621850553825E-001 -9.887923813067800E-015 -9.199106360171387E-001
 -8.691918574288736E-015  8.105872507471230E-002  4.161361205047204E-015
 -9.199106360171245E-001  2.564138137928218E-015 -8.120621850553632E-001
45 34
 -7.267737250738322E-003  8.490020553307380E-003 -6.655305273133547E-003
  8.490020553313436E-003 -7.267737250729303E-003 -6.655305273133523E-003
 -6.651744022957153E-003 -6.651744022955939E-003 -1.553593238777192E-002
45 35
 -7.267737250739678E-003  6.655305273136014E-003 -8.490020553307977E-003
  6.651744022950903E-003 -1.553593238776986E-002 -6.651744022948454E-003
 -8.490020553322184E-003 -6.655305273134876E-003 -7.267737250732137E-003
45 36
 -8.120621850553539E-001  9.199106360170132E-001  2.743031496388326E-015
  9.199106360171152E-001 -8.120621850552852E-001  3.455894424797545E-015
  8.960930955592694E-015 -4.602438222200966E-015  8.105872507470605E-002
45 37
  1.202849407665564E-002 -5.692061405548898E-015 -1.474578588041027E-002
  6.158945966075469E-015  3.253157945647914E-002  9.847943857957397E-015
 -1.474578588041411E-002 -7.014788055981214E-015  1.202849407665153E-002
45 38
 -1.553593238778213E-002  6.651744022941280E-003 -6.651744022939096E-003
  6.655305273144100E-003 -7.267737250734522E-003 -8.490020553314844E-003
 -6.655305273146043E-003 -8.490020553321253E-003 -7.267737250731302E-003
45 39
  1.202849407665799E-002  1.474578588040556E-002  2.802662615875029E-015
  1.474578588041441E-002  1.202849407665511E-002 -5.404165494689002E-015
 -3.366447745567491E-015  3.230922474006803E-015  3.253157945648068E-002
45 40
 -1.553593238776407E-002  6.651744022958780E-003 -6.651744022963930E-003
  6.655305273145443E-003 -7.267737250720798E-003 -8.490020553317401E-003
 -6.655305273139321E-003 -8.490020553322868E-003 -7.267737250724846E-003
45 41
 -8.120621850553329E-001 -5.198207315981751E-014 -9.199106360170471E-001
  1.739447748928121E-015  8.105872507469855E-002 -6.621420672532309E-015
 -9.199106360170737E-001 -5.219891359431461E-014 -8.120621850552925E-001
45 42
 -8.120621850553331E-001  9.199106360170418E-001 -4.770489558936220E-016
  9.199106360170776E-001 -8.120621850552866E-001  1.542277590360630E-015
 -1.338989683019598E-015  7.643625316022806E-016  8.105872507470474E-002
45 43
 -7.267737250722938E-003  6.655305273151638E-003 -8.490020553327806E-003
  6.651744022955991E-003 -1.553593238776542E-002 -6.651744022958300E-003
 -8.490020553320462E-003 -6.655305273141728E-003 -7.267737250729595E-003
45 44
 -7.267737250721587E-003  8.490020553325622E-003 -6.655305273144319E-003
  8.490020553326380E-003 -7.267737250726914E-003 -6.655305273135318E-003
 -6.651744022958633E-003 -6.651744022955993E-003 -1.553593238776706E-002
45 45
  6.140120841670341E+000  5.939801601961836E-014 -5.851439124904267E-014
 -6.328837413726581E-015  6.140120841670549E+000 -4.707964330799306E-014
 -7.594836218260959E-014  4.108042031547576E-014  6.140120841670657E+000
45 46
  8.105872507470246E-002 -4.857225732735060E-015 -1.039207782327356E-014
  1.306124804666131E-014 -8.120621850553834E-001 -9.199106360171269E-001
  2.707794925782547E-014 -9.199106360171384E-001 -8.120621850553733E-001
45 47
  3.253157945647196E-002  3.106239224170970E-015 -6.445581915426324E-015
 -4.590018601611850E-015  1.202849407666257E-002 -1.474578588040685E-002
  1.989510986510901E-015 -1.474578588040596E-002  1.202849407666077E-002
45 48
  8.105872507470047E-002  8.532671097460920E-015  6.020032562725763E-015
  1.486983279563869E-014 -8.120621850553166E-001 -9.199106360171752E-001
  1.787307281342354E-014 -9.199106360170529E-001 -8.120621850553937E-001
45 49
 -1.553593238776438E-002 -6.651744022961696E-003 -6.651744022968240E-003
 -6.655305273136770E-003 -7.267737250730121E-003  8.490020553312400E-003
 -6.655305273148032E-003  8.490020553319924E-003 -7.267737250725887E-003
45 50
 -7.914939155041685E-003  1.155217414783305E-014 -3.209238430557093E-015
  6.819652840757504E-015 -7.914939155046940E-003  1.766360156556755E-015
  2.005774019098183E-016 -6.722053469410127E-016 -7.914939155049270E-003
45 51
 -1.553593238776590E-002  6.651744022967339E-003  6.651744022962569E-003
  6.655305273144512E-003 -7.267737250723016E-003  8.490020553318156E-003
  6.655305273139915E-003  8.490020553319069E-003 -7.267737250725800E-003
45 52
  3.044262756681413E-002  1.089623183347932E-015 -3.431499875916622E-015
  2.994873419350830E-015  1.840321607972205E-002 -4.179860918929279E-015
  1.162806829990704E-015 -1.021318446481345E-014  1.840321607971884E-002
45 53
 -7.267737250721550E-003 -8.490020553323758E-003 -6.655305273146504E-003
 -8.490020553318321E-003 -7.267737250734371E-003  6.655305273141037E-003
 -6.651744022959246E-003  6.651744022960183E-003 -1.553593238777283E-002
45 54
 -7.267737250722238E-003  6.655305273147214E-003  8.490020553327893E-003
  6.651744022954400E-003 -1.553593238776517E-002  6.651744022950551E-003
  8.490020553315067E-003  6.655305273141343E-003 -7.267737250728760E-003
45 55
  3.460608080958826E-003 -1.146067334574745E-002  1.138412281109780E-016
 -1.146067334574762E-002  3.460608080964492E-003 -3.875321317476233E-015
 -3.073713158996405E-015  3.686287386450715E-016  3.612261808094426E-003
45 56
  3.460608080959243E-003 -6.147426317992810E-015  1.146067334574585E-002
  3.282422077199865E-015  3.612261808097772E-003  1.268516541808040E-015
  1.146067334574862E-002 -3.556183125752455E-015  3.460608080963200E-003
45 57
  8.105872507470048E-002 -7.432205892388133E-015  5.545694112263355E-015
  3.683576881019501E-015 -8.120621850553715E-001  9.199106360171332E-001
 -6.391371806802049E-015  9.199106360171153E-001 -8.120621850553802E-001
45 58
  1.840321607971694E-002 -3.794707603699266E-015 -4.445228907190568E-016
 -1.959144855351834E-015  3.044262756682943E-002 -1.145019138098363E-015
 -2.352718714293545E-015  2.065405138584886E-015  1.840321607971671E-002
45 59
  3.612261808093564E-003  4.878909776184770E-015  5.870954764009007E-015
 -7.014392332776168E-015  3.460608080963153E-003  1.146067334575048E-002
 -3.333921680392926E-015  1.146067334575166E-002  3.460608080961053E-003
45 60
  1.840321607971622E-002 -7.443047914112988E-015  3.236343484869231E-015
 -5.699957839702164E-015  1.840321607970678E-002  6.410606888818204E-015
  1.184490873440414E-015 -2.493664996716660E-015  3.044262756681651E-002
45 61
 -8.120621850553561E-001 -9.199106360171141E-001  5.571714964403007E-014
 -9.199106360171038E-001 -8.120621850553603E-001  5.372899391023478E-014
  3.767602549387128E-016  2.130457268934016E-015  8.105872507470793E-002
45 62
 -7.267737250735428E-003 -6.655305273132003E-003  8.490020553308318E-003
 -6.651744022952933E-003 -1.553593238776884E-002 -6.651744022960581E-003
  8.490020553321972E-003 -6.655305273142661E-003 -7.267737250731330E-003
45 63
 -7.267737250734381E-003 -8.490020553302995E-003  6.655305273139505E-003
 -8.490020553324968E-003 -7.267737250725841E-003 -6.655305273134654E-003
  6.651744022955435E-003 -6.651744022949545E-003 -1.553593238776525E-002
45 64
 -8.120621850553625E-001 -6.304093531916966E-014  9.199106360171700E-001
 -1.157067509747226E-014  8.105872507468048E-002 -4.741202141387786E-015
  9.199106360171199E-001  4.875115068581071E-014 -8.120621850554021E-001
46 1
  3.460608080965511E-003  1.146067334575237E-002  2.908372327692366E-015
  1.146067334574915E-002  3.460608080961669E-003 -1.187201378871627E-015
  2.920569602132828E-016 -8.809142651444724E-017  3.612261808088360E-003
46 2
 -7.267737250722305E-003 -6.655305273142868E-003 -8.490020553320298E-003
 -6.651744022950897E-003 -1.553593238776715E-002  6.651744022950629E-003
 -8.490020553320290E-003  6.655305273142070E-003 -7.267737250732220E-003
46 3
 -7.267737250728290E-003  8.490020553319705E-003  6.655305273134662E-003
  8.490020553318101E-003 -7.267737250731554E-003  6.655305273125300E-003
  6.651744022952813E-003  6.651744022947789E-003 -1.553593238776172E-002
46 4
  3.460608080971322E-003 -6.881295663493936E-016 -1.146067334575096E-002
  5.807935512733287E-015  3.612261808095132E-003  1.677802861921318E-015
 -1.146067334575183E-002  1.507041019754851E-015  3.460608080966013E-003
46 5
  3.612261808091740E-003  3.588709190927020E-015  3.469785765132516E-015
  2.819603274820115E-015  3.460608080961907E-003 -1.146067334574496E-002
  2.085056302961186E-015 -1.146067334574865E-002  3.460608080957110E-003
46 6
  3.253157945647190E-002 -1.799775606325937E-015 -7.285838599102590E-015
  6.993104012531504E-016  1.202849407666158E-002  1.474578588040914E-002
  1.404041813368728E-015  1.474578588040169E-002  1.202849407666183E-002
46 7
  3.612261808092955E-003  1.573448402819588E-015  1.210240675036944E-015
 -2.170437224044419E-015  3.460608080965517E-003 -1.146067334574807E-002
 -2.377113263174468E-015 -1.146067334574990E-002  3.460608080968727E-003
46 8
 -1.266294654799635E-003 -3.398296184384253E-016 -7.521652571618187E-017
 -1.660523389797330E-015 -1.266294654799247E-003  1.290878211615554E-015
  1.856018594023623E-015  1.208207795963534E-015 -1.266294654795745E-003
46 9
 -7.267737250729646E-003  8.490020553313519E-003  6.655305273147357E-003
  8.490020553319334E-003 -7.267737250732002E-003  6.655305273137862E-003
  6.651744022952015E-003  6.651744022949610E-003 -1.553593238777661E-002
46 10
 -7.267737250728569E-003 -6.655305273142316E-003 -8.490020553314407E-003
 -6.651744022957560E-003 -1.553593238777595E-002  6.651744022953049E-003
 -8.490020553315946E-003  6.655305273137600E-003 -7.267737250724675E-003
46 11
  3.460608080968079E-003  1.146067334574901E-002  1.273937552670468E-015
  1.146067334574895E-002  3.460608080964313E-003  3.395924492131941E-015
  7.535205098774256E-016  1.866182989390675E-015  3.612261808092696E-003
46 12
  3.460608080962204E-003 -5.973276344037326E-016 -1.146067334574861E-002
  5.544677672726650E-015  3.612261808093244E-003 -2.328662978591522E-015
 -1.146067334574975E-002 -1.474514954580286E-015  3.460608080962196E-003
46 13
 -1.553593238777333E-002 -6.651744022947031E-003  6.651744022941867E-003
 -6.655305273138909E-003 -7.267737250732539E-003 -8.490020553322365E-003
  6.655305273142158E-003 -8.490020553316515E-003 -7.267737250728080E-003
46 14
  1.202849407665773E-002 -1.474578588040756E-002  1.217016938614979E-015
 -1.474578588040582E-002  1.202849407666021E-002  4.992073377937944E-015
  5.529431079676073E-016 -2.443520646239206E-015  3.253157945647233E-002
46 15
 -1.553593238776284E-002 -6.651744022949785E-003  6.651744022950170E-003
 -6.655305273139068E-003 -7.267737250727897E-003 -8.490020553318368E-003
  6.655305273137631E-003 -8.490020553321499E-003 -7.267737250740309E-003
46 16
  1.202849407665945E-002 -2.708811365319252E-015  1.474578588040075E-002
 -1.112662479513249E-015  3.253157945647595E-002 -9.564018414037756E-015
  1.474578588040009E-002  3.365770119209688E-015  1.202849407667144E-002
46 17
  1.840321607971555E-002 -1.008646833590421E-015 -2.215160563659446E-015
  2.212788871407134E-015  3.044262756682485E-002  3.127245641262877E-015
  6.085084693074894E-016 -1.216678125436077E-014  1.840321607971646E-002
46 18
  8.105872507469954E-002 -4.705437428587089E-015 -1.006139616066548E-014
 -1.967826943061191E-015 -8.120621850553629E-001  9.199106360171471E-001
 -5.563312397566245E-016  9.199106360171218E-001 -8.120621850553927E-001
46 19
  1.840321607971643E-002 -2.032540260231419E-015  7.711387951803150E-016
 -1.551764359369878E-016  1.840321607972092E-002 -2.990365116986582E-015
  1.134346522962959E-015  8.156588468880011E-015  3.044262756682916E-002
46 20
  3.612261808090637E-003  3.190264892538597E-015 -2.732189474663471E-015
 -1.490777987167569E-016  3.460608080959930E-003  1.146067334574235E-002
 -2.644098048149024E-015  1.146067334574578E-002  3.460608080964549E-003
46 21
 -7.267737250734187E-003  6.655305273139435E-003  8.490020553316975E-003
  6.651744022952643E-003 -1.553593238776166E-002  6.651744022950995E-003
  8.490020553319415E-003  6.655305273135348E-003 -7.267737250734273E-003
46 22
 -7.267737250733568E-003 -8.490020553318298E-003 -6.655305273141256E-003
 -8.490020553317809E-003 -7.267737250728256E-003  6.655305273134968E-003
 -6.651744022950502E-003  6.651744022949537E-003 -1.553593238775977E-002
46 23
  3.460608080964203E-003  8.998878031629687E-016  1.146067334574999E-002
  2.005774019098183E-015  3.612261808097548E-003  3.480288973678469E-015
  1.146067334574908E-002  3.507394027990607E-015  3.460608080968881E-003
46 24
  3.460608080972823E-003 -1.146067334574937E-002 -2.677979366039196E-015
 -1.146067334575206E-002  3.460608080960506E-003  3.122502256758253E-015
  1.279358563532895E-015 -1.756407519426517E-015  3.612261808089981E-003
46 25
 -7.914939155045216E-003 -7.166576360129184E-015  9.974659986866641E-016
 -1.832301671500502E-015 -7.914939155045512E-003 -1.069023342070707E-014
 -4.541451849998657E-015  2.364915988734007E-016 -7.914939155038768E-003
46 26
 -1.553593238777186E-002 -6.651744022952808E-003 -6.651744022945231E-003
 -6.655305273143119E-003 -7.267737250728237E-003  8.490020553315821E-003
 -6.655305273146809E-003  8.490020553318680E-003 -7.267737250725656E-003
46 27
  3.044262756681067E-002 -5.060174826897190E-015  5.616167253474913E-015
  1.509073898828261E-015  1.840321607972112E-002  5.067628716833028E-015
 -1.633079522306291E-016 -2.229390717173318E-015  1.840321607971159E-002
46 28
 -1.553593238777105E-002  6.651744022955977E-003  6.651744022953218E-003
  6.655305273134708E-003 -7.267737250730466E-003  8.490020553323620E-003
  6.655305273132479E-003  8.490020553318833E-003 -7.267737250730451E-003
46 29
 -7.267737250721919E-003 -6.655305273140625E-003  8.490020553322136E-003
 -6.651744022951662E-003 -1.553593238777387E-002 -6.651744022950052E-003
  8.490020553319167E-003 -6.655305273151694E-003 -7.267737250724049E-003
46 30
 -8.120621850553335E-001 -9.199106360170439E-001  6.301925127571995E-015
 -9.199106360170749E-001 -8.120621850552989E-001 -4.918212104937369E-015
  3.367802998283098E-016  9.879792296774159E-016  8.105872507469812E-002
46 31
 -8.120621850553779E-001  4.115224870940293E-015  9.199106360171201E-001
 -3.035088456601609E-015  8.105872507469312E-002 -3.249218385667496E-016
  9.199106360171079E-001 -3.617169497954764E-015 -8.120621850553795E-001
46 32
 -7.267737250730711E-003 -8.490020553318963E-003  6.655305273140732E-003
 -8.490020553320096E-003 -7.267737250730836E-003 -6.655305273135691E-003
  6.651744022959545E-003 -6.651744022954878E-003 -1.553593238775944E-002
46 33
 -8.120621850554066E-001  9.199106360171498E-001  1.626642071907158E-015
  9.199106360171572E-001 -8.120621850554084E-001  9.096117413974480E-015
  7.935682276236089E-015  1.296976848835785E-015  8.105872507470176E-002
46 34
 -8.120621850554017E-001  8.950766560225643E-015 -9.199106360171498E-001
 -3.424723612338587E-015  8.105872507470008E-002  1.693388268150797E-015
 -9.199106360171503E-001  1.392183352107168E-014 -8.120621850553986E-001
46 35
 -7.267737250736339E-003  8.490020553317407E-003 -6.655305273142671E-003
  8.490020553319681E-003 -7.267737250731272E-003 -6.655305273140698E-003
 -6.651744022957094E-003 -6.651744022959914E-003 -1.553593238776902E-002
46 36
 -7.267737250731713E-003  6.655305273135161E-003 -8.490020553323280E-003
  6.651744022956602E-003 -1.553593238776964E-002 -6.651744022950955E-003
 -8.490020553318498E-003 -6.655305273141478E-003 -7.267737250723041E-003
46 37
 -1.553593238776630E-002  6.651744022951971E-003 -6.651744022953001E-003
  6.655305273135478E-003 -7.267737250729964E-003 -8.490020553319908E-003
 -6.655305273141469E-003 -8.490020553313722E-003 -7.267737250733214E-003
46 38
  1.202849407665591E-002 -1.440972449869016E-015 -1.474578588040512E-002
 -9.222494729704822E-016  3.253157945648110E-002 -3.937009138837988E-016
 -1.474578588040657E-002 -3.939719644269202E-015  1.202849407666207E-002
46 39
 -1.553593238777812E-002  6.651744022947929E-003 -6.651744022942370E-003
  6.655305273141379E-003 -7.267737250727976E-003 -8.490020553321771E-003
 -6.655305273145331E-003 -8.490020553319060E-003 -7.267737250724236E-003
46 40
  1.202849407666307E-002  1.474578588040537E-002 -6.434062267343665E-016
  1.474578588040786E-002  1.202849407665616E-002  4.493001565415711E-015
 -2.294442847522449E-015 -5.454892180317694E-015  3.253157945646824E-002
46 41
 -7.267737250722316E-003  8.490020553321223E-003 -6.655305273144993E-003
  8.490020553316534E-003 -7.267737250726326E-003 -6.655305273139519E-003
 -6.651744022953204E-003 -6.651744022948826E-003 -1.553593238776460E-002
46 42
 -8.120621850553366E-001 -5.229378128440709E-014 -9.199106360170430E-001
 -6.383917916866211E-015  8.105872507470270E-002 -1.738111607765824E-016
 -9.199106360170816E-001 -4.482024018419295E-014 -8.120621850552934E-001
46 43
 -8.120621850553317E-001  9.199106360170495E-001  4.129455024454165E-015
  9.199106360170878E-001 -8.120621850552907E-001  1.452830911130576E-015
 -1.736756355050217E-015 -4.263625043299246E-015  8.105872507469508E-002
46 44
 -7.267737250727572E-003  6.655305273154494E-003 -8.490020553317422E-003
  6.651744022948553E-003 -1.553593238777144E-002 -6.651744022951035E-003
 -8.490020553319755E-003 -6.655305273139787E-003 -7.267737250731461E-003
46 45
  8.105872507469440E-002 -1.479935965442714E-015  1.906501757679979E-015
  1.424370604102831E-014 -8.120621850553826E-001 -9.199106360171319E-001
  2.384668797063977E-014 -9.199106360171315E-001 -8.120621850553879E-001
46 46
  6.140120841670393E+000 -2.440810140807992E-015 -1.938456922648095E-013
  7.736544830336603E-014  6.140120841670468E+000 -1.160181027854215E-014
 -1.339057445655378E-014 -4.210295848940115E-014  6.140120841670409E+000
46 47
  8.105872507471459E-002  1.049982041416431E-015 -5.725942723439070E-017
 -5.091447283309819E-014 -8.120621850552855E-001 -9.199106360170791E-001
 -3.265752468797900E-014 -9.199106360170489E-001 -8.120621850553202E-001
46 48
  3.253157945647617E-002  2.130457268934016E-015  2.791820594150174E-015
 -1.293927530225669E-015  1.202849407665090E-002 -1.474578588040612E-002
 -5.366800753803247E-016 -1.474578588040872E-002  1.202849407667179E-002
46 49
  3.044262756681553E-002 -1.057435931352269E-015  5.150299132485048E-015
  1.699825718549930E-015  1.840321607971877E-002  1.146204984224519E-015
  3.337309812181943E-015  1.219727444046192E-016  1.840321607972027E-002
46 50
 -1.553593238776428E-002 -6.651744022948982E-003 -6.651744022958984E-003
 -6.655305273142160E-003 -7.267737250723987E-003  8.490020553319672E-003
 -6.655305273143953E-003  8.490020553317891E-003 -7.267737250728578E-003
46 51
 -7.914939155044905E-003  3.234649418974722E-015 -4.811485953583328E-015
 -3.011032720899587E-015 -7.914939155047573E-003 -3.602939344440892E-015
  2.504507018441515E-015 -5.983440739404378E-015 -7.914939155041135E-003
46 52
 -1.553593238776677E-002  6.651744022952678E-003  6.651744022947331E-003
  6.655305273133453E-003 -7.267737250729042E-003  8.490020553324573E-003
  6.655305273139782E-003  8.490020553317571E-003 -7.267737250726714E-003
46 53
  3.460608080963289E-003  1.137057028394173E-015  1.146067334574669E-002
  1.936317317423331E-015  3.612261808098176E-003 -1.536517766319301E-015
  1.146067334574790E-002  1.532790821351382E-015  3.460608080961935E-003
46 54
 -7.267737250716958E-003 -8.490020553327081E-003 -6.655305273143329E-003
 -8.490020553319272E-003 -7.267737250729058E-003  6.655305273133942E-003
 -6.651744022957677E-003  6.651744022951168E-003 -1.553593238775865E-002
46 55
 -7.267737250729183E-003  6.655305273142827E-003  8.490020553319919E-003
  6.651744022957633E-003 -1.553593238777508E-002  6.651744022956624E-003
  8.490020553315391E-003  6.655305273139804E-003 -7.267737250730646E-003
46 56
  3.460608080964605E-003 -1.146067334575800E-002  1.998658942341247E-015
 -1.146067334574826E-002  3.460608080968492E-003  8.632959798415829E-016
  2.547197478983132E-015  2.146720301521299E-015  3.612261808088984E-003
46 57
  1.840321607972007E-002  1.091656062421342E-015 -8.216558401545615E-015
  1.224470828550817E-015  1.840321607972291E-002  3.168580849088887E-015
 -6.349358972618235E-016 -2.293087594806842E-015  3.044262756682108E-002
46 58
  8.105872507470492E-002  1.981040657038358E-015 -2.019665359433154E-015
 -1.345427133418731E-015 -8.120621850553749E-001  9.199106360171247E-001
  5.431175257794574E-016  9.199106360171315E-001 -8.120621850553823E-001
46 59
  1.840321607971801E-002 -5.648693318649478E-015  2.149091993773611E-015
 -1.580902292755426E-015  3.044262756681427E-002  6.225014535961304E-015
  1.416239087809190E-015  4.861969117239684E-015  1.840321607971768E-002
46 60
  3.612261808093137E-003 -4.580754178751256E-016  7.975662231346492E-016
  6.417121608398579E-016  3.460608080963273E-003  1.146067334574913E-002
  5.103881726975512E-015  1.146067334575196E-002  3.460608080960239E-003
46 61
 -8.120621850553557E-001  5.790994853788201E-015  9.199106360171196E-001
 -3.802500306814005E-015  8.105872507470673E-002 -2.581756423231107E-015
  9.199106360171159E-001 -8.131516293641283E-018 -8.120621850553740E-001
46 62
 -8.120621850553736E-001 -9.199106360171152E-001  5.027140541954273E-014
 -9.199106360171165E-001 -8.120621850553646E-001  4.409517998134327E-014
  6.935505772118211E-015  1.909551076290095E-015  8.105872507470303E-002
46 63
 -7.267737250735368E-003 -6.655305273139606E-003  8.490020553317769E-003
 -6.651744022957807E-003 -1.553593238776895E-002 -6.651744022946897E-003
  8.490020553317115E-003 -6.655305273142053E-003 -7.267737250731853E-003
46 64
 -7.267737250731284E-003 -8.490020553314935E-003  6.655305273139191E-003
 -8.490020553316224E-003 -7.267737250729744E-003 -6.655305273144593E-003
  6.651744022952581E-003 -6.651744022949250E-003 -1.553593238777770E-002
47 1
  3.460608080961623E-003  1.843143693225358E-016 -1.146067334575150E-002
 -1.707618421664669E-015  3.612261808089065E-003  9.540979117872439E-016
 -1.146067334574863E-002 -2.666459717956537E-016  3.460608080961387E-003
47 2
  3.460608080970062E-003  1.146067334575320E-002 -3.093364323372705E-016
  1.146067334575119E-002  3.460608080964813E-003 -1.036768327439264E-015
 -1.549053853938664E-015 -2.317482143687766E-016  3.612261808094539E-003
47 3
 -7.267737250729256E-003 -6.655305273133000E-003 -8.490020553323986E-003
 -6.651744022961877E-003 -1.553593238776800E-002  6.651744022954092E-003
 -8.490020553314907E-003  6.655305273138245E-003 -7.267737250728506E-003
47 4
 -7.267737250721623E-003  8.490020553322165E-003  6.655305273138215E-003
  8.490020553313913E-003 -7.267737250731268E-003  6.655305273145718E-003
  6.651744022952502E-003  6.651744022959827E-003 -1.553593238777320E-002
47 5
 -1.266294654797491E-003  1.007291580874814E-015 -2.846030702774449E-016
 -1.605296841636350E-015 -1.266294654796532E-003  1.122149248522497E-015
  1.344410693882025E-015  7.338693455011258E-016 -1.266294654798171E-003
47 6
  3.612261808093450E-003  1.084202172485504E-015 -3.794707603699266E-016
  1.946142899611480E-015  3.460608080964041E-003 -1.146067334574930E-002
  5.421010862427522E-016 -1.146067334574554E-002  3.460608080964838E-003
47 7
  3.253157945647991E-002  3.198396408832238E-015  3.144186300207963E-015
  7.426784881525705E-016  1.202849407665403E-002  1.474578588040728E-002
  4.319868030996932E-016  1.474578588041271E-002  1.202849407665702E-002
47 8
  3.612261808096200E-003 -7.638204305160379E-015 -3.661892837569791E-015
 -1.645954423104556E-015  3.460608080959323E-003 -1.146067334574317E-002
 -9.825582188149884E-016 -1.146067334574905E-002  3.460608080964495E-003
47 9
  3.460608080964509E-003 -1.506363393397048E-015 -1.146067334574312E-002
 -1.877025011115530E-016  3.612261808094449E-003 -2.422514229147299E-015
 -1.146067334575293E-002  3.170613728162297E-015  3.460608080968910E-003
47 10
 -7.267737250735378E-003  8.490020553317528E-003  6.655305273144878E-003
  8.490020553323711E-003 -7.267737250717164E-003  6.655305273142075E-003
  6.651744022954632E-003  6.651744022950032E-003 -1.553593238777227E-002
47 11
 -7.267737250733004E-003 -6.655305273139796E-003 -8.490020553321846E-003
 -6.651744022946426E-003 -1.553593238776351E-002  6.651744022952169E-003
 -8.490020553318175E-003  6.655305273139934E-003 -7.267737250720873E-003
47 12
  3.460608080961589E-003  1.146067334574814E-002 -2.026102809832286E-016
  1.146067334575391E-002  3.460608080961528E-003 -1.425048230460635E-015
 -4.159948210555320E-015 -1.354575089249077E-015  3.612261808098623E-003
47 13
  1.202849407665933E-002 -1.812650507124203E-015  1.474578588041345E-002
  2.913793338554793E-015  3.253157945647437E-002  9.323461057017535E-015
  1.474578588041037E-002 -5.526042947887055E-016  1.202849407665650E-002
47 14
 -1.553593238777504E-002 -6.651744022949896E-003  6.651744022952646E-003
 -6.655305273143265E-003 -7.267737250718508E-003 -8.490020553321669E-003
  6.655305273139432E-003 -8.490020553321900E-003 -7.267737250731010E-003
47 15
  1.202849407666184E-002 -1.474578588040637E-002  1.082169293412094E-015
 -1.474578588040638E-002  1.202849407666537E-002 -2.556006621634577E-015
 -3.558893631183668E-015 -2.671203102461162E-015  3.253157945646994E-002
47 16
 -1.553593238776984E-002 -6.651744022953957E-003  6.651744022953287E-003
 -6.655305273142974E-003 -7.267737250740933E-003 -8.490020553321452E-003
  6.655305273142769E-003 -8.490020553315970E-003 -7.267737250729535E-003
47 17
  3.612261808093694E-003  2.100980522369567E-015  9.825582188149884E-018
  3.001884765069240E-016  3.460608080965498E-003  1.146067334575082E-002
 -7.579250812031479E-016  1.146067334574762E-002  3.460608080966393E-003
47 18
  1.840321607971163E-002 -7.220786468753460E-015  2.287666583944414E-015
  2.076247160309741E-015  3.044262756682640E-002 -1.843143693225358E-016
  3.285132582631078E-015  8.131516293641283E-017  1.840321607971675E-002
47 19
  8.105872507470752E-002  6.505213034913027E-017  4.683753385137379E-015
 -1.620882247865829E-015 -8.120621850554014E-001  9.199106360171426E-001
 -7.772374324005460E-016  9.199106360171461E-001 -8.120621850554007E-001
47 20
  1.840321607971756E-002 -1.253269948757463E-015  1.574126029177392E-015
  2.098608830117255E-015  1.840321607971392E-002 -1.143155665614404E-015
 -8.863352760068999E-016 -1.935639691065527E-015  3.044262756682167E-002
47 21
  3.460608080961785E-003 -1.146067334575251E-002  7.806255641895632E-016
 -1.146067334574943E-002  3.460608080968768E-003  1.778091562876227E-015
 -2.775557561562891E-015  2.808083626737456E-015  3.612261808096074E-003
47 22
 -7.267737250734945E-003  6.655305273147468E-003  8.490020553320998E-003
  6.651744022953012E-003 -1.553593238777129E-002  6.651744022952665E-003
  8.490020553314472E-003  6.655305273145083E-003 -7.267737250735855E-003
47 23
 -7.267737250735335E-003 -8.490020553321225E-003 -6.655305273137071E-003
 -8.490020553318428E-003 -7.267737250733590E-003  6.655305273142059E-003
 -6.651744022948751E-003  6.651744022952139E-003 -1.553593238776857E-002
47 24
  3.460608080968551E-003  5.746271514173174E-016  1.146067334574379E-002
  1.160096324559490E-015  3.612261808090382E-003  1.507041019754851E-015
  1.146067334575435E-002  0.000000000000000E+000  3.460608080961959E-003
47 25
 -1.553593238777105E-002  6.651744022952296E-003  6.651744022952957E-003
  6.655305273140763E-003 -7.267737250723198E-003  8.490020553322434E-003
  6.655305273141430E-003  8.490020553317273E-003 -7.267737250732072E-003
47 26
 -7.914939155047047E-003  2.656295322589486E-015  3.751339516799845E-015
  5.458957938464515E-015 -7.914939155043772E-003  8.950088933867839E-015
  4.623783452471775E-015 -1.683901499141549E-015 -7.914939155039951E-003
47 27
 -1.553593238777362E-002 -6.651744022950669E-003 -6.651744022953882E-003
 -6.655305273142991E-003 -7.267737250739145E-003  8.490020553322828E-003
 -6.655305273146179E-003  8.490020553318579E-003 -7.267737250725500E-003
47 28
  3.044262756681207E-002 -6.047815243395704E-016  1.515850162406296E-015
  2.224647332668694E-015  1.840321607970971E-002 -9.351243737687476E-017
  1.454186163846183E-015  2.659683454378503E-016  1.840321607971457E-002
47 29
 -7.267737250722671E-003 -8.490020553323104E-003  6.655305273142793E-003
 -8.490020553329217E-003 -7.267737250718910E-003 -6.655305273143100E-003
  6.651744022948850E-003 -6.651744022952659E-003 -1.553593238778193E-002
47 30
 -7.267737250726174E-003 -6.655305273134394E-003  8.490020553324781E-003
 -6.651744022963388E-003 -1.553593238777002E-002 -6.651744022958568E-003
  8.490020553319518E-003 -6.655305273131932E-003 -7.267737250729060E-003
47 31
 -8.120621850553367E-001 -9.199106360170394E-001  9.347855605898459E-016
 -9.199106360170732E-001 -8.120621850552894E-001 -9.852687242462022E-016
  1.565655699704849E-015  6.418476861114186E-015  8.105872507469924E-002
47 32
 -8.120621850553723E-001  6.060690144193970E-015  9.199106360171693E-001
  1.371515748194163E-015  8.105872507469648E-002  1.572093150103981E-015
  9.199106360171085E-001  2.150447246489218E-015 -8.120621850554108E-001
47 33
 -7.267737250732195E-003  6.655305273140179E-003 -8.490020553316019E-003
  6.651744022953836E-003 -1.553593238776526E-002 -6.651744022962173E-003
 -8.490020553323249E-003 -6.655305273136162E-003 -7.267737250728817E-003
47 34
 -8.120621850554056E-001  9.199106360171443E-001  3.577867169202165E-016
  9.199106360171526E-001 -8.120621850554032E-001 -2.043721095135176E-015
  5.261091041985910E-015  3.900417315516602E-015  8.105872507470106E-002
47 35
 -8.120621850554122E-001  2.298237555126148E-014 -9.199106360171506E-001
 -4.404571325722362E-016  8.105872507469325E-002  7.299391126258659E-015
 -9.199106360171528E-001  2.210925398923175E-014 -8.120621850554103E-001
47 36
 -7.267737250733985E-003  8.490020553316520E-003 -6.655305273139791E-003
  8.490020553319606E-003 -7.267737250721495E-003 -6.655305273138450E-003
 -6.651744022959040E-003 -6.651744022952117E-003 -1.553593238777177E-002
47 37
  1.202849407665789E-002  1.474578588040265E-002  1.301042606982605E-015
  1.474578588041017E-002  1.202849407666191E-002 -1.658829323902822E-015
  1.843143693225358E-016  1.924458856161770E-015  3.253157945647870E-002
47 38
 -1.553593238777416E-002  6.651744022953695E-003 -6.651744022949033E-003
  6.655305273148971E-003 -7.267737250730761E-003 -8.490020553316689E-003
 -6.655305273144027E-003 -8.490020553317748E-003 -7.267737250733077E-003
47 39
  1.202849407665272E-002 -7.874018277675976E-016 -1.474578588041038E-002
  4.811147140404426E-016  3.253157945647617E-002 -1.455541416561790E-015
 -1.474578588041299E-002 -1.842466066867554E-015  1.202849407665819E-002
47 40
 -1.553593238777109E-002  6.651744022950958E-003 -6.651744022947912E-003
  6.655305273142354E-003 -7.267737250722220E-003 -8.490020553328108E-003
 -6.655305273142177E-003 -8.490020553327524E-003 -7.267737250730296E-003
47 41
 -7.267737250721921E-003  6.655305273142083E-003 -8.490020553319419E-003
  6.651744022948349E-003 -1.553593238776273E-002 -6.651744022947428E-003
 -8.490020553316097E-003 -6.655305273138098E-003 -7.267737250731507E-003
47 42
 -7.267737250727191E-003  8.490020553319788E-003 -6.655305273139866E-003
  8.490020553313113E-003 -7.267737250737466E-003 -6.655305273145761E-003
 -6.651744022945431E-003 -6.651744022951869E-003 -1.553593238777321E-002
47 43
 -8.120621850553746E-001 -3.957337929572091E-015 -9.199106360171190E-001
 -8.510987054011210E-016  8.105872507470198E-002 -7.264154555652880E-016
 -9.199106360171273E-001 -4.298183987547222E-015 -8.120621850553746E-001
47 44
 -8.120621850553854E-001  9.199106360171307E-001 -4.354426975244907E-015
  9.199106360171270E-001 -8.120621850553726E-001  1.576158908250802E-015
  2.350347022041233E-015 -4.054916125095787E-015  8.105872507469798E-002
47 45
  3.253157945647837E-002 -7.008011792403179E-015 -2.801646176338324E-015
 -4.352394096171497E-015  1.202849407666260E-002 -1.474578588040757E-002
 -8.514375185800227E-016 -1.474578588040530E-002  1.202849407665417E-002
47 46
  8.105872507470623E-002  4.606165167168885E-015 -2.957161425454213E-015
 -5.162496406925510E-014 -8.120621850552910E-001 -9.199106360170702E-001
 -4.023948600544169E-014 -9.199106360170396E-001 -8.120621850553283E-001
47 47
  6.140120841670478E+000 -1.346704459103190E-013 -2.172619180916546E-013
  1.156138986629918E-013  6.140120841670569E+000  9.720617865326131E-014
 -1.543324523083436E-013 -1.188666745870377E-013  6.140120841670445E+000
47 48
  8.105872507470366E-002 -6.019693749546862E-015  6.852157730108388E-015
  2.938391175343058E-014 -8.120621850553699E-001 -9.199106360171585E-001
  3.257044970100126E-014 -9.199106360171360E-001 -8.120621850554103E-001
47 49
 -1.553593238776799E-002  6.651744022959734E-003  6.651744022950629E-003
  6.655305273149518E-003 -7.267737250732048E-003  8.490020553317075E-003
  6.655305273137348E-003  8.490020553325966E-003 -7.267737250729099E-003
47 50
  3.044262756681880E-002 -9.422394505256837E-016  2.172470103117830E-015
  7.163188228340167E-015  1.840321607971749E-002 -4.428288248245482E-015
 -1.185846126156020E-015 -6.942620848875147E-015  1.840321607972091E-002
47 51
 -1.553593238777335E-002 -6.651744022949397E-003 -6.651744022954071E-003
 -6.655305273140156E-003 -7.267737250719146E-003  8.490020553324743E-003
 -6.655305273137493E-003  8.490020553315367E-003 -7.267737250730499E-003
47 52
 -7.914939155046612E-003 -4.960224939121183E-016 -7.320397543350565E-015
 -3.140120542061142E-015 -7.914939155043337E-003 -1.217694564972782E-015
 -2.740320990957112E-015  5.634463165135606E-016 -7.914939155050297E-003
47 53
  3.460608080961854E-003 -1.146067334574846E-002 -1.063873381751401E-016
 -1.146067334574633E-002  3.460608080961437E-003 -5.061868892791699E-016
 -1.194316455628563E-015 -2.517720732418682E-015  3.612261808094886E-003
47 54
  3.460608080962956E-003  3.252606517456513E-016  1.146067334575096E-002
  1.051676107310939E-015  3.612261808094252E-003 -8.868773770931426E-015
  1.146067334575149E-002 -6.318865786517081E-016  3.460608080969969E-003
47 55
 -7.267737250725109E-003 -8.490020553322854E-003 -6.655305273139098E-003
 -8.490020553322984E-003 -7.267737250721796E-003  6.655305273144201E-003
 -6.651744022948283E-003  6.651744022949610E-003 -1.553593238777380E-002
47 56
 -7.267737250724212E-003  6.655305273135337E-003  8.490020553321214E-003
  6.651744022951348E-003 -1.553593238777227E-002  6.651744022954383E-003
  8.490020553323348E-003  6.655305273139871E-003 -7.267737250727605E-003
47 57
  3.612261808096590E-003 -1.843143693225358E-016 -3.626317453785111E-015
 -1.681190993710335E-015  3.460608080960811E-003  1.146067334574712E-002
 -5.587029320089365E-016  1.146067334574860E-002  3.460608080964917E-003
47 58
  1.840321607972192E-002 -1.832979297858306E-016 -2.058967688185753E-015
 -3.493163874476735E-015  1.840321607972170E-002  6.884006168925150E-015
  1.794354595463510E-015 -1.723542641073050E-015  3.044262756681827E-002
47 59
  8.105872507470742E-002 -3.278017505874142E-015 -2.769797737521562E-015
 -6.403569081242511E-016 -8.120621850553709E-001  9.199106360171261E-001
  6.988699441205781E-015  9.199106360171221E-001 -8.120621850553820E-001
47 60
  1.840321607972376E-002  2.338149747600771E-015  1.307480057381738E-015
 -7.928228386300251E-017  3.044262756683295E-002 -3.507394027990607E-015
  3.605311036693204E-015  2.798935670907110E-015  1.840321607972143E-002
47 61
 -7.267737250729104E-003 -8.490020553315717E-003  6.655305273138710E-003
 -8.490020553316666E-003 -7.267737250736431E-003 -6.655305273147236E-003
  6.651744022949846E-003 -6.651744022951038E-003 -1.553593238777765E-002
47 62
 -8.120621850554141E-001  4.011548038196366E-016  9.199106360171044E-001
  6.234162491791650E-017  8.105872507470414E-002  3.342053196686567E-015
  9.199106360171625E-001 -1.984089975648473E-015 -8.120621850553763E-001
47 63
 -8.120621850554048E-001 -9.199106360171367E-001  3.359637600671567E-014
 -9.199106360171581E-001 -8.120621850553726E-001  1.918292456305759E-014
  6.533334528761869E-015 -1.628708832298459E-014  8.105872507471405E-002
47 64
 -7.267737250723283E-003 -6.655305273140001E-003  8.490020553319924E-003
 -6.651744022945231E-003 -1.553593238776656E-002 -6.651744022947783E-003
  8.490020553316859E-003 -6.655305273139917E-003 -7.267737250732561E-003
48 1
 -7.267737250730631E-003  8.490020553328263E-003  6.655305273144726E-003
  8.490020553326332E-003 -7.267737250727681E-003  6.655305273146081E-003
  6.651744022948984E-003  6.651744022949602E-003 -1.553593238778199E-002
48 2
  3.460608080963184E-003 -3.415236843329339E-015 -1.146067334575166E-002
 -5.421010862427522E-017  3.612261808088040E-003  2.737610485525899E-015
 -1.146067334575039E-002 -6.403105860099481E-016  3.460608080965733E-003
48 3
  3.460608080964333E-003  1.146067334575162E-002 -3.903127820947816E-016
  1.146067334575171E-002  3.460608080968990E-003 -1.203464411458910E-015
  1.761838679694229E-015 -1.084226092732432E-016  3.612261808099801E-003
48 4
 -7.267737250723518E-003 -6.655305273139619E-003 -8.490020553325281E-003
 -6.651744022950442E-003 -1.553593238777121E-002  6.651744022952362E-003
 -8.490020553327706E-003  6.655305273137083E-003 -7.267737250730600E-003
48 5
  3.612261808094252E-003 -2.168404344971009E-017 -4.434386885465713E-015
 -8.592302216947623E-015  3.460608080964339E-003 -1.146067334574446E-002
  1.244082288257714E-015 -1.146067334575132E-002  3.460608080965872E-003
48 6
 -1.266294654798635E-003  2.059984127722458E-016  1.235990476633475E-015
  3.252606517456513E-017 -1.266294654797670E-003 -8.294146619514109E-016
 -7.697835424647081E-016 -4.878909776184770E-016 -1.266294654795512E-003
48 7
  3.612261808094621E-003 -4.185020385794047E-015 -1.669671345627677E-015
  4.201283418381330E-015  3.460608080960755E-003 -1.146067334575131E-002
 -1.848564704087785E-015 -1.146067334574632E-002  3.460608080965618E-003
48 8
  3.253157945647740E-002  4.239230494418322E-015  1.051676107310939E-015
 -3.556183125752455E-015  1.202849407665097E-002  1.474578588040791E-002
  2.925365926196655E-015  1.474578588041360E-002  1.202849407665733E-002
48 9
  3.460608080967261E-003  1.146067334575228E-002 -2.070826149447313E-015
  1.146067334575124E-002  3.460608080963574E-003 -4.190441396656475E-015
  1.290198193233058E-015  4.120903073359973E-016  3.612261808097478E-003
48 10
  3.460608080961016E-003 -2.873135757086587E-015 -1.146067334574909E-002
 -5.724587470723463E-015  3.612261808099223E-003 -2.195509399283146E-015
 -1.146067334574759E-002 -3.718813451625280E-015  3.460608080965120E-003
48 11
 -7.267737250734197E-003  8.490020553306502E-003  6.655305273143924E-003
  8.490020553307755E-003 -7.267737250736187E-003  6.655305273140443E-003
  6.651744022959595E-003  6.651744022958692E-003 -1.553593238777168E-002
48 12
 -7.267737250734024E-003 -6.655305273136692E-003 -8.490020553308204E-003
 -6.651744022961024E-003 -1.553593238776633E-002  6.651744022960238E-003
 -8.490020553316853E-003  6.655305273139165E-003 -7.267737250735327E-003
48 13
 -1.553593238777409E-002 -6.651744022948219E-003  6.651744022959061E-003
 -6.655305273137299E-003 -7.267737250721642E-003 -8.490020553328202E-003
  6.655305273140292E-003 -8.490020553324958E-003 -7.267737250729860E-003
48 14
  1.202849407665204E-002 -2.938187887435717E-015  1.474578588040970E-002
  2.797241605012601E-015  3.253157945647693E-002  4.976487971708465E-015
  1.474578588041040E-002  1.084985677961715E-015  1.202849407665908E-002
48 15
 -1.553593238776832E-002 -6.651744022959365E-003  6.651744022956915E-003
 -6.655305273136833E-003 -7.267737250734614E-003 -8.490020553303135E-003
  6.655305273138529E-003 -8.490020553312865E-003 -7.267737250736442E-003
48 16
  1.202849407666009E-002 -1.474578588040764E-002  2.417770844642675E-015
 -1.474578588040860E-002  1.202849407666050E-002 -8.239936510889834E-016
  3.399002206705773E-015  3.143938564719912E-016  3.253157945647822E-002
48 17
  1.840321607972294E-002 -7.307522642552300E-015 -3.534499082302744E-015
 -5.421010862427522E-015  1.840321607972300E-002 -4.119968255444917E-015
  3.894678667298954E-015  3.337415691300350E-015  3.044262756684586E-002
48 18
  3.612261808086761E-003 -5.030698080332741E-015  3.469446951953614E-015
  4.119968255444917E-016  3.460608080961997E-003  1.146067334575006E-002
  1.349831704744453E-015  1.146067334575147E-002  3.460608080962691E-003
48 19
  1.840321607971852E-002  5.876375774871434E-015  1.637145280453112E-015
  2.146720301521299E-015  3.044262756681885E-002  3.214659441419521E-015
 -7.752045533271357E-016 -1.474514954580286E-015  1.840321607972356E-002
48 20
  8.105872507471151E-002 -2.526191061891225E-015  3.089976191583688E-015
  7.372574772901430E-015 -8.120621850553299E-001  9.199106360171523E-001
 -1.546817686957913E-014  9.199106360170701E-001 -8.120621850553990E-001
48 21
  3.460608080965385E-003 -5.496905014501507E-015  1.146067334574928E-002
 -5.258380536554697E-015  3.612261808093895E-003  1.002887009549092E-014
  1.146067334574882E-002 -1.886511780124778E-015  3.460608080966599E-003
48 22
  3.460608080964767E-003 -1.146067334574908E-002  7.264154555652880E-016
 -1.146067334574770E-002  3.460608080962403E-003  2.439454888092385E-015
 -2.710505431213761E-015  1.604619215278547E-015  3.612261808097689E-003
48 23
 -7.267737250729807E-003  6.655305273144802E-003  8.490020553311089E-003
  6.651744022945313E-003 -1.553593238777923E-002  6.651744022945900E-003
  8.490020553320651E-003  6.655305273143446E-003 -7.267737250730631E-003
48 24
 -7.267737250738295E-003 -8.490020553304757E-003 -6.655305273146439E-003
 -8.490020553330051E-003 -7.267737250725123E-003  6.655305273143316E-003
 -6.651744022944999E-003  6.651744022949900E-003 -1.553593238777269E-002
48 25
  3.044262756682276E-002 -3.068292148133978E-015  6.342582709040201E-015
  5.410168840702667E-015  1.840321607972265E-002 -8.565197162635485E-016
  4.174178364069192E-016 -1.626303258728257E-016  1.840321607972342E-002
48 26
 -1.553593238777670E-002  6.651744022949976E-003  6.651744022948870E-003
  6.655305273147420E-003 -7.267737250730234E-003  8.490020553307071E-003
  6.655305273142720E-003  8.490020553316921E-003 -7.267737250726223E-003
48 27
 -7.914939155049292E-003  1.181780368009200E-015 -2.493664996716660E-016
  5.231275482242559E-015 -7.914939155045323E-003  3.523657060577889E-015
  5.390623555444774E-016  5.416881576809657E-015 -7.914939155050748E-003
48 28
 -1.553593238777578E-002 -6.651744022949824E-003 -6.651744022948144E-003
 -6.655305273134708E-003 -7.267737250724629E-003  8.490020553332847E-003
 -6.655305273138260E-003  8.490020553322843E-003 -7.267737250739898E-003
48 29
 -8.120621850553301E-001  6.212478448341940E-015  9.199106360171525E-001
 -1.051676107310939E-015  8.105872507470932E-002 -1.214306433183765E-015
  9.199106360170701E-001 -6.697997733708105E-015 -8.120621850554014E-001
48 30
 -7.267737250724873E-003 -8.490020553329574E-003  6.655305273140595E-003
 -8.490020553308188E-003 -7.267737250735168E-003 -6.655305273145083E-003
  6.651744022951813E-003 -6.651744022947851E-003 -1.553593238777702E-002
48 31
 -7.267737250729578E-003 -6.655305273135597E-003  8.490020553326939E-003
 -6.651744022948247E-003 -1.553593238777196E-002 -6.651744022942874E-003
  8.490020553316838E-003 -6.655305273134095E-003 -7.267737250737200E-003
48 32
 -8.120621850553588E-001 -9.199106360171010E-001 -1.745565497701662E-015
 -9.199106360171054E-001 -8.120621850553635E-001 -1.750986508564090E-015
 -6.049848122469110E-015 -4.987329993433320E-015  8.105872507470607E-002
48 33
 -7.267737250733167E-003  8.490020553313993E-003 -6.655305273148174E-003
  8.490020553312692E-003 -7.267737250738225E-003 -6.655305273149534E-003
 -6.651744022953253E-003 -6.651744022953885E-003 -1.553593238778746E-002
48 34
 -7.267737250734273E-003  6.655305273138459E-003 -8.490020553316954E-003
  6.651744022950734E-003 -1.553593238777184E-002 -6.651744022945444E-003
 -8.490020553309347E-003 -6.655305273132621E-003 -7.267737250737401E-003
48 35
 -8.120621850554344E-001  9.199106360170755E-001 -4.553649124439119E-015
  9.199106360171728E-001 -8.120621850553271E-001  4.130810277169772E-015
  9.017853961672881E-015  1.680419885561021E-015  8.105872507470951E-002
48 36
 -8.120621850553974E-001  1.111307226797642E-014 -9.199106360171559E-001
 -1.201296007113939E-014  8.105872507470374E-002 -1.349289603658210E-014
 -9.199106360171471E-001  2.396628902279208E-014 -8.120621850554024E-001
48 37
 -1.553593238777447E-002  6.651744022952903E-003 -6.651744022948339E-003
  6.655305273144444E-003 -7.267737250735211E-003 -8.490020553312145E-003
 -6.655305273138399E-003 -8.490020553318467E-003 -7.267737250738350E-003
48 38
  1.202849407665661E-002  1.474578588040839E-002  3.382710778154774E-015
  1.474578588040800E-002  1.202849407666052E-002  3.675445364725860E-015
 -6.375108774214766E-015 -1.718460443389525E-015  3.253157945647979E-002
48 39
 -1.553593238777016E-002  6.651744022957956E-003 -6.651744022956329E-003
  6.655305273146829E-003 -7.267737250716368E-003 -8.490020553331151E-003
 -6.655305273139511E-003 -8.490020553323272E-003 -7.267737250721967E-003
48 40
  1.202849407665276E-002 -3.111660235033398E-015 -1.474578588041252E-002
  9.416295868036606E-015  3.253157945648221E-002 -2.688821387764051E-015
 -1.474578588040825E-002  3.141645201366200E-016  1.202849407665592E-002
48 41
 -8.120621850553310E-001  9.199106360171720E-001 -6.938893903907228E-016
  9.199106360170819E-001 -8.120621850554243E-001  1.241411487495903E-015
 -3.659192481543866E-015  8.830829086919127E-015  8.105872507471187E-002
48 42
 -7.267737250714237E-003  6.655305273145583E-003 -8.490020553327437E-003
  6.651744022959978E-003 -1.553593238776856E-002 -6.651744022961734E-003
 -8.490020553322210E-003 -6.655305273141666E-003 -7.267737250720249E-003
48 43
 -7.267737250720416E-003  8.490020553326712E-003 -6.655305273139121E-003
  8.490020553323058E-003 -7.267737250715695E-003 -6.655305273139902E-003
 -6.651744022963089E-003 -6.651744022965632E-003 -1.553593238776940E-002
48 44
 -8.120621850553825E-001  2.698579207316421E-014 -9.199106360171405E-001
  4.271756559592887E-015  8.105872507470437E-002  6.451002926288751E-015
 -9.199106360171337E-001  3.495501685411156E-014 -8.120621850554127E-001
48 45
  8.105872507469726E-002 -1.504872615409880E-014 -1.032160468206200E-014
  1.303753112413819E-014 -8.120621850553957E-001 -9.199106360171474E-001
  2.466559942404523E-014 -9.199106360171507E-001 -8.120621850553990E-001
48 46
  3.253157945647975E-002  8.998878031629687E-015 -3.393552799879629E-015
 -1.290200585257750E-015  1.202849407665387E-002 -1.474578588040995E-002
  6.458477992048271E-015 -1.474578588041160E-002  1.202849407665892E-002
48 47
  8.105872507470531E-002  3.111660235033398E-015  7.199102425303749E-015
  2.399339407710421E-014 -8.120621850553804E-001 -9.199106360171415E-001
  3.401684316173270E-014 -9.199106360171327E-001 -8.120621850554092E-001
48 48
  6.140120841670524E+000  1.175925676277778E-013 -4.152494320619482E-015
  1.163348931076946E-013  6.140120841670520E+000 -6.841315708383533E-015
 -1.048924333868701E-013 -1.043353737422780E-013  6.140120841670929E+000
48 49
 -7.914939155051027E-003  9.053088140253962E-015  1.149254302834635E-015
  1.099381002900301E-014 -7.914939155050619E-003  6.722053469410127E-016
 -8.946875502624193E-015 -8.811355525019425E-015 -7.914939155047936E-003
48 50
 -1.553593238776939E-002  6.651744022959333E-003  6.651744022953153E-003
  6.655305273144211E-003 -7.267737250715972E-003  8.490020553323232E-003
  6.655305273134477E-003  8.490020553315616E-003 -7.267737250728263E-003
48 51
  3.044262756681473E-002  2.276824562219559E-016  3.198396408832238E-015
 -2.173825355833436E-015  1.840321607972494E-002 -2.764715539838036E-015
  4.960232888425390E-016  9.763057010578690E-017  1.840321607972194E-002
48 52
 -1.553593238777113E-002 -6.651744022958020E-003 -6.651744022960048E-003
 -6.655305273132019E-003 -7.267737250729562E-003  8.490020553317457E-003
 -6.655305273135583E-003  8.490020553319037E-003 -7.267737250718654E-003
48 53
 -7.267737250719105E-003  6.655305273145203E-003  8.490020553322602E-003
  6.651744022956199E-003 -1.553593238776634E-002  6.651744022953565E-003
  8.490020553315450E-003  6.655305273139551E-003 -7.267737250729123E-003
48 54
  3.460608080966252E-003 -1.146067334574913E-002 -2.168404344971009E-016
 -1.146067334575170E-002  3.460608080964545E-003 -2.683400376901623E-015
 -2.439454888092385E-016  1.539567084929416E-015  3.612261808100606E-003
48 55
  3.460608080962978E-003  2.276824562219559E-016  1.146067334574961E-002
 -1.062518129035794E-015  3.612261808096182E-003  2.949029909160572E-015
  1.146067334574761E-002  3.564321259490996E-015  3.460608080964466E-003
48 56
 -7.267737250729947E-003 -8.490020553326452E-003 -6.655305273142015E-003
 -8.490020553314513E-003 -7.267737250730229E-003  6.655305273136410E-003
 -6.651744022961663E-003  6.651744022953099E-003 -1.553593238777074E-002
48 57
  1.840321607972103E-002  3.903127820947816E-015 -1.626303258728257E-015
  1.802486111757151E-015  3.044262756682091E-002 -3.957337929572091E-016
  1.680505418048275E-016  5.003540651438511E-015  1.840321607972275E-002
48 58
  3.612261808095987E-003  3.328500669530499E-015  1.658829323902822E-015
  4.391018798566293E-016  3.460608080959292E-003  1.146067334575090E-002
  2.783339676765790E-015  1.146067334574684E-002  3.460608080961621E-003
48 59
  1.840321607972410E-002 -3.924811864397526E-015 -2.743031496388326E-015
 -4.472333961502706E-015  1.840321607972213E-002  1.398620802506301E-015
  3.004002347437376E-015  3.010206863776014E-015  3.044262756682415E-002
48 60
  8.105872507470921E-002 -8.380882793312949E-015  3.827233668873831E-015
 -5.708324438136181E-015 -8.120621850553768E-001  9.199106360171082E-001
  2.049142105997603E-015  9.199106360171266E-001 -8.120621850553789E-001
48 61
 -7.267737250732180E-003 -6.655305273133732E-003  8.490020553313224E-003
 -6.651744022959766E-003 -1.553593238777234E-002 -6.651744022960046E-003
  8.490020553325090E-003 -6.655305273138640E-003 -7.267737250713340E-003
48 62
 -7.267737250728223E-003 -8.490020553311609E-003  6.655305273139511E-003
 -8.490020553322201E-003 -7.267737250726814E-003 -6.655305273141159E-003
  6.651744022958465E-003 -6.651744022960352E-003 -1.553593238777112E-002
48 63
 -8.120621850553768E-001 -9.259086553026208E-015  9.199106360171145E-001
 -4.138941793463413E-015  8.105872507470990E-002 -7.318364664277155E-015
  9.199106360171245E-001  1.653408313040394E-016 -8.120621850553811E-001
48 64
 -8.120621850553691E-001 -9.199106360171331E-001  4.985161589088349E-014
 -9.199106360171281E-001 -8.120621850553699E-001  4.938540895671473E-014
  5.758262094831889E-015 -7.063181317395325E-016  8.105872507469712E-002
49 1
 -8.120621850553913E-001 -9.199106360171471E-001  3.956253727399606E-014
 -9.199106360171455E-001 -8.120621850553860E-001  4.348125050117335E-014
  1.391573488385145E-014  1.076409469370765E-014  8.105872507470453E-002
49 2
 -7.267737250732126E-003 -6.655305273143830E-003  8.490020553325660E-003
 -6.651744022957104E-003 -1.553593238776944E-002 -6.651744022954451E-003
  8.490020553330879E-003 -6.655305273137913E-003 -7.267737250725900E-003
49 3
 -7.267737250726955E-003 -8.490020553318161E-003  6.655305273147706E-003
 -8.490020553315101E-003 -7.267737250729482E-003 -6.655305273142531E-003
  6.651744022962810E-003 -6.651744022962547E-003 -1.553593238777036E-002
49 4
 -8.120621850554316E-001 -1.928524614308591E-015  9.199106360171551E-001
 -5.966838893638193E-015  8.105872507470771E-002 -2.888382350137164E-015
  9.199106360171957E-001  7.030373462210693E-015 -8.120621850554017E-001
49 5
 -1.553593238777179E-002 -6.651744022950285E-003 -6.651744022953316E-003
 -6.655305273142179E-003 -7.267737250729540E-003  8.490020553325733E-003
 -6.655305273141497E-003  8.490020553326911E-003 -7.267737250727139E-003
49 6
 -7.914939155045052E-003  4.391018798566293E-015  4.618701254788249E-015
  4.418123852878431E-015 -7.914939155049578E-003  4.542807102714264E-015
  3.911259337241457E-015  4.432354006392303E-015 -7.914939155042071E-003
49 7
 -1.553593238777157E-002  6.651744022946517E-003  6.651744022950218E-003
  6.655305273137765E-003 -7.267737250727880E-003  8.490020553314086E-003
  6.655305273141373E-003  8.490020553313906E-003 -7.267737250729063E-003
49 8
  3.044262756682601E-002 -2.773524682489481E-015 -2.837899186480808E-015
  7.560277274012983E-015  1.840321607971393E-002 -7.167592799665889E-015
  4.334775810868607E-015  3.157738827364032E-016  1.840321607971174E-002
49 9
 -7.267737250730839E-003 -8.490020553314085E-003 -6.655305273141483E-003
 -8.490020553317185E-003 -7.267737250725909E-003  6.655305273144728E-003
 -6.651744022962390E-003  6.651744022964175E-003 -1.553593238776590E-002
49 10
 -7.267737250727430E-003  6.655305273141748E-003  8.490020553315740E-003
  6.651744022953350E-003 -1.553593238776920E-002  6.651744022952624E-003
  8.490020553310064E-003  6.655305273142668E-003 -7.267737250731002E-003
49 11
  3.460608080961843E-003 -1.146067334574912E-002 -6.298536995782977E-016
 -1.146067334575107E-002  3.460608080964156E-003  2.202963289218984E-015
 -1.702197410802242E-015 -5.224499218664524E-016  3.612261808091221E-003
49 12
  3.460608080961790E-003 -3.594807828147251E-016  1.146067334574941E-002
 -3.663925716643202E-015  3.612261808092954E-003  8.521151449378261E-016
  1.146067334574632E-002 -1.721170948820738E-015  3.460608080958191E-003
49 13
  8.105872507471179E-002 -4.771505998472925E-015  6.095926714799749E-015
  2.043043468777372E-016 -8.120621850554357E-001  9.199106360171520E-001
  5.169611483682446E-015  9.199106360171905E-001 -8.120621850553958E-001
49 14
  1.840321607971607E-002  1.256996893725382E-016 -9.286530420517247E-015
 -1.694743520866404E-015  3.044262756682460E-002 -4.167402100491158E-017
 -2.356106846082562E-015  5.723232218007857E-015  1.840321607971191E-002
49 15
  3.612261808089939E-003 -5.971243464963916E-015  1.036768327439264E-016
  3.401006689815467E-015  3.460608080963874E-003  1.146067334575127E-002
 -1.126892633027121E-015  1.146067334575007E-002  3.460608080958315E-003
49 16
  1.840321607971861E-002 -1.995609623731132E-016 -8.887069682592119E-016
 -3.323757285025875E-016  1.840321607971640E-002 -3.731010726065742E-015
 -5.379675654601512E-015  1.914972087152522E-015  3.044262756682473E-002
49 17
  1.202849407666136E-002 -1.474578588041407E-002 -2.310367066930830E-015
 -1.474578588041631E-002  1.202849407666487E-002  1.961728305840960E-015
  5.362057369298623E-015  1.799775606325937E-015  3.253157945646928E-002
49 18
 -1.553593238776171E-002 -6.651744022953088E-003  6.651744022959506E-003
 -6.655305273141392E-003 -7.267737250731585E-003 -8.490020553317436E-003
  6.655305273141205E-003 -8.490020553324935E-003 -7.267737250726895E-003
49 19
  1.202849407665849E-002 -2.304268429710599E-015  1.474578588040557E-002
 -8.402566836762659E-016  3.253157945647219E-002  2.315449264614355E-015
  1.474578588041391E-002 -1.568027391957161E-015  1.202849407666602E-002
49 20
 -1.553593238777266E-002 -6.651744022955345E-003  6.651744022955357E-003
 -6.655305273143482E-003 -7.267737250735422E-003 -8.490020553324590E-003
  6.655305273143090E-003 -8.490020553313561E-003 -7.267737250729218E-003
49 21
 -7.267737250732419E-003 -6.655305273133905E-003 -8.490020553314905E-003
 -6.651744022952252E-003 -1.553593238776310E-002  6.651744022957696E-003
 -8.490020553326457E-003  6.655305273136074E-003 -7.267737250725046E-003
49 22
 -7.267737250731248E-003  8.490020553313646E-003  6.655305273140758E-003
  8.490020553315360E-003 -7.267737250731812E-003  6.655305273138985E-003
  6.651744022948881E-003  6.651744022947531E-003 -1.553593238775933E-002
49 23
  3.460608080964366E-003 -3.252606517456513E-016 -1.146067334575117E-002
 -6.575686176124584E-015  3.612261808092209E-003 -3.469446951953614E-016
 -1.146067334575230E-002 -1.295621596120178E-015  3.460608080965027E-003
49 24
  3.460608080963108E-003  1.146067334575099E-002  1.593777193553692E-015
  1.146067334574915E-002  3.460608080960137E-003 -2.585822181377928E-015
  7.356311740314148E-015  2.222614453595284E-016  3.612261808087758E-003
49 25
  3.253157945647472E-002 -2.732189474663471E-015  7.253312533928025E-015
  1.192622389734055E-015  1.202849407665665E-002  1.474578588040273E-002
 -4.559070135301546E-015  1.474578588041505E-002  1.202849407666361E-002
49 26
  3.612261808097943E-003 -7.328190246465305E-015 -1.276986871280583E-015
 -6.911788849595091E-016  3.460608080962817E-003 -1.146067334574727E-002
 -8.863352760068999E-016 -1.146067334574823E-002  3.460608080961280E-003
49 27
 -1.266294654794667E-003 -1.363384231900522E-015  1.194655268807465E-015
 -1.447748713447050E-015 -1.266294654797625E-003  1.986122854721883E-015
  8.741380015664379E-016  1.040156459228281E-015 -1.266294654797658E-003
49 28
  3.612261808091924E-003 -5.244828009398628E-015  1.558540622947913E-015
  2.611571982974459E-015  3.460608080963467E-003 -1.146067334574443E-002
 -3.799450988203890E-015 -1.146067334574885E-002  3.460608080960726E-003
49 29
 -7.267737250732874E-003 -6.655305273139413E-003 -8.490020553326726E-003
 -6.651744022950380E-003 -1.553593238777014E-002  6.651744022950597E-003
 -8.490020553309489E-003  6.655305273138143E-003 -7.267737250728700E-003
49 30
  3.460608080963540E-003  1.146067334575593E-002 -3.626317453785111E-015
  1.146067334574618E-002  3.460608080963373E-003 -9.886568560352194E-016
  4.355782227960514E-015  6.129130406332117E-015  3.612261808089221E-003
49 31
  3.460608080968474E-003 -2.128424389860606E-015 -1.146067334574984E-002
 -8.920273374124488E-015  3.612261808090295E-003 -1.593099567195888E-015
 -1.146067334574474E-002 -3.166547970015476E-015  3.460608080959012E-003
49 32
 -7.267737250728322E-003  8.490020553317056E-003  6.655305273142663E-003
  8.490020553319783E-003 -7.267737250723828E-003  6.655305273142564E-003
  6.651744022961989E-003  6.651744022957234E-003 -1.553593238776617E-002
49 33
 -8.120621850553785E-001 -9.199106360171331E-001  2.258325362651525E-014
 -9.199106360171297E-001 -8.120621850553752E-001  2.024679794480899E-014
 -1.372261137187747E-014 -8.372073650661505E-015  8.105872507471085E-002
49 34
 -8.120621850553823E-001  4.010531598659661E-015  9.199106360171239E-001
  1.847887077729982E-015  8.105872507470410E-002 -2.915148591270400E-015
  9.199106360171356E-001 -1.169379805661397E-014 -8.120621850553758E-001
49 35
 -7.267737250728597E-003 -8.490020553309618E-003  6.655305273141030E-003
 -8.490020553317042E-003 -7.267737250730915E-003 -6.655305273141952E-003
  6.651744022952231E-003 -6.651744022949695E-003 -1.553593238776652E-002
49 36
 -7.267737250734476E-003 -6.655305273133470E-003  8.490020553320113E-003
 -6.651744022955543E-003 -1.553593238776499E-002 -6.651744022948537E-003
  8.490020553310947E-003 -6.655305273136437E-003 -7.267737250730481E-003
49 37
  8.105872507470399E-002  3.382710778154774E-015 -4.195862407518902E-015
  1.057097118173367E-015 -8.120621850553810E-001  9.199106360171229E-001
 -8.279238839642433E-015  9.199106360171393E-001 -8.120621850553726E-001
49 38
  1.840321607972281E-002 -1.744887871343859E-015 -6.322253918306098E-016
 -1.260385025514399E-016  1.840321607971966E-002 -3.613781366165747E-015
 -1.531435568635775E-015  5.210946691508456E-016  3.044262756683026E-002
49 39
  3.612261808095190E-003  1.504330514323637E-016 -1.603941588920743E-015
  1.746243124059466E-015  3.460608080967579E-003  1.146067334574773E-002
 -2.002385887309166E-015  1.146067334575282E-002  3.460608080966799E-003
49 40
  1.840321607971855E-002 -6.838944016131221E-015 -9.862851637829073E-016
 -4.474028027397214E-015  3.044262756681641E-002 -4.205687989707052E-015
 -4.096251332921796E-015 -1.078103535265273E-014  1.840321607971053E-002
49 41
 -7.267737250733712E-003 -8.490020553319436E-003 -6.655305273137249E-003
 -8.490020553317761E-003 -7.267737250731817E-003  6.655305273145791E-003
 -6.651744022944658E-003  6.651744022957153E-003 -1.553593238776393E-002
49 42
  3.460608080971268E-003  1.618510555613517E-015  1.146067334574821E-002
  5.461668443895729E-016  3.612261808090760E-003 -1.908195823574488E-015
  1.146067334575094E-002 -1.517205415121903E-015  3.460608080966507E-003
49 43
  3.460608080964538E-003 -1.146067334574939E-002 -3.699162287248980E-015
 -1.146067334574376E-002  3.460608080959759E-003 -2.328324165412621E-015
 -6.253136029810147E-015 -5.585674067373758E-015  3.612261808087739E-003
49 44
 -7.267737250730135E-003  6.655305273139004E-003  8.490020553321884E-003
  6.651744022947375E-003 -1.553593238776902E-002  6.651744022956178E-003
  8.490020553329720E-003  6.655305273145767E-003 -7.267737250724919E-003
49 45
 -1.553593238776276E-002 -6.651744022951711E-003 -6.651744022950204E-003
 -6.655305273134715E-003 -7.267737250732910E-003  8.490020553318330E-003
 -6.655305273137950E-003  8.490020553308306E-003 -7.267737250733799E-003
49 46
  3.044262756681576E-002 -1.979007777964947E-015 -4.803693250468588E-015
 -1.081694954961632E-014  1.840321607971340E-002 -2.680012245112606E-015
  2.015260788107431E-015 -4.222289835473236E-015  1.840321607971468E-002
49 47
 -1.553593238776792E-002  6.651744022943083E-003  6.651744022954885E-003
  6.655305273138575E-003 -7.267737250727126E-003  8.490020553326280E-003
  6.655305273148507E-003  8.490020553324280E-003 -7.267737250726213E-003
49 48
 -7.914939155042934E-003 -3.344424888938879E-015  5.340034512670011E-015
 -4.905337204139104E-015 -7.914939155046529E-003  1.187641836004200E-014
  5.764567425833866E-015  7.436271650534954E-015 -7.914939155045705E-003
49 49
  6.140120841670774E+000  1.385068275350232E-015 -8.550306323422754E-014
 -1.670010158806579E-015  6.140120841670766E+000 -7.770121216365763E-014
 -1.090937778482071E-013 -1.055159106790049E-013  6.140120841670726E+000
49 50
  8.105872507470407E-002 -1.743193805449350E-015 -6.437450399132683E-017
  1.905349792871713E-014 -8.120621850553723E-001 -9.199106360171216E-001
  2.606286497383592E-014 -9.199106360171346E-001 -8.120621850553720E-001
49 51
  3.253157945647702E-002  4.648516814531600E-016 -3.124535135831663E-015
 -3.765230857134816E-015  1.202849407665725E-002 -1.474578588040719E-002
 -7.019531440485838E-015 -1.474578588040651E-002  1.202849407666384E-002
49 52
  8.105872507471309E-002  7.038504978504334E-015  3.825200789800420E-015
  6.736283622924000E-015 -8.120621850553903E-001 -9.199106360171436E-001
  1.144951375462583E-014 -9.199106360171315E-001 -8.120621850553930E-001
49 53
 -8.120621850553743E-001  2.611063763206106E-014 -9.199106360171205E-001
 -1.950208657758301E-015  8.105872507470087E-002 -3.191281332075302E-015
 -9.199106360171332E-001  2.998903209094905E-014 -8.120621850553730E-001
49 54
 -7.267737250730256E-003  8.490020553319840E-003 -6.655305273133079E-003
  8.490020553323782E-003 -7.267737250732015E-003 -6.655305273135094E-003
 -6.651744022953924E-003 -6.651744022956005E-003 -1.553593238777042E-002
49 55
 -7.267737250726073E-003  6.655305273141312E-003 -8.490020553325499E-003
  6.651744022958497E-003 -1.553593238777148E-002 -6.651744022955270E-003
 -8.490020553314780E-003 -6.655305273138584E-003 -7.267737250734614E-003
49 56
 -8.120621850553705E-001  9.199106360171558E-001 -7.690652585254365E-014
  9.199106360171232E-001 -8.120621850553913E-001  7.070759993135778E-014
 -1.077425908907470E-015 -9.915706493737741E-015  8.105872507468878E-002
49 57
  1.202849407665712E-002 -3.327145416814892E-015 -1.474578588040674E-002
  1.663233895228544E-015  3.253157945647707E-002 -8.165397611531455E-016
 -1.474578588040266E-002 -5.928553004422299E-015  1.202849407666314E-002
49 58
 -1.553593238776311E-002  6.651744022949548E-003 -6.651744022946662E-003
  6.655305273141820E-003 -7.267737250727243E-003 -8.490020553327718E-003
 -6.655305273139987E-003 -8.490020553311712E-003 -7.267737250732542E-003
49 59
  1.202849407666584E-002  1.474578588040361E-002 -2.605473345754228E-015
  1.474578588040608E-002  1.202849407666125E-002 -7.833699509386671E-015
  5.078809551736785E-015  4.624122265650676E-015  3.253157945647716E-002
49 60
 -1.553593238776553E-002  6.651744022953114E-003 -6.651744022954275E-003
  6.655305273143368E-003 -7.267737250727627E-003 -8.490020553315578E-003
 -6.655305273137871E-003 -8.490020553324278E-003 -7.267737250728055E-003
49 61
 -8.120621850553882E-001  3.304783747007378E-015 -9.199106360171402E-001
  1.507041019754851E-015  8.105872507471498E-002  1.944448833716972E-015
 -9.199106360171340E-001  7.703256435509509E-015 -8.120621850553933E-001
49 62
 -8.120621850553968E-001  9.199106360171204E-001  6.619528601474467E-014
  9.199106360171498E-001 -8.120621850553733E-001 -7.418382314688943E-014
 -9.475926987523309E-015  7.081195439045951E-016  8.105872507469244E-002
49 63
 -7.267737250726340E-003  6.655305273143422E-003 -8.490020553321237E-003
  6.651744022955812E-003 -1.553593238777010E-002 -6.651744022948486E-003
 -8.490020553323747E-003 -6.655305273145444E-003 -7.267737250729280E-003
49 64
 -7.267737250729697E-003  8.490020553316267E-003 -6.655305273143747E-003
  8.490020553316343E-003 -7.267737250727557E-003 -6.655305273139642E-003
 -6.651744022966038E-003 -6.651744022957901E-003 -1.553593238777625E-002
50 1
 -8.120621850553976E-001  4.102621020685149E-014  9.199106360171287E-001
 -1.288032180912779E-014  8.105872507470048E-002  1.756407519426517E-015
  9.199106360171704E-001 -3.182404426788077E-014 -8.120621850553715E-001
50 2
 -8.120621850553295E-001 -9.199106360171367E-001  3.558182123507975E-014
 -9.199106360170985E-001 -8.120621850553814E-001  3.163701939312702E-014
  1.342547221398066E-014  1.929879867024198E-015  8.105872507470034E-002
50 3
 -7.267737250720989E-003 -6.655305273138454E-003  8.490020553318284E-003
 -6.651744022957934E-003 -1.553593238776958E-002 -6.651744022956240E-003
  8.490020553322727E-003 -6.655305273141286E-003 -7.267737250725603E-003
50 4
 -7.267737250727851E-003 -8.490020553316699E-003  6.655305273139706E-003
 -8.490020553325461E-003 -7.267737250723333E-003 -6.655305273132039E-003
  6.651744022958444E-003 -6.651744022956776E-003 -1.553593238776727E-002
50 5
  3.044262756681887E-002 -4.677654747917148E-015 -2.910405206765776E-016
 -5.473865718336191E-015  1.840321607971054E-002 -2.482822974991805E-015
  5.327159611871746E-015  4.025439378531337E-015  1.840321607971429E-002
50 6
 -1.553593238776605E-002 -6.651744022955788E-003 -6.651744022957208E-003
 -6.655305273143073E-003 -7.267737250736333E-003  8.490020553312959E-003
 -6.655305273140899E-003  8.490020553328217E-003 -7.267737250724493E-003
50 7
 -7.914939155044249E-003  2.092510192897024E-015  1.008308020411519E-015
 -2.222614453595284E-016 -7.914939155043491E-003  3.827233668873831E-015
  1.889222285555991E-015  1.854663341308016E-015 -7.914939155045004E-003
50 8
 -1.553593238776722E-002  6.651744022956979E-003  6.651744022947660E-003
  6.655305273138904E-003 -7.267737250730981E-003  8.490020553326099E-003
  6.655305273144058E-003  8.490020553320137E-003 -7.267737250731593E-003
50 9
  3.460608080961083E-003 -1.323404276790119E-015  1.146067334574944E-002
  4.338841569015428E-015  3.612261808094526E-003 -3.663248090285398E-015
  1.146067334574691E-002 -2.928023492068665E-015  3.460608080962432E-003
50 10
 -7.267737250727930E-003 -8.490020553322592E-003 -6.655305273136676E-003
 -8.490020553312676E-003 -7.267737250734371E-003  6.655305273138478E-003
 -6.651744022957314E-003  6.651744022953880E-003 -1.553593238777111E-002
50 11
 -7.267737250734792E-003  6.655305273137536E-003  8.490020553320838E-003
  6.651744022958764E-003 -1.553593238776674E-002  6.651744022953775E-003
  8.490020553318130E-003  6.655305273138329E-003 -7.267737250732233E-003
50 12
  3.460608080959764E-003 -1.146067334575086E-002 -9.042923744886910E-016
 -1.146067334574991E-002  3.460608080967730E-003 -2.030846194336910E-015
 -1.023215800283195E-016  1.095044194210359E-015  3.612261808094614E-003
50 13
  1.840321607972023E-002  8.758320674609466E-016  1.220743883582898E-015
 -1.053031360026546E-015  1.840321607971482E-002  1.044222217375101E-014
 -1.031008503397934E-015  6.909078344163877E-015  3.044262756680855E-002
50 14
  8.105872507469902E-002  3.303767307470673E-015 -8.094924470319897E-015
  2.764715539838036E-016 -8.120621850553668E-001  9.199106360170964E-001
 -3.356960976558243E-015  9.199106360171170E-001 -8.120621850553629E-001
50 15
  1.840321607971475E-002  4.846383711010205E-015 -4.821989162129281E-015
 -5.344439083995733E-015  3.044262756682546E-002  7.760177049564998E-015
 -3.428450557306506E-015  5.855708170958429E-015  1.840321607971676E-002
50 16
  3.612261808096707E-003  3.610054421197828E-015  2.980539534798432E-015
  8.646512325571898E-016  3.460608080961913E-003  1.146067334574797E-002
  2.001030634593559E-015  1.146067334575140E-002  3.460608080963200E-003
50 17
 -1.553593238776698E-002 -6.651744022956875E-003  6.651744022952377E-003
 -6.655305273142278E-003 -7.267737250735228E-003 -8.490020553313703E-003
  6.655305273143701E-003 -8.490020553317842E-003 -7.267737250734457E-003
50 18
  1.202849407666356E-002 -1.474578588040872E-002 -2.808083626737456E-015
 -1.474578588040777E-002  1.202849407666239E-002 -8.185726402265558E-016
 -1.669671345627677E-015  4.130810277169772E-015  3.253157945647519E-002
50 19
 -1.553593238776702E-002 -6.651744022955831E-003  6.651744022950865E-003
 -6.655305273138573E-003 -7.267737250722715E-003 -8.490020553329265E-003
  6.655305273138792E-003 -8.490020553325683E-003 -7.267737250726610E-003
50 20
  1.202849407665991E-002 -9.642623071542955E-016  1.474578588041396E-002
  2.041010589703962E-015  3.253157945647327E-002 -2.240232738898174E-015
  1.474578588040495E-002  6.305990885718815E-015  1.202849407666583E-002
50 21
  3.460608080962176E-003  1.146067334575412E-002 -2.634611279139776E-015
  1.146067334575528E-002  3.460608080969142E-003 -8.023096076392733E-016
  3.339342691255354E-015  1.431146867680866E-015  3.612261808092935E-003
50 22
 -7.267737250730500E-003 -6.655305273142655E-003 -8.490020553323827E-003
 -6.651744022944907E-003 -1.553593238776408E-002  6.651744022944344E-003
 -8.490020553324760E-003  6.655305273141354E-003 -7.267737250725702E-003
50 23
 -7.267737250736095E-003  8.490020553321886E-003  6.655305273135305E-003
  8.490020553324977E-003 -7.267737250727139E-003  6.655305273134474E-003
  6.651744022949260E-003  6.651744022950323E-003 -1.553593238776527E-002
50 24
  3.460608080961167E-003  4.445228907190568E-016 -1.146067334574552E-002
  3.122502256758253E-015  3.612261808091358E-003  1.257674520083185E-015
 -1.146067334575684E-002  3.480288973678469E-015  3.460608080963542E-003
50 25
  3.612261808096811E-003 -2.981555974335137E-015  1.994931997373328E-015
  2.526191061891225E-015  3.460608080965564E-003 -1.146067334575173E-002
 -2.092510192897024E-015 -1.146067334574890E-002  3.460608080964469E-003
50 26
  3.253157945647735E-002 -6.136584296267955E-015 -4.011548038196366E-016
 -5.095750210681871E-016  1.202849407666109E-002  1.474578588041224E-002
  4.665457473476686E-016  1.474578588040590E-002  1.202849407666320E-002
50 27
  3.612261808097631E-003 -4.502827147603861E-016  2.124019818534884E-015
 -2.249719507907422E-016  3.460608080958651E-003 -1.146067334575122E-002
 -3.787253713763428E-015 -1.146067334574558E-002  3.460608080964325E-003
50 28
 -1.266294654792385E-003 -1.060485249962384E-015  1.074037777118453E-015
 -1.332891045799367E-015 -1.266294654799326E-003  1.761828530288945E-017
  1.112662479513249E-015  3.097091268340624E-015 -1.266294654794868E-003
50 29
 -7.267737250731286E-003  8.490020553323128E-003  6.655305273136920E-003
  8.490020553313963E-003 -7.267737250731229E-003  6.655305273137430E-003
  6.651744022956135E-003  6.651744022950584E-003 -1.553593238776783E-002
50 30
 -7.267737250724189E-003 -6.655305273132116E-003 -8.490020553319426E-003
 -6.651744022958189E-003 -1.553593238776673E-002  6.651744022954551E-003
 -8.490020553315067E-003  6.655305273136739E-003 -7.267737250727849E-003
50 31
  3.460608080967945E-003  1.146067334574899E-002  2.202285662861181E-016
  1.146067334574991E-002  3.460608080963822E-003  7.894347068410079E-016
  5.673765493888205E-015  1.906162944501077E-015  3.612261808092443E-003
50 32
  3.460608080959975E-003 -1.268516541808040E-015 -1.146067334575385E-002
  8.131516293641283E-016  3.612261808090360E-003 -3.740497495074990E-016
 -1.146067334574410E-002 -1.381002517203411E-015  3.460608080966886E-003
50 33
 -7.267737250732498E-003 -6.655305273143910E-003  8.490020553321580E-003
 -6.651744022948632E-003 -1.553593238776511E-002 -6.651744022948681E-003
  8.490020553315684E-003 -6.655305273141545E-003 -7.267737250734303E-003
50 34
 -8.120621850553770E-001 -9.199106360171270E-001  2.207435623180487E-014
 -9.199106360171352E-001 -8.120621850553822E-001  2.014989737564310E-014
 -5.746271514173174E-015 -5.602953539497746E-015  8.105872507470230E-002
50 35
 -8.120621850553743E-001  7.787620917056037E-015  9.199106360171313E-001
 -6.640738306473715E-017  8.105872507469841E-002 -2.185345003916095E-015
  9.199106360171291E-001 -9.110686380667254E-016 -8.120621850553758E-001
50 36
 -7.267737250735908E-003 -8.490020553315381E-003  6.655305273140626E-003
 -8.490020553312617E-003 -7.267737250732262E-003 -6.655305273141563E-003
  6.651744022945016E-003 -6.651744022947779E-003 -1.553593238776721E-002
50 37
  1.840321607971940E-002 -1.528725063204561E-015 -2.634611279139776E-015
 -2.352718714293545E-015  3.044262756682930E-002 -6.993104012531504E-016
 -3.621235256101585E-015 -3.095397202446115E-015  1.840321607972089E-002
50 38
  8.105872507470348E-002  1.290200585257750E-015 -4.434386885465713E-015
  1.653408313040394E-015 -8.120621850553826E-001  9.199106360171374E-001
  1.900741933638650E-016  9.199106360171332E-001 -8.120621850553795E-001
50 39
  1.840321607972060E-002  1.271227047239254E-015  3.063548763629353E-015
  6.640738306473715E-016  1.840321607971951E-002 -3.485032358183093E-015
  3.506038775275000E-015  2.535339017721572E-015  3.044262756682908E-002
50 40
  3.612261808096259E-003  7.247213896707794E-016  3.316981021447840E-015
 -4.187730891225261E-016  3.460608080966975E-003  1.146067334575027E-002
 -4.700694044082465E-015  1.146067334574752E-002  3.460608080968753E-003
50 41
 -7.267737250732126E-003  6.655305273137203E-003  8.490020553320656E-003
  6.651744022947989E-003 -1.553593238776371E-002  6.651744022949892E-003
  8.490020553323175E-003  6.655305273141131E-003 -7.267737250728378E-003
50 42
 -7.267737250727822E-003 -8.490020553317988E-003 -6.655305273134537E-003
 -8.490020553322056E-003 -7.267737250724275E-003  6.655305273135743E-003
 -6.651744022948476E-003  6.651744022953001E-003 -1.553593238776776E-002
50 43
  3.460608080963336E-003  1.604619215278547E-015  1.146067334574905E-002
  1.420304845956011E-015  3.612261808092014E-003 -4.054916125095787E-015
  1.146067334575105E-002  4.380854403199241E-016  3.460608080962374E-003
50 44
  3.460608080967398E-003 -1.146067334574791E-002 -1.890916351450500E-015
 -1.146067334575384E-002  3.460608080962619E-003  2.854162219068090E-015
  2.602085213965211E-015 -3.472496270563730E-015  3.612261808091119E-003
50 45
 -7.914939155045627E-003 -1.182796807545905E-015  7.028679396316184E-015
  6.572975670693371E-017 -7.914939155040405E-003 -2.846030702774449E-015
  3.567363960656211E-015  2.529918006859144E-015 -7.914939155045139E-003
50 46
 -1.553593238776397E-002 -6.651744022956116E-003 -6.651744022948308E-003
 -6.655305273137712E-003 -7.267737250723424E-003  8.490020553324892E-003
 -6.655305273132203E-003  8.490020553321461E-003 -7.267737250729480E-003
50 47
  3.044262756681905E-002 -2.708811365319252E-015 -8.448984242272195E-015
 -3.794029977341462E-015  1.840321607971593E-002  5.244828009398628E-016
  2.877879141591211E-015  3.295974604355933E-015  1.840321607971790E-002
50 48
 -1.553593238776794E-002  6.651744022950623E-003  6.651744022951979E-003
  6.655305273139257E-003 -7.267737250731807E-003  8.490020553312222E-003
  6.655305273139267E-003  8.490020553317186E-003 -7.267737250732564E-003
50 49
  8.105872507471204E-002 -2.732528287842373E-015  1.114288782771977E-014
  1.892949230523910E-014 -8.120621850553841E-001 -9.199106360171281E-001
  2.161797487982425E-014 -9.199106360171312E-001 -8.120621850553743E-001
50 50
  6.140120841670768E+000  3.204173173532512E-014 -4.462220388112489E-014
 -3.662841514470716E-014  6.140120841670585E+000 -1.729166939842819E-013
  4.900424413045029E-015 -9.295525910417088E-014  6.140120841670667E+000
50 51
  8.105872507470635E-002  4.231098978124681E-015 -4.706453868123794E-015
 -4.032622217924053E-014 -8.120621850553263E-001 -9.199106360170388E-001
 -4.403385479596206E-014 -9.199106360170736E-001 -8.120621850552793E-001
50 52
  3.253157945648067E-002  1.753697013995303E-015  6.065433528698594E-015
 -1.269194168165844E-015  1.202849407665111E-002 -1.474578588040274E-002
 -4.263625043299246E-015 -1.474578588041519E-002  1.202849407666234E-002
50 53
 -8.120621850553691E-001  9.199106360171417E-001 -2.421836602789496E-015
  9.199106360171360E-001 -8.120621850553906E-001 -3.665280969358808E-015
 -8.314475410248212E-016 -1.646293236283458E-015  8.105872507471071E-002
50 54
 -8.120621850553733E-001  1.891932790987205E-014 -9.199106360171263E-001
 -1.208885422321337E-015  8.105872507470395E-002  1.463672932855431E-015
 -9.199106360171275E-001  1.541972658499619E-014 -8.120621850553811E-001
50 55
 -7.267737250726039E-003  8.490020553321383E-003 -6.655305273135888E-003
  8.490020553314897E-003 -7.267737250734294E-003 -6.655305273140941E-003
 -6.651744022941896E-003 -6.651744022949054E-003 -1.553593238776793E-002
50 56
 -7.267737250728494E-003  6.655305273138784E-003 -8.490020553317289E-003
  6.651744022945525E-003 -1.553593238776694E-002 -6.651744022944576E-003
 -8.490020553312575E-003 -6.655305273138340E-003 -7.267737250730421E-003
50 57
 -1.553593238777012E-002  6.651744022951515E-003 -6.651744022949083E-003
  6.655305273134952E-003 -7.267737250729410E-003 -8.490020553325471E-003
 -6.655305273140438E-003 -8.490020553319965E-003 -7.267737250722199E-003
50 58
  1.202849407666321E-002 -8.101023107540128E-016 -1.474578588040841E-002
  2.734899980094685E-015  3.253157945646997E-002  5.364090248372033E-015
 -1.474578588040238E-002  2.066760391300493E-016  1.202849407666262E-002
50 59
 -1.553593238776162E-002  6.651744022954418E-003 -6.651744022951922E-003
  6.655305273137520E-003 -7.267737250732807E-003 -8.490020553312345E-003
 -6.655305273134127E-003 -8.490020553316706E-003 -7.267737250732238E-003
50 60
  1.202849407665683E-002  1.474578588040827E-002 -2.500780073473596E-015
  1.474578588040614E-002  1.202849407666666E-002 -9.147955830346444E-017
  1.946820525969284E-015 -1.331874606262662E-015  3.253157945647101E-002
50 61
 -7.267737250734410E-003  8.490020553320498E-003 -6.655305273140143E-003
  8.490020553324092E-003 -7.267737250732239E-003 -6.655305273133797E-003
 -6.651744022965148E-003 -6.651744022958405E-003 -1.553593238776588E-002
50 62
 -8.120621850554116E-001  3.302479817390847E-014 -9.199106360169639E-001
  6.120321263680673E-015  8.105872507469865E-002  7.662598854041303E-015
 -9.199106360171551E-001  3.141746845319870E-014 -8.120621850552288E-001
50 63
 -8.120621850554147E-001  9.199106360170869E-001 -5.613795561222601E-015
  9.199106360171775E-001 -8.120621850553249E-001 -9.112041633382861E-015
 -1.575515163210889E-014 -4.479110225080740E-015  8.105872507469285E-002
50 64
 -7.267737250734846E-003  6.655305273139541E-003 -8.490020553319620E-003
  6.651744022951695E-003 -1.553593238776787E-002 -6.651744022953860E-003
 -8.490020553326844E-003 -6.655305273141972E-003 -7.267737250725422E-003
51 1
 -7.267737250719442E-003 -8.490020553320380E-003  6.655305273145376E-003
 -8.490020553325416E-003 -7.267737250733590E-003 -6.655305273138855E-003
  6.651744022958265E-003 -6.651744022950122E-003 -1.553593238777363E-002
51 2
 -8.120621850554011E-001 -1.775923158531256E-014  9.199106360171304E-001
 -5.838428698834441E-015  8.105872507470345E-002  3.740497495074990E-015
  9.199106360171621E-001  1.142884615071282E-014 -8.120621850553669E-001
51 3
 -8.120621850553622E-001 -9.199106360171239E-001  5.546778314435841E-014
 -9.199106360171223E-001 -8.120621850553775E-001  5.173270666014584E-014
 -1.669834987971203E-015 -8.207408961186636E-015  8.105872507470491E-002
51 4
 -7.267737250724873E-003 -6.655305273144629E-003  8.490020553316671E-003
 -6.651744022968814E-003 -1.553593238776809E-002 -6.651744022958465E-003
  8.490020553319089E-003 -6.655305273141184E-003 -7.267737250730316E-003
51 5
 -1.553593238776459E-002  6.651744022952535E-003  6.651744022953076E-003
  6.655305273135315E-003 -7.267737250729280E-003  8.490020553319296E-003
  6.655305273144853E-003  8.490020553320109E-003 -7.267737250729709E-003
51 6
  3.044262756681599E-002  9.540979117872439E-016 -3.903127820947816E-015
 -4.260914537868032E-015  1.840321607971608E-002 -5.046961112920023E-015
 -3.258027528318938E-015 -6.830473686658678E-016  1.840321607971981E-002
51 7
 -1.553593238776720E-002 -6.651744022949910E-003 -6.651744022952589E-003
 -6.655305273142134E-003 -7.267737250735585E-003  8.490020553309901E-003
 -6.655305273138313E-003  8.490020553313549E-003 -7.267737250732826E-003
51 8
 -7.914939155038428E-003  4.445228907190568E-016 -3.892285799222961E-015
 -2.997819006922420E-015 -7.914939155039387E-003  9.356664748549903E-015
  3.335880444083452E-016  1.002227382641417E-014 -7.914939155044163E-003
51 9
  3.460608080968562E-003 -1.146067334575324E-002 -1.647987302177967E-015
 -1.146067334574596E-002  3.460608080962815E-003 -5.025277069470313E-015
 -1.203462926930277E-015 -2.867787715259314E-015  3.612261808093553E-003
51 10
  3.460608080968117E-003 -1.170938346284345E-015  1.146067334575493E-002
  3.165870343657673E-015  3.612261808093222E-003 -2.217193442732857E-015
  1.146067334574978E-002 -2.558717127065790E-015  3.460608080967180E-003
51 11
 -7.267737250729730E-003 -8.490020553317658E-003 -6.655305273144336E-003
 -8.490020553316184E-003 -7.267737250731677E-003  6.655305273137575E-003
 -6.651744022949784E-003  6.651744022951668E-003 -1.553593238776707E-002
51 12
 -7.267737250729871E-003  6.655305273141235E-003  8.490020553318375E-003
  6.651744022958894E-003 -1.553593238776076E-002  6.651744022962100E-003
  8.490020553320007E-003  6.655305273141676E-003 -7.267737250725049E-003
51 13
  3.612261808086761E-003  2.320192649118979E-015 -3.903127820947816E-015
  2.710505431213761E-017  3.460608080967245E-003  1.146067334575041E-002
 -3.881844794659072E-015  1.146067334575539E-002  3.460608080961069E-003
51 14
  1.840321607971591E-002 -2.818925648462312E-016 -2.558717127065790E-015
  4.716279450311944E-016  1.840321607970770E-002 -5.404747829840240E-015
  1.022622877220117E-015 -8.380332221897234E-016  3.044262756681806E-002
51 15
  8.105872507470296E-002  4.998172015158175E-015 -8.131516293641283E-015
  4.282598581317743E-015 -8.120621850553655E-001  9.199106360170233E-001
 -7.833360696207770E-016  9.199106360171218E-001 -8.120621850552866E-001
51 16
  1.840321607971935E-002  2.059984127722458E-016 -7.470152968425126E-015
  9.432558900623889E-016  3.044262756682296E-002 -4.537386091851836E-015
 -2.818909718156164E-015  8.669121006863170E-017  1.840321607971242E-002
51 17
  1.202849407666315E-002  2.417770844642675E-015  1.474578588040859E-002
  6.423897871976614E-015  3.253157945647067E-002  7.264154555652880E-016
  1.474578588040778E-002 -8.912057154536121E-016  1.202849407666024E-002
51 18
 -1.553593238776737E-002 -6.651744022951613E-003  6.651744022950420E-003
 -6.655305273144059E-003 -7.267737250737216E-003 -8.490020553311089E-003
  6.655305273150629E-003 -8.490020553318406E-003 -7.267737250728711E-003
51 19
  1.202849407665621E-002 -1.474578588041253E-002 -5.854691731421724E-015
 -1.474578588040795E-002  1.202849407665832E-002 -3.892285799222961E-015
 -6.505213034913027E-016 -6.722053469410127E-016  3.253157945647937E-002
51 20
 -1.553593238777109E-002 -6.651744022960059E-003  6.651744022958086E-003
 -6.655305273143034E-003 -7.267737250724738E-003 -8.490020553325470E-003
  6.655305273145749E-003 -8.490020553317311E-003 -7.267737250727294E-003
51 21
  3.460608080969646E-003 -3.469446951953614E-016 -1.146067334575524E-002
  1.138412281109780E-016  3.612261808089254E-003 -1.512462030617279E-015
 -1.146067334575354E-002 -1.561251128379126E-015  3.460608080966019E-003
51 22
  3.460608080965624E-003  1.146067334575092E-002 -5.139118297581291E-015
  1.146067334575204E-002  3.460608080966074E-003 -2.423191855505102E-015
  3.501973017128179E-015  7.914675859144158E-016  3.612261808094507E-003
51 23
 -7.267737250733840E-003 -6.655305273144823E-003 -8.490020553321312E-003
 -6.651744022942387E-003 -1.553593238776994E-002  6.651744022942631E-003
 -8.490020553321253E-003  6.655305273139994E-003 -7.267737250726017E-003
51 24
 -7.267737250734652E-003  8.490020553318265E-003  6.655305273150060E-003
  8.490020553323584E-003 -7.267737250722521E-003  6.655305273141750E-003
  6.651744022952464E-003  6.651744022953793E-003 -1.553593238776986E-002
51 25
 -1.266294654795914E-003 -1.214306433183765E-015 -4.336808689942018E-016
  1.024571052998802E-015 -1.266294654798245E-003 -1.062518129035794E-015
  4.011548038196366E-016  1.610040226140974E-015 -1.266294654796363E-003
51 26
  3.612261808090859E-003 -1.626303258728257E-016 -5.594483210025203E-015
 -1.767249541151372E-015  3.460608080964648E-003 -1.146067334575042E-002
 -2.531612072753653E-015 -1.146067334574723E-002  3.460608080954960E-003
51 27
  3.253157945647644E-002 -6.429318882839041E-015  2.439454888092385E-015
  5.122855264994008E-015  1.202849407665701E-002  1.474578588040386E-002
 -2.478418403666083E-016  1.474578588040922E-002  1.202849407666105E-002
51 28
  3.612261808089070E-003  3.903127820947816E-016  5.421010862427522E-015
  1.436567878543293E-015  3.460608080958473E-003 -1.146067334574446E-002
 -1.333276181092572E-015 -1.146067334574365E-002  3.460608080963389E-003
51 29
  3.460608080964116E-003  1.420304845956011E-015 -1.146067334575224E-002
 -2.444875898954812E-015  3.612261808089449E-003 -3.859759734048396E-015
 -1.146067334574991E-002  5.286438502932495E-016  3.460608080965741E-003
51 30
 -7.267737250725837E-003  8.490020553319166E-003  6.655305273145279E-003
  8.490020553318824E-003 -7.267737250731671E-003  6.655305273136887E-003
  6.651744022954025E-003  6.651744022951104E-003 -1.553593238776742E-002
51 31
 -7.267737250723929E-003 -6.655305273142394E-003 -8.490020553311077E-003
 -6.651744022958411E-003 -1.553593238776350E-002  6.651744022970928E-003
 -8.490020553315106E-003  6.655305273142793E-003 -7.267737250725184E-003
51 32
  3.460608080959769E-003  1.146067334575318E-002 -1.626303258728257E-016
  1.146067334574415E-002  3.460608080962040E-003 -5.345116710353537E-015
 -2.054563116860031E-015 -5.377642775528104E-015  3.612261808091358E-003
51 33
 -7.267737250732343E-003 -8.490020553318548E-003  6.655305273147448E-003
 -8.490020553313814E-003 -7.267737250735720E-003 -6.655305273138844E-003
  6.651744022956581E-003 -6.651744022955397E-003 -1.553593238777436E-002
51 34
 -7.267737250733644E-003 -6.655305273142601E-003  8.490020553320000E-003
 -6.651744022946588E-003 -1.553593238776922E-002 -6.651744022948589E-003
  8.490020553321837E-003 -6.655305273139820E-003 -7.267737250731134E-003
51 35
 -8.120621850552907E-001 -9.199106360170741E-001  3.328500669530499E-015
 -9.199106360170493E-001 -8.120621850553322E-001 -4.336808689942018E-016
 -6.044441956893016E-016  4.878982745219925E-015  8.105872507470661E-002
51 36
 -8.120621850553763E-001  3.751339516799845E-015  9.199106360171304E-001
  5.312590645178972E-015  8.105872507470532E-002  1.095044194210359E-015
  9.199106360171281E-001  3.618524750670371E-015 -8.120621850553810E-001
51 37
  3.612261808093634E-003 -8.131516293641283E-016  3.968179951296946E-015
  1.967826943061191E-015  3.460608080964637E-003  1.146067334575228E-002
 -2.428612866367530E-015  1.146067334574629E-002  3.460608080968367E-003
51 38
  1.840321607971914E-002 -6.136584296267955E-015 -4.022390059921221E-015
 -1.029992063861229E-016  3.044262756681743E-002  9.107298248878237E-016
 -3.778444571111983E-015 -6.082374187643678E-015  1.840321607971991E-002
51 39
  8.105872507470202E-002 -2.005774019098183E-015 -4.553649124439119E-015
 -2.222614453595284E-015 -8.120621850553323E-001  9.199106360170455E-001
  4.406943017974674E-015  9.199106360170757E-001 -8.120621850552914E-001
51 40
  1.840321607972161E-002  3.361026734705064E-016  3.295974604355933E-015
  7.101524229780054E-016  1.840321607971568E-002 -9.112719259740665E-015
 -2.289784166312550E-015  9.913250098190704E-016  3.044262756682423E-002
51 41
  3.460608080961612E-003 -1.146067334575228E-002 -1.290200585257750E-015
 -1.146067334575080E-002  3.460608080964453E-003 -2.168404344971009E-015
 -7.063413511399535E-015 -1.821461134304280E-015  3.612261808092267E-003
51 42
 -7.267737250731964E-003  6.655305273139218E-003  8.490020553320054E-003
  6.651744022944441E-003 -1.553593238776373E-002  6.651744022947602E-003
  8.490020553320189E-003  6.655305273142807E-003 -7.267737250727516E-003
51 43
 -7.267737250728202E-003 -8.490020553319230E-003 -6.655305273142460E-003
 -8.490020553325003E-003 -7.267737250724249E-003  6.655305273145355E-003
 -6.651744022953061E-003  6.651744022956763E-003 -1.553593238776555E-002
51 44
  3.460608080962588E-003  1.940721888749053E-015  1.146067334575208E-002
  5.805902633659876E-015  3.612261808088631E-003 -1.414883835093583E-015
  1.146067334575149E-002  6.559476083096505E-016  3.460608080965383E-003
51 45
 -1.553593238776927E-002  6.651744022954432E-003  6.651744022955538E-003
  6.655305273139131E-003 -7.267737250731698E-003  8.490020553317110E-003
  6.655305273145487E-003  8.490020553317192E-003 -7.267737250728361E-003
51 46
 -7.914939155049996E-003 -7.242470512203170E-015  7.025630077706069E-015
 -2.249719507907422E-015 -7.914939155042287E-003  1.328147661294743E-015
  4.490852219312053E-015 -1.852884572118782E-017 -7.914939155047446E-003
51 47
 -1.553593238776537E-002 -6.651744022957760E-003 -6.651744022958725E-003
 -6.655305273147084E-003 -7.267737250721463E-003  8.490020553317934E-003
 -6.655305273138370E-003  8.490020553321190E-003 -7.267737250725369E-003
51 48
  3.044262756681445E-002  3.816391647148976E-015 -1.615461237003402E-015
 -8.448645429093293E-015  1.840321607972206E-002 -5.415589851565095E-015
  3.420641923885621E-015 -4.016924085328580E-015  1.840321607971239E-002
51 49
  3.253157945647495E-002  1.409462824231156E-016  3.686287386450715E-016
 -6.884683795282953E-016  1.202849407666257E-002 -1.474578588040545E-002
 -2.609570867636571E-015 -1.474578588041237E-002  1.202849407665696E-002
51 50
  8.105872507471526E-002  1.626303258728257E-016  2.602085213965211E-015
 -4.980824780398407E-014 -8.120621850553315E-001 -9.199106360170437E-001
 -4.772657963281191E-014 -9.199106360170600E-001 -8.120621850552852E-001
51 51
  6.140120841670681E+000 -7.540626109636683E-014 -2.155936019987426E-014
  5.020398159694128E-014  6.140120841670291E+000 -1.196579727663627E-013
  4.517535624992394E-014  4.145149093100922E-014  6.140120841670599E+000
51 52
  8.105872507471430E-002  1.713039432527097E-015  1.723881454251952E-015
  2.265982540494704E-015 -8.120621850553504E-001 -9.199106360171105E-001
 -9.215718466126788E-017 -9.199106360171100E-001 -8.120621850553561E-001
51 53
 -7.267737250729860E-003  6.655305273145420E-003 -8.490020553318569E-003
  6.651744022949813E-003 -1.553593238776607E-002 -6.651744022948062E-003
 -8.490020553321936E-003 -6.655305273140080E-003 -7.267737250727196E-003
51 54
 -8.120621850552776E-001  9.199106360170687E-001 -7.513521055324546E-015
  9.199106360170403E-001 -8.120621850553295E-001 -2.710505431213761E-016
  2.244298497044994E-015  5.529431079676075E-015  8.105872507470781E-002
51 55
 -8.120621850553791E-001  2.491496592371689E-014 -9.199106360171270E-001
 -2.070826149447313E-015  8.105872507471479E-002 -9.812029660993815E-016
 -9.199106360171319E-001  1.578293431277883E-014 -8.120621850553785E-001
51 56
 -7.267737250727832E-003  8.490020553324835E-003 -6.655305273141798E-003
  8.490020553314043E-003 -7.267737250733227E-003 -6.655305273140471E-003
 -6.651744022957376E-003 -6.651744022954437E-003 -1.553593238777501E-002
51 57
  1.202849407665567E-002  1.474578588041205E-002  1.344410693882025E-015
  1.474578588040805E-002  1.202849407665689E-002 -4.597017211338539E-015
  7.058143636799985E-015  1.951080030916805E-016  3.253157945647737E-002
51 58
 -1.553593238777132E-002  6.651744022953348E-003 -6.651744022957890E-003
  6.655305273141093E-003 -7.267737250731975E-003 -8.490020553320293E-003
 -6.655305273139529E-003 -8.490020553318243E-003 -7.267737250732204E-003
51 59
  1.202849407666091E-002  2.721347452938616E-015 -1.474578588040588E-002
 -6.841315708383533E-015  3.253157945647811E-002  8.836247705756861E-015
 -1.474578588040381E-002 -6.023039529688516E-016  1.202849407665880E-002
51 60
 -1.553593238776417E-002  6.651744022957999E-003 -6.651744022955354E-003
  6.655305273145514E-003 -7.267737250737590E-003 -8.490020553309365E-003
 -6.655305273141458E-003 -8.490020553321162E-003 -7.267737250727034E-003
51 61
 -7.267737250732495E-003  6.655305273144596E-003 -8.490020553317972E-003
  6.651744022961517E-003 -1.553593238777151E-002 -6.651744022957113E-003
 -8.490020553323109E-003 -6.655305273141883E-003 -7.267737250733669E-003
51 62
 -7.267737250730467E-003  8.490020553319350E-003 -6.655305273141333E-003
  8.490020553327482E-003 -7.267737250728771E-003 -6.655305273140080E-003
 -6.651744022957885E-003 -6.651744022955487E-003 -1.553593238777311E-002
51 63
 -8.120621850553896E-001  2.274656157874588E-014 -9.199106360170597E-001
 -8.660064852727967E-015  8.105872507470357E-002  1.816038638913220E-015
 -9.199106360171566E-001  1.916056289325008E-014 -8.120621850553112E-001
51 64
 -8.120621850553990E-001  9.199106360171118E-001 -8.760353553682876E-015
  9.199106360171526E-001 -8.120621850553591E-001  1.631724269590684E-015
 -4.322349275914047E-015 -1.770036046264163E-014  8.105872507469392E-002
52 1
 -7.267737250722710E-003 -6.655305273148564E-003  8.490020553322673E-003
 -6.651744022952223E-003 -1.553593238776965E-002 -6.651744022953394E-003
  8.490020553321653E-003 -6.655305273145106E-003 -7.267737250725740E-003
52 2
 -7.267737250722000E-003 -8.490020553320309E-003  6.655305273143224E-003
 -8.490020553319981E-003 -7.267737250727145E-003 -6.655305273146369E-003
  6.651744022950507E-003 -6.651744022957928E-003 -1.553593238776162E-002
52 3
 -8.120621850553952E-001 -7.589415207398531E-016  9.199106360171332E-001
 -6.988217980520241E-015  8.105872507471827E-002 -2.455041700512551E-015
  9.199106360171516E-001  2.629190268277348E-015 -8.120621850553700E-001
52 4
 -8.120621850553819E-001 -9.199106360171158E-001  5.728924279413405E-014
 -9.199106360171520E-001 -8.120621850553678E-001  5.352977176104057E-014
  6.315477654728063E-015 -1.859406725812640E-015  8.105872507470048E-002
52 5
 -7.914939155039880E-003 -3.046608104684267E-015 -1.127570259384925E-014
 -1.987340464583561E-015 -7.914939155042041E-003 -2.285390182898668E-015
 -2.867714746224159E-015 -1.301042606982605E-016 -7.914939155039994E-003
52 6
 -1.553593238777328E-002  6.651744022954834E-003  6.651744022952085E-003
  6.655305273142010E-003 -7.267737250728743E-003  8.490020553319136E-003
  6.655305273137624E-003  8.490020553314043E-003 -7.267737250733850E-003
52 7
  3.044262756681163E-002 -6.342582709040201E-016 -5.328853677766254E-015
 -2.546858665804230E-015  1.840321607972199E-002  6.611939186267068E-015
  2.726768463801044E-015  2.786399583287746E-015  1.840321607972025E-002
52 8
 -1.553593238776749E-002 -6.651744022945536E-003 -6.651744022954487E-003
 -6.655305273145520E-003 -7.267737250738158E-003  8.490020553315734E-003
 -6.655305273144270E-003  8.490020553321296E-003 -7.267737250731432E-003
52 9
 -7.267737250726098E-003  6.655305273136253E-003  8.490020553315523E-003
  6.651744022949274E-003 -1.553593238777908E-002  6.651744022956747E-003
  8.490020553316380E-003  6.655305273139662E-003 -7.267737250732397E-003
52 10
  3.460608080963732E-003 -1.146067334574767E-002  6.228741480929223E-015
 -1.146067334575075E-002  3.460608080958775E-003  7.124902339124273E-015
  2.032879073410321E-015  4.819278656698067E-015  3.612261808091342E-003
52 11
  3.460608080959178E-003 -1.176359357146772E-015  1.146067334574463E-002
 -6.026807420113110E-015  3.612261808094273E-003  6.133218422230340E-016
  1.146067334574971E-002  2.835188681049594E-015  3.460608080964962E-003
52 12
 -7.267737250736182E-003 -8.490020553315505E-003 -6.655305273136093E-003
 -8.490020553321403E-003 -7.267737250729890E-003  6.655305273137616E-003
 -6.651744022955267E-003  6.651744022946726E-003 -1.553593238776800E-002
52 13
  1.840321607971637E-002  7.589415207398531E-016  2.314771638256552E-015
  1.245883821457405E-014  3.044262756684121E-002 -5.044525893196667E-015
  2.125036258071589E-015  1.349831704744453E-015  1.840321607971314E-002
52 14
  3.612261808089298E-003 -9.215718466126788E-016 -4.938540895671473E-015
  1.180434379716454E-015  3.460608080960860E-003  1.146067334574926E-002
 -1.897353801849633E-016  1.146067334575294E-002  3.460608080960409E-003
52 15
  1.840321607971679E-002  1.002887009549092E-015 -5.122855264994008E-016
  5.021690258542149E-015  1.840321607971456E-002 -6.186147109415625E-016
 -8.754932542820448E-016 -5.578220177437920E-015  3.044262756681769E-002
52 16
  8.105872507469963E-002  1.301042606982605E-015 -3.862470239479610E-015
  9.086969458144134E-015 -8.120621850553468E-001  9.199106360171707E-001
 -3.436920886779049E-015  9.199106360170974E-001 -8.120621850554002E-001
52 17
 -1.553593238776435E-002 -6.651744022962173E-003  6.651744022959647E-003
 -6.655305273147222E-003 -7.267737250728063E-003 -8.490020553316902E-003
  6.655305273139749E-003 -8.490020553321138E-003 -7.267737250727080E-003
52 18
  1.202849407665333E-002  4.255493527005605E-015  1.474578588041011E-002
 -2.360172604229383E-015  3.253157945647500E-002 -3.186876760749580E-015
  1.474578588041120E-002  2.699663409488906E-015  1.202849407665877E-002
52 19
 -1.553593238777086E-002 -6.651744022947878E-003  6.651744022949997E-003
 -6.655305273142837E-003 -7.267737250729624E-003 -8.490020553320968E-003
  6.655305273136079E-003 -8.490020553312915E-003 -7.267737250730619E-003
52 20
  1.202849407666172E-002 -1.474578588040809E-002  2.726768463801044E-015
 -1.474578588041038E-002  1.202849407666510E-002  2.551263237129953E-015
  4.553649124439119E-016 -4.591596200476111E-015  3.253157945647196E-002
52 21
 -7.267737250732289E-003  8.490020553316564E-003  6.655305273135716E-003
  8.490020553315821E-003 -7.267737250729226E-003  6.655305273134209E-003
  6.651744022952627E-003  6.651744022949385E-003 -1.553593238777074E-002
52 22
  3.460608080963249E-003  2.775557561562891E-015 -1.146067334574822E-002
 -4.071179157683070E-015  3.612261808097717E-003 -9.920449878242366E-016
 -1.146067334574984E-002 -2.043721095135176E-015  3.460608080963639E-003
52 23
  3.460608080963249E-003  1.146067334575039E-002  2.818925648462312E-016
  1.146067334575285E-002  3.460608080968844E-003  1.029992063861229E-016
 -1.138412281109780E-015 -5.963111948670274E-017  3.612261808095217E-003
52 24
 -7.267737250740669E-003 -6.655305273136996E-003 -8.490020553316260E-003
 -6.651744022957533E-003 -1.553593238776561E-002  6.651744022953716E-003
 -8.490020553321913E-003  6.655305273132729E-003 -7.267737250728034E-003
52 25
  3.612261808091937E-003 -4.824699667560495E-016  1.994931997373328E-015
  3.772345933891752E-015  3.460608080959938E-003 -1.146067334574864E-002
 -8.456776945386935E-016 -1.146067334575159E-002  3.460608080966187E-003
52 26
 -1.266294654795664E-003  3.577867169202165E-016 -1.062518129035794E-015
  1.098432325999377E-015 -1.266294654798943E-003  8.578749689791554E-016
  4.499439015814843E-016 -2.054563116860031E-015 -1.266294654799258E-003
52 27
  3.612261808095375E-003 -7.329206686002010E-015 -1.967826943061191E-015
 -1.025696018631874E-015  3.460608080965956E-003 -1.146067334574625E-002
 -1.290200585257750E-015 -1.146067334574918E-002  3.460608080963211E-003
52 28
  3.253157945647323E-002 -4.445228907190568E-015  5.225854471380131E-015
  3.563361729980435E-015  1.202849407666008E-002  1.474578588040397E-002
 -1.561251128379126E-015  1.474578588040906E-002  1.202849407666215E-002
52 29
  3.460608080964550E-003  1.146067334575168E-002 -3.691708397313143E-015
  1.146067334575028E-002  3.460608080965359E-003  3.348170362752520E-015
 -2.949029909160572E-015  3.371868756429919E-015  3.612261808093624E-003
52 30
  3.460608080963488E-003  6.499792024050599E-015 -1.146067334574941E-002
  3.902789007768913E-015  3.612261808087236E-003  4.745078570518591E-015
 -1.146067334575109E-002  4.147073309757054E-015  3.460608080965347E-003
52 31
 -7.267737250722743E-003  8.490020553322543E-003  6.655305273143165E-003
  8.490020553319811E-003 -7.267737250729290E-003  6.655305273137042E-003
  6.651744022954291E-003  6.651744022950285E-003 -1.553593238777136E-002
52 32
 -7.267737250719192E-003 -6.655305273136356E-003 -8.490020553322965E-003
 -6.651744022954613E-003 -1.553593238776097E-002  6.651744022948266E-003
 -8.490020553316763E-003  6.655305273135521E-003 -7.267737250727302E-003
52 33
 -8.120621850554091E-001  9.221139476989215E-015  9.199106360171698E-001
 -5.515892614426871E-016  8.105872507471341E-002 -6.668543244895063E-016
  9.199106360171641E-001 -1.046255096448512E-015 -8.120621850553988E-001
52 34
 -7.267737250740854E-003 -8.490020553316015E-003  6.655305273137922E-003
 -8.490020553317715E-003 -7.267737250727289E-003 -6.655305273138974E-003
  6.651744022949591E-003 -6.651744022948252E-003 -1.553593238777136E-002
52 35
 -7.267737250738442E-003 -6.655305273138893E-003  8.490020553314612E-003
 -6.651744022948642E-003 -1.553593238778236E-002 -6.651744022955311E-003
  8.490020553314260E-003 -6.655305273134513E-003 -7.267737250730316E-003
52 36
 -8.120621850553678E-001 -9.199106360170930E-001  5.319095858213885E-014
 -9.199106360171193E-001 -8.120621850553709E-001  4.683888910408940E-014
  6.049848122469115E-015 -1.284779574395323E-015  8.105872507469490E-002
52 37
  1.840321607971841E-002  2.314771638256552E-015  3.225501463144376E-015
  4.515024422044321E-015  1.840321607972112E-002 -7.632783294297950E-015
  2.645453300864631E-015 -9.378348791999613E-016  3.044262756681868E-002
52 38
  3.612261808099684E-003 -2.737610485525899E-015  1.734723475976807E-015
  6.447614794499734E-016  3.460608080970653E-003  1.146067334574685E-002
 -5.963111948670274E-016  1.146067334575069E-002  3.460608080961265E-003
52 39
  1.840321607972199E-002 -4.824699667560495E-016 -1.626303258728257E-015
 -6.522471331213333E-015  3.044262756682265E-002 -4.339159206370648E-015
 -2.211772431870429E-015 -1.138412281109780E-015  1.840321607972110E-002
52 40
  8.105872507470370E-002 -3.426078865054194E-015 -4.488596994089988E-015
  8.107121744760359E-015 -8.120621850553609E-001  9.199106360171244E-001
  3.442341897641477E-015  9.199106360170974E-001 -8.120621850553681E-001
52 41
  3.460608080964653E-003  5.280064580004407E-015  1.146067334575033E-002
  3.570609444938588E-015  3.612261808093885E-003 -7.360714905449183E-015
  1.146067334574812E-002 -3.171291354520100E-015  3.460608080966415E-003
52 42
  3.460608080965108E-003 -1.146067334575087E-002 -3.989863994746656E-015
 -1.146067334575040E-002  3.460608080965530E-003 -1.926180715324861E-015
 -1.230569465771048E-015 -3.913969842672671E-015  3.612261808095087E-003
52 43
 -7.267737250723914E-003  6.655305273138221E-003  8.490020553319697E-003
  6.651744022955527E-003 -1.553593238777114E-002  6.651744022958617E-003
  8.490020553321230E-003  6.655305273141289E-003 -7.267737250726347E-003
52 44
 -7.267737250728483E-003 -8.490020553324033E-003 -6.655305273140199E-003
 -8.490020553317275E-003 -7.267737250732058E-003  6.655305273136125E-003
 -6.651744022956129E-003  6.651744022957246E-003 -1.553593238777041E-002
52 45
  3.044262756681660E-002  4.049495114233359E-015  2.694242398626479E-015
 -2.315250585475208E-015  1.840321607972066E-002  8.844998694675326E-015
 -4.363913744254155E-016  4.911435841359335E-015  1.840321607971484E-002
52 46
 -1.553593238777422E-002  6.651744022941839E-003  6.651744022962602E-003
  6.655305273136188E-003 -7.267737250729070E-003  8.490020553320840E-003
  6.655305273144238E-003  8.490020553325268E-003 -7.267737250727752E-003
52 47
 -7.914939155042879E-003 -7.752045533271357E-015  3.718813451625280E-015
 -7.019287918513502E-015 -7.914939155044688E-003 -3.349395913548078E-015
  4.374755765979010E-015 -5.697482416411326E-015 -7.914939155045675E-003
52 48
 -1.553593238776813E-002 -6.651744022958793E-003 -6.651744022950225E-003
 -6.655305273145684E-003 -7.267737250731281E-003  8.490020553321138E-003
 -6.655305273130723E-003  8.490020553321697E-003 -7.267737250725897E-003
52 49
  8.105872507470449E-002 -1.517883041479706E-015  2.840609691912022E-015
  1.125571261629404E-014 -8.120621850553588E-001 -9.199106360171529E-001
  1.913616834436915E-014 -9.199106360171114E-001 -8.120621850553934E-001
52 50
  3.253157945648026E-002 -6.429318882839041E-015 -1.962405932198763E-015
  6.316091753614823E-015  1.202849407666044E-002 -1.474578588040873E-002
  3.035766082959412E-015 -1.474578588040728E-002  1.202849407665766E-002
52 51
  8.105872507470643E-002 -1.458251921993003E-015  6.112189747387031E-015
 -3.579222421917772E-015 -8.120621850553664E-001 -9.199106360171284E-001
 -4.038653092508504E-015 -9.199106360170860E-001 -8.120621850553629E-001
52 52
  6.140120841670798E+000 -4.013716442541337E-014 -9.426595788675218E-014
  3.305872043759253E-014  6.140120841670709E+000 -1.345597937087812E-013
 -5.387942696166714E-014 -2.258935226373548E-014  6.140120841670801E+000
52 53
 -7.267737250732749E-003  8.490020553321416E-003 -6.655305273136009E-003
  8.490020553320099E-003 -7.267737250733089E-003 -6.655305273144133E-003
 -6.651744022952773E-003 -6.651744022948322E-003 -1.553593238777470E-002
52 54
 -7.267737250733541E-003  6.655305273137765E-003 -8.490020553318265E-003
  6.651744022950746E-003 -1.553593238777122E-002 -6.651744022956515E-003
 -8.490020553317539E-003 -6.655305273136676E-003 -7.267737250730457E-003
52 55
 -8.120621850553632E-001  9.199106360170968E-001 -2.894819800536297E-015
  9.199106360171162E-001 -8.120621850553582E-001 -8.900622209748188E-016
 -7.415942859800850E-015 -9.812029660993815E-015  8.105872507470284E-002
52 56
 -8.120621850553721E-001  2.564680239014461E-014 -9.199106360171343E-001
  1.369008530670290E-014  8.105872507470407E-002  7.064254780100865E-015
 -9.199106360171400E-001  2.678521467125439E-014 -8.120621850553783E-001
52 57
 -1.553593238777199E-002  6.651744022947802E-003 -6.651744022953310E-003
  6.655305273136274E-003 -7.267737250726916E-003 -8.490020553322849E-003
 -6.655305273141907E-003 -8.490020553317426E-003 -7.267737250730918E-003
52 58
  1.202849407665947E-002  1.474578588040965E-002  2.585822181377928E-015
  1.474578588040613E-002  1.202849407666208E-002  1.181960362510491E-015
 -5.101171221544298E-015 -4.130810277169772E-015  3.253157945647484E-002
52 59
 -1.553593238777021E-002  6.651744022957788E-003 -6.651744022958693E-003
  6.655305273138798E-003 -7.267737250731128E-003 -8.490020553318449E-003
 -6.655305273142362E-003 -8.490020553324842E-003 -7.267737250731703E-003
52 60
  1.202849407665701E-002  6.559423143537302E-016 -1.474578588041300E-002
 -2.310212906370175E-015  3.253157945647656E-002 -7.555181441174972E-015
 -1.474578588040848E-002  3.263448539181368E-015  1.202849407665886E-002
52 61
 -8.120621850553823E-001  9.199106360171090E-001  1.544988095791844E-015
  9.199106360171514E-001 -8.120621850553575E-001 -1.671704224701087E-014
 -1.165517335421917E-015  2.916503843986007E-015  8.105872507470305E-002
52 62
 -7.267737250731405E-003  6.655305273136979E-003 -8.490020553316997E-003
  6.651744022949789E-003 -1.553593238776171E-002 -6.651744022956477E-003
 -8.490020553325069E-003 -6.655305273137993E-003 -7.267737250723322E-003
52 63
 -7.267737250735373E-003  8.490020553319528E-003 -6.655305273136423E-003
  8.490020553324446E-003 -7.267737250729633E-003 -6.655305273144319E-003
 -6.651744022944105E-003 -6.651744022954128E-003 -1.553593238776153E-002
52 64
 -8.120621850553915E-001  9.145245324915230E-015 -9.199106360171556E-001
  1.449786954856695E-014  8.105872507470524E-002  3.712940538352117E-015
 -9.199106360171381E-001  2.976134963472710E-015 -8.120621850553958E-001
53 1
  8.105872507470815E-002 -1.305514940944108E-014  1.011018525842733E-014
  4.143685177968037E-014 -8.120621850553980E-001  9.199106360171346E-001
 -3.320165865329516E-014  9.199106360171713E-001 -8.120621850553730E-001
53 2
  1.840321607972179E-002 -6.230096733644830E-015  5.603969979034451E-016
 -3.466058820164597E-015  3.044262756681723E-002 -1.807907122619579E-015
  7.619908393499686E-016  4.813518832656738E-015  1.840321607971842E-002
53 3
  3.612261808095191E-003  1.688644883646173E-015 -4.756259405422347E-015
  1.480613591800517E-015  3.460608080962807E-003  1.146067334574751E-002
 -2.524835809175618E-015  1.146067334574786E-002  3.460608080965291E-003
53 4
  1.840321607971415E-002 -2.346620077073314E-015  5.299715744380706E-015
 -1.633079522306291E-015  1.840321607971959E-002 -6.979212672196533E-015
  1.007562631417935E-014 -1.983751162469571E-015  3.044262756680853E-002
53 5
 -8.120621850553839E-001 -9.199106360171020E-001  3.012930074701436E-014
 -9.199106360171276E-001 -8.120621850553291E-001  3.038036131258054E-014
  1.616816489719008E-015  8.867757331394721E-015  8.105872507470988E-002
53 6
 -7.267737250733809E-003 -6.655305273141563E-003  8.490020553306873E-003
 -6.651744022950362E-003 -1.553593238776883E-002 -6.651744022959693E-003
  8.490020553322960E-003 -6.655305273136727E-003 -7.267737250723352E-003
53 7
 -7.267737250730717E-003 -8.490020553317316E-003  6.655305273140254E-003
 -8.490020553317639E-003 -7.267737250727747E-003 -6.655305273134074E-003
  6.651744022951269E-003 -6.651744022953866E-003 -1.553593238776672E-002
53 8
 -8.120621850553567E-001 -5.055770255571468E-015  9.199106360171034E-001
  1.569247119401207E-014  8.105872507469820E-002 -5.358669237509606E-015
  9.199106360171115E-001 -5.493516882712490E-015 -8.120621850553612E-001
53 9
 -1.553593238777864E-002 -6.651744022965102E-003 -6.651744022969103E-003
 -6.655305273137871E-003 -7.267737250719886E-003  8.490020553320092E-003
 -6.655305273137940E-003  8.490020553323378E-003 -7.267737250728193E-003
53 10
 -7.914939155046177E-003  1.237345729349082E-015  2.709827804855958E-015
  6.613633252161577E-016 -7.914939155051853E-003  5.755419470003520E-015
 -4.370690007832190E-016  3.566347521119506E-015 -7.914939155053761E-003
53 11
 -1.553593238777329E-002  6.651744022961406E-003  6.651744022954006E-003
  6.655305273135616E-003 -7.267737250732763E-003  8.490020553320269E-003
  6.655305273140023E-003  8.490020553317042E-003 -7.267737250729470E-003
53 12
  3.044262756682025E-002 -3.309527131512002E-015  7.657855469536679E-015
 -1.377614385414394E-015  1.840321607972012E-002 -5.730347294764793E-015
  4.722039274353274E-015 -2.966987007642363E-015  1.840321607972336E-002
53 13
 -7.267737250726941E-003 -8.490020553322503E-003 -6.655305273133671E-003
 -8.490020553323608E-003 -7.267737250727424E-003  6.655305273144024E-003
 -6.651744022955756E-003  6.651744022954834E-003 -1.553593238776806E-002
53 14
 -7.267737250725962E-003  6.655305273138427E-003  8.490020553329728E-003
  6.651744022951246E-003 -1.553593238777594E-002  6.651744022948368E-003
  8.490020553324679E-003  6.655305273152629E-003 -7.267737250729615E-003
53 15
  3.460608080966824E-003 -1.146067334574539E-002  2.387277658541520E-015
 -1.146067334575298E-002  3.460608080961575E-003 -3.277678692695241E-015
 -1.155691753233767E-015  3.874328700741170E-015  3.612261808094082E-003
53 16
  3.460608080960776E-003  2.913793338554793E-016  1.146067334574202E-002
  3.470463391490319E-015  3.612261808099464E-003  1.229891839413244E-015
  1.146067334575043E-002  2.254124079233144E-015  3.460608080962462E-003
53 17
 -7.267737250740656E-003 -6.655305273143897E-003 -8.490020553306858E-003
 -6.651744022952376E-003 -1.553593238776930E-002  6.651744022956179E-003
 -8.490020553321652E-003  6.655305273150831E-003 -7.267737250731677E-003
53 18
  3.460608080962428E-003  1.146067334575189E-002  7.670730370334944E-016
  1.146067334574490E-002  3.460608080961133E-003 -3.408799392930206E-015
  2.788432462361157E-016  4.777265822514254E-017  3.612261808088391E-003
53 19
  3.460608080964392E-003 -2.403540691128803E-015 -1.146067334575279E-002
 -1.309851749634050E-015  3.612261808090753E-003 -5.580253056511331E-016
 -1.146067334574871E-002  1.694065894508601E-017  3.460608080962518E-003
53 20
 -7.267737250729858E-003  8.490020553314555E-003  6.655305273137358E-003
  8.490020553323652E-003 -7.267737250729769E-003  6.655305273138955E-003
  6.651744022956202E-003  6.651744022959191E-003 -1.553593238776848E-002
53 21
  1.202849407665886E-002 -1.474578588040323E-002  1.105886215935215E-015
 -1.474578588040743E-002  1.202849407665679E-002 -7.123208273229764E-015
  2.471303326909147E-015  3.131989025767501E-015  3.253157945648211E-002
53 22
 -1.553593238775997E-002 -6.651744022947011E-003  6.651744022941882E-003
 -6.655305273140476E-003 -7.267737250736024E-003 -8.490020553320233E-003
  6.655305273140389E-003 -8.490020553318907E-003 -7.267737250725485E-003
53 23
  1.202849407665716E-002  4.391018798566293E-015  1.474578588040936E-002
 -8.299567630376536E-015  3.253157945648302E-002  5.312590645178972E-016
  1.474578588040511E-002 -4.995122696548060E-015  1.202849407666045E-002
53 24
 -1.553593238777356E-002 -6.651744022964158E-003  6.651744022955788E-003
 -6.655305273137305E-003 -7.267737250723810E-003 -8.490020553324169E-003
  6.655305273139520E-003 -8.490020553318975E-003 -7.267737250729821E-003
53 25
 -7.267737250723895E-003 -6.655305273137351E-003 -8.490020553329931E-003
 -6.651744022953232E-003 -1.553593238777543E-002  6.651744022951113E-003
 -8.490020553318243E-003  6.655305273142292E-003 -7.267737250733257E-003
53 26
 -7.267737250731327E-003  8.490020553322047E-003  6.655305273138142E-003
  8.490020553315750E-003 -7.267737250735881E-003  6.655305273143661E-003
  6.651744022951859E-003  6.651744022955427E-003 -1.553593238776818E-002
53 27
  3.460608080961571E-003 -6.749158523722265E-016 -1.146067334574479E-002
 -4.140297046179020E-016  3.612261808099735E-003  9.524038458927353E-016
 -1.146067334574746E-002 -4.064064080926133E-015  3.460608080964192E-003
53 28
  3.460608080965251E-003  1.146067334574531E-002 -8.856576496490964E-016
  1.146067334575262E-002  3.460608080966102E-003 -2.476724337771574E-015
  3.608699168482221E-015  2.367965307344122E-015  3.612261808091535E-003
53 29
  3.253157945647376E-002 -3.260060407392351E-015 -2.914470964912597E-015
  2.541098841762901E-017  1.202849407665918E-002  1.474578588041298E-002
  5.819116347637043E-015  1.474578588040747E-002  1.202849407665829E-002
53 30
  3.612261808095347E-003  2.482822974991805E-015  2.336455681706262E-015
  1.723881454251952E-015  3.460608080963488E-003 -1.146067334574442E-002
  9.703609443745265E-016 -1.146067334575643E-002  3.460608080964548E-003
53 31
 -1.266294654795582E-003 -1.519915920553117E-015  2.581756423231107E-016
 -2.412349833780247E-016 -1.266294654794857E-003 -1.333907485336072E-015
  2.856533911320402E-015  2.548552731698739E-015 -1.266294654794493E-003
53 32
  3.612261808087379E-003 -8.131516293641283E-017 -5.800481622797449E-016
 -4.000706016471511E-015  3.460608080961688E-003 -1.146067334575440E-002
  1.943093581001365E-015 -1.146067334574619E-002  3.460608080967078E-003
53 33
 -1.553593238776472E-002 -6.651744022951215E-003 -6.651744022947042E-003
 -6.655305273143029E-003 -7.267737250734387E-003  8.490020553324000E-003
 -6.655305273142639E-003  8.490020553322437E-003 -7.267737250733944E-003
53 34
  3.044262756682764E-002 -2.953773293665196E-015  2.267337793210311E-015
  2.131473708470721E-015  1.840321607971697E-002 -3.432516315453327E-015
 -8.138631370398219E-015 -5.017823179534475E-016  1.840321607971647E-002
53 35
 -1.553593238776351E-002  6.651744022947686E-003  6.651744022954177E-003
  6.655305273137129E-003 -7.267737250727328E-003  8.490020553321558E-003
  6.655305273138792E-003  8.490020553319081E-003 -7.267737250726740E-003
53 36
 -7.914939155048189E-003 -1.647309675820163E-015 -1.477225460011500E-016
 -6.090505703937321E-015 -7.914939155051341E-003  7.680217139344192E-015
  1.195671708344170E-015  2.619025872910297E-015 -7.914939155045478E-003
53 37
 -8.120621850553782E-001 -9.199106360171316E-001  1.998523417069686E-014
 -9.199106360171300E-001 -8.120621850553816E-001  1.808042647891139E-014
 -1.821798462954549E-015  2.185683817094997E-015  8.105872507471093E-002
53 38
 -8.120621850553792E-001  5.936006894358137E-016  9.199106360171340E-001
 -3.521962994683381E-015  8.105872507470815E-002 -7.478623297897669E-015
  9.199106360171380E-001 -4.584142310540273E-016 -8.120621850553814E-001
53 39
 -7.267737250725285E-003 -8.490020553324724E-003  6.655305273135305E-003
 -8.490020553320000E-003 -7.267737250726179E-003 -6.655305273135973E-003
  6.651744022954543E-003 -6.651744022952386E-003 -1.553593238777174E-002
53 40
 -7.267737250721247E-003 -6.655305273131894E-003  8.490020553326223E-003
 -6.651744022960303E-003 -1.553593238776881E-002 -6.651744022949442E-003
  8.490020553319658E-003 -6.655305273138093E-003 -7.267737250727572E-003
53 41
  8.105872507470030E-002  2.396086801192965E-015 -5.684607515613060E-015
 -2.785044330572140E-016 -8.120621850553758E-001  9.199106360171273E-001
  4.609892112136804E-015  9.199106360171315E-001 -8.120621850553775E-001
53 42
  1.840321607972149E-002  2.728123716516651E-015 -8.518440943947048E-015
  3.927183556649838E-015  1.840321607972270E-002  7.323108048781779E-015
 -8.199278929421627E-017 -3.068292148133978E-015  3.044262756682683E-002
53 43
  3.612261808095842E-003 -1.023893426640998E-015 -2.919891975775024E-015
  4.901271445992283E-015  3.460608080961176E-003  1.146067334574715E-002
  1.170599533105443E-015  1.146067334575080E-002  3.460608080965016E-003
53 44
  1.840321607971253E-002 -4.168757353206765E-015 -2.127746763502802E-015
 -6.462183761192508E-015  3.044262756681626E-002 -3.559571257541472E-015
  6.933811706223703E-015  4.645128682742583E-016  1.840321607971961E-002
53 45
 -7.267737250723111E-003 -8.490020553315379E-003 -6.655305273139389E-003
 -8.490020553316499E-003 -7.267737250738864E-003  6.655305273141641E-003
 -6.651744022946361E-003  6.651744022953090E-003 -1.553593238776972E-002
53 46
  3.460608080963245E-003  1.362028979184915E-016  1.146067334575115E-002
 -2.095559511507139E-015  3.612261808095332E-003  2.684755629617230E-015
  1.146067334575058E-002  9.961107459710572E-016  3.460608080967178E-003
53 47
  3.460608080959871E-003 -1.146067334575110E-002  1.442666515763524E-015
 -1.146067334574667E-002  3.460608080966532E-003 -8.744768147453397E-016
 -3.842819075103310E-015  1.022876987104293E-015  3.612261808089433E-003
53 48
 -7.267737250729638E-003  6.655305273132236E-003  8.490020553312133E-003
  6.651744022950491E-003 -1.553593238776600E-002  6.651744022961759E-003
  8.490020553317346E-003  6.655305273137156E-003 -7.267737250734710E-003
53 49
 -8.120621850553779E-001  2.022646915407489E-014 -9.199106360171301E-001
 -3.049657423294383E-015  8.105872507471014E-002  1.601231083489529E-014
 -9.199106360171334E-001  2.235353829121989E-014 -8.120621850553730E-001
53 50
 -8.120621850553882E-001  9.199106360171331E-001 -5.393228181757581E-015
  9.199106360171393E-001 -8.120621850553746E-001  1.517205415121903E-015
 -2.586838620914633E-015 -4.553649124439119E-015  8.105872507471222E-002
53 51
 -7.267737250723866E-003  6.655305273131116E-003 -8.490020553326321E-003
  6.651744022950323E-003 -1.553593238777437E-002 -6.651744022949155E-003
 -8.490020553322011E-003 -6.655305273141598E-003 -7.267737250723006E-003
53 52
 -7.267737250733910E-003  8.490020553313802E-003 -6.655305273128838E-003
  8.490020553317821E-003 -7.267737250738120E-003 -6.655305273136887E-003
 -6.651744022959699E-003 -6.651744022961713E-003 -1.553593238776761E-002
53 53
  6.140120841670583E+000 -3.642106147921931E-014 -1.676617015795162E-013
  3.007746233064240E-014  6.140120841670758E+000 -4.509010488118817E-014
 -8.602940950765137E-014 -3.687473232576871E-015  6.140120841670660E+000
53 54
  8.105872507470427E-002 -4.022390059921221E-015  6.808789643208968E-015
  1.796522999808481E-014 -8.120621850553768E-001 -9.199106360171225E-001
  1.832301671500502E-014 -9.199106360171260E-001 -8.120621850553851E-001
53 55
  3.253157945647411E-002 -7.878084035822797E-015  1.860761978528247E-015
  3.882121403855909E-015  1.202849407665684E-002 -1.474578588041157E-002
  3.872634634846661E-015 -1.474578588039874E-002  1.202849407666364E-002
53 56
  8.105872507470709E-002  7.760177049564998E-015  1.320558246087344E-014
  3.529078071440317E-014 -8.120621850554094E-001 -9.199106360169583E-001
  3.273477409276859E-014 -9.199106360171534E-001 -8.120621850552231E-001
53 57
 -8.120621850553279E-001 -4.160287023734222E-014 -9.199106360170400E-001
 -2.033895512947026E-015  8.105872507470163E-002  1.797403914073625E-015
 -9.199106360170709E-001 -4.029301848770817E-014 -8.120621850552819E-001
53 58
 -7.267737250735664E-003  8.490020553305919E-003 -6.655305273138934E-003
  8.490020553323485E-003 -7.267737250724712E-003 -6.655305273136960E-003
 -6.651744022950512E-003 -6.651744022946132E-003 -1.553593238776860E-002
53 59
 -7.267737250733332E-003  6.655305273138313E-003 -8.490020553315433E-003
  6.651744022955673E-003 -1.553593238776511E-002 -6.651744022957476E-003
 -8.490020553320373E-003 -6.655305273139066E-003 -7.267737250730853E-003
53 60
 -8.120621850553291E-001  9.199106360171794E-001 -1.064686533380765E-014
  9.199106360170832E-001 -8.120621850554187E-001  1.913955647615817E-015
  1.157385819128276E-015 -1.146408272131860E-014  8.105872507469476E-002
53 61
  1.202849407665365E-002  1.044222217375101E-015 -1.474578588040809E-002
 -3.543308224954189E-015  3.253157945648539E-002  2.312399946004240E-015
 -1.474578588041427E-002 -2.620719938804805E-015  1.202849407666202E-002
53 62
 -1.553593238776467E-002  6.651744022944303E-003 -6.651744022952015E-003
  6.655305273135117E-003 -7.267737250730258E-003 -8.490020553319636E-003
 -6.655305273138684E-003 -8.490020553317124E-003 -7.267737250728743E-003
53 63
  1.202849407665805E-002  1.474578588040732E-002 -1.063195755393598E-015
  1.474578588041022E-002  1.202849407665703E-002 -5.285485590866834E-017
 -2.563121698391513E-015  4.787430217881306E-016  3.253157945647391E-002
53 64
 -1.553593238777512E-002  6.651744022959506E-003 -6.651744022955260E-003
  6.655305273139313E-003 -7.267737250734696E-003 -8.490020553318437E-003
 -6.655305273137437E-003 -8.490020553317901E-003 -7.267737250724117E-003
54 1
  1.840321607972022E-002 -4.439130269970337E-015  4.502827147603861E-015
 -3.388131789017201E-016  1.840321607971620E-002  2.846030702774449E-015
 -7.422041497021081E-015 -1.959695426767549E-015  3.044262756682088E-002
54 2
  8.105872507469587E-002 -5.864178500430972E-015  4.119290629087113E-015
  4.041634648482839E-014 -8.120621850554038E-001  9.199106360170856E-001
 -4.817076371035206E-014  9.199106360171547E-001 -8.120621850553348E-001
54 3
  1.840321607971335E-002  7.543336615067897E-015 -2.389988163972734E-015
  2.422175415968397E-015  3.044262756682311E-002  2.011195029960611E-015
 -3.152317816501604E-015  3.276323439979634E-015  1.840321607972270E-002
54 4
  3.612261808092453E-003 -1.402686560653121E-016  3.774378812965162E-016
  2.455717920679668E-015  3.460608080964303E-003  1.146067334574795E-002
 -4.818939843519165E-015  1.146067334574724E-002  3.460608080964001E-003
54 5
 -8.120621850554073E-001  3.532195152686213E-014  9.199106360170899E-001
 -1.328825287652546E-015  8.105872507469657E-002 -2.654940069873879E-015
  9.199106360171503E-001 -4.903067155840463E-014 -8.120621850553299E-001
54 6
 -8.120621850553952E-001 -9.199106360171551E-001  2.608048325913881E-014
 -9.199106360171589E-001 -8.120621850554005E-001  2.991550963112738E-014
 -2.634272465960874E-015  1.615461237003402E-015  8.105872507471326E-002
54 7
 -7.267737250732064E-003 -6.655305273131181E-003  8.490020553318265E-003
 -6.651744022955240E-003 -1.553593238776827E-002 -6.651744022954782E-003
  8.490020553321591E-003 -6.655305273146667E-003 -7.267737250728826E-003
54 8
 -7.267737250733436E-003 -8.490020553313384E-003  6.655305273138555E-003
 -8.490020553323147E-003 -7.267737250722428E-003 -6.655305273141413E-003
  6.651744022949536E-003 -6.651744022957900E-003 -1.553593238776650E-002
54 9
  3.044262756682001E-002  3.758115780377880E-015 -3.428789370485408E-015
  1.180594521883044E-014  1.840321607971727E-002 -3.411509898361420E-015
  6.057640825583854E-015 -5.423382554679834E-015  1.840321607972190E-002
54 10
 -1.553593238776569E-002 -6.651744022958796E-003 -6.651744022953345E-003
 -6.655305273132667E-003 -7.267737250733544E-003  8.490020553326347E-003
 -6.655305273140093E-003  8.490020553323326E-003 -7.267737250727162E-003
54 11
 -7.914939155046544E-003  4.412025215658200E-015  4.746772636413099E-015
  4.706792681302696E-015 -7.914939155044608E-003 -5.082197683525802E-016
  7.475573979287553E-015 -2.515349040166370E-015 -7.914939155050774E-003
54 12
 -1.553593238776684E-002  6.651744022956384E-003  6.651744022956023E-003
  6.655305273145213E-003 -7.267737250721672E-003  8.490020553314213E-003
  6.655305273145133E-003  8.490020553316316E-003 -7.267737250720360E-003
54 13
  3.460608080963103E-003  1.095044194210359E-015  1.146067334575013E-002
 -1.235990476633475E-015  3.612261808091470E-003  1.965116437629977E-017
  1.146067334574963E-002 -2.051174985071014E-015  3.460608080962433E-003
54 14
 -7.267737250722087E-003 -8.490020553329503E-003 -6.655305273137305E-003
 -8.490020553315493E-003 -7.267737250736780E-003  6.655305273142579E-003
 -6.651744022958227E-003  6.651744022958299E-003 -1.553593238776685E-002
54 15
 -7.267737250726570E-003  6.655305273142522E-003  8.490020553324028E-003
  6.651744022955796E-003 -1.553593238776686E-002  6.651744022952044E-003
  8.490020553320673E-003  6.655305273140633E-003 -7.267737250728335E-003
54 16
  3.460608080966614E-003 -1.146067334574858E-002 -2.192798893851933E-015
 -1.146067334574748E-002  3.460608080964168E-003 -5.468444707473763E-016
 -2.754551144470985E-016  1.243444366569313E-016  3.612261808093544E-003
54 17
 -7.267737250734840E-003  8.490020553311236E-003  6.655305273144054E-003
  8.490020553319049E-003 -7.267737250736368E-003  6.655305273142798E-003
  6.651744022956928E-003  6.651744022960730E-003 -1.553593238777089E-002
54 18
 -7.267737250729998E-003 -6.655305273131995E-003 -8.490020553318250E-003
 -6.651744022960462E-003 -1.553593238776350E-002  6.651744022953586E-003
 -8.490020553315323E-003  6.655305273142403E-003 -7.267737250729954E-003
54 19
  3.460608080965176E-003  1.146067334575482E-002 -1.906162944501077E-015
  1.146067334574556E-002  3.460608080964863E-003 -2.845691889595547E-015
  4.323256162785949E-016  4.035264960719487E-016  3.612261808092088E-003
54 20
  3.460608080964710E-003 -3.490453369045521E-015 -1.146067334575847E-002
 -1.287490079826537E-016  3.612261808087959E-003 -1.473498515043581E-015
 -1.146067334574641E-002 -1.175342917610067E-015  3.460608080963997E-003
54 21
 -1.553593238776713E-002 -6.651744022960785E-003  6.651744022954736E-003
 -6.655305273130949E-003 -7.267737250732792E-003 -8.490020553323534E-003
  6.655305273142531E-003 -8.490020553316265E-003 -7.267737250727784E-003
54 22
  1.202849407666288E-002 -1.474578588040403E-002 -5.377642775528102E-015
 -1.474578588040484E-002  1.202849407666094E-002 -7.318364664277155E-015
  7.489126506443622E-015  8.434415275579421E-015  3.253157945648190E-002
54 23
 -1.553593238776635E-002 -6.651744022948805E-003  6.651744022949496E-003
 -6.655305273140245E-003 -7.267737250728695E-003 -8.490020553321629E-003
  6.655305273145997E-003 -8.490020553327475E-003 -7.267737250733499E-003
54 24
  1.202849407666185E-002 -3.604294597156499E-015  1.474578588041289E-002
 -3.008661028647275E-015  3.253157945647386E-002  1.517205415121903E-015
  1.474578588040586E-002  3.619541190207076E-015  1.202849407665806E-002
54 25
  3.460608080964354E-003  1.146067334574675E-002 -4.389663545850686E-015
  1.146067334574920E-002  3.460608080960955E-003 -1.087929117453423E-015
  1.808245935798480E-015  7.473879913393044E-015  3.612261808094338E-003
54 26
 -7.267737250727047E-003 -6.655305273139457E-003 -8.490020553325340E-003
 -6.651744022954247E-003 -1.553593238776891E-002  6.651744022951567E-003
 -8.490020553321395E-003  6.655305273146704E-003 -7.267737250732525E-003
54 27
 -7.267737250728357E-003  8.490020553317327E-003  6.655305273143773E-003
  8.490020553320184E-003 -7.267737250732141E-003  6.655305273144294E-003
  6.651744022953572E-003  6.651744022952806E-003 -1.553593238777309E-002
54 28
  3.460608080968213E-003  5.800481622797449E-016 -1.146067334574849E-002
 -2.927345865710862E-016  3.612261808093279E-003  3.644613365445803E-015
 -1.146067334575224E-002 -7.240437633129759E-016  3.460608080967868E-003
54 29
  3.612261808091646E-003 -9.961107459710572E-016  4.790818349670323E-016
 -1.780802068307441E-015  3.460608080963842E-003 -1.146067334574787E-002
 -3.945140655131629E-015 -1.146067334574958E-002  3.460608080962602E-003
54 30
  3.253157945647168E-002 -1.729302465114380E-015  3.499262511696966E-015
  3.235665858511427E-016  1.202849407666421E-002  1.474578588041254E-002
 -2.913793338554793E-017  1.474578588040211E-002  1.202849407665698E-002
54 31
  3.612261808090573E-003 -5.780152832063346E-016  2.324936033623604E-015
  2.364915988734007E-015  3.460608080962218E-003 -1.146067334574990E-002
  3.418624975118356E-015 -1.146067334575233E-002  3.460608080968094E-003
54 32
 -1.266294654795448E-003 -4.811147140404426E-017  4.607859233063394E-017
 -4.374078139621207E-016 -1.266294654792095E-003 -9.662951862277058E-016
  8.273817828780006E-016 -1.868554681642987E-015 -1.266294654795573E-003
54 33
 -7.914939155043512E-003 -3.367125371925295E-015  8.493368768708320E-015
 -7.457278067626860E-016 -7.914939155046229E-003  2.844336636879941E-015
  2.542115281299606E-015  5.011385729135343E-015 -7.914939155049391E-003
54 34
 -1.553593238776395E-002 -6.651744022954448E-003 -6.651744022945516E-003
 -6.655305273140746E-003 -7.267737250731311E-003  8.490020553325033E-003
 -6.655305273142150E-003  8.490020553318349E-003 -7.267737250728496E-003
54 35
  3.044262756682614E-002 -4.680365253348362E-015 -1.856696220381426E-016
 -3.231938913543508E-015  1.840321607971767E-002 -2.049819732355407E-015
 -3.273951747727322E-015 -3.942091336521514E-015  1.840321607971808E-002
54 36
 -1.553593238776253E-002  6.651744022945051E-003  6.651744022950396E-003
  6.655305273136760E-003 -7.267737250726289E-003  8.490020553316560E-003
  6.655305273145179E-003  8.490020553320951E-003 -7.267737250733527E-003
54 37
 -7.267737250727467E-003 -6.655305273137838E-003  8.490020553324061E-003
 -6.651744022956147E-003 -1.553593238777192E-002 -6.651744022955461E-003
  8.490020553320743E-003 -6.655305273137754E-003 -7.267737250725846E-003
54 38
 -8.120621850553813E-001 -9.199106360171294E-001  1.936622249284342E-014
 -9.199106360171346E-001 -8.120621850553807E-001  1.880243736315096E-014
 -5.318011656041399E-015 -9.812707287351619E-015  8.105872507470772E-002
54 39
 -8.120621850553771E-001  1.310529375991853E-015  9.199106360171232E-001
  4.244312692101848E-015  8.105872507470736E-002 -1.898370241386338E-015
  9.199106360171325E-001 -8.135243238609202E-015 -8.120621850553841E-001
54 40
 -7.267737250733017E-003 -8.490020553318425E-003  6.655305273143270E-003
 -8.490020553311769E-003 -7.267737250730863E-003 -6.655305273141962E-003
  6.651744022960574E-003 -6.651744022946816E-003 -1.553593238777675E-002
54 41
  1.840321607971706E-002  4.107770981004455E-015 -6.398148070380083E-015
 -5.198410603889092E-015  3.044262756682290E-002 -9.730714498057402E-016
 -3.256672275603334E-015 -2.842303757806530E-015  1.840321607971746E-002
54 42
  8.105872507470341E-002  4.573977915173222E-015 -5.905513708256982E-015
  1.310529375991853E-015 -8.120621850553730E-001  9.199106360171281E-001
 -4.419479105594037E-015  9.199106360171301E-001 -8.120621850553771E-001
54 43
  1.840321607971295E-002 -1.682546246425942E-015 -1.002887009549092E-015
  1.924458856161770E-016  1.840321607971506E-002 -1.048287975521922E-015
  3.846546020071229E-015 -7.345469718589293E-016  3.044262756683285E-002
54 44
  3.612261808090792E-003  2.874491009802194E-015  2.108773225484306E-015
 -4.871455886248932E-015  3.460608080965606E-003  1.146067334575405E-002
  2.318837396403373E-015  1.146067334574518E-002  3.460608080964247E-003
54 45
 -7.267737250731248E-003  6.655305273139074E-003  8.490020553317091E-003
  6.651744022943388E-003 -1.553593238776776E-002  6.651744022950984E-003
  8.490020553322368E-003  6.655305273144932E-003 -7.267737250732899E-003
54 46
 -7.267737250734937E-003 -8.490020553313594E-003 -6.655305273137597E-003
 -8.490020553327593E-003 -7.267737250733777E-003  6.655305273139659E-003
 -6.651744022945565E-003  6.651744022956351E-003 -1.553593238776953E-002
54 47
  3.460608080959709E-003 -8.538092108323347E-017  1.146067334574773E-002
 -1.075731843012961E-015  3.612261808094324E-003  4.248039637069767E-015
  1.146067334574707E-002  9.510485931771284E-016  3.460608080965173E-003
54 48
  3.460608080963069E-003 -1.146067334574961E-002 -3.873989887562268E-015
 -1.146067334575096E-002  3.460608080965226E-003  3.090315004762589E-015
  8.473717604332021E-016  1.247848937895035E-015  3.612261808089426E-003
54 49
 -7.267737250727502E-003  8.490020553320972E-003 -6.655305273139836E-003
  8.490020553318363E-003 -7.267737250728337E-003 -6.655305273139614E-003
 -6.651744022957107E-003 -6.651744022958398E-003 -1.553593238777573E-002
54 50
 -8.120621850553835E-001  2.155698850762194E-014 -9.199106360171272E-001
  8.896895264780269E-015  8.105872507470782E-002  2.822991406609132E-015
 -9.199106360171319E-001  1.393572486140665E-014 -8.120621850553766E-001
54 51
 -8.120621850552869E-001  9.199106360170737E-001 -1.208038389374083E-014
  9.199106360170666E-001 -8.120621850553239E-001  2.017293667180842E-015
  1.453847350667281E-015 -2.063711072690377E-015  8.105872507471465E-002
54 52
 -7.267737250728665E-003  6.655305273141995E-003 -8.490020553312310E-003
  6.651744022956707E-003 -1.553593238777175E-002 -6.651744022955630E-003
 -8.490020553318243E-003 -6.655305273140948E-003 -7.267737250728926E-003
54 53
  8.105872507470276E-002  2.920569602132828E-015  3.943107776058219E-015
  2.609064765450586E-014 -8.120621850553807E-001 -9.199106360171232E-001
  1.479088932495459E-014 -9.199106360171350E-001 -8.120621850553715E-001
54 54
  6.140120841670458E+000  2.150691191978027E-013 -9.819009212479191E-014
  2.168468719475000E-013  6.140120841670459E+000 -9.682162569520786E-014
  2.529850244223364E-014  2.976355192038996E-014  6.140120841670440E+000
54 55
  8.105872507470249E-002 -6.847414345603764E-015 -5.721199338934446E-015
 -4.543484729072067E-014 -8.120621850553345E-001 -9.199106360170427E-001
 -5.147453101782273E-014 -9.199106360170826E-001 -8.120621850552848E-001
54 56
  3.253157945647071E-002  1.244121992927116E-015  3.022213555803344E-015
 -2.602085213965211E-015  1.202849407665659E-002 -1.474578588040792E-002
 -3.684254507377305E-015 -1.474578588041059E-002  1.202849407665280E-002
54 57
 -8.120621850553302E-001  9.199106360170572E-001 -2.785044330572140E-015
  9.199106360170697E-001 -8.120621850552954E-001 -5.646999252754970E-015
 -2.297153352953663E-016  2.005774019098183E-016  8.105872507470643E-002
54 58
 -8.120621850553366E-001 -4.793528855101536E-014 -9.199106360170436E-001
 -7.808966147326846E-015  8.105872507470152E-002 -2.197542278356557E-015
 -9.199106360170829E-001 -5.173033496789353E-014 -8.120621850552883E-001
54 59
 -7.267737250727502E-003  8.490020553318541E-003 -6.655305273138280E-003
  8.490020553318513E-003 -7.267737250724027E-003 -6.655305273138763E-003
 -6.651744022956495E-003 -6.651744022952044E-003 -1.553593238777388E-002
54 60
 -7.267737250731736E-003  6.655305273138064E-003 -8.490020553311519E-003
  6.651744022942899E-003 -1.553593238775825E-002 -6.651744022943842E-003
 -8.490020553321657E-003 -6.655305273135174E-003 -7.267737250725056E-003
54 61
 -1.553593238777138E-002  6.651744022955484E-003 -6.651744022954728E-003
  6.655305273137905E-003 -7.267737250727309E-003 -8.490020553313061E-003
 -6.655305273136666E-003 -8.490020553317105E-003 -7.267737250727689E-003
54 62
  1.202849407666141E-002  4.248717263427571E-016 -1.474578588041007E-002
  1.082508106590996E-015  3.253157945646903E-002 -1.256319267367578E-015
 -1.474578588040921E-002 -2.098270016938353E-015  1.202849407665161E-002
54 63
 -1.553593238775801E-002  6.651744022948161E-003 -6.651744022943709E-003
  6.655305273139685E-003 -7.267737250730909E-003 -8.490020553313287E-003
 -6.655305273143872E-003 -8.490020553315393E-003 -7.267737250728781E-003
54 64
  1.202849407666586E-002  1.474578588040162E-002 -2.505862271157122E-015
  1.474578588040180E-002  1.202849407665939E-002  5.556536133988210E-016
 -1.473837328222483E-016 -1.185846126156020E-016  3.253157945647545E-002
55 1
  3.612261808090155E-003  2.751163012681968E-016  4.011548038196366E-015
  1.990866239226508E-015  3.460608080961001E-003  1.146067334575004E-002
 -3.949884039636253E-015  1.146067334575120E-002  3.460608080961919E-003
55 2
  1.840321607971780E-002  7.528428835196221E-016 -1.681868620068139E-015
  4.764390921715989E-015  1.840321607971574E-002  4.361542052001843E-015
 -4.254477087468900E-015  1.383713022634625E-015  3.044262756682194E-002
55 3
  8.105872507469954E-002  6.060690144193970E-015 -3.625301014248405E-015
  5.081181243989097E-015 -8.120621850554088E-001  9.199106360171532E-001
 -8.023096076392733E-015  9.199106360171467E-001 -8.120621850553942E-001
55 4
  1.840321607972212E-002 -3.793352350983659E-015 -1.833656924216109E-015
  1.403364187010925E-014  3.044262756681652E-002  1.659845763439527E-015
 -4.160287023734222E-015 -1.186184939334922E-015  1.840321607972366E-002
55 5
 -7.267737250734983E-003 -8.490020553317495E-003  6.655305273139167E-003
 -8.490020553325289E-003 -7.267737250727106E-003 -6.655305273153920E-003
  6.651744022952155E-003 -6.651744022952719E-003 -1.553593238777312E-002
55 6
 -8.120621850553942E-001  2.690176640479658E-016  9.199106360170800E-001
 -9.062236096084308E-015  8.105872507470870E-002 -5.755419470003520E-015
  9.199106360171486E-001 -1.826203034280272E-016 -8.120621850553286E-001
55 7
 -8.120621850553958E-001 -9.199106360171516E-001  3.583084892157251E-014
 -9.199106360171513E-001 -8.120621850553990E-001  3.667246085796438E-014
 -3.102512279203051E-015 -9.786618672576186E-015  8.105872507470620E-002
55 8
 -7.267737250724762E-003 -6.655305273143897E-003  8.490020553313217E-003
 -6.651744022949114E-003 -1.553593238776256E-002 -6.651744022951466E-003
  8.490020553317325E-003 -6.655305273138885E-003 -7.267737250722275E-003
55 9
 -1.553593238776211E-002  6.651744022953888E-003  6.651744022953017E-003
  6.655305273135464E-003 -7.267737250730752E-003  8.490020553319082E-003
  6.655305273137757E-003  8.490020553317970E-003 -7.267737250732186E-003
55 10
  3.044262756681852E-002  1.661539829334036E-015 -4.465557697924671E-016
  2.669847849745555E-016  1.840321607972036E-002  5.265834426490534E-015
 -3.243458561626167E-015  4.243635065744045E-015  1.840321607971703E-002
55 11
 -1.553593238776955E-002 -6.651744022952128E-003 -6.651744022960600E-003
 -6.655305273146480E-003 -7.267737250731663E-003  8.490020553312402E-003
 -6.655305273138131E-003  8.490020553319792E-003 -7.267737250730159E-003
55 12
 -7.914939155044317E-003 -4.275144691381905E-015 -5.543661233189945E-015
 -7.620924833036391E-015 -7.914939155046553E-003 -2.157562323246154E-015
  3.725250902024413E-015 -6.766776809025155E-015 -7.914939155044841E-003
55 13
  3.460608080963407E-003 -1.146067334575333E-002  3.279711571768651E-016
 -1.146067334575285E-002  3.460608080969627E-003  3.842480261924408E-015
  2.940559579688029E-015  9.612129885441800E-016  3.612261808092839E-003
55 14
  3.460608080965367E-003  1.325437155863529E-015  1.146067334574905E-002
 -4.931764632093438E-015  3.612261808090132E-003  9.107298248878237E-016
  1.146067334574994E-002  7.064254780100865E-016  3.460608080962798E-003
55 15
 -7.267737250727361E-003 -8.490020553325277E-003 -6.655305273136318E-003
 -8.490020553323728E-003 -7.267737250730538E-003  6.655305273137345E-003
 -6.651744022951998E-003  6.651744022954839E-003 -1.553593238776719E-002
55 16
 -7.267737250725354E-003  6.655305273140709E-003  8.490020553321787E-003
  6.651744022953619E-003 -1.553593238777072E-002  6.651744022950435E-003
  8.490020553318650E-003  6.655305273137584E-003 -7.267737250730812E-003
55 17
  3.460608080960476E-003  2.164338586824188E-015 -1.146067334574953E-002
  4.166724474133354E-015  3.612261808086703E-003  2.043382281956274E-015
 -1.146067334575405E-002  5.133019660361060E-016  3.460608080963472E-003
55 18
 -7.267737250731333E-003  8.490020553321624E-003  6.655305273137825E-003
  8.490020553321844E-003 -7.267737250731980E-003  6.655305273141384E-003
  6.651744022959582E-003  6.651744022954270E-003 -1.553593238776499E-002
55 19
 -7.267737250724830E-003 -6.655305273141059E-003 -8.490020553315450E-003
 -6.651744022955725E-003 -1.553593238777093E-002  6.651744022956676E-003
 -8.490020553320028E-003  6.655305273136992E-003 -7.267737250732918E-003
55 20
  3.460608080958701E-003  1.146067334574831E-002 -2.757261649902198E-015
  1.146067334574771E-002  3.460608080967111E-003  7.010044671476590E-016
 -7.267542687441897E-016  7.284144533208081E-015  3.612261808098809E-003
55 21
  1.202849407666184E-002  5.106592232406726E-015  1.474578588040615E-002
 -1.331400267812199E-014  3.253157945647742E-002 -2.764715539838036E-015
  1.474578588040730E-002  1.035413074723657E-015  1.202849407665816E-002
55 22
 -1.553593238776653E-002 -6.651744022947092E-003  6.651744022960872E-003
 -6.655305273143114E-003 -7.267737250731996E-003 -8.490020553315238E-003
  6.655305273138144E-003 -8.490020553316107E-003 -7.267737250726661E-003
55 23
  1.202849407665993E-002 -1.474578588040815E-002 -3.179422870813742E-015
 -1.474578588040779E-002  1.202849407666031E-002 -7.118464888725140E-016
  1.031957180298859E-014  1.927846987950788E-015  3.253157945647612E-002
55 24
 -1.553593238776714E-002 -6.651744022956983E-003  6.651744022952757E-003
 -6.655305273143188E-003 -7.267737250725805E-003 -8.490020553329435E-003
  6.655305273135524E-003 -8.490020553324779E-003 -7.267737250727340E-003
55 25
  3.460608080964689E-003  2.882622526095835E-015 -1.146067334575110E-002
 -5.124549330888517E-015  3.612261808094597E-003  9.956364075205948E-015
 -1.146067334575074E-002  7.589415207398531E-017  3.460608080966356E-003
55 26
  3.460608080962431E-003  1.146067334574679E-002 -1.603941588920743E-015
  1.146067334575177E-002  3.460608080962465E-003 -1.194655268807465E-015
  2.708133738961449E-015  2.942253645582538E-015  3.612261808095540E-003
55 27
 -7.267737250732747E-003 -6.655305273145186E-003 -8.490020553324160E-003
 -6.651744022949083E-003 -1.553593238777863E-002  6.651744022936068E-003
 -8.490020553318099E-003  6.655305273145976E-003 -7.267737250728796E-003
55 28
 -7.267737250734194E-003  8.490020553316787E-003  6.655305273143139E-003
  8.490020553322030E-003 -7.267737250726740E-003  6.655305273143398E-003
  6.651744022953519E-003  6.651744022945921E-003 -1.553593238777309E-002
55 29
 -1.266294654796203E-003  2.237522233466960E-015  1.976636085712635E-015
 -8.233160247311799E-017 -1.266294654795397E-003  3.754050022231059E-016
 -1.865505363032871E-015  9.083581326355117E-016 -1.266294654794877E-003
55 30
  3.612261808092030E-003 -9.540979117872439E-016  2.027458062547893E-015
  1.366094737331736E-015  3.460608080975224E-003 -1.146067334575413E-002
  3.415236843329339E-016 -1.146067334575395E-002  3.460608080962908E-003
55 31
  3.253157945646851E-002 -6.657001339060997E-015 -7.724940478959219E-016
  4.034248521182782E-015  1.202849407665950E-002  1.474578588041284E-002
 -7.234000182730627E-015  1.474578588040801E-002  1.202849407665373E-002
55 32
  3.612261808089605E-003 -2.700341035846709E-015  1.802486111757151E-016
  3.376273327755641E-015  3.460608080963253E-003 -1.146067334575111E-002
 -1.809940001692989E-015 -1.146067334575402E-002  3.460608080966484E-003
55 33
 -1.553593238776895E-002  6.651744022948532E-003  6.651744022962658E-003
  6.655305273140115E-003 -7.267737250734170E-003  8.490020553315908E-003
  6.655305273139445E-003  8.490020553323624E-003 -7.267737250729636E-003
55 34
 -7.914939155043960E-003 -4.042718850655325E-015  1.318593129649714E-014
 -1.474176141401384E-015 -7.914939155047575E-003 -2.270048298641525E-016
 -2.876523888875604E-016 -1.061501689499089E-015 -7.914939155048175E-003
55 35
 -1.553593238776469E-002 -6.651744022959725E-003 -6.651744022947320E-003
 -6.655305273144051E-003 -7.267737250717582E-003  8.490020553328183E-003
 -6.655305273137703E-003  8.490020553317115E-003 -7.267737250725472E-003
55 36
  3.044262756683126E-002 -3.128600893978484E-015 -3.822490284369207E-015
 -4.985635927538812E-015  1.840321607971828E-002  1.636128840916407E-015
  4.371028821011091E-015 -1.093350128315851E-015  1.840321607971470E-002
55 37
 -7.267737250730500E-003 -8.490020553317094E-003  6.655305273143098E-003
 -8.490020553312176E-003 -7.267737250732903E-003 -6.655305273138332E-003
  6.651744022952912E-003 -6.651744022954752E-003 -1.553593238776304E-002
55 38
 -7.267737250733593E-003 -6.655305273142239E-003  8.490020553321268E-003
 -6.651744022945849E-003 -1.553593238777477E-002 -6.651744022938649E-003
  8.490020553320274E-003 -6.655305273139741E-003 -7.267737250729215E-003
55 39
 -8.120621850552963E-001 -9.199106360170791E-001 -7.163865854697971E-015
 -9.199106360170493E-001 -8.120621850553313E-001  1.209901861858043E-015
  3.171291354520100E-016 -5.138440671223488E-015  8.105872507470688E-002
55 40
 -8.120621850553715E-001  8.338192332771333E-016  9.199106360171337E-001
  8.001750846121924E-015  8.105872507470904E-002 -8.240614137247637E-015
  9.199106360171289E-001  1.450798032057166E-015 -8.120621850553807E-001
55 41
  3.612261808091667E-003 -1.823492528849058E-015 -2.339843813495279E-015
 -1.267838915450237E-015  3.460608080968007E-003  1.146067334574976E-002
 -3.032377951170395E-016  1.146067334575123E-002  3.460608080963277E-003
55 42
  1.840321607971154E-002 -7.426784881525705E-016 -1.535501326782596E-015
 -4.584142310540273E-016  3.044262756681395E-002 -2.103352214621879E-015
 -2.180940432590373E-015 -2.318498583224471E-015  1.840321607971833E-002
55 43
  8.105872507470092E-002 -3.469446951953614E-016 -3.320369153236857E-017
  2.679334618754803E-015 -8.120621850553261E-001  9.199106360170360E-001
 -8.673617379884035E-017  9.199106360170857E-001 -8.120621850552879E-001
55 44
  1.840321607971820E-002  3.937009138837988E-015 -1.107241468650821E-015
  4.884669600226099E-015  1.840321607972075E-002 -8.089842272636372E-015
  6.115239065997147E-015  1.912939208079112E-015  3.044262756681380E-002
55 45
  3.460608080960474E-003 -1.146067334574697E-002 -1.179069862577986E-015
 -1.146067334575332E-002  3.460608080963829E-003  3.397618558026450E-015
 -6.020710189083567E-016  4.967340015878119E-015  3.612261808092123E-003
55 46
 -7.267737250736913E-003  6.655305273136862E-003  8.490020553318328E-003
  6.651744022938878E-003 -1.553593238777270E-002  6.651744022952133E-003
  8.490020553324486E-003  6.655305273141335E-003 -7.267737250734409E-003
55 47
 -7.267737250730232E-003 -8.490020553315285E-003 -6.655305273136723E-003
 -8.490020553320939E-003 -7.267737250729277E-003  6.655305273138960E-003
 -6.651744022953111E-003  6.651744022955088E-003 -1.553593238776977E-002
55 48
  3.460608080960925E-003  4.171467858637978E-015  1.146067334575289E-002
  1.359657286932603E-015  3.612261808091462E-003  3.124196322652761E-015
  1.146067334574933E-002  2.796902791833700E-015  3.460608080966465E-003
55 49
 -7.267737250724726E-003  6.655305273139473E-003 -8.490020553315290E-003
  6.651744022962669E-003 -1.553593238776438E-002 -6.651744022960889E-003
 -8.490020553317358E-003 -6.655305273139941E-003 -7.267737250726947E-003
55 50
 -7.267737250724335E-003  8.490020553318866E-003 -6.655305273140301E-003
  8.490020553324606E-003 -7.267737250724239E-003 -6.655305273145878E-003
 -6.651744022953631E-003 -6.651744022955004E-003 -1.553593238777428E-002
55 51
 -8.120621850553869E-001  2.539845233000965E-014 -9.199106360171384E-001
  6.053575067437034E-015  8.105872507470763E-002 -8.263653433412954E-016
 -9.199106360171402E-001  1.921985519955788E-014 -8.120621850553802E-001
55 52
 -8.120621850553691E-001  9.199106360171141E-001 -6.303958006645405E-015
  9.199106360171289E-001 -8.120621850553544E-001 -7.707999820014133E-016
 -3.025940500771263E-015 -2.293765221164645E-016  8.105872507470502E-002
55 53
  3.253157945647386E-002 -2.862293735361732E-015  3.666636222074415E-015
  1.734723475976807E-015  1.202849407665742E-002 -1.474578588041228E-002
 -5.085247002135918E-015 -1.474578588040840E-002  1.202849407666044E-002
55 54
  8.105872507470301E-002  1.666960840196463E-016  1.260385025514399E-015
 -4.676841596287784E-014 -8.120621850553366E-001 -9.199106360170226E-001
 -6.289185752045290E-014 -9.199106360170675E-001 -8.120621850552900E-001
55 55
  6.140120841670427E+000 -1.005258701801404E-014 -8.948530393244891E-014
 -7.100795781445415E-014  6.140120841670372E+000 -6.534435671593300E-014
  7.701460725661330E-014  1.047654394877376E-013  6.140120841670399E+000
55 56
  8.105872507470770E-002 -2.461138931542095E-015  2.701018662204513E-015
 -1.220405070403996E-015 -8.120621850553691E-001 -9.199106360171114E-001
 -7.527073582480615E-015 -9.199106360171214E-001 -8.120621850553622E-001
55 57
 -7.267737250734199E-003  6.655305273135992E-003 -8.490020553317859E-003
  6.651744022940565E-003 -1.553593238777120E-002 -6.651744022951683E-003
 -8.490020553317141E-003 -6.655305273145490E-003 -7.267737250726711E-003
55 58
 -8.120621850553718E-001  9.199106360171097E-001 -4.882297907973787E-015
  9.199106360171218E-001 -8.120621850553712E-001  3.288520714420096E-015
 -1.091656062421342E-015 -3.168919662267788E-015  8.105872507470285E-002
55 59
 -8.120621850553372E-001 -3.745850743301637E-014 -9.199106360170396E-001
  1.696776399939814E-015  8.105872507471799E-002 -5.707307998599476E-015
 -9.199106360170921E-001 -5.459025701100295E-014 -8.120621850552855E-001
55 60
 -7.267737250732411E-003  8.490020553318293E-003 -6.655305273137515E-003
  8.490020553307486E-003 -7.267737250738924E-003 -6.655305273144917E-003
 -6.651744022954112E-003 -6.651744022959604E-003 -1.553593238777267E-002
55 61
  1.202849407666038E-002  1.474578588040856E-002 -1.491455613525372E-015
  1.474578588041220E-002  1.202849407665364E-002 -6.345970840829218E-016
 -2.152818938741530E-015 -7.853689486941873E-016  3.253157945647658E-002
55 62
 -1.553593238776805E-002  6.651744022956641E-003 -6.651744022956449E-003
  6.655305273141100E-003 -7.267737250728186E-003 -8.490020553319585E-003
 -6.655305273134876E-003 -8.490020553315625E-003 -7.267737250725451E-003
55 63
  1.202849407666866E-002  1.202786785101106E-015 -1.474578588040806E-002
 -4.716957076669748E-015  3.253157945647697E-002 -4.300894492978435E-015
 -1.474578588040776E-002 -7.203168183450570E-016  1.202849407665619E-002
55 64
 -1.553593238776822E-002  6.651744022952343E-003 -6.651744022953914E-003
  6.655305273139845E-003 -7.267737250739080E-003 -8.490020553314569E-003
 -6.655305273137312E-003 -8.490020553313066E-003 -7.267737250732048E-003
56 1
  1.840321607972230E-002 -4.187053264867457E-015  2.013227909034021E-015
 -1.449103966162657E-015  3.044262756684127E-002 -5.309202513389955E-016
  4.803015624110785E-015  1.265467223197925E-015  1.840321607971567E-002
56 2
  3.612261808096580E-003  4.774555317083040E-015 -3.883476656571516E-015
  3.653422508097248E-015  3.460608080968681E-003  1.146067334574568E-002
 -2.577351851905385E-015  1.146067334574873E-002  3.460608080962031E-003
56 3
  1.840321607972651E-002  2.541098841762901E-015 -2.310705880109731E-015
  2.713554749823877E-015  1.840321607972608E-002 -1.017794789420767E-015
 -3.471818644205926E-015  2.064727512227083E-015  3.044262756681796E-002
56 4
  8.105872507469702E-002 -6.877907531704919E-016 -2.339166187137476E-015
 -5.143726156814354E-014 -8.120621850553844E-001  9.199106360171355E-001
  5.492364917904224E-014  9.199106360171457E-001 -8.120621850553831E-001
56 5
 -7.267737250725534E-003 -6.655305273141301E-003  8.490020553323589E-003
 -6.651744022947804E-003 -1.553593238777681E-002 -6.651744022952963E-003
  8.490020553322914E-003 -6.655305273139584E-003 -7.267737250716094E-003
56 6
 -7.267737250722336E-003 -8.490020553311856E-003  6.655305273141499E-003
 -8.490020553318781E-003 -7.267737250730248E-003 -6.655305273143165E-003
  6.651744022960347E-003 -6.651744022962000E-003 -1.553593238776763E-002
56 7
 -8.120621850553925E-001 -9.162185983860316E-015  9.199106360170776E-001
  3.049318610115481E-018  8.105872507471194E-002 -1.931235119739805E-016
  9.199106360171461E-001  6.620409515739611E-015 -8.120621850553394E-001
56 8
 -8.120621850553862E-001 -9.199106360171414E-001  3.191620145254204E-014
 -9.199106360171551E-001 -8.120621850553844E-001  4.195252543796879E-014
 -1.743193805449350E-015  3.477239655068354E-015  8.105872507469918E-002
56 9
 -7.914939155045712E-003 -4.187730891225261E-016 -1.915649713510326E-015
 -7.157428404298838E-015 -7.914939155052507E-003  2.933783316109995E-015
 -5.229920229526952E-015 -3.213304188703914E-015 -7.914939155041200E-003
56 10
 -1.553593238777072E-002  6.651744022955519E-003  6.651744022955923E-003
  6.655305273136868E-003 -7.267737250731159E-003  8.490020553325189E-003
  6.655305273142972E-003  8.490020553313859E-003 -7.267737250738542E-003
56 11
  3.044262756681495E-002 -7.806933268253435E-015 -6.426608377407828E-015
 -2.094543071970434E-015  1.840321607972382E-002  2.072859028520724E-015
  2.868053559403061E-015  2.113177796810028E-015  1.840321607972463E-002
56 12
 -1.553593238776685E-002 -6.651744022955584E-003 -6.651744022956589E-003
 -6.655305273142256E-003 -7.267737250726330E-003  8.490020553316484E-003
 -6.655305273138673E-003  8.490020553319587E-003 -7.267737250724358E-003
56 13
 -7.267737250735978E-003  6.655305273138712E-003  8.490020553320314E-003
  6.651744022954034E-003 -1.553593238777920E-002  6.651744022953317E-003
  8.490020553320836E-003  6.655305273144093E-003 -7.267737250735989E-003
56 14
  3.460608080954523E-003 -1.146067334574335E-002  1.750986508564090E-015
 -1.146067334574789E-002  3.460608080957681E-003 -2.427257613651923E-015
  3.968857577654750E-015  1.568366205136063E-015  3.612261808093886E-003
56 15
  3.460608080965140E-003  3.779799823827590E-015  1.146067334574499E-002
  1.931235119739805E-015  3.612261808093313E-003  2.053546677323326E-015
  1.146067334575165E-002  7.995991022080595E-016  3.460608080967461E-003
56 16
 -7.267737250735881E-003 -8.490020553322389E-003 -6.655305273139353E-003
 -8.490020553318987E-003 -7.267737250730643E-003  6.655305273145150E-003
 -6.651744022964069E-003  6.651744022953135E-003 -1.553593238776673E-002
56 17
  3.460608080957610E-003  1.146067334575308E-002  9.852687242462022E-016
  1.146067334574562E-002  3.460608080958949E-003  1.853985714950213E-015
 -1.327808848115841E-015  1.066583887182615E-015  3.612261808087765E-003
56 18
  3.460608080962078E-003  2.991042743344385E-015 -1.146067334574670E-002
 -1.514156096511787E-015  3.612261808093857E-003  4.076261355366595E-015
 -1.146067334574795E-002 -2.043382281956274E-015  3.460608080960921E-003
56 19
 -7.267737250720285E-003  8.490020553312027E-003  6.655305273142227E-003
  8.490020553314815E-003 -7.267737250732469E-003  6.655305273145543E-003
  6.651744022966530E-003  6.651744022962119E-003 -1.553593238776478E-002
56 20
 -7.267737250720054E-003 -6.655305273140934E-003 -8.490020553323437E-003
 -6.651744022952150E-003 -1.553593238777430E-002  6.651744022952452E-003
 -8.490020553321287E-003  6.655305273139712E-003 -7.267737250733823E-003
56 21
 -1.553593238777241E-002 -6.651744022950171E-003  6.651744022962510E-003
 -6.655305273141717E-003 -7.267737250727372E-003 -8.490020553323589E-003
  6.655305273140758E-003 -8.490020553321811E-003 -7.267737250719192E-003
56 22
  1.202849407665582E-002  1.507041019754851E-015  1.474578588040648E-002
 -6.689527404235562E-015  3.253157945647537E-002 -2.959871930885427E-015
  1.474578588041106E-002 -1.029992063861229E-016  1.202849407665688E-002
56 23
 -1.553593238776825E-002 -6.651744022952015E-003  6.651744022953478E-003
 -6.655305273140765E-003 -7.267737250725300E-003 -8.490020553318272E-003
  6.655305273140346E-003 -8.490020553310194E-003 -7.267737250731492E-003
56 24
  1.202849407665851E-002 -1.474578588041284E-002 -5.269222558279552E-015
 -1.474578588040619E-002  1.202849407666126E-002  6.674619624363887E-017
  9.172350379227368E-015 -3.426078865054194E-015  3.253157945647786E-002
56 25
 -7.267737250737863E-003  8.490020553319880E-003  6.655305273140374E-003
  8.490020553319553E-003 -7.267737250734826E-003  6.655305273141763E-003
  6.651744022953329E-003  6.651744022951716E-003 -1.553593238777323E-002
56 26
  3.460608080962779E-003  1.271227047239254E-015 -1.146067334574326E-002
  8.470329472543003E-016  3.612261808096013E-003  3.817408086685681E-015
 -1.146067334574652E-002 -2.290377089375628E-015  3.460608080960663E-003
56 27
  3.460608080953615E-003  1.146067334574369E-002 -1.474514954580286E-015
  1.146067334574738E-002  3.460608080964270E-003  1.633418335485193E-015
 -7.057478516522830E-016  6.187745086282115E-015  3.612261808097113E-003
56 28
 -7.267737250736934E-003 -6.655305273145834E-003 -8.490020553315518E-003
 -6.651744022954863E-003 -1.553593238776897E-002  6.651744022950507E-003
 -8.490020553323107E-003  6.655305273136554E-003 -7.267737250725613E-003
56 29
  3.612261808093830E-003  3.328500669530499E-015  1.485356976305141E-015
 -2.090477313823613E-015  3.460608080964912E-003 -1.146067334574657E-002
  1.517883041479706E-015 -1.146067334575721E-002  3.460608080963243E-003
56 30
 -1.266294654796176E-003 -6.071532165918825E-016 -3.184843881676169E-017
 -1.694743520866404E-015 -1.266294654793152E-003  1.158063445486079E-015
  1.602925149384038E-015  6.552646879959267E-016 -1.266294654797425E-003
56 31
  3.612261808090176E-003 -8.185726402265558E-015  6.071532165918825E-016
  2.444875898954812E-015  3.460608080966567E-003 -1.146067334574652E-002
 -2.997819006922420E-015 -1.146067334575166E-002  3.460608080956533E-003
56 32
  3.253157945646933E-002 -5.371544138307871E-015  1.418949593240404E-015
  1.944448833716972E-015  1.202849407665827E-002  1.474578588040141E-002
 -4.815212898551247E-015  1.474578588040963E-002  1.202849407666833E-002
56 33
  3.044262756682784E-002 -9.961107459710572E-017  3.159094080079639E-015
  3.634787783257654E-015  1.840321607971879E-002  1.177036983504576E-015
  1.761828530288945E-016 -4.814535272193443E-016  1.840321607971838E-002
56 34
 -1.553593238776937E-002  6.651744022948956E-003  6.651744022966236E-003
  6.655305273140883E-003 -7.267737250728001E-003  8.490020553316251E-003
  6.655305273143381E-003  8.490020553326549E-003 -7.267737250726892E-003
56 35
 -7.914939155046423E-003 -4.481820730511954E-015  1.101955983059955E-014
  3.363398426957376E-015 -7.914939155050446E-003  6.430674135554648E-016
  1.055504696232529E-014  2.312399946004240E-015 -7.914939155047891E-003
56 36
 -1.553593238777539E-002 -6.651744022954557E-003 -6.651744022957752E-003
 -6.655305273143021E-003 -7.267737250735200E-003  8.490020553324117E-003
 -6.655305273141168E-003  8.490020553315228E-003 -7.267737250735973E-003
56 37
 -8.120621850553726E-001  1.135024149320762E-015  9.199106360171436E-001
 -1.434196186290981E-015  8.105872507471421E-002 -1.104530963219608E-014
  9.199106360171165E-001 -2.514332600629665E-015 -8.120621850553922E-001
56 38
 -7.267737250735011E-003 -8.490020553320116E-003  6.655305273143921E-003
 -8.490020553320524E-003 -7.267737250726331E-003 -6.655305273143582E-003
  6.651744022951510E-003 -6.651744022943879E-003 -1.553593238776840E-002
56 39
 -7.267737250736578E-003 -6.655305273140474E-003  8.490020553317251E-003
 -6.651744022956896E-003 -1.553593238777368E-002 -6.651744022954321E-003
  8.490020553308528E-003 -6.655305273138352E-003 -7.267737250732934E-003
56 40
 -8.120621850553628E-001 -9.199106360170949E-001  5.419249033897233E-014
 -9.199106360171149E-001 -8.120621850553612E-001  6.170194563615006E-014
 -9.103910117089220E-015 -8.564858349456583E-015  8.105872507470410E-002
56 41
  1.840321607971798E-002  3.163837464584263E-015 -1.878380263831136E-015
  9.252987915805977E-016  1.840321607972340E-002 -1.082508106590996E-015
  2.139605224764363E-015 -4.254477087468900E-015  3.044262756682015E-002
56 42
  3.612261808091332E-003 -9.615518017230817E-016 -3.420657854191766E-015
  2.302574363816090E-015  3.460608080968953E-003  1.146067334574990E-002
 -4.096251332921796E-016  1.146067334574962E-002  3.460608080960792E-003
56 43
  1.840321607972140E-002  6.104058231093390E-015 -3.073035532638602E-015
 -3.755744088125568E-015  3.044262756682302E-002 -1.694065894508601E-015
 -4.617346002072642E-015  2.461138931542095E-015  1.840321607972033E-002
56 44
  8.105872507470172E-002 -2.305962495605107E-015 -6.606179362225739E-015
 -7.671069183513846E-015 -8.120621850554108E-001  9.199106360171249E-001
  1.110629600439839E-015  9.199106360171362E-001 -8.120621850553802E-001
56 45
  3.460608080966667E-003  1.064551008109205E-015  1.146067334574932E-002
 -1.759795651215534E-015  3.612261808094723E-003  2.371692252312041E-015
  1.146067334574983E-002  2.277163375398461E-015  3.460608080963537E-003
56 46
  3.460608080961322E-003 -1.146067334575358E-002 -2.732867101021275E-015
 -1.146067334574431E-002  3.460608080965740E-003  3.097091268340624E-015
  5.569411034786476E-015  1.775381057445014E-015  3.612261808091772E-003
56 47
 -7.267737250722489E-003  6.655305273142812E-003  8.490020553324464E-003
  6.651744022951029E-003 -1.553593238777952E-002  6.651744022954546E-003
  8.490020553324637E-003  6.655305273140885E-003 -7.267737250731928E-003
56 48
 -7.267737250725786E-003 -8.490020553322734E-003 -6.655305273133523E-003
 -8.490020553319230E-003 -7.267737250734199E-003  6.655305273137076E-003
 -6.651744022949450E-003  6.651744022949580E-003 -1.553593238776524E-002
56 49
 -8.120621850553635E-001  9.199106360171350E-001  6.110970019942985E-014
  9.199106360171204E-001 -8.120621850553863E-001 -6.264723440528586E-014
 -5.218061768265392E-015  6.925680189930061E-015  8.105872507469770E-002
56 50
 -7.267737250730264E-003  6.655305273141736E-003 -8.490020553319860E-003
  6.651744022952562E-003 -1.553593238777348E-002 -6.651744022959742E-003
 -8.490020553323039E-003 -6.655305273137339E-003 -7.267737250727191E-003
56 51
 -7.267737250729831E-003  8.490020553324495E-003 -6.655305273137844E-003
  8.490020553317296E-003 -7.267737250732879E-003 -6.655305273146634E-003
 -6.651744022961775E-003 -6.651744022958933E-003 -1.553593238777866E-002
56 52
 -8.120621850553910E-001  1.020505294851981E-014 -9.199106360171319E-001
  6.353085917586154E-015  8.105872507471128E-002 -3.337309812181943E-015
 -9.199106360171433E-001  1.933843981217348E-014 -8.120621850553794E-001
56 53
  8.105872507470305E-002 -5.431852884152377E-015  4.336808689942018E-016
  2.975592862386467E-014 -8.120621850553816E-001 -9.199106360171447E-001
  1.614919135917159E-014 -9.199106360171244E-001 -8.120621850553886E-001
56 54
  3.253157945647922E-002 -4.004771774618332E-015  5.515878552520004E-015
  7.716808962665578E-015  1.202849407665468E-002 -1.474578588040218E-002
 -3.263787352360270E-015 -1.474578588041177E-002  1.202849407665517E-002
56 55
  8.105872507470831E-002 -2.602085213965211E-015 -7.231628490478315E-015
  1.734384662797905E-015 -8.120621850553659E-001 -9.199106360171041E-001
 -4.179599374931620E-015 -9.199106360171022E-001 -8.120621850553601E-001
56 56
  6.140120841670453E+000 -6.027418690025821E-014  1.057598561678141E-013
 -2.372796783275261E-013  6.140120841670885E+000 -3.269930035293758E-013
  1.326006362004084E-013 -6.418104166617394E-014  6.140120841670409E+000
56 57
 -7.267737250722881E-003  8.490020553314725E-003 -6.655305273138302E-003
  8.490020553321220E-003 -7.267737250724386E-003 -6.655305273146776E-003
 -6.651744022944320E-003 -6.651744022951048E-003 -1.553593238776830E-002
56 58
 -7.267737250726087E-003  6.655305273141614E-003 -8.490020553321934E-003
  6.651744022954873E-003 -1.553593238777082E-002 -6.651744022957444E-003
 -8.490020553315580E-003 -6.655305273139428E-003 -7.267737250730992E-003
56 59
 -8.120621850553776E-001  9.199106360171430E-001 -7.265509808368487E-015
  9.199106360171372E-001 -8.120621850554048E-001 -3.392875173521825E-015
 -1.417255527345895E-015 -1.134820861413421E-014  8.105872507470470E-002
56 60
 -8.120621850553584E-001  4.592951453191718E-015 -9.199106360171201E-001
  8.596706788273345E-015  8.105872507471147E-002 -1.295282782941276E-015
 -9.199106360171209E-001  2.523141743281110E-015 -8.120621850553690E-001
56 61
 -1.553593238777018E-002  6.651744022950497E-003 -6.651744022954489E-003
  6.655305273144213E-003 -7.267737250726358E-003 -8.490020553325459E-003
 -6.655305273141602E-003 -8.490020553318021E-003 -7.267737250738871E-003
56 62
  1.202849407666288E-002  1.474578588040908E-002 -7.829972564418752E-015
  1.474578588040409E-002  1.202849407665811E-002 -7.880794541254010E-016
  4.658681209898652E-016 -7.484383121938998E-016  3.253157945647540E-002
56 63
 -1.553593238777056E-002  6.651744022953833E-003 -6.651744022962204E-003
  6.655305273139431E-003 -7.267737250728066E-003 -8.490020553324719E-003
 -6.655305273135288E-003 -8.490020553322089E-003 -7.267737250725429E-003
56 64
  1.202849407665823E-002  1.891932790987205E-015 -1.474578588040299E-002
  4.375433392336814E-015  3.253157945648041E-002 -2.641387542717810E-015
 -1.474578588040519E-002  3.253622956993218E-015  1.202849407665896E-002
57 1
 -7.267737250732603E-003 -8.490020553323286E-003 -6.655305273143832E-003
 -8.490020553314763E-003 -7.267737250726586E-003  6.655305273146884E-003
 -6.651744022959398E-003  6.651744022958824E-003 -1.553593238777518E-002
57 2
 -7.267737250729703E-003  6.655305273133093E-003  8.490020553327730E-003
  6.651744022953033E-003 -1.553593238777255E-002  6.651744022955581E-003
  8.490020553310690E-003  6.655305273145135E-003 -7.267737250729140E-003
57 3
  3.460608080962425E-003 -1.146067334575047E-002 -3.404394821604484E-015
 -1.146067334575345E-002  3.460608080968025E-003 -3.865180744910823E-015
 -7.053597030673510E-015  2.846015857488121E-016  3.612261808093444E-003
57 4
  3.460608080960300E-003  3.637498288688867E-015  1.146067334575327E-002
  5.887217796596289E-015  3.612261808088257E-003 -5.171644362755856E-015
  1.146067334574988E-002 -1.381240745219827E-015  3.460608080962377E-003
57 5
  8.105872507470659E-002 -5.767955557622884E-015 -4.369334755116583E-015
 -1.232737870116019E-014 -8.120621850554036E-001  9.199106360171254E-001
  1.249746291696885E-014  9.199106360171575E-001 -8.120621850553625E-001
57 6
  1.840321607971280E-002 -2.341876692568690E-015 -2.228035464457712E-015
  4.163336342344337E-015  3.044262756681268E-002 -7.882149793969617E-015
 -2.776235187920695E-015  6.559423143537302E-016  1.840321607972482E-002
57 7
  3.612261808094052E-003  1.566672139241554E-015 -4.521123059264553E-015
 -2.818925648462312E-016  3.460608080973191E-003  1.146067334575305E-002
 -1.706601982127964E-015  1.146067334574735E-002  3.460608080966521E-003
57 8
  1.840321607971787E-002  5.149960319306146E-016  6.337161698177773E-015
  7.708677446371937E-015  1.840321607971985E-002 -1.431146867680866E-015
 -5.804949721594215E-015  2.737292848170678E-015  3.044262756681565E-002
57 9
 -8.120621850553761E-001 -9.199106360171281E-001  5.027445473815284E-014
 -9.199106360171291E-001 -8.120621850553629E-001  5.231275482242559E-014
  9.683265807724833E-016  3.029053686954406E-015  8.105872507471361E-002
57 10
 -7.267737250740242E-003 -6.655305273143078E-003  8.490020553311745E-003
 -6.651744022951158E-003 -1.553593238777585E-002 -6.651744022949363E-003
  8.490020553320165E-003 -6.655305273140072E-003 -7.267737250733694E-003
57 11
 -7.267737250737379E-003 -8.490020553311229E-003  6.655305273144596E-003
 -8.490020553323291E-003 -7.267737250728234E-003 -6.655305273139706E-003
  6.651744022957961E-003 -6.651744022951702E-003 -1.553593238777229E-002
57 12
 -8.120621850553579E-001  6.711211447685272E-015  9.199106360170141E-001
  8.120674271916428E-015  8.105872507470786E-002 -1.092875789865388E-014
  9.199106360171180E-001 -3.591419696358233E-016 -8.120621850552747E-001
57 13
 -1.553593238776379E-002 -6.651744022961463E-003 -6.651744022956475E-003
 -6.655305273143463E-003 -7.267737250726228E-003  8.490020553320748E-003
 -6.655305273138763E-003  8.490020553318956E-003 -7.267737250731739E-003
57 14
 -7.914939155043134E-003 -7.350890729451720E-015  7.383416794626285E-015
 -2.818925648462312E-016 -7.914939155047106E-003 -3.079134169858833E-015
  2.776431064289747E-015  1.207551345429412E-017 -7.914939155049344E-003
57 15
 -1.553593238776354E-002  6.651744022959316E-003  6.651744022966778E-003
  6.655305273137025E-003 -7.267737250732913E-003  8.490020553316997E-003
  6.655305273136223E-003  8.490020553317545E-003 -7.267737250726564E-003
57 16
  3.044262756682413E-002 -1.805196617188365E-015 -4.250072516143177E-015
  4.293440603042598E-015  1.840321607971775E-002 -2.385244779468110E-015
  1.835968085483615E-015 -1.724558717558203E-015  1.840321607971136E-002
57 17
  3.253157945647629E-002 -3.870601755773251E-015  2.341876692568690E-015
  6.255846535241361E-015  1.202849407665077E-002  1.474578588041405E-002
 -8.487270131488089E-016  1.474578588041263E-002  1.202849407665362E-002
57 18
  3.612261808090176E-003  1.951563910473908E-015  1.642566291315539E-015
  3.848917712323541E-015  3.460608080970296E-003 -1.146067334574890E-002
 -1.737433981408021E-015 -1.146067334575266E-002  3.460608080960509E-003
57 19
 -1.266294654798315E-003  7.643625316022806E-016  7.155734338404329E-016
  5.421010862427522E-017 -1.266294654794770E-003 -7.535205098774256E-016
  2.358139725155972E-016 -6.644126438262732E-016 -1.266294654795499E-003
57 20
  3.612261808090669E-003 -4.981908982570893E-015 -3.946495907847236E-015
  1.843143693225358E-015  3.460608080954646E-003 -1.146067334575219E-002
 -1.534304892744599E-015 -1.146067334574266E-002  3.460608080967415E-003
57 21
 -7.267737250738230E-003 -6.655305273145951E-003 -8.490020553313679E-003
 -6.651744022950616E-003 -1.553593238777207E-002  6.651744022945270E-003
 -8.490020553312248E-003  6.655305273146108E-003 -7.267737250730376E-003
57 22
  3.460608080963509E-003  1.146067334574861E-002 -3.480288973678469E-015
  1.146067334574991E-002  3.460608080960896E-003 -5.388484797252957E-015
  1.929879867024198E-015  5.984795992119984E-015  3.612261808097212E-003
57 23
  3.460608080964615E-003  1.517883041479706E-016 -1.146067334574651E-002
 -2.775557561562891E-015  3.612261808094513E-003 -1.550409106654271E-015
 -1.146067334574399E-002 -4.878909776184770E-015  3.460608080954543E-003
57 24
 -7.267737250733037E-003  8.490020553314362E-003  6.655305273137613E-003
  8.490020553317289E-003 -7.267737250728104E-003  6.655305273143045E-003
  6.651744022956557E-003  6.651744022957620E-003 -1.553593238776936E-002
57 25
  1.202849407665986E-002 -1.474578588040741E-002 -2.705084420351334E-015
 -1.474578588041287E-002  1.202849407665574E-002 -2.450296909817240E-015
  6.186728646745410E-016 -2.710505431213761E-018  3.253157945647832E-002
57 26
 -1.553593238777616E-002 -6.651744022943823E-003  6.651744022939231E-003
 -6.655305273149404E-003 -7.267737250732099E-003 -8.490020553321875E-003
  6.655305273146815E-003 -8.490020553318323E-003 -7.267737250728189E-003
57 27
  1.202849407665972E-002  4.033232081646076E-015  1.474578588041158E-002
 -1.848564704087785E-015  3.253157945647522E-002 -5.421010862427522E-017
  1.474578588040775E-002  1.048986777703407E-015  1.202849407665973E-002
57 28
 -1.553593238775148E-002 -6.651744022962390E-003  6.651744022968538E-003
 -6.655305273138047E-003 -7.267737250727280E-003 -8.490020553314676E-003
  6.655305273138638E-003 -8.490020553315426E-003 -7.267737250728725E-003
57 29
 -7.267737250720471E-003 -6.655305273144574E-003 -8.490020553327898E-003
 -6.651744022955256E-003 -1.553593238777598E-002  6.651744022957446E-003
 -8.490020553321318E-003  6.655305273149668E-003 -7.267737250730393E-003
57 30
 -7.267737250716123E-003  8.490020553328722E-003  6.655305273148515E-003
  8.490020553318232E-003 -7.267737250735639E-003  6.655305273150619E-003
  6.651744022949678E-003  6.651744022951380E-003 -1.553593238776886E-002
57 31
  3.460608080962057E-003  4.071179157683069E-015 -1.146067334574653E-002
  3.371868756429919E-015  3.612261808087752E-003  2.390665790330537E-015
 -1.146067334575291E-002  1.845053487823620E-015  3.460608080970227E-003
57 32
  3.460608080961233E-003  1.146067334574771E-002 -6.510634045775454E-015
  1.146067334574819E-002  3.460608080961986E-003  2.710505431213761E-017
 -4.518073740654438E-015  2.274791683146149E-015  3.612261808089617E-003
57 33
 -7.267737250738414E-003 -8.490020553308686E-003 -6.655305273137907E-003
 -8.490020553318590E-003 -7.267737250731909E-003  6.655305273147545E-003
 -6.651744022952284E-003  6.651744022955973E-003 -1.553593238777421E-002
57 34
  3.460608080966654E-003 -4.065758146820642E-016  1.146067334575318E-002
 -1.832301671500502E-015  3.612261808087904E-003  2.580401170515501E-015
  1.146067334575107E-002  5.109302737837940E-016  3.460608080969001E-003
57 35
  3.460608080963884E-003 -1.146067334575244E-002 -9.486769009248164E-016
 -1.146067334574783E-002  3.460608080962723E-003  8.836247705756861E-016
 -1.655778520764073E-015 -5.013821288960683E-015  3.612261808093272E-003
57 36
 -7.267737250730631E-003  6.655305273137857E-003  8.490020553318005E-003
  6.651744022958817E-003 -1.553593238777287E-002  6.651744022958343E-003
  8.490020553321855E-003  6.655305273139994E-003 -7.267737250732198E-003
57 37
 -1.553593238777139E-002 -6.651744022944983E-003 -6.651744022946496E-003
 -6.655305273144878E-003 -7.267737250734121E-003  8.490020553319252E-003
 -6.655305273138045E-003  8.490020553317251E-003 -7.267737250728078E-003
57 38
  3.044262756681750E-002  1.143833291972207E-015 -4.060337135958214E-015
 -4.662069341687669E-015  1.840321607971912E-002 -5.632430286062196E-015
 -3.931926941154462E-015 -2.939204326972422E-015  1.840321607971938E-002
57 39
 -1.553593238777185E-002  6.651744022943503E-003  6.651744022943959E-003
  6.655305273141967E-003 -7.267737250727882E-003  8.490020553320932E-003
  6.655305273144001E-003  8.490020553321558E-003 -7.267737250727851E-003
57 40
 -7.914939155044435E-003  3.274290560906223E-015 -4.011548038196366E-016
 -1.000718605204121E-014 -7.914939155046374E-003  6.624475273886432E-015
  8.757420702103008E-016  4.227700258423823E-016 -7.914939155047172E-003
57 41
 -8.120621850553357E-001 -9.199106360170508E-001 -6.662422349923425E-015
 -9.199106360170777E-001 -8.120621850552873E-001 -4.689174395999807E-015
  3.632600363302841E-015 -4.727119987508167E-015  8.105872507470484E-002
57 42
 -8.120621850553358E-001  1.479935965442714E-015  9.199106360170465E-001
  2.114194236346734E-015  8.105872507470821E-002 -3.350184712980209E-015
  9.199106360170792E-001 -2.445214712133714E-015 -8.120621850552852E-001
57 43
 -7.267737250721290E-003 -8.490020553325464E-003  6.655305273146667E-003
 -8.490020553316010E-003 -7.267737250732462E-003 -6.655305273144536E-003
  6.651744022956352E-003 -6.651744022953275E-003 -1.553593238776799E-002
57 44
 -7.267737250718818E-003 -6.655305273144341E-003  8.490020553327747E-003
 -6.651744022955201E-003 -1.553593238776316E-002 -6.651744022954709E-003
  8.490020553321421E-003 -6.655305273141661E-003 -7.267737250731321E-003
57 45
  8.105872507470320E-002  5.082197683525802E-015  4.434386885465713E-015
  2.889398789673869E-015 -8.120621850553688E-001  9.199106360171232E-001
 -2.736255232810292E-015  9.199106360171270E-001 -8.120621850553834E-001
57 46
  1.840321607971568E-002 -3.577867169202165E-016 -9.297033629063201E-015
 -4.878909776184770E-017  1.840321607971960E-002  2.775557561562891E-015
  2.238941013653611E-015 -7.826372674392922E-016  3.044262756682989E-002
57 47
  3.612261808086598E-003  4.407281831153576E-015  2.656295322589486E-016
  1.517883041479706E-016  3.460608080959671E-003  1.146067334574944E-002
 -4.145199249361254E-015  1.146067334575419E-002  3.460608080962107E-003
57 48
  1.840321607971634E-002 -2.943608898298145E-015 -3.225501463144376E-015
  7.399679827213568E-016  3.044262756681598E-002 -4.716279450311944E-015
 -4.433309914944202E-015  6.562810912274766E-015  1.840321607971238E-002
57 49
  1.202849407665930E-002  1.143833291972207E-015 -1.474578588040349E-002
 -4.065758146820642E-015  3.253157945647818E-002  3.773023560249555E-015
 -1.474578588041201E-002 -6.157611889183543E-015  1.202849407665818E-002
57 50
 -1.553593238776910E-002  6.651744022943515E-003 -6.651744022940636E-003
  6.655305273142931E-003 -7.267737250732094E-003 -8.490020553319495E-003
 -6.655305273137110E-003 -8.490020553320472E-003 -7.267737250729641E-003
57 51
  1.202849407665847E-002  1.474578588040756E-002 -3.317658647805644E-015
  1.474578588041489E-002  1.202849407665433E-002 -3.626656266964012E-015
 -1.658208804304325E-015  7.080175212232196E-015  3.253157945647625E-002
57 52
 -1.553593238777301E-002  6.651744022961686E-003 -6.651744022961186E-003
  6.655305273138931E-003 -7.267737250733004E-003 -8.490020553323784E-003
 -6.655305273140078E-003 -8.490020553323126E-003 -7.267737250733238E-003
57 53
 -8.120621850553286E-001 -5.065934650938519E-014 -9.199106360170440E-001
  2.461138931542095E-015  8.105872507471409E-002  7.632783294297951E-015
 -9.199106360170621E-001 -4.378719880172161E-014 -8.120621850552810E-001
57 54
 -8.120621850553347E-001  9.199106360170393E-001  2.737610485525899E-015
  9.199106360170637E-001 -8.120621850552758E-001 -4.700016417724662E-015
 -8.314475410248212E-016  8.581460195222766E-015  8.105872507470066E-002
57 55
 -7.267737250727123E-003  6.655305273142032E-003 -8.490020553327779E-003
  6.651744022956953E-003 -1.553593238777644E-002 -6.651744022960243E-003
 -8.490020553317662E-003 -6.655305273137535E-003 -7.267737250730657E-003
57 56
 -7.267737250725263E-003  8.490020553325796E-003 -6.655305273138334E-003
  8.490020553320434E-003 -7.267737250733043E-003 -6.655305273138974E-003
 -6.651744022955164E-003 -6.651744022959465E-003 -1.553593238777329E-002
57 57
  6.140120841670285E+000  4.308077332371152E-014 -1.126106586452069E-013
 -8.430213992161040E-014  6.140120841670664E+000 -2.161357030849853E-014
  4.797600253729793E-014  4.713193735521817E-014  6.140120841670580E+000
57 58
  8.105872507471372E-002  5.529431079676073E-015  6.131163285405528E-015
  2.057815723377487E-014 -8.120621850553752E-001 -9.199106360171275E-001
  1.337600548986101E-014 -9.199106360171304E-001 -8.120621850553841E-001
57 59
  3.253157945647373E-002  4.401860820291148E-015  1.314595134138674E-014
  1.696776399939814E-015  1.202849407666372E-002 -1.474578588040538E-002
 -2.304077847297466E-015 -1.474578588040537E-002  1.202849407665827E-002
57 60
  8.105872507469557E-002 -9.690056916589196E-015  5.280064580004407E-015
  2.163525435194824E-014 -8.120621850553942E-001 -9.199106360170548E-001
  1.528318487389879E-014 -9.199106360171529E-001 -8.120621850553105E-001
57 61
 -8.120621850553442E-001  1.409462824231156E-015 -9.199106360171034E-001
 -7.686993402922226E-015  8.105872507470933E-002  3.794707603699266E-017
 -9.199106360171082E-001  3.815036394433369E-015 -8.120621850553521E-001
57 62
 -7.267737250731172E-003  8.490020553312773E-003 -6.655305273141950E-003
  8.490020553322233E-003 -7.267737250727058E-003 -6.655305273150060E-003
 -6.651744022955264E-003 -6.651744022952398E-003 -1.553593238777255E-002
57 63
 -7.267737250739098E-003  6.655305273139457E-003 -8.490020553305618E-003
  6.651744022961007E-003 -1.553593238776291E-002 -6.651744022951656E-003
 -8.490020553315865E-003 -6.655305273142227E-003 -7.267737250725166E-003
57 64
 -8.120621850553521E-001  9.199106360171474E-001 -6.776263578034403E-016
  9.199106360171128E-001 -8.120621850553986E-001 -9.595189226496714E-015
 -1.395371185198807E-014 -1.214937177065221E-014  8.105872507469200E-002
58 1
  3.460608080960249E-003 -1.620882247865829E-015  1.146067334575338E-002
  2.698308156773299E-015  3.612261808087510E-003  5.599904220887630E-015
  1.146067334574805E-002 -1.942077141464660E-015  3.460608080960488E-003
58 2
 -7.267737250723856E-003 -8.490020553329683E-003 -6.655305273143165E-003
 -8.490020553315313E-003 -7.267737250729858E-003  6.655305273135125E-003
 -6.651744022953572E-003  6.651744022958444E-003 -1.553593238778236E-002
58 3
 -7.267737250725090E-003  6.655305273137864E-003  8.490020553316538E-003
  6.651744022955762E-003 -1.553593238776309E-002  6.651744022955028E-003
  8.490020553314688E-003  6.655305273135037E-003 -7.267737250732479E-003
58 4
  3.460608080968643E-003 -1.146067334574764E-002 -8.297534751303126E-016
 -1.146067334574969E-002  3.460608080958286E-003 -4.132165529885379E-015
 -1.056758304994465E-015 -9.056476272042979E-016  3.612261808096140E-003
58 5
  1.840321607971549E-002  3.856371602259379E-015  1.646293236283458E-015
  1.951563910473908E-016  1.840321607971916E-002 -6.559423143537302E-015
  4.301233306157337E-015 -4.564491146163974E-015  3.044262756682271E-002
58 6
  8.105872507470285E-002 -8.207410445715269E-015 -6.754579534584693E-015
  2.117582368135751E-015 -8.120621850554014E-001  9.199106360170788E-001
 -4.174178364069192E-016  9.199106360171457E-001 -8.120621850553240E-001
58 7
  1.840321607972154E-002  2.191782454315228E-015  3.121485817221548E-015
  2.371692252312041E-015  3.044262756681946E-002 -1.435212625827686E-015
 -9.825582188149884E-016 -6.660389470850014E-015  1.840321607971903E-002
58 8
  3.612261808094337E-003 -3.868907689878742E-015  2.477401964129378E-015
  1.656796444829411E-015  3.460608080963825E-003  1.146067334575002E-002
 -3.938025578374693E-015  1.146067334574775E-002  3.460608080963259E-003
58 9
 -8.120621850554113E-001  9.961107459710572E-016  9.199106360171551E-001
  8.883681550803102E-016  8.105872507469471E-002 -5.610746242612485E-016
  9.199106360171565E-001 -4.417446226520627E-015 -8.120621850553915E-001
58 10
 -8.120621850553990E-001 -9.199106360171582E-001  3.761436149531117E-014
 -9.199106360171458E-001 -8.120621850554001E-001  4.055254938274688E-014
 -2.722025079296420E-015 -2.290377089375628E-015  8.105872507470624E-002
58 11
 -7.267737250741146E-003 -6.655305273138717E-003  8.490020553315387E-003
 -6.651744022952707E-003 -1.553593238776567E-002 -6.651744022957612E-003
  8.490020553326523E-003 -6.655305273140000E-003 -7.267737250733811E-003
58 12
 -7.267737250739564E-003 -8.490020553315929E-003  6.655305273131775E-003
 -8.490020553323339E-003 -7.267737250733076E-003 -6.655305273143926E-003
  6.651744022956167E-003 -6.651744022952251E-003 -1.553593238776979E-002
58 13
  3.044262756682101E-002  1.321981261438732E-014 -3.660537584854184E-015
 -4.261592164225836E-015  1.840321607972218E-002 -3.428789370485408E-016
  1.245477245642723E-015 -5.353248226647178E-015  1.840321607971743E-002
58 14
 -1.553593238776860E-002 -6.651744022960000E-003 -6.651744022952678E-003
 -6.655305273143182E-003 -7.267737250726982E-003  8.490020553317172E-003
 -6.655305273135365E-003  8.490020553323789E-003 -7.267737250725331E-003
58 15
 -7.914939155045255E-003 -3.104545158276462E-015  4.960224939121183E-015
  8.761708806398483E-016 -7.914939155044291E-003 -1.036022938445680E-014
  9.283481101907132E-017 -1.312223441886362E-015 -7.914939155048340E-003
58 16
 -1.553593238776900E-002  6.651744022954697E-003  6.651744022953665E-003
  6.655305273137855E-003 -7.267737250726976E-003  8.490020553320430E-003
  6.655305273137129E-003  8.490020553319209E-003 -7.267737250728833E-003
58 17
  3.612261808092514E-003 -1.599875830773922E-015  2.841287318269825E-015
  2.144009796090085E-015  3.460608080958848E-003 -1.146067334575221E-002
 -4.392035238102998E-015 -1.146067334574710E-002  3.460608080963090E-003
58 18
  3.253157945647706E-002 -7.220786468753460E-015  2.959871930885427E-015
  1.135701775678566E-015  1.202849407666238E-002  1.474578588040706E-002
 -8.619407271259760E-016  1.474578588040935E-002  1.202849407665914E-002
58 19
  3.612261808092531E-003 -2.298508605669269E-015  4.961580191836790E-015
  3.909904084525850E-016  3.460608080963211E-003 -1.146067334575064E-002
  1.193977642449662E-015 -1.146067334575044E-002  3.460608080964369E-003
58 20
 -1.266294654797255E-003 -5.522654816098038E-016  5.556536133988210E-017
  2.760649781691216E-015 -1.266294654796184E-003  2.585822181377928E-015
  7.155734338404329E-016  2.149430806952513E-015 -1.266294654796931E-003
58 21
 -7.267737250741136E-003  8.490020553315197E-003  6.655305273141506E-003
  8.490020553320926E-003 -7.267737250727182E-003  6.655305273135906E-003
  6.651744022959137E-003  6.651744022955050E-003 -1.553593238777368E-002
58 22
 -7.267737250738610E-003 -6.655305273139825E-003 -8.490020553316140E-003
 -6.651744022953781E-003 -1.553593238776250E-002  6.651744022956427E-003
 -8.490020553316173E-003  6.655305273141864E-003 -7.267737250728689E-003
58 23
  3.460608080964236E-003  1.146067334575093E-002  7.589415207398531E-017
  1.146067334574697E-002  3.460608080959747E-003 -1.008308020411519E-015
  7.014788055981214E-015  8.023096076392733E-016  3.612261808097397E-003
58 24
  3.460608080975858E-003 -1.452830911130576E-015 -1.146067334575171E-002
 -3.491130995403324E-015  3.612261808091997E-003 -3.100818213308543E-015
 -1.146067334575171E-002  1.431146867680866E-015  3.460608080960246E-003
58 25
 -1.553593238777002E-002 -6.651744022956969E-003  6.651744022959994E-003
 -6.655305273142360E-003 -7.267737250723382E-003 -8.490020553315641E-003
  6.655305273136887E-003 -8.490020553321691E-003 -7.267737250734881E-003
58 26
  1.202849407665421E-002 -1.474578588041408E-002 -2.570236775148449E-015
 -1.474578588041106E-002  1.202849407665628E-002  9.310586156219269E-016
  1.951563910473908E-016  2.394731548477358E-015  3.253157945648043E-002
58 27
 -1.553593238777440E-002 -6.651744022946654E-003  6.651744022947382E-003
 -6.655305273143113E-003 -7.267737250736253E-003 -8.490020553322120E-003
  6.655305273142446E-003 -8.490020553320399E-003 -7.267737250732110E-003
58 28
  1.202849407666353E-002  4.878909776184770E-015  1.474578588041153E-002
 -5.021888937681296E-015  3.253157945646953E-002 -1.675769982847908E-015
  1.474578588040349E-002  1.185846126156020E-017  1.202849407665341E-002
58 29
  3.460608080966675E-003  1.146067334574966E-002 -1.654763565756001E-015
  1.146067334574588E-002  3.460608080965430E-003  4.876199270753556E-015
 -1.357285594680291E-015  2.466559942404523E-016  3.612261808103051E-003
58 30
 -7.267737250724930E-003 -6.655305273139218E-003 -8.490020553321025E-003
 -6.651744022956299E-003 -1.553593238776944E-002  6.651744022952705E-003
 -8.490020553326793E-003  6.655305273131835E-003 -7.267737250730925E-003
58 31
 -7.267737250731494E-003  8.490020553325654E-003  6.655305273137667E-003
  8.490020553320106E-003 -7.267737250737890E-003  6.655305273139264E-003
  6.651744022947260E-003  6.651744022954954E-003 -1.553593238776949E-002
58 32
  3.460608080958686E-003  6.500469650408403E-015 -1.146067334575604E-002
  2.210417179154822E-015  3.612261808085725E-003  4.821311535771478E-015
 -1.146067334575303E-002 -4.546872860861084E-016  3.460608080967162E-003
58 33
 -7.267737250731062E-003  6.655305273138835E-003  8.490020553311396E-003
  6.651744022953114E-003 -1.553593238777084E-002  6.651744022959201E-003
  8.490020553324448E-003  6.655305273135971E-003 -7.267737250728455E-003
58 34
 -7.267737250728550E-003 -8.490020553315349E-003 -6.655305273137739E-003
 -8.490020553321204E-003 -7.267737250732904E-003  6.655305273141557E-003
 -6.651744022956473E-003  6.651744022952593E-003 -1.553593238776551E-002
58 35
  3.460608080969289E-003  6.949058299274280E-016  1.146067334574920E-002
 -4.167402100491158E-015  3.612261808093013E-003  2.395409174835161E-015
  1.146067334574998E-002 -3.395585678953039E-015  3.460608080963478E-003
58 36
  3.460608080963733E-003 -1.146067334574916E-002  1.193638829270760E-015
 -1.146067334575048E-002  3.460608080966969E-003  1.151287181908045E-015
  6.589577516459555E-015 -6.373075895141356E-016  3.612261808093343E-003
58 37
 -7.914939155044088E-003 -1.929879867024198E-015  1.474514954580286E-015
 -4.237875241702715E-015 -7.914939155044046E-003  5.427787126005557E-015
 -3.068292148133978E-015 -3.274290560906223E-015 -7.914939155053905E-003
58 38
 -1.553593238777375E-002 -6.651744022942727E-003 -6.651744022949561E-003
 -6.655305273143885E-003 -7.267737250734202E-003  8.490020553319735E-003
 -6.655305273143355E-003  8.490020553321345E-003 -7.267737250724834E-003
58 39
  3.044262756681216E-002 -8.063753657860939E-017  3.733721231496956E-016
 -2.005774019098183E-015  1.840321607972127E-002  2.577690665084287E-015
 -3.257011088782236E-015  2.043382281956274E-015  1.840321607972318E-002
58 40
 -1.553593238777484E-002  6.651744022947857E-003  6.651744022952245E-003
  6.655305273140465E-003 -7.267737250728056E-003  8.490020553311982E-003
  6.655305273143760E-003  8.490020553317788E-003 -7.267737250733848E-003
58 41
 -7.267737250724954E-003 -6.655305273145198E-003  8.490020553321688E-003
 -6.651744022955588E-003 -1.553593238776449E-002 -6.651744022948762E-003
  8.490020553317382E-003 -6.655305273141199E-003 -7.267737250726509E-003
58 42
 -8.120621850553358E-001 -9.199106360170471E-001 -1.739805673660333E-015
 -9.199106360170803E-001 -8.120621850552938E-001 -4.106754541467750E-015
 -9.634830368428215E-015 -1.752002948100795E-015  8.105872507470505E-002
58 43
 -8.120621850553277E-001  5.352570600289375E-015  9.199106360170413E-001
  2.003063513666969E-015  8.105872507469743E-002 -2.383211900394699E-015
  9.199106360170801E-001  1.141800412898797E-015 -8.120621850552860E-001
58 44
 -7.267737250725656E-003 -8.490020553320219E-003  6.655305273141343E-003
 -8.490020553320252E-003 -7.267737250720993E-003 -6.655305273137963E-003
  6.651744022946298E-003 -6.651744022953502E-003 -1.553593238776814E-002
58 45
  1.840321607971698E-002 -1.500603569355718E-015  5.494872135428097E-015
 -3.487742863614307E-015  3.044262756682511E-002 -1.087590304274522E-015
  1.104192150040706E-015  1.098093512820475E-015  1.840321607971933E-002
58 46
  8.105872507470063E-002  6.269060249218528E-015 -9.124916534181127E-015
 -2.775557561562891E-015 -8.120621850553789E-001  9.199106360171312E-001
 -1.076070656191863E-015  9.199106360171279E-001 -8.120621850553823E-001
58 47
  1.840321607971625E-002  4.014597356806482E-015 -6.261267546103788E-015
  4.708147934018303E-015  1.840321607971199E-002  5.746949140530977E-015
 -2.028813315263500E-015  5.727975602512481E-015  3.044262756681700E-002
58 48
  3.612261808090469E-003 -1.511106777901672E-015  3.066936895418371E-015
  3.314948142374430E-015  3.460608080962866E-003  1.146067334576017E-002
  2.299186232027073E-015  1.146067334574931E-002  3.460608080969766E-003
58 49
 -1.553593238777373E-002  6.651744022953745E-003 -6.651744022951426E-003
  6.655305273146301E-003 -7.267737250725475E-003 -8.490020553316956E-003
 -6.655305273138033E-003 -8.490020553323008E-003 -7.267737250728543E-003
58 50
  1.202849407665745E-002  3.211610122809405E-015 -1.474578588041250E-002
  6.667843360785852E-016  3.253157945647268E-002 -2.201608036503377E-015
 -1.474578588041815E-002  5.578220177437920E-015  1.202849407665397E-002
58 51
 -1.553593238777455E-002  6.651744022947247E-003 -6.651744022956660E-003
  6.655305273137925E-003 -7.267737250726222E-003 -8.490020553310803E-003
 -6.655305273145149E-003 -8.490020553315046E-003 -7.267737250727166E-003
58 52
  1.202849407665462E-002  1.474578588040640E-002 -3.424384799159685E-015
  1.474578588041131E-002  1.202849407666073E-002 -2.663071586167520E-016
 -9.835746583516936E-016 -5.968532959532702E-015  3.253157945647806E-002
58 53
 -7.267737250717944E-003  8.490020553328701E-003 -6.655305273144757E-003
  8.490020553318970E-003 -7.267737250728860E-003 -6.655305273138878E-003
 -6.651744022954485E-003 -6.651744022950892E-003 -1.553593238777407E-002
58 54
 -8.120621850553362E-001 -4.943284280176097E-014 -9.199106360170258E-001
  6.057979638762756E-016  8.105872507469765E-002  6.334451192746560E-015
 -9.199106360170680E-001 -6.023081881335879E-014 -8.120621850552894E-001
58 55
 -8.120621850553684E-001  9.199106360171229E-001  2.988671051092073E-015
  9.199106360171093E-001 -8.120621850553705E-001 -8.361909255294453E-016
 -6.406279586673724E-015  2.039994150167257E-015  8.105872507470303E-002
58 56
 -7.267737250721681E-003  6.655305273136927E-003 -8.490020553327754E-003
  6.651744022948538E-003 -1.553593238776723E-002 -6.651744022952495E-003
 -8.490020553321513E-003 -6.655305273138768E-003 -7.267737250729239E-003
58 57
  8.105872507470163E-002  6.591271582354064E-015 -4.660036462614259E-015
  2.466627705040303E-014 -8.120621850553910E-001 -9.199106360171310E-001
  1.865031024582409E-014 -9.199106360171374E-001 -8.120621850553742E-001
58 58
  6.140120841670371E+000 -7.455787289639693E-014 -6.007039077314882E-014
 -1.164297607977871E-014  6.140120841670416E+000 -8.000869931856780E-014
  1.037456118192434E-013  8.243138295430455E-014  6.140120841670400E+000
58 59
  8.105872507471257E-002  5.633107912419999E-015 -4.589224508223799E-015
 -4.559679999023569E-014 -8.120621850553259E-001 -9.199106360170427E-001
 -5.705037950300834E-014 -9.199106360170884E-001 -8.120621850552879E-001
58 60
  3.253157945647427E-002 -2.053546677323326E-015  2.351363461577938E-016
  1.227858960339834E-015  1.202849407666799E-002 -1.474578588040786E-002
 -1.319677331822200E-015 -1.474578588040962E-002  1.202849407665499E-002
58 61
 -8.120621850553557E-001  9.199106360171273E-001  1.800114419504839E-015
  9.199106360171114E-001 -8.120621850553700E-001 -7.451179430406629E-015
  1.699486905371028E-015  2.805373121306243E-016  8.105872507470659E-002
58 62
 -8.120621850553695E-001 -3.823167910727010E-015 -9.199106360171164E-001
 -2.303251990173893E-015  8.105872507470158E-002  7.867242014097942E-016
 -9.199106360171183E-001 -7.478962111076570E-015 -8.120621850553580E-001
58 63
 -7.267737250733470E-003  8.490020553315459E-003 -6.655305273137373E-003
  8.490020553317214E-003 -7.267737250729886E-003 -6.655305273143178E-003
 -6.651744022958315E-003 -6.651744022953167E-003 -1.553593238776945E-002
58 64
 -7.267737250728709E-003  6.655305273136448E-003 -8.490020553314191E-003
  6.651744022953597E-003 -1.553593238776650E-002 -6.651744022952009E-003
 -8.490020553312329E-003 -6.655305273138459E-003 -7.267737250731451E-003
59 1
  3.460608080958208E-003 -1.146067334575027E-002 -1.973247953923618E-015
 -1.146067334574641E-002  3.460608080957821E-003  1.909551076290095E-015
  1.230569465771048E-015  1.062518129035794E-015  3.612261808086668E-003
59 2
  3.460608080963775E-003  4.419479105594037E-015  1.146067334574656E-002
  2.436066756303368E-016  3.612261808091839E-003  1.081491667054291E-015
  1.146067334575294E-002 -6.051203375184722E-016  3.460608080963769E-003
59 3
 -7.267737250726543E-003 -8.490020553320918E-003 -6.655305273139736E-003
 -8.490020553309253E-003 -7.267737250729336E-003  6.655305273146814E-003
 -6.651744022957685E-003  6.651744022953926E-003 -1.553593238777288E-002
59 4
 -7.267737250721755E-003  6.655305273136337E-003  8.490020553324559E-003
  6.651744022956724E-003 -1.553593238776851E-002  6.651744022963241E-003
  8.490020553317580E-003  6.655305273148691E-003 -7.267737250723333E-003
59 5
  3.612261808093296E-003 -1.040156459228281E-015  3.815036394433369E-016
  2.879234394306818E-015  3.460608080968040E-003  1.146067334574046E-002
  3.754050022231059E-016  1.146067334575408E-002  3.460608080965638E-003
59 6
  1.840321607972201E-002  1.788933584601082E-015 -4.651227319962814E-015
  3.740497495074990E-015  1.840321607972540E-002 -2.986976985197565E-015
  3.848917712323541E-015  2.900240811398724E-015  3.044262756682311E-002
59 7
  8.105872507471047E-002  4.488596994089988E-015  5.681219383824043E-015
  3.965130632686831E-015 -8.120621850554045E-001  9.199106360171384E-001
 -1.252253509220758E-015  9.199106360171516E-001 -8.120621850553903E-001
59 8
  1.840321607971823E-002 -1.460521970291645E-014 -1.305108365129426E-015
  3.744902066400713E-015  3.044262756681725E-002 -4.449294665337389E-015
 -2.032879073410321E-017 -1.093011315136949E-015  1.840321607972465E-002
59 9
 -7.267737250733029E-003 -8.490020553313988E-003  6.655305273146566E-003
 -8.490020553325216E-003 -7.267737250728099E-003 -6.655305273141885E-003
  6.651744022951069E-003 -6.651744022957723E-003 -1.553593238777573E-002
59 10
 -8.120621850554032E-001  4.228388472693467E-016  9.199106360171398E-001
  4.526544070126981E-016  8.105872507471422E-002  7.484044308760096E-015
  9.199106360171495E-001  3.843496701461113E-015 -8.120621850553866E-001
59 11
 -8.120621850554198E-001 -9.199106360171482E-001  3.875209615006314E-014
 -9.199106360171599E-001 -8.120621850554159E-001  3.310882384227609E-014
  2.776912814278498E-015  6.112189747387031E-016  8.105872507470985E-002
59 12
 -7.267737250727952E-003 -6.655305273143863E-003  8.490020553306101E-003
 -6.651744022956255E-003 -1.553593238777358E-002 -6.651744022957785E-003
  8.490020553326667E-003 -6.655305273133631E-003 -7.267737250723389E-003
59 13
 -1.553593238776493E-002  6.651744022952892E-003  6.651744022954581E-003
  6.655305273140346E-003 -7.267737250725726E-003  8.490020553325886E-003
  6.655305273146735E-003  8.490020553320333E-003 -7.267737250727521E-003
59 14
  3.044262756681936E-002 -3.842141448745506E-016 -2.588871499988044E-015
 -1.332315063395234E-014  1.840321607972168E-002 -6.363589126132108E-015
  4.359847986107335E-015  2.051174985071014E-015  1.840321607972233E-002
59 15
 -1.553593238776645E-002 -6.651744022956796E-003 -6.651744022952594E-003
 -6.655305273145501E-003 -7.267737250729779E-003  8.490020553310449E-003
 -6.655305273136096E-003  8.490020553322878E-003 -7.267737250722021E-003
59 16
 -7.914939155050222E-003 -3.638514728225573E-015  2.674591234250179E-015
 -3.524334686935693E-015 -7.914939155050777E-003  5.460313191180122E-015
 -5.694771910980112E-015 -4.794884107817143E-015 -7.914939155054885E-003
59 17
 -1.266294654799357E-003  6.664455228996835E-016  2.710505431213761E-016
  4.167402100491158E-017 -1.266294654800580E-003  8.941279791216394E-016
  2.290377089375628E-016  1.020505294851981E-015 -1.266294654795370E-003
59 18
  3.612261808091943E-003 -2.092510192897024E-015  4.011548038196366E-015
  1.447409900268148E-015  3.460608080966480E-003 -1.146067334574874E-002
  4.391018798566293E-016 -1.146067334575047E-002  3.460608080963829E-003
59 19
  3.253157945648152E-002 -3.263448539181368E-015  5.865533753146579E-015
  4.022051246742320E-015  1.202849407665191E-002  1.474578588041498E-002
 -2.710505431213761E-016  1.474578588041193E-002  1.202849407665364E-002
59 20
  3.612261808096998E-003 -2.447925217564928E-015 -7.792703114739563E-017
  4.123356387233934E-015  3.460608080965358E-003 -1.146067334574634E-002
 -1.902097186354257E-015 -1.146067334574869E-002  3.460608080958921E-003
59 21
  3.460608080966491E-003  1.799775606325937E-015 -1.146067334574538E-002
 -3.881443777498106E-015  3.612261808093060E-003  5.594483210025203E-015
 -1.146067334575134E-002  3.903127820947816E-016  3.460608080959856E-003
59 22
 -7.267737250734739E-003  8.490020553315870E-003  6.655305273144184E-003
  8.490020553314184E-003 -7.267737250732831E-003  6.655305273148916E-003
  6.651744022953391E-003  6.651744022952394E-003 -1.553593238777941E-002
59 23
 -7.267737250733178E-003 -6.655305273144563E-003 -8.490020553311738E-003
 -6.651744022959474E-003 -1.553593238777272E-002  6.651744022956844E-003
 -8.490020553321291E-003  6.655305273148455E-003 -7.267737250719647E-003
59 24
  3.460608080969819E-003  1.146067334574744E-002 -3.144186300207963E-015
  1.146067334574709E-002  3.460608080959324E-003  3.252606517456513E-017
  5.366800753803247E-015  2.602085213965211E-016  3.612261808096876E-003
59 25
  1.202849407665712E-002  5.540273101400928E-015  1.474578588040848E-002
 -4.683753385137379E-015  3.253157945648274E-002  8.500145032286355E-015
  1.474578588041233E-002 -4.342229700804445E-015  1.202849407665562E-002
59 26
 -1.553593238777207E-002 -6.651744022954617E-003  6.651744022959257E-003
 -6.655305273138828E-003 -7.267737250732987E-003 -8.490020553315014E-003
  6.655305273144075E-003 -8.490020553320671E-003 -7.267737250720737E-003
59 27
  1.202849407665165E-002 -1.474578588041693E-002 -4.152155507440580E-015
 -1.474578588041637E-002  1.202849407665009E-002 -6.144038186203793E-015
  3.621912882459388E-015  1.767249541151372E-015  3.253157945648499E-002
59 28
 -1.553593238777075E-002 -6.651744022947454E-003  6.651744022945856E-003
 -6.655305273146441E-003 -7.267737250727655E-003 -8.490020553324974E-003
  6.655305273145164E-003 -8.490020553323537E-003 -7.267737250728473E-003
59 29
  3.460608080967467E-003  2.717959321149599E-015 -1.146067334575028E-002
 -3.559232444362570E-015  3.612261808097358E-003 -1.206852543247927E-015
 -1.146067334574681E-002 -3.722879209772101E-015  3.460608080963427E-003
59 30
  3.460608080960257E-003  1.146067334575532E-002 -5.421010862427522E-016
  1.146067334574982E-002  3.460608080974762E-003 -4.039669532045209E-015
  6.451002926288751E-016  5.095750210681871E-016  3.612261808092209E-003
59 31
 -7.267737250727595E-003 -6.655305273143121E-003 -8.490020553326977E-003
 -6.651744022945882E-003 -1.553593238777603E-002  6.651744022947013E-003
 -8.490020553321388E-003  6.655305273147932E-003 -7.267737250727296E-003
59 32
 -7.267737250725360E-003  8.490020553325801E-003  6.655305273142948E-003
  8.490020553323915E-003 -7.267737250723480E-003  6.655305273143584E-003
  6.651744022957663E-003  6.651744022955950E-003 -1.553593238776945E-002
59 33
  3.460608080967412E-003 -1.146067334574980E-002  9.205554070759736E-016
 -1.146067334575123E-002  3.460608080967224E-003 -5.725603910260169E-015
 -1.299687354266998E-015  6.952446431063297E-016  3.612261808094093E-003
59 34
 -7.267737250734089E-003  6.655305273140004E-003  8.490020553319219E-003
  6.651744022949818E-003 -1.553593238777140E-002  6.651744022952492E-003
  8.490020553323768E-003  6.655305273145010E-003 -7.267737250732489E-003
59 35
 -7.267737250731814E-003 -8.490020553318399E-003 -6.655305273143984E-003
 -8.490020553324948E-003 -7.267737250719941E-003  6.655305273145868E-003
 -6.651744022948878E-003  6.651744022950705E-003 -1.553593238777039E-002
59 36
  3.460608080964000E-003 -2.710505431213761E-016  1.146067334575178E-002
 -5.083891749420311E-015  3.612261808097489E-003 -2.192798893851933E-015
  1.146067334574513E-002 -1.517883041479706E-015  3.460608080964031E-003
59 37
 -1.553593238777273E-002  6.651744022951428E-003  6.651744022951483E-003
  6.655305273140406E-003 -7.267737250732744E-003  8.490020553320607E-003
  6.655305273142417E-003  8.490020553324071E-003 -7.267737250735455E-003
59 38
 -7.914939155052142E-003  1.680513367352532E-015  2.927345865710862E-016
 -1.390828099391561E-015 -7.914939155055464E-003  6.715616019010995E-015
  1.040834085586084E-014  6.521476067500309E-015 -7.914939155052744E-003
59 39
 -1.553593238777694E-002 -6.651744022949784E-003 -6.651744022952857E-003
 -6.655305273144184E-003 -7.267737250726403E-003  8.490020553326151E-003
 -6.655305273143805E-003  8.490020553318853E-003 -7.267737250733712E-003
59 40
  3.044262756681648E-002 -8.436448154652831E-017  7.210960886565310E-015
  8.244679895394458E-015  1.840321607972207E-002 -3.018825424014326E-015
 -7.518942066186973E-015 -4.891784676983035E-015  1.840321607972365E-002
59 41
 -7.267737250720049E-003 -8.490020553322033E-003  6.655305273143126E-003
 -8.490020553318616E-003 -7.267737250732809E-003 -6.655305273136570E-003
  6.651744022954056E-003 -6.651744022953820E-003 -1.553593238776673E-002
59 42
 -7.267737250727036E-003 -6.655305273146849E-003  8.490020553325777E-003
 -6.651744022945688E-003 -1.553593238777816E-002 -6.651744022954612E-003
  8.490020553319556E-003 -6.655305273143800E-003 -7.267737250734872E-003
59 43
 -8.120621850553699E-001 -9.199106360171264E-001 -5.529431079676073E-015
 -9.199106360171230E-001 -8.120621850553674E-001 -7.139471305817047E-015
 -3.930232875259954E-015 -4.271756559592887E-015  8.105872507470932E-002
59 44
 -8.120621850553813E-001 -1.805874243546168E-016  9.199106360171195E-001
  4.506215279392878E-015  8.105872507470932E-002 -1.523337933660024E-014
  9.199106360171294E-001 -3.113015487749005E-015 -8.120621850553675E-001
59 45
  3.612261808094737E-003 -1.600892270310628E-015  1.624948006012650E-015
  1.433179746754276E-015  3.460608080967304E-003  1.146067334575280E-002
 -4.506215279392878E-016  1.146067334574311E-002  3.460608080957756E-003
59 46
  1.840321607971969E-002  5.225854471380131E-015  1.901080746817552E-015
  3.508749280706214E-015  3.044262756682155E-002  1.203125598280008E-015
 -6.369687763352339E-017  3.306816626080789E-016  1.840321607971769E-002
59 47
  8.105872507471197E-002 -3.100140586950739E-016 -7.848607289258347E-015
  7.710371512266445E-015 -8.120621850553831E-001  9.199106360171186E-001
 -1.307818870560640E-015  9.199106360171254E-001 -8.120621850553678E-001
59 48
  1.840321607972268E-002  2.100641709190665E-015  8.571973426213519E-017
  3.649017936771526E-015  1.840321607972208E-002  7.907899595566148E-016
 -1.145188544687814E-016 -1.956307294978532E-015  3.044262756682677E-002
59 49
  1.202849407665966E-002  1.474578588040690E-002  2.256156958306554E-015
  1.474578588040968E-002  1.202849407666325E-002 -2.735916419631390E-015
  3.207205551483683E-015  1.042189338301691E-015  3.253157945647776E-002
59 50
 -1.553593238778088E-002  6.651744022955131E-003 -6.651744022957882E-003
  6.655305273145410E-003 -7.267737250725232E-003 -8.490020553326979E-003
 -6.655305273142724E-003 -8.490020553321565E-003 -7.267737250725208E-003
59 51
  1.202849407664925E-002 -4.310720075166585E-015 -1.474578588040890E-002
  2.284617265334299E-015  3.253157945648195E-002  5.571443913859886E-015
 -1.474578588041281E-002 -8.909431352399633E-015  1.202849407665263E-002
59 52
 -1.553593238777311E-002  6.651744022944685E-003 -6.651744022952380E-003
  6.655305273138418E-003 -7.267737250730481E-003 -8.490020553315374E-003
 -6.655305273148835E-003 -8.490020553314088E-003 -7.267737250734344E-003
59 53
 -7.267737250726807E-003  6.655305273138710E-003 -8.490020553334249E-003
  6.651744022955789E-003 -1.553593238777237E-002 -6.651744022961498E-003
 -8.490020553321900E-003 -6.655305273143067E-003 -7.267737250728911E-003
59 54
 -7.267737250727020E-003  8.490020553321128E-003 -6.655305273140324E-003
  8.490020553325947E-003 -7.267737250725160E-003 -6.655305273137110E-003
 -6.651744022956205E-003 -6.651744022957029E-003 -1.553593238778040E-002
59 55
 -8.120621850553307E-001 -4.659494361528016E-014 -9.199106360170313E-001
  2.185345003916095E-015  8.105872507471480E-002  6.680040635226314E-015
 -9.199106360170726E-001 -5.746407039444734E-014 -8.120621850552890E-001
59 56
 -8.120621850553736E-001  9.199106360171631E-001  1.626303258728257E-015
  9.199106360171131E-001 -8.120621850554181E-001 -5.314962337431284E-015
 -2.916503843986007E-015  3.957337929572091E-015  8.105872507470663E-002
59 57
  3.253157945647877E-002  3.553811433500143E-015 -2.332051110380540E-015
 -1.623253940118141E-015  1.202849407665414E-002 -1.474578588040859E-002
 -4.130810277169772E-015 -1.474578588041063E-002  1.202849407665667E-002
59 58
  8.105872507471046E-002 -4.763713295358185E-016  4.652243759499519E-015
 -4.478297073451376E-014 -8.120621850553336E-001 -9.199106360170293E-001
 -5.266376527576777E-014 -9.199106360170621E-001 -8.120621850552876E-001
59 59
  6.140120841670451E+000 -1.572103314499348E-013 -1.384817553597845E-013
 -1.587068692611437E-013  6.140120841670453E+000 -1.399483082046606E-013
  1.458516196272547E-013  1.399630465779428E-013  6.140120841670552E+000
59 60
  8.105872507471636E-002  1.389472846675954E-015 -7.941780913456320E-015
  3.743750101592447E-014 -8.120621850554073E-001 -9.199106360171245E-001
  1.970537448492404E-014 -9.199106360171603E-001 -8.120621850553733E-001
59 61
 -7.267737250731067E-003  6.655305273139695E-003 -8.490020553315185E-003
  6.651744022950179E-003 -1.553593238777520E-002 -6.651744022950380E-003
 -8.490020553312836E-003 -6.655305273147003E-003 -7.267737250735672E-003
59 62
 -8.120621850554135E-001  9.199106360171082E-001 -2.894819800536297E-015
  9.199106360171599E-001 -8.120621850553714E-001 -3.033055577528199E-015
  4.220256956399826E-015 -2.531612072753653E-015  8.105872507471383E-002
59 63
 -8.120621850554035E-001  3.713121390219731E-014 -9.199106360171216E-001
  4.025778191710239E-015  8.105872507471115E-002 -1.343970236749453E-014
 -9.199106360171596E-001  1.857644897282351E-014 -8.120621850553702E-001
59 64
 -7.267737250724522E-003  8.490020553314428E-003 -6.655305273138719E-003
  8.490020553310442E-003 -7.267737250731398E-003 -6.655305273141574E-003
 -6.651744022952885E-003 -6.651744022949025E-003 -1.553593238777488E-002
60 1
 -7.267737250737353E-003  6.655305273141831E-003  8.490020553319978E-003
  6.651744022957809E-003 -1.553593238777335E-002  6.651744022951391E-003
  8.490020553317681E-003  6.655305273145734E-003 -7.267737250731438E-003
60 2
  3.460608080963488E-003 -1.146067334575200E-002 -4.976487971708465E-015
 -1.146067334574396E-002  3.460608080968091E-003  1.251894843707155E-015
 -4.049495114233359E-015 -3.182133376244956E-015  3.612261808098405E-003
60 3
  3.460608080966090E-003 -1.441988889405721E-015  1.146067334574743E-002
  8.917369629490764E-015  3.612261808099398E-003 -1.263094124754920E-015
  1.146067334574772E-002 -5.480641981914225E-015  3.460608080963742E-003
60 4
 -7.267737250727052E-003 -8.490020553324434E-003 -6.655305273134101E-003
 -8.490020553318541E-003 -7.267737250734419E-003  6.655305273137448E-003
 -6.651744022954242E-003  6.651744022957007E-003 -1.553593238776885E-002
60 5
  1.840321607972088E-002 -2.016616040823038E-015 -7.068998164605489E-015
 -2.195276465222652E-015  3.044262756684129E-002  2.102716939911438E-015
 -6.483528991463317E-015  2.385244779468110E-016  1.840321607972050E-002
60 6
  3.612261808096811E-003  5.215012449655276E-015  6.288372600415926E-016
 -1.084202172485504E-015  3.460608080962701E-003  1.146067334574899E-002
 -1.425725856818438E-015  1.146067334574649E-002  3.460608080965705E-003
60 7
  1.840321607972066E-002 -4.662069341687669E-015  1.333568672157170E-015
 -2.634611279139776E-015  1.840321607972087E-002 -3.138765289345535E-015
 -2.184667377558291E-015  3.431499875916622E-015  3.044262756681621E-002
60 8
  8.105872507470473E-002 -7.231628490478315E-015  4.510281037539698E-015
 -2.042230317148008E-014 -8.120621850553580E-001  9.199106360171109E-001
  6.900946827870236E-015  9.199106360171091E-001 -8.120621850553718E-001
60 9
 -7.267737250728950E-003 -6.655305273141440E-003  8.490020553316173E-003
 -6.651744022960438E-003 -1.553593238778411E-002 -6.651744022948808E-003
  8.490020553316492E-003 -6.655305273137657E-003 -7.267737250729133E-003
60 10
 -7.267737250739434E-003 -8.490020553320791E-003  6.655305273144152E-003
 -8.490020553328554E-003 -7.267737250735476E-003 -6.655305273138242E-003
  6.651744022949353E-003 -6.651744022953147E-003 -1.553593238778243E-002
60 11
 -8.120621850553872E-001 -2.277908764392045E-014  9.199106360171143E-001
 -2.667138750505033E-015  8.105872507470652E-002  2.303910219816647E-015
  9.199106360171332E-001  2.664968939969370E-014 -8.120621850553532E-001
60 12
 -8.120621850553962E-001 -9.199106360171541E-001  3.703634621210483E-014
 -9.199106360171565E-001 -8.120621850554048E-001  4.849365266984540E-014
 -5.187907395343139E-015 -3.691708397313143E-015  8.105872507471402E-002
60 13
 -7.914939155047231E-003 -1.149254302834635E-015  9.204876444401933E-015
 -6.479092656402072E-015 -7.914939155049467E-003 -1.065503920174866E-015
  9.730714498057402E-015  2.748452507250754E-015 -7.914939155048808E-003
60 14
 -1.553593238777399E-002  6.651744022944966E-003  6.651744022949792E-003
  6.655305273144381E-003 -7.267737250730205E-003  8.490020553321622E-003
  6.655305273150874E-003  8.490020553319242E-003 -7.267737250724933E-003
60 15
  3.044262756681756E-002 -2.114194236346734E-015 -9.757819552369540E-017
  7.004122654935657E-015  1.840321607972492E-002  2.981195021603827E-016
 -4.878909776184770E-016 -3.079134169858833E-015  1.840321607972984E-002
60 16
 -1.553593238776836E-002 -6.651744022952469E-003 -6.651744022955375E-003
 -6.655305273137801E-003 -7.267737250724016E-003  8.490020553318881E-003
 -6.655305273138589E-003  8.490020553325286E-003 -7.267737250728570E-003
60 17
  3.612261808095586E-003  1.019150042136374E-015  3.404394821604484E-015
 -3.164504503030225E-015  3.460608080963465E-003 -1.146067334575013E-002
 -4.006127027333939E-015 -1.146067334574382E-002  3.460608080964160E-003
60 18
 -1.266294654800229E-003  2.059984127722458E-016  4.553649124439119E-016
 -2.314771638256552E-015 -1.266294654796933E-003 -1.626303258728257E-017
  4.119968255444917E-016 -1.566672139241554E-015 -1.266294654798797E-003
60 19
  3.612261808095716E-003 -5.030698080332741E-015  1.192622389734055E-016
  3.523657060577889E-016  3.460608080961731E-003 -1.146067334574737E-002
 -2.401507812055392E-015 -1.146067334574602E-002  3.460608080961433E-003
60 20
  3.253157945648052E-002  3.144186300207963E-016  2.005774019098183E-015
 -3.538077796504894E-015  1.202849407666113E-002  1.474578588041021E-002
 -5.030698080332741E-015  1.474578588040729E-002  1.202849407665569E-002
60 21
  3.460608080970871E-003  1.146067334574503E-002 -4.813857645835640E-015
  1.146067334574311E-002  3.460608080962718E-003  8.673617379884035E-016
 -1.864827736675068E-015  1.214306433183765E-015  3.612261808104162E-003
60 22
  3.460608080961634E-003  4.336808689942018E-016 -1.146067334574824E-002
 -7.329206686002010E-015  3.612261808097093E-003 -3.946495907847236E-015
 -1.146067334574672E-002 -4.640385298237959E-015  3.460608080962761E-003
60 23
 -7.267737250729969E-003  8.490020553317431E-003  6.655305273147057E-003
  8.490020553318503E-003 -7.267737250728277E-003  6.655305273138589E-003
  6.651744022953218E-003  6.651744022955755E-003 -1.553593238777289E-002
60 24
 -7.267737250728809E-003 -6.655305273132583E-003 -8.490020553318461E-003
 -6.651744022957739E-003 -1.553593238777068E-002  6.651744022957002E-003
 -8.490020553318970E-003  6.655305273142981E-003 -7.267737250729113E-003
60 25
 -1.553593238777070E-002 -6.651744022946973E-003  6.651744022951700E-003
 -6.655305273135580E-003 -7.267737250730386E-003 -8.490020553323355E-003
  6.655305273142915E-003 -8.490020553320168E-003 -7.267737250732782E-003
60 26
  1.202849407665263E-002  2.331034670843835E-015  1.474578588041456E-002
 -7.209944447028604E-016  3.253157945648266E-002 -6.277530578691080E-015
  1.474578588041199E-002 -1.073360150760649E-015  1.202849407665325E-002
60 27
 -1.553593238776412E-002 -6.651744022952112E-003  6.651744022954530E-003
 -6.655305273136472E-003 -7.267737250723027E-003 -8.490020553317872E-003
  6.655305273146948E-003 -8.490020553318363E-003 -7.267737250724835E-003
60 28
  1.202849407666033E-002 -1.474578588040652E-002 -7.047314121155779E-015
 -1.474578588040433E-002  1.202849407666046E-002 -2.405626509761416E-015
  1.002344908462849E-014  1.328147661294743E-015  3.253157945647981E-002
60 29
 -7.267737250720536E-003  8.490020553326061E-003  6.655305273140562E-003
  8.490020553331935E-003 -7.267737250729383E-003  6.655305273137536E-003
  6.651744022952318E-003  6.651744022949076E-003 -1.553593238777788E-002
60 30
  3.460608080967553E-003  5.963111948670274E-016 -1.146067334574895E-002
  8.218252467440124E-015  3.612261808097310E-003  6.440160904563896E-015
 -1.146067334574686E-002  7.535205098774256E-016  3.460608080960620E-003
60 31
  3.460608080964182E-003  1.146067334575307E-002 -1.897353801849633E-015
  1.146067334574919E-002  3.460608080964823E-003 -2.882749581037923E-015
 -1.626303258728257E-015  9.730714498057402E-015  3.612261808093683E-003
60 32
 -7.267737250723875E-003 -6.655305273139815E-003 -8.490020553327199E-003
 -6.651744022956763E-003 -1.553593238776772E-002  6.651744022951526E-003
 -8.490020553316194E-003  6.655305273144417E-003 -7.267737250732646E-003
60 33
  3.460608080961991E-003 -8.998878031629687E-016  1.146067334575223E-002
 -3.821811251820711E-015  3.612261808098980E-003  4.157934728196979E-015
  1.146067334574699E-002 -1.013729031273947E-015  3.460608080961184E-003
60 34
  3.460608080965526E-003 -1.146067334575331E-002 -3.501973017128179E-015
 -1.146067334574930E-002  3.460608080965548E-003 -2.206351421008002E-015
  4.250072516143177E-015  3.767602549387128E-015  3.612261808093499E-003
60 35
 -7.267737250733253E-003  6.655305273135022E-003  8.490020553318016E-003
  6.651744022954396E-003 -1.553593238776827E-002  6.651744022954104E-003
  8.490020553320076E-003  6.655305273139425E-003 -7.267737250734072E-003
60 36
 -7.267737250730717E-003 -8.490020553322342E-003 -6.655305273134209E-003
 -8.490020553324510E-003 -7.267737250730271E-003  6.655305273142293E-003
 -6.651744022954362E-003  6.651744022952516E-003 -1.553593238777178E-002
60 37
  3.044262756681471E-002  6.006480035569695E-015 -2.168404344971009E-017
 -3.810970636286558E-015  1.840321607972360E-002 -1.713039432527097E-015
  5.312590645178972E-015  2.070826149447313E-015  1.840321607972380E-002
60 38
 -1.553593238777052E-002  6.651744022952145E-003  6.651744022947168E-003
  6.655305273136616E-003 -7.267737250729421E-003  8.490020553317561E-003
  6.655305273144889E-003  8.490020553320559E-003 -7.267737250733016E-003
60 39
 -7.914939155047611E-003  2.482822974991805E-015  1.203464411458910E-015
  2.957595529839681E-015 -7.914939155054099E-003  4.480804290975249E-016
  5.252959525692269E-015  3.962758940434519E-015 -7.914939155055005E-003
60 40
 -1.553593238777108E-002 -6.651744022952220E-003 -6.651744022950214E-003
 -6.655305273135942E-003 -7.267737250729096E-003  8.490020553328512E-003
 -6.655305273139223E-003  8.490020553320867E-003 -7.267737250727697E-003
60 41
 -8.120621850553680E-001  6.039006100744260E-015  9.199106360171689E-001
  1.989704225713411E-015  8.105872507470950E-002  1.360672320278616E-015
  9.199106360171211E-001 -4.727121472036799E-015 -8.120621850554243E-001
60 42
 -7.267737250719647E-003 -8.490020553320174E-003  6.655305273143414E-003
 -8.490020553314164E-003 -7.267737250721919E-003 -6.655305273135763E-003
  6.651744022952475E-003 -6.651744022952334E-003 -1.553593238776760E-002
60 43
 -7.267737250723215E-003 -6.655305273145290E-003  8.490020553326582E-003
 -6.651744022956178E-003 -1.553593238777280E-002 -6.651744022957104E-003
  8.490020553318791E-003 -6.655305273142801E-003 -7.267737250722151E-003
60 44
 -8.120621850553802E-001 -9.199106360171433E-001  2.780978572425319E-014
 -9.199106360171310E-001 -8.120621850554085E-001  2.361663382216550E-014
  8.657354347296753E-015 -1.376936759056591E-015  8.105872507471210E-002
60 45
  1.840321607972131E-002 -4.271756559592887E-015  7.166576360129184E-015
  2.233279854640841E-015  1.840321607971900E-002  9.432594995897020E-015
  1.653408313040394E-016 -6.017322057294550E-015  3.044262756682234E-002
60 46
  3.612261808094935E-003  2.862293735361732E-015  7.697835424647081E-016
 -4.553265312634894E-016  3.460608080959900E-003  1.146067334575142E-002
 -3.794707603699266E-017  1.146067334575129E-002  3.460608080961856E-003
60 47
  1.840321607971911E-002  4.011548038196366E-015 -5.052382123782451E-015
  2.272271760128067E-015  3.044262756682592E-002  1.087675007569247E-015
 -4.374755765979010E-015  4.277177570455315E-015  1.840321607971964E-002
60 48
  8.105872507470312E-002  3.567025147477310E-015 -1.065770735553251E-014
 -7.724940478959219E-016 -8.120621850553766E-001  9.199106360171205E-001
 -3.176712365382528E-015  9.199106360171105E-001 -8.120621850553879E-001
60 49
 -1.553593238777329E-002  6.651744022952752E-003 -6.651744022942148E-003
  6.655305273139881E-003 -7.267737250728381E-003 -8.490020553321263E-003
 -6.655305273138866E-003 -8.490020553325378E-003 -7.267737250725654E-003
60 50
  1.202849407665463E-002  1.474578588040626E-002  7.697835424647081E-016
  1.474578588040688E-002  1.202849407665766E-002 -1.056303024785316E-015
 -2.715926442076189E-015  3.632077277826440E-016  3.253157945648403E-002
60 51
 -1.553593238777415E-002  6.651744022954345E-003 -6.651744022951342E-003
  6.655305273141143E-003 -7.267737250734187E-003 -8.490020553324774E-003
 -6.655305273139015E-003 -8.490020553317301E-003 -7.267737250733449E-003
60 52
  1.202849407665668E-002 -4.553649124439119E-015 -1.474578588040841E-002
  5.892770909559530E-015  3.253157945648235E-002  6.928043458877019E-015
 -1.474578588040888E-002 -3.019503050372130E-015  1.202849407665815E-002
60 53
 -8.120621850553236E-001  9.199106360171418E-001 -7.090682208055199E-015
  9.199106360170711E-001 -8.120621850553990E-001 -9.726987553089483E-015
 -4.391018798566293E-016 -3.458604930228759E-015  8.105872507470568E-002
60 54
 -7.267737250731964E-003  6.655305273137841E-003 -8.490020553323383E-003
  6.651744022958737E-003 -1.553593238777122E-002 -6.651744022948404E-003
 -8.490020553321844E-003 -6.655305273131662E-003 -7.267737250731004E-003
60 55
 -7.267737250728483E-003  8.490020553326679E-003 -6.655305273134426E-003
  8.490020553324712E-003 -7.267737250731262E-003 -6.655305273136830E-003
 -6.651744022949027E-003 -6.651744022944886E-003 -1.553593238777591E-002
60 56
 -8.120621850553653E-001 -2.352718714293545E-015 -9.199106360170930E-001
  3.881443777498106E-015  8.105872507471623E-002 -1.783512573738655E-015
 -9.199106360171010E-001  3.556183125752455E-015 -8.120621850553560E-001
60 57
  8.105872507469906E-002 -7.448468924975415E-015 -7.513521055324546E-015
  2.607777275370760E-014 -8.120621850553965E-001 -9.199106360171438E-001
  1.784596775911140E-014 -9.199106360171447E-001 -8.120621850553990E-001
60 58
  3.253157945647772E-002 -1.127570259384925E-015  7.535205098774256E-015
  2.102102841024679E-015  1.202849407665559E-002 -1.474578588041074E-002
  2.753873518113181E-015 -1.474578588040175E-002  1.202849407665571E-002
60 59
  8.105872507470528E-002  2.331034670843835E-015  5.204170427930421E-015
  3.435735040652893E-014 -8.120621850554075E-001 -9.199106360171270E-001
  2.841693894084507E-014 -9.199106360171381E-001 -8.120621850553726E-001
60 60
  6.140120841670517E+000  1.046255096448512E-014  3.597924909393146E-014
 -7.351706518763269E-014  6.140120841670893E+000 -1.278787003286591E-013
  7.715724760493092E-014  9.486769009248164E-016  6.140120841670546E+000
60 61
 -7.267737250728429E-003  8.490020553317941E-003 -6.655305273138254E-003
  8.490020553316550E-003 -7.267737250718281E-003 -6.655305273140635E-003
 -6.651744022952898E-003 -6.651744022955188E-003 -1.553593238777528E-002
60 62
 -7.267737250728526E-003  6.655305273138763E-003 -8.490020553317778E-003
  6.651744022954605E-003 -1.553593238777020E-002 -6.651744022957227E-003
 -8.490020553321773E-003 -6.655305273142476E-003 -7.267737250727952E-003
60 63
 -8.120621850553816E-001  9.199106360171128E-001 -3.838075690598686E-015
  9.199106360171190E-001 -8.120621850553764E-001 -4.862646743597487E-015
 -2.607506224827638E-015 -8.646512325571898E-015  8.105872507471183E-002
60 64
 -8.120621850553619E-001  4.188272992311504E-014 -9.199106360171186E-001
  3.854842544032667E-015  8.105872507469629E-002  4.294030346370168E-015
 -9.199106360171223E-001  4.000706016471511E-014 -8.120621850553709E-001
61 1
 -1.553593238777033E-002 -6.651744022950662E-003 -6.651744022948770E-003
 -6.655305273141652E-003 -7.267737250727535E-003  8.490020553327227E-003
 -6.655305273147588E-003  8.490020553320564E-003 -7.267737250725529E-003
61 2
 -7.914939155045455E-003  2.812890538713125E-016 -9.997572228089870E-015
 -4.033232081646076E-015 -7.914939155048380E-003 -3.263448539181368E-015
 -1.355252715606881E-015  1.821459649775647E-015 -7.914939155045052E-003
61 3
 -1.553593238777551E-002  6.651744022951303E-003  6.651744022952965E-003
  6.655305273136508E-003 -7.267737250727388E-003  8.490020553312416E-003
  6.655305273138443E-003  8.490020553319128E-003 -7.267737250730088E-003
61 4
  3.044262756683758E-002  1.148788434713645E-014 -8.023519592866360E-017
  3.431499875916622E-015  1.840321607971678E-002 -1.414883835093583E-015
  3.106239224170970E-015 -7.752045533271357E-016  1.840321607971154E-002
61 5
 -7.267737250726190E-003 -8.490020553315417E-003 -6.655305273148017E-003
 -8.490020553321518E-003 -7.267737250725198E-003  6.655305273139408E-003
 -6.651744022952551E-003  6.651744022950871E-003 -1.553593238776360E-002
61 6
 -7.267737250729190E-003  6.655305273135476E-003  8.490020553318040E-003
  6.651744022953326E-003 -1.553593238777696E-002  6.651744022956253E-003
  8.490020553316975E-003  6.655305273135749E-003 -7.267737250730966E-003
61 7
  3.460608080964868E-003 -1.146067334575069E-002  6.439984880529545E-015
 -1.146067334575252E-002  3.460608080961536E-003  3.371868756429919E-015
 -1.626303258728257E-016  3.447762908503904E-015  3.612261808092361E-003
61 8
  3.460608080958061E-003  2.493203099062611E-015  1.146067334574660E-002
  3.469446951953614E-015  3.612261808093287E-003 -6.028164079019405E-015
  1.146067334574675E-002 -1.170938346284345E-015  3.460608080959948E-003
61 9
  8.105872507471155E-002 -1.148891156316418E-014 -5.804048428404737E-015
 -1.382357769919018E-015 -8.120621850554020E-001  9.199106360171270E-001
  6.684106393373135E-015  9.199106360171603E-001 -8.120621850553714E-001
61 10
  1.840321607972100E-002 -5.141008783366859E-015  1.218177301155513E-014
  2.634611279139776E-015  3.044262756681637E-002 -5.112013243269153E-015
  6.082374187643680E-015  3.523657060577889E-016  1.840321607972058E-002
61 11
  3.612261808096886E-003 -7.459605296111232E-015  9.109038069341958E-016
 -2.428612866367530E-015  3.460608080963759E-003  1.146067334574981E-002
  6.245004513516506E-015  1.146067334574568E-002  3.460608080962983E-003
61 12
  1.840321607972062E-002  4.284441129657427E-016 -3.235254273180121E-015
  3.583288180064592E-015  1.840321607971837E-002 -4.759647537211364E-015
 -2.108773225484306E-015  8.239936510889834E-016  3.044262756681637E-002
61 13
 -8.120621850553669E-001 -9.199106360171491E-001  5.023515240940024E-014
 -9.199106360171115E-001 -8.120621850553900E-001  5.268138356107066E-014
 -4.531965080989409E-015  5.301748623454117E-015  8.105872507469510E-002
61 14
 -7.267737250734067E-003 -6.655305273146060E-003  8.490020553321331E-003
 -6.651744022948756E-003 -1.553593238777292E-002 -6.651744022949255E-003
  8.490020553319875E-003 -6.655305273138627E-003 -7.267737250726358E-003
61 15
 -7.267737250727542E-003 -8.490020553320732E-003  6.655305273136604E-003
 -8.490020553315988E-003 -7.267737250731096E-003 -6.655305273132542E-003
  6.651744022954400E-003 -6.651744022961989E-003 -1.553593238777074E-002
61 16
 -8.120621850553369E-001  5.664956351236761E-016  9.199106360171702E-001
  2.282245573081987E-015  8.105872507470013E-002 -4.401860820291148E-015
  9.199106360170946E-001 -2.011195029960611E-015 -8.120621850553993E-001
61 17
 -7.267737250726944E-003 -6.655305273148073E-003 -8.490020553317735E-003
 -6.651744022957083E-003 -1.553593238777002E-002  6.651744022962813E-003
 -8.490020553323215E-003  6.655305273144688E-003 -7.267737250727296E-003
61 18
 -7.267737250728202E-003  8.490020553314695E-003  6.655305273139486E-003
  8.490020553313099E-003 -7.267737250731611E-003  6.655305273139218E-003
  6.651744022949130E-003  6.651744022958633E-003 -1.553593238777240E-002
61 19
  3.460608080955000E-003  3.682410887228047E-015 -1.146067334574462E-002
 -7.697835424647081E-016  3.612261808096583E-003 -6.613633252161577E-016
 -1.146067334575024E-002  1.734723475976807E-015  3.460608080963590E-003
61 20
  3.460608080962292E-003  1.146067334574938E-002  3.150819626976148E-015
  1.146067334574657E-002  3.460608080958587E-003 -2.504507018441515E-015
 -4.770489558936220E-016 -1.713039432527097E-015  3.612261808088229E-003
61 21
  3.253157945647325E-002 -3.686287386450713E-015 -8.543513119185772E-015
  2.515349040166370E-015  1.202849407665674E-002  1.474578588040667E-002
  9.150666335777657E-015  1.474578588040524E-002  1.202849407665834E-002
61 22
  3.612261808097310E-003 -6.548581121812444E-015 -1.301042606982605E-015
  1.170938346284345E-015  3.460608080960766E-003 -1.146067334574867E-002
 -9.540979117872439E-016 -1.146067334574560E-002  3.460608080964100E-003
61 23
 -1.266294654797421E-003  1.994931997373328E-015  1.301042606982604E-015
  4.336808689942018E-017 -1.266294654794558E-003  8.673617379884035E-017
  6.722053469410127E-016  8.673617379884035E-017 -1.266294654795361E-003
61 24
  3.612261808086728E-003  9.367506770274760E-015  5.160802341031001E-015
  3.512815038853034E-015  3.460608080962935E-003 -1.146067334574312E-002
  5.117434254131581E-015 -1.146067334575087E-002  3.460608080962192E-003
61 25
 -7.267737250730774E-003 -6.655305273141576E-003 -8.490020553318569E-003
 -6.651744022947829E-003 -1.553593238776998E-002  6.651744022953581E-003
 -8.490020553317566E-003  6.655305273132675E-003 -7.267737250732332E-003
61 26
  3.460608080965298E-003  1.146067334574837E-002  2.885171565871478E-015
  1.146067334574667E-002  3.460608080958728E-003 -4.380176776841438E-015
  1.485356976305141E-015 -4.531965080989409E-015  3.612261808098790E-003
61 27
  3.460608080967345E-003 -3.560885482098696E-015 -1.146067334575192E-002
  6.722053469410127E-016  3.612261808094404E-003 -4.011548038196366E-016
 -1.146067334575115E-002 -3.317658647805644E-015  3.460608080961726E-003
61 28
 -7.267737250729790E-003  8.490020553321036E-003  6.655305273136621E-003
  8.490020553325215E-003 -7.267737250726174E-003  6.655305273142249E-003
  6.651744022945411E-003  6.651744022959170E-003 -1.553593238777211E-002
61 29
  1.202849407666434E-002 -1.474578588040968E-002  7.598859624760416E-015
 -1.474578588040640E-002  1.202849407665760E-002 -4.141652298894627E-015
 -4.900593819634480E-015  3.783865581974410E-015  3.253157945647724E-002
61 30
 -1.553593238776893E-002 -6.651744022960908E-003  6.651744022955374E-003
 -6.655305273143105E-003 -7.267737250732749E-003 -8.490020553313120E-003
  6.655305273132643E-003 -8.490020553320245E-003 -7.267737250731709E-003
61 31
  1.202849407666055E-002  8.743074081558888E-016  1.474578588039835E-002
 -5.778797579347739E-015  3.253157945647253E-002 -4.336808689942018E-016
  1.474578588040369E-002 -2.038300084272748E-015  1.202849407666537E-002
61 32
 -1.553593238776325E-002 -6.651744022952346E-003  6.651744022951685E-003
 -6.655305273138546E-003 -7.267737250722119E-003 -8.490020553324868E-003
  6.655305273133440E-003 -8.490020553318000E-003 -7.267737250728169E-003
61 33
  8.105872507471833E-002 -4.456403404591541E-015 -4.272997782446692E-015
  9.746977530644685E-015 -8.120621850554047E-001  9.199106360171669E-001
 -4.065758146820642E-016  9.199106360171637E-001 -8.120621850553957E-001
61 34
  1.840321607972354E-002  6.217751496215406E-015 -1.002828201615691E-014
  1.387778780781446E-015  1.840321607972085E-002  3.800128614561693E-015
 -1.225148454908620E-015  7.535205098774256E-016  3.044262756681913E-002
61 35
  3.612261808094520E-003  4.770534237451246E-015 -5.291354752998068E-015
  5.854691731421724E-015  3.460608080965645E-003  1.146067334574847E-002
 -1.322726650432315E-015  1.146067334574744E-002  3.460608080963200E-003
61 36
  1.840321607971848E-002 -7.736891725654760E-016  7.226479090343502E-015
  4.645806309100386E-015  3.044262756681890E-002  4.765068548073792E-015
  5.773376568485311E-015 -2.228035464457712E-015  1.840321607971332E-002
61 37
 -7.267737250728740E-003 -8.490020553324547E-003 -6.655305273145774E-003
 -8.490020553314947E-003 -7.267737250730587E-003  6.655305273140107E-003
 -6.651744022949591E-003  6.651744022950041E-003 -1.553593238777412E-002
61 38
  3.460608080969384E-003  1.904180358008910E-015  1.146067334574813E-002
  2.482822974991805E-015  3.612261808099066E-003 -2.851451713636877E-015
  1.146067334574653E-002  4.119968255444917E-016  3.460608080960143E-003
61 39
  3.460608080966402E-003 -1.146067334575006E-002  4.354692996529904E-015
 -1.146067334574912E-002  3.460608080964160E-003 -3.686287386450715E-015
 -3.577867169202165E-015  3.100818213308543E-015  3.612261808096448E-003
61 40
 -7.267737250727341E-003  6.655305273139815E-003  8.490020553322073E-003
  6.651744022942988E-003 -1.553593238777039E-002  6.651744022961452E-003
  8.490020553325421E-003  6.655305273137960E-003 -7.267737250727919E-003
61 41
 -1.553593238778073E-002 -6.651744022954468E-003 -6.651744022953594E-003
 -6.655305273143208E-003 -7.267737250734143E-003  8.490020553316839E-003
 -6.655305273136849E-003  8.490020553317773E-003 -7.267737250728229E-003
61 42
  3.044262756683004E-002  1.184723807500909E-015 -4.749525493491676E-016
 -6.109479241955817E-015  1.840321607972387E-002 -7.047314121155779E-016
 -4.000706016471511E-015 -2.542454094478508E-015  1.840321607972089E-002
61 43
 -1.553593238777016E-002  6.651744022952572E-003  6.651744022954025E-003
  6.655305273143094E-003 -7.267737250730663E-003  8.490020553318699E-003
  6.655305273137927E-003  8.490020553324006E-003 -7.267737250729486E-003
61 44
 -7.914939155046968E-003 -3.635592464557545E-015 -8.194127910311137E-015
 -6.364266752489911E-015 -7.914939155045420E-003  2.970713952610282E-015
 -9.128982292327947E-015  4.054916125095787E-015 -7.914939155040119E-003
61 45
 -8.120621850553664E-001 -9.199106360171183E-001  5.466411828400353E-014
 -9.199106360170954E-001 -8.120621850553613E-001  5.158091835599787E-014
 -5.177065373618284E-015  2.276824562219559E-016  8.105872507469369E-002
61 46
 -8.120621850553632E-001  7.371219520185823E-015  9.199106360171165E-001
 -8.798300629719868E-015  8.105872507469952E-002 -2.840609691912022E-015
  9.199106360170948E-001 -4.721700461174372E-015 -8.120621850553665E-001
61 47
 -7.267737250729859E-003 -8.490020553317365E-003  6.655305273141637E-003
 -8.490020553323447E-003 -7.267737250731448E-003 -6.655305273139283E-003
  6.651744022956742E-003 -6.651744022954784E-003 -1.553593238777038E-002
61 48
 -7.267737250730048E-003 -6.655305273147302E-003  8.490020553324828E-003
 -6.651744022957901E-003 -1.553593238777011E-002 -6.651744022948821E-003
  8.490020553322245E-003 -6.655305273129604E-003 -7.267737250724586E-003
61 49
 -8.120621850553594E-001  1.278274361360410E-014 -9.199106360171518E-001
 -3.458604930228759E-015  8.105872507470335E-002  8.337514706413529E-015
 -9.199106360171079E-001  1.123775551781225E-014 -8.120621850553890E-001
61 50
 -7.267737250727338E-003  8.490020553324320E-003 -6.655305273144808E-003
  8.490020553322233E-003 -7.267737250727919E-003 -6.655305273138584E-003
 -6.651744022958270E-003 -6.651744022947048E-003 -1.553593238777514E-002
61 51
 -7.267737250724393E-003  6.655305273139028E-003 -8.490020553323849E-003
  6.651744022948648E-003 -1.553593238777211E-002 -6.651744022956779E-003
 -8.490020553322222E-003 -6.655305273138972E-003 -7.267737250733470E-003
61 52
 -8.120621850553573E-001  9.199106360171507E-001 -1.538889458571613E-014
  9.199106360171114E-001 -8.120621850553835E-001  2.710505431213761E-017
  3.816391647148976E-015 -2.016616040823038E-015  8.105872507469904E-002
61 53
  1.202849407666063E-002  4.057774861292770E-015 -1.474578588041146E-002
 -5.724587470723463E-015  3.253157945647851E-002  1.626303258728257E-015
 -1.474578588040779E-002  3.198396408832238E-015  1.202849407665678E-002
61 54
 -1.553593238776968E-002  6.651744022954133E-003 -6.651744022955726E-003
  6.655305273137619E-003 -7.267737250732386E-003 -8.490020553322814E-003
 -6.655305273135754E-003 -8.490020553317457E-003 -7.267737250730971E-003
61 55
  1.202849407666047E-002  1.474578588040412E-002  4.426689473557540E-015
  1.474578588041188E-002  1.202849407665875E-002  1.929879867024198E-015
 -2.558717127065790E-015 -1.604619215278547E-015  3.253157945647726E-002
61 56
 -1.553593238776785E-002  6.651744022949903E-003 -6.651744022952475E-003
  6.655305273138751E-003 -7.267737250729264E-003 -8.490020553315773E-003
 -6.655305273138925E-003 -8.490020553326824E-003 -7.267737250726511E-003
61 57
 -8.120621850553681E-001 -5.250249020261055E-015 -9.199106360171180E-001
 -2.970713952610282E-015  8.105872507470492E-002  2.276824562219559E-016
 -9.199106360170890E-001 -1.886511780124778E-015 -8.120621850553598E-001
61 58
 -8.120621850553600E-001  9.199106360171193E-001  1.432840933575374E-015
  9.199106360170937E-001 -8.120621850553635E-001 -1.225148454908620E-015
 -1.116728237660070E-014 -3.295974604355933E-015  8.105872507469512E-002
61 59
 -7.267737250727989E-003  6.655305273136989E-003 -8.490020553321881E-003
  6.651744022953803E-003 -1.553593238776607E-002 -6.651744022957262E-003
 -8.490020553326066E-003 -6.655305273143772E-003 -7.267737250732115E-003
61 60
 -7.267737250727814E-003  8.490020553323494E-003 -6.655305273147031E-003
  8.490020553316720E-003 -7.267737250731622E-003 -6.655305273136822E-003
 -6.651744022955456E-003 -6.651744022945992E-003 -1.553593238776343E-002
61 61
  6.140120841670708E+000  3.302911555877032E-014 -1.369708376259272E-013
 -4.301572119336239E-014  6.140120841670794E+000 -9.153376841208871E-014
 -2.189004186248233E-014 -5.687182495772714E-014  6.140120841670798E+000
61 62
  8.105872507470288E-002  1.197408240128837E-014  8.631980379744162E-015
  2.172199052574708E-014 -8.120621850553761E-001 -9.199106360171343E-001
  2.601543112878968E-014 -9.199106360171381E-001 -8.120621850553751E-001
61 63
  3.253157945647803E-002 -1.041335116505709E-015 -1.084250323880105E-014
 -6.938893903907228E-016  1.202849407666053E-002 -1.474578588040507E-002
  5.355958732078392E-015 -1.474578588040365E-002  1.202849407666210E-002
61 64
  8.105872507470845E-002  9.992961341360200E-015  7.471208775501575E-015
  8.131516293641283E-015 -8.120621850553856E-001 -9.199106360171542E-001
  5.139118297581291E-015 -9.199106360171408E-001 -8.120621850553931E-001
62 1
  3.044262756684299E-002  1.547020974865254E-015  2.859794988167332E-016
 -6.505213034913027E-015  1.840321607971648E-002 -4.336808689942018E-017
 -1.507041019754851E-015  1.539567084929416E-015  1.840321607971173E-002
62 2
 -1.553593238778215E-002 -6.651744022949040E-003 -6.651744022954695E-003
 -6.655305273143772E-003 -7.267737250721848E-003  8.490020553321832E-003
 -6.655305273136139E-003  8.490020553328100E-003 -7.267737250723225E-003
62 3
 -7.914939155047858E-003 -1.439903070773107E-015  6.175833685461351E-015
  4.076600168545497E-015 -7.914939155040379E-003  4.065758146820642E-015
 -2.471980953266950E-015 -7.372574772901430E-016 -7.914939155040759E-003
62 4
 -1.553593238777815E-002  6.651744022951982E-003  6.651744022952885E-003
  6.655305273143555E-003 -7.267737250737136E-003  8.490020553317192E-003
  6.655305273146016E-003  8.490020553320857E-003 -7.267737250735162E-003
62 5
  3.460608080968573E-003  2.667137344314341E-015  1.146067334574629E-002
  7.806255641895632E-016  3.612261808091954E-003  5.854691731421724E-016
  1.146067334575184E-002  1.257674520083185E-015  3.460608080959552E-003
62 6
 -7.267737250731134E-003 -8.490020553326053E-003 -6.655305273141593E-003
 -8.490020553320911E-003 -7.267737250720840E-003  6.655305273141647E-003
 -6.651744022961533E-003  6.651744022962325E-003 -1.553593238777550E-002
62 7
 -7.267737250731590E-003  6.655305273141813E-003  8.490020553323615E-003
  6.651744022949423E-003 -1.553593238777125E-002  6.651744022953706E-003
  8.490020553309829E-003  6.655305273143675E-003 -7.267737250733449E-003
62 8
  3.460608080960657E-003 -1.146067334574621E-002 -5.503948622853519E-015
 -1.146067334574766E-002  3.460608080953611E-003  1.116728237660070E-015
 -1.496198998029996E-015 -8.673617379884035E-016  3.612261808095976E-003
62 9
  1.840321607971803E-002  1.958340174051940E-015 -2.036962283862813E-015
  8.782037597132586E-016  1.840321607972317E-002  3.339342691255354E-015
  5.355958732078392E-015 -1.376936759056591E-015  3.044262756682467E-002
62 10
  8.105872507470965E-002  4.215982057667279E-015  6.129016748247296E-015
 -8.055622141567298E-015 -8.120621850553881E-001  9.199106360170782E-001
  1.127570259384925E-015  9.199106360171513E-001 -8.120621850553358E-001
62 11
  1.840321607972094E-002 -2.154912432518242E-015  2.633741482763304E-015
 -1.129738663729896E-014  3.044262756681835E-002 -5.009014036883030E-015
  6.505213034913027E-017  1.268516541808040E-015  1.840321607971982E-002
62 12
  3.612261808093967E-003  6.070450212115661E-016 -8.673677063939611E-016
  1.105886215935215E-015  3.460608080964886E-003  1.146067334574267E-002
  1.084202172485504E-015  1.146067334575123E-002  3.460608080965797E-003
62 13
 -8.120621850553837E-001 -5.596583851734394E-014  9.199106360171374E-001
  1.290200585257750E-015  8.105872507469228E-002  8.153200337090993E-015
  9.199106360171367E-001  5.221517662690189E-014 -8.120621850553791E-001
62 14
 -8.120621850553882E-001 -9.199106360171526E-001  4.596746160795417E-014
 -9.199106360171395E-001 -8.120621850553931E-001  3.117081245895825E-014
  4.369334755116583E-015  1.919037845299343E-015  8.105872507470137E-002
62 15
 -7.267737250725242E-003 -6.655305273140620E-003  8.490020553316548E-003
 -6.651744022945888E-003 -1.553593238776540E-002 -6.651744022953683E-003
  8.490020553321605E-003 -6.655305273139359E-003 -7.267737250725296E-003
62 16
 -7.267737250728973E-003 -8.490020553323567E-003  6.655305273144018E-003
 -8.490020553320227E-003 -7.267737250733915E-003 -6.655305273139078E-003
  6.651744022950757E-003 -6.651744022957066E-003 -1.553593238776615E-002
62 17
  3.460608080961981E-003  1.146067334574701E-002 -6.071532165918825E-016
  1.146067334575065E-002  3.460608080964084E-003 -1.908195823574488E-015
  2.168404344971009E-016  0.000000000000000E+000  3.612261808090111E-003
62 18
 -7.267737250729408E-003 -6.655305273141798E-003 -8.490020553321617E-003
 -6.651744022953966E-003 -1.553593238776881E-002  6.651744022960362E-003
 -8.490020553327860E-003  6.655305273138329E-003 -7.267737250728093E-003
62 19
 -7.267737250734508E-003  8.490020553319119E-003  6.655305273142555E-003
  8.490020553317799E-003 -7.267737250734609E-003  6.655305273139977E-003
  6.651744022952676E-003  6.651744022958487E-003 -1.553593238776568E-002
62 20
  3.460608080964518E-003 -3.063178186714930E-015 -1.146067334574436E-002
  4.564491146163974E-015  3.612261808094339E-003  3.686287386450715E-016
 -1.146067334575297E-002 -1.951563910473908E-016  3.460608080961623E-003
62 21
  3.612261808091650E-003 -1.192622389734055E-015  1.517883041479706E-015
  1.734723475976807E-016  3.460608080966014E-003 -1.146067334574393E-002
  2.602085213965211E-016 -1.146067334575084E-002  3.460608080962197E-003
62 22
  3.253157945647561E-002 -5.811323644522305E-015 -1.040834085586084E-015
 -4.770489558936220E-016  1.202849407665725E-002  1.474578588040586E-002
  1.127570259384925E-015  1.474578588040866E-002  1.202849407665863E-002
62 23
  3.612261808093862E-003 -1.127570259384925E-015 -3.035766082959410E-015
 -1.929879867024198E-015  3.460608080958728E-003 -1.146067334574709E-002
 -2.905661822261152E-015 -1.146067334574816E-002  3.460608080968182E-003
62 24
 -1.266294654795230E-003 -7.155734338404329E-016  2.016616040823038E-015
 -5.421010862427522E-016 -1.266294654797746E-003  0.000000000000000E+000
  1.040834085586084E-015 -3.469446951953614E-016 -1.266294654796336E-003
62 25
 -7.267737250729933E-003  8.490020553320456E-003  6.655305273142044E-003
  8.490020553317084E-003 -7.267737250718845E-003  6.655305273143002E-003
  6.651744022954562E-003  6.651744022955386E-003 -1.553593238777093E-002
62 26
 -7.267737250726876E-003 -6.655305273138088E-003 -8.490020553319979E-003
 -6.651744022948014E-003 -1.553593238776487E-002  6.651744022954844E-003
 -8.490020553311273E-003  6.655305273144455E-003 -7.267737250728873E-003
62 27
  3.460608080965613E-003  1.146067334574887E-002 -9.564696040395559E-016
  1.146067334574917E-002  3.460608080953058E-003 -5.204170427930421E-016
 -1.821459649775647E-015  1.225148454908620E-015  3.612261808091347E-003
62 28
  3.460608080965927E-003 -6.288372600415926E-016 -1.146067334575141E-002
 -3.751339516799845E-015  3.612261808087248E-003 -3.794707603699266E-015
 -1.146067334575878E-002 -2.775557561562891E-015  3.460608080961113E-003
62 29
 -1.553593238776490E-002 -6.651744022947269E-003  6.651744022953640E-003
 -6.655305273135672E-003 -7.267737250721555E-003 -8.490020553324500E-003
  6.655305273141700E-003 -8.490020553319415E-003 -7.267737250731942E-003
62 30
  1.202849407665654E-002 -1.474578588040182E-002 -2.990100419190565E-015
 -1.474578588041024E-002  1.202849407666676E-002 -4.531965080989409E-015
  2.764715539838036E-015  5.767955557622884E-015  3.253157945647239E-002
62 31
 -1.553593238777176E-002 -6.651744022953666E-003  6.651744022950020E-003
 -6.655305273138557E-003 -7.267737250732679E-003 -8.490020553319110E-003
  6.655305273139966E-003 -8.490020553319513E-003 -7.267737250725502E-003
62 32
  1.202849407666198E-002  4.073127333461754E-015  1.474578588040480E-002
  1.875669758399923E-015  3.253157945646681E-002  4.445228907190568E-016
  1.474578588041225E-002 -7.068998164605489E-015  1.202849407667076E-002
62 33
  1.840321607972135E-002  1.944770194590202E-015 -6.060351331015068E-015
  1.181780368009200E-015  3.044262756683015E-002 -1.355252715606881E-015
 -5.063224145507306E-015  4.792173602385930E-015  1.840321607972118E-002
62 34
  8.105872507471361E-002  3.987815606865942E-015 -7.982308822331349E-015
  8.673617379884035E-017 -8.120621850553674E-001  9.199106360171482E-001
 -7.350890729451720E-015  9.199106360171152E-001 -8.120621850553924E-001
62 35
  1.840321607972395E-002  3.911337404250429E-015 -2.951191979088543E-015
 -2.450296909817240E-015  1.840321607971875E-002  3.144186300207963E-016
 -6.505213034913027E-015 -3.306816626080789E-015  3.044262756681414E-002
62 36
  3.612261808093082E-003 -1.105892184340770E-015  3.512804992750235E-015
 -3.165870343657673E-015  3.460608080967879E-003  1.146067334575109E-002
 -2.645453300864631E-015  1.146067334574987E-002  3.460608080967412E-003
62 37
 -7.267737250726895E-003  6.655305273140626E-003  8.490020553314536E-003
  6.651744022950160E-003 -1.553593238776596E-002  6.651744022960417E-003
  8.490020553315360E-003  6.655305273142764E-003 -7.267737250729850E-003
62 38
 -7.267737250725187E-003 -8.490020553318165E-003 -6.655305273142277E-003
 -8.490020553312692E-003 -7.267737250730771E-003  6.655305273142449E-003
 -6.651744022944620E-003  6.651744022949737E-003 -1.553593238776473E-002
62 39
  3.460608080966731E-003 -3.341214104673194E-016  1.146067334575135E-002
  1.160096324559490E-015  3.612261808094090E-003 -2.710505431213761E-016
  1.146067334575084E-002 -2.168404344971009E-015  3.460608080961601E-003
62 40
  3.460608080966382E-003 -1.146067334574553E-002 -1.734723475976807E-016
 -1.146067334575126E-002  3.460608080961851E-003 -5.854691731421724E-016
 -1.344410693882025E-015 -4.857225732735060E-015  3.612261808089807E-003
62 41
 -7.914939155050961E-003  1.434259713762025E-015  6.161587650079718E-015
  4.336808689942018E-017 -7.914939155042482E-003  6.396792817664476E-015
  7.079840186330344E-015  8.370040771588094E-015 -7.914939155042721E-003
62 42
 -1.553593238776823E-002 -6.651744022958002E-003 -6.651744022954381E-003
 -6.655305273139294E-003 -7.267737250735162E-003  8.490020553317041E-003
 -6.655305273137646E-003  8.490020553316281E-003 -7.267737250732733E-003
62 43
  3.044262756682386E-002 -1.287235969942360E-015 -3.360349108347260E-015
  4.846383711010205E-015  1.840321607971422E-002 -1.311884628707460E-015
  3.816391647148976E-015 -3.491130995403324E-015  1.840321607971544E-002
62 44
 -1.553593238777693E-002  6.651744022950760E-003  6.651744022946563E-003
  6.655305273143392E-003 -7.267737250724559E-003  8.490020553319263E-003
  6.655305273140856E-003  8.490020553320574E-003 -7.267737250724439E-003
62 45
 -7.267737250734658E-003 -6.655305273139329E-003  8.490020553321341E-003
 -6.651744022953033E-003 -1.553593238776931E-002 -6.651744022959625E-003
  8.490020553316107E-003 -6.655305273144368E-003 -7.267737250737786E-003
62 46
 -8.120621850553656E-001 -9.199106360171141E-001  5.937870366842096E-014
 -9.199106360171014E-001 -8.120621850553631E-001  5.960943544325303E-014
 -7.914675859144182E-016 -5.019856058607886E-015  8.105872507470116E-002
62 47
 -8.120621850554056E-001 -3.764892043955914E-015  9.199106360171287E-001
 -4.553649124439119E-016  8.105872507470054E-002 -7.155734338404329E-016
  9.199106360171445E-001  3.361026734705064E-016 -8.120621850553749E-001
62 48
 -7.267737250732096E-003 -8.490020553318919E-003  6.655305273145783E-003
 -8.490020553316173E-003 -7.267737250726792E-003 -6.655305273136594E-003
  6.651744022955169E-003 -6.651744022953553E-003 -1.553593238776712E-002
62 49
 -8.120621850553866E-001  9.199106360171209E-001 -6.345191570517744E-014
  9.199106360171408E-001 -8.120621850553664E-001  6.081289985471194E-014
  3.642919299551295E-015 -2.179246366695864E-015  8.105872507469516E-002
62 50
 -8.120621850553783E-001  2.809980980539306E-014 -9.199106360171447E-001
 -8.890457814381136E-016  8.105872507469999E-002  2.732189474663471E-015
 -9.199106360171285E-001  1.077696959450591E-014 -8.120621850553847E-001
62 51
 -7.267737250728099E-003  8.490020553319072E-003 -6.655305273141118E-003
  8.490020553315859E-003 -7.267737250726564E-003 -6.655305273134481E-003
 -6.651744022952275E-003 -6.651744022951992E-003 -1.553593238776515E-002
62 52
 -7.267737250721912E-003  6.655305273141897E-003 -8.490020553322567E-003
  6.651744022954183E-003 -1.553593238777151E-002 -6.651744022951179E-003
 -8.490020553316293E-003 -6.655305273139955E-003 -7.267737250734143E-003
62 53
 -1.553593238777043E-002  6.651744022950381E-003 -6.651744022958747E-003
  6.655305273145236E-003 -7.267737250730207E-003 -8.490020553316130E-003
 -6.655305273138861E-003 -8.490020553322201E-003 -7.267737250726641E-003
62 54
  1.202849407665665E-002  4.058918355771563E-015 -1.474578588040663E-002
 -5.139118297581291E-015  3.253157945647090E-002 -2.092510192897024E-015
 -1.474578588040914E-002  1.105886215935215E-015  1.202849407666134E-002
62 55
 -1.553593238777368E-002  6.651744022954608E-003 -6.651744022954270E-003
  6.655305273142047E-003 -7.267737250726401E-003 -8.490020553321247E-003
 -6.655305273142351E-003 -8.490020553318645E-003 -7.267737250736072E-003
62 56
  1.202849407665430E-002  1.474578588040903E-002  2.119594071385480E-015
  1.474578588040740E-002  1.202849407666540E-002 -3.361026734705064E-015
  3.361026734705064E-015  9.324138683375338E-016  3.253157945647292E-002
62 57
 -7.267737250730039E-003  8.490020553317509E-003 -6.655305273140262E-003
  8.490020553317561E-003 -7.267737250736572E-003 -6.655305273140399E-003
 -6.651744022954475E-003 -6.651744022959116E-003 -1.553593238777684E-002
62 58
 -8.120621850553635E-001  7.555533889508359E-016 -9.199106360171051E-001
 -1.951563910473908E-015  8.105872507469748E-002 -2.471980953266950E-015
 -9.199106360171007E-001  4.575333167888829E-015 -8.120621850553668E-001
62 59
 -8.120621850554028E-001  9.199106360171307E-001 -1.103582286318683E-014
  9.199106360171426E-001 -8.120621850553768E-001 -5.876375774871434E-015
 -8.782037597132586E-015 -5.009014036883030E-015  8.105872507470598E-002
62 60
 -7.267737250728819E-003  6.655305273141045E-003 -8.490020553322292E-003
  6.651744022952578E-003 -1.553593238776287E-002 -6.651744022956112E-003
 -8.490020553316390E-003 -6.655305273135272E-003 -7.267737250725589E-003
62 61
  8.105872507471050E-002  1.777132468541344E-015 -7.300402816150240E-015
  1.058181320345852E-014 -8.120621850553931E-001 -9.199106360171356E-001
  1.346579098226997E-014 -9.199106360171383E-001 -8.120621850553841E-001
62 62
  6.140120841670880E+000 -2.353139852552244E-013 -3.205474368831694E-013
 -5.992385407327383E-014  6.140120841670449E+000  1.056988697956118E-013
 -6.049848122469115E-014  1.341537558124939E-013  6.140120841670416E+000
62 63
  8.105872507471565E-002  5.705754004888402E-015 -5.518803808740532E-016
  4.206704429243757E-015 -8.120621850553572E-001 -9.199106360171196E-001
 -5.637851296924623E-016 -9.199106360171284E-001 -8.120621850553678E-001
62 64
  3.253157945648256E-002  1.821147728137953E-015  2.775177063773940E-015
 -2.385244779468110E-016  1.202849407666299E-002 -1.474578588040027E-002
 -3.447762908503904E-015 -1.474578588039970E-002  1.202849407665766E-002
63 1
 -1.553593238778141E-002  6.651744022955335E-003  6.651744022955134E-003
  6.655305273142991E-003 -7.267737250732874E-003  8.490020553326342E-003
  6.655305273142492E-003  8.490020553324186E-003 -7.267737250728592E-003
63 2
  3.044262756684444E-002  1.015465448815818E-015  3.617889475959930E-016
 -6.526897078362737E-015  1.840321607971624E-002 -3.718813451625280E-015
  7.806255641895632E-016 -4.347650711666873E-015  1.840321607971455E-002
63 3
 -1.553593238777645E-002 -6.651744022950857E-003 -6.651744022945510E-003
 -6.655305273137884E-003 -7.267737250731801E-003  8.490020553317896E-003
 -6.655305273140562E-003  8.490020553315089E-003 -7.267737250733384E-003
63 4
 -7.914939155049724E-003 -7.048171742014874E-015 -3.541487104117592E-015
 -3.545341104027599E-015 -7.914939155046277E-003  7.773729576721067E-015
 -3.404394821604484E-015  9.736135508919830E-015 -7.914939155042678E-003
63 5
  3.460608080970528E-003 -1.146067334575135E-002 -3.553516295457584E-015
 -1.146067334575203E-002  3.460608080964821E-003 -4.304282624767453E-015
 -1.669671345627677E-015 -1.539567084929416E-015  3.612261808093971E-003
63 6
  3.460608080963195E-003 -2.775557561562891E-015  1.146067334574889E-002
  4.987329993433320E-015  3.612261808097657E-003 -2.168404344971009E-017
  1.146067334574704E-002  0.000000000000000E+000  3.460608080967326E-003
63 7
 -7.267737250732966E-003 -8.490020553319589E-003 -6.655305273137189E-003
 -8.490020553313257E-003 -7.267737250736506E-003  6.655305273138535E-003
 -6.651744022953836E-003  6.651744022953316E-003 -1.553593238777462E-002
63 8
 -7.267737250729506E-003  6.655305273140858E-003  8.490020553318911E-003
  6.651744022956221E-003 -1.553593238777138E-002  6.651744022959311E-003
  8.490020553320141E-003  6.655305273149193E-003 -7.267737250725632E-003
63 9
  3.612261808100423E-003  5.074109193659999E-015  1.409465714950491E-015
 -9.974659986866641E-016  3.460608080964637E-003  1.146067334574239E-002
 -4.163336342344337E-015  1.146067334575058E-002  3.460608080967022E-003
63 10
  1.840321607972319E-002 -3.295974604355933E-015 -3.686804281406732E-016
 -1.311884628707460E-015  1.840321607972061E-002  4.119968255444917E-016
 -5.529431079676073E-016 -2.797241605012601E-015  3.044262756681161E-002
63 11
  8.105872507470316E-002  2.548885709678435E-015 -3.795893428715247E-015
 -2.970713952610282E-014 -8.120621850553794E-001  9.199106360171180E-001
  2.998903209094905E-014  9.199106360171294E-001 -8.120621850553570E-001
63 12
  1.840321607971946E-002  6.819818159021780E-015 -2.060031576421169E-015
  4.044074103370932E-015  3.044262756681661E-002 -4.835541689285350E-015
 -6.028164079019405E-015  1.376936759056591E-015  1.840321607972849E-002
63 13
 -7.267737250736019E-003 -8.490020553318338E-003  6.655305273140844E-003
 -8.490020553322972E-003 -7.267737250723908E-003 -6.655305273136529E-003
  6.651744022951798E-003 -6.651744022950529E-003 -1.553593238776656E-002
63 14
 -8.120621850553588E-001 -2.287327770765513E-014  9.199106360171082E-001
 -4.651227319962814E-015  8.105872507469848E-002 -4.662069341687669E-015
  9.199106360171134E-001  1.002887009549092E-014 -8.120621850553731E-001
63 15
 -8.120621850554035E-001 -9.199106360171523E-001  4.879451877271013E-014
 -9.199106360171587E-001 -8.120621850554033E-001  4.316208848664793E-014
 -7.134050294954619E-015 -3.588709190927020E-015  8.105872507470779E-002
63 16
 -7.267737250722951E-003 -6.655305273136845E-003  8.490020553322149E-003
 -6.651744022956742E-003 -1.553593238776770E-002 -6.651744022958639E-003
  8.490020553318883E-003 -6.655305273135218E-003 -7.267737250727768E-003
63 17
  3.460608080963810E-003  7.631700680312242E-016 -1.146067334575275E-002
  1.246832498358330E-015  3.612261808091564E-003  8.782037597132586E-016
 -1.146067334574925E-002 -3.165870343657673E-015  3.460608080963043E-003
63 18
  3.460608080958012E-003  1.146067334574939E-002 -2.753873518113181E-015
  1.146067334575113E-002  3.460608080967423E-003  1.301042606982605E-015
 -3.426078865054194E-015 -2.732189474663471E-015  3.612261808095803E-003
63 19
 -7.267737250732286E-003 -6.655305273139881E-003 -8.490020553320781E-003
 -6.651744022948295E-003 -1.553593238777496E-002  6.651744022946669E-003
 -8.490020553319166E-003  6.655305273140552E-003 -7.267737250730414E-003
63 20
 -7.267737250725277E-003  8.490020553327116E-003  6.655305273140131E-003
  8.490020553326668E-003 -7.267737250724493E-003  6.655305273145019E-003
  6.651744022951548E-003  6.651744022951591E-003 -1.553593238776824E-002
63 21
 -1.266294654795230E-003 -3.512815038853034E-015 -1.691355389077387E-015
 -2.016616040823038E-015 -1.266294654795252E-003  4.336808689942018E-017
 -4.336808689942018E-017  7.372574772901430E-016 -1.266294654795480E-003
63 22
  3.612261808096703E-003 -6.526897078362737E-015  5.854691731421724E-016
  1.799775606325937E-015  3.460608080961027E-003 -1.146067334574800E-002
 -1.994931997373328E-015 -1.146067334574851E-002  3.460608080964333E-003
63 23
  3.253157945647825E-002 -3.187554387107383E-015 -5.247538514829841E-015
  3.035766082959412E-016  1.202849407665495E-002  1.474578588041178E-002
  3.035766082959412E-015  1.474578588041083E-002  1.202849407665823E-002
63 24
  3.612261808097830E-003  3.252606517456513E-015  4.943961906533900E-015
 -7.806255641895632E-016  3.460608080966729E-003 -1.146067334574458E-002
 -2.081668171172169E-015 -1.146067334574578E-002  3.460608080957047E-003
63 25
  3.460608080964583E-003 -2.905661822261152E-015 -1.146067334574839E-002
 -1.062518129035794E-015  3.612261808098524E-003  7.155734338404329E-016
 -1.146067334574817E-002 -1.084202172485504E-015  3.460608080965244E-003
63 26
 -7.267737250733043E-003  8.490020553321124E-003  6.655305273142182E-003
  8.490020553312497E-003 -7.267737250729231E-003  6.655305273143620E-003
  6.651744022955158E-003  6.651744022951191E-003 -1.553593238777019E-002
63 27
 -7.267737250727439E-003 -6.655305273137950E-003 -8.490020553323615E-003
 -6.651744022952979E-003 -1.553593238776824E-002  6.651744022957436E-003
 -8.490020553324314E-003  6.655305273146070E-003 -7.267737250721870E-003
63 28
  3.460608080965575E-003  1.146067334575308E-002 -2.260262421122778E-015
  1.146067334575259E-002  3.460608080962197E-003 -3.382710778154774E-015
  5.898059818321144E-015  1.582935171828836E-015  3.612261808094632E-003
63 29
  1.202849407666323E-002 -2.774816407734044E-015  1.474578588040941E-002
 -1.116728237660070E-015  3.253157945647707E-002 -6.505213034913027E-017
  1.474578588040354E-002 -2.537033083616080E-015  1.202849407665746E-002
63 30
 -1.553593238776905E-002 -6.651744022955396E-003  6.651744022953627E-003
 -6.655305273134187E-003 -7.267737250730044E-003 -8.490020553319219E-003
  6.655305273141864E-003 -8.490020553324283E-003 -7.267737250729720E-003
63 31
  1.202849407666329E-002 -1.474578588040722E-002 -1.975820816500903E-015
 -1.474578588039988E-002  1.202849407665802E-002 -1.127570259384925E-015
  6.071532165918825E-016  7.047314121155779E-015  3.253157945647676E-002
63 32
 -1.553593238776893E-002 -6.651744022955495E-003  6.651744022952931E-003
 -6.655305273138698E-003 -7.267737250725393E-003 -8.490020553328089E-003
  6.655305273146786E-003 -8.490020553312964E-003 -7.267737250732256E-003
63 33
  3.612261808096150E-003 -6.938864996714076E-016 -1.474342624621100E-015
 -8.456776945386935E-016  3.460608080957774E-003  1.146067334574949E-002
 -9.540979117872439E-016  1.146067334574561E-002  3.460608080956939E-003
63 34
  1.840321607971959E-002 -4.120019944940538E-015 -3.111660235033398E-015
  3.773023560249555E-015  3.044262756681938E-002  1.539567084929416E-015
 -4.119968255444917E-016  4.260914537868032E-015  1.840321607971507E-002
63 35
  8.105872507470832E-002  4.352015201044667E-015 -7.308258620902550E-016
  9.204876444401933E-015 -8.120621850553643E-001  9.199106360171693E-001
 -9.736135508919830E-015  9.199106360171131E-001 -8.120621850554243E-001
63 36
  1.840321607971874E-002  9.539631071948986E-016  5.475320109246109E-015
 -4.824699667560495E-015  1.840321607972108E-002  2.688821387764051E-015
 -8.706143445058601E-015 -2.732189474663471E-015  3.044262756682029E-002
63 37
  3.460608080965970E-003 -1.146067334575162E-002 -2.428612866367530E-015
 -1.146067334574946E-002  3.460608080964388E-003 -3.035766082959412E-016
  2.211772431870429E-015  8.239936510889834E-016  3.612261808093591E-003
63 38
 -7.267737250733472E-003  6.655305273139242E-003  8.490020553321175E-003
  6.651744022951017E-003 -1.553593238777299E-002  6.651744022948566E-003
  8.490020553315283E-003  6.655305273138351E-003 -7.267737250730576E-003
63 39
 -7.267737250725835E-003 -8.490020553315915E-003 -6.655305273135185E-003
 -8.490020553321247E-003 -7.267737250722868E-003  6.655305273142276E-003
 -6.651744022952752E-003  6.651744022954594E-003 -1.553593238776341E-002
63 40
  3.460608080962888E-003 -1.757022941802257E-015  1.146067334575011E-002
  6.310056643865636E-015  3.612261808099023E-003 -2.428612866367530E-015
  1.146067334574638E-002 -1.268516541808040E-015  3.460608080961894E-003
63 41
 -1.553593238776875E-002  6.651744022951681E-003  6.651744022953572E-003
  6.655305273138470E-003 -7.267737250731964E-003  8.490020553316477E-003
  6.655305273141907E-003  8.490020553320531E-003 -7.267737250733460E-003
63 42
 -7.914939155044752E-003  1.013167871946391E-015  3.546828705641215E-015
  2.569559148790646E-015 -7.914939155047448E-003  1.084202172485504E-015
  7.134050294954619E-015  4.770489558936220E-015 -7.914939155049140E-003
63 43
 -1.553593238777095E-002 -6.651744022956400E-003 -6.651744022958024E-003
 -6.655305273139858E-003 -7.267737250725426E-003  8.490020553325671E-003
 -6.655305273141842E-003  8.490020553322462E-003 -7.267737250723442E-003
63 44
  3.044262756682265E-002  1.010870295076963E-015  1.400272516753447E-015
  1.973247953923618E-015  1.840321607971531E-002 -3.892285799222961E-015
  1.474514954580286E-015 -6.451002926288751E-015  1.840321607971987E-002
63 45
 -7.267737250732238E-003 -8.490020553321898E-003  6.655305273140717E-003
 -8.490020553318503E-003 -7.267737250726066E-003 -6.655305273126923E-003
  6.651744022953651E-003 -6.651744022953955E-003 -1.553593238776943E-002
63 46
 -7.267737250729939E-003 -6.655305273139787E-003  8.490020553326991E-003
 -6.651744022947146E-003 -1.553593238776824E-002 -6.651744022944056E-003
  8.490020553329508E-003 -6.655305273132604E-003 -7.267737250730294E-003
63 47
 -8.120621850554044E-001 -9.199106360171325E-001  2.659005828020700E-014
 -9.199106360171395E-001 -8.120621850553785E-001  2.265982540494704E-014
  5.908901840045999E-015  8.565197162635485E-015  8.105872507470538E-002
63 48
 -8.120621850553758E-001  1.287490079826537E-015  9.199106360171260E-001
  1.647987302177967E-015  8.105872507470706E-002 -1.231653667943533E-014
  9.199106360171152E-001 -4.044074103370932E-015 -8.120621850553825E-001
63 49
 -7.267737250733024E-003  6.655305273143791E-003 -8.490020553317717E-003
  6.651744022951885E-003 -1.553593238777000E-002 -6.651744022947406E-003
 -8.490020553328924E-003 -6.655305273136421E-003 -7.267737250729503E-003
63 50
 -8.120621850553980E-001  9.199106360170659E-001 -7.927211946763546E-015
  9.199106360171471E-001 -8.120621850553247E-001 -3.859759734048396E-015
 -6.722053469410127E-016 -1.333568672157170E-015  8.105872507470688E-002
63 51
 -8.120621850553983E-001  2.794666624852948E-014 -9.199106360171445E-001
 -4.434386885465713E-015  8.105872507470674E-002 -5.399326818977812E-015
 -9.199106360171503E-001  1.766165338978887E-014 -8.120621850553976E-001
63 52
 -7.267737250716715E-003  8.490020553317846E-003 -6.655305273141059E-003
  8.490020553320921E-003 -7.267737250729600E-003 -6.655305273135586E-003
 -6.651744022957901E-003 -6.651744022954952E-003 -1.553593238777192E-002
63 53
  1.202849407666002E-002  1.474578588040749E-002 -7.761892291283188E-016
  1.474578588041132E-002  1.202849407665435E-002 -2.569559148790646E-015
  4.564491146163974E-015 -8.673617379884035E-016  3.253157945648315E-002
63 54
 -1.553593238777071E-002  6.651744022953909E-003 -6.651744022949138E-003
  6.655305273137006E-003 -7.267737250730587E-003 -8.490020553321247E-003
 -6.655305273135933E-003 -8.490020553316911E-003 -7.267737250726033E-003
63 55
  1.202849407665816E-002  4.215947676280670E-015 -1.474578588040584E-002
 -3.903127820947816E-015  3.253157945647624E-002  8.370040771588094E-015
 -1.474578588040339E-002  3.881443777498106E-015  1.202849407665917E-002
63 56
 -1.553593238777217E-002  6.651744022953464E-003 -6.651744022953719E-003
  6.655305273137267E-003 -7.267737250732419E-003 -8.490020553316347E-003
 -6.655305273139098E-003 -8.490020553324054E-003 -7.267737250731985E-003
63 57
 -7.267737250731243E-003  6.655305273139156E-003 -8.490020553323770E-003
  6.651744022955050E-003 -1.553593238777049E-002 -6.651744022956557E-003
 -8.490020553312107E-003 -6.655305273136085E-003 -7.267737250731085E-003
63 58
 -7.267737250729665E-003  8.490020553319551E-003 -6.655305273134375E-003
  8.490020553322982E-003 -7.267737250731671E-003 -6.655305273128896E-003
 -6.651744022945660E-003 -6.651744022948653E-003 -1.553593238777057E-002
63 59
 -8.120621850554021E-001  2.896446103795025E-014 -9.199106360171301E-001
  1.192622389734055E-015  8.105872507470686E-002  5.345116710353537E-015
 -9.199106360171310E-001  2.585822181377928E-014 -8.120621850553746E-001
63 60
 -8.120621850553751E-001  9.199106360171249E-001 -1.114017732228856E-015
  9.199106360171173E-001 -8.120621850553779E-001 -8.109832250191573E-015
 -4.629543276513104E-015 -8.857931749206571E-015  8.105872507470908E-002
63 61
  3.253157945648284E-002  3.209332140796455E-015  4.250078870488885E-015
  3.773023560249555E-015  1.202849407665390E-002 -1.474578588040915E-002
 -1.257674520083185E-015 -1.474578588040765E-002  1.202849407665673E-002
63 62
  8.105872507471046E-002  3.183664338671984E-016 -4.824816284737557E-016
 -6.396792817664476E-016 -8.120621850553674E-001 -9.199106360170943E-001
 -2.168404344971009E-015 -9.199106360171011E-001 -8.120621850553634E-001
63 63
  6.140120841670891E+000 -7.279782372648539E-014 -1.298605256463164E-013
  6.375108774214766E-015  6.140120841670522E+000  2.748452507250754E-014
  5.757113535898029E-015  7.280417588240162E-014  6.140120841670556E+000
63 64
  8.105872507469501E-002  2.259974471254536E-015  4.964374766324280E-015
  4.142736501067112E-014 -8.120621850553600E-001 -9.199106360171193E-001
  3.813139040631519E-014 -9.199106360171284E-001 -8.120621850553709E-001
64 1
 -7.914939155044824E-003  5.334274688628682E-015  1.062518129035794E-015
  5.724587470723463E-015 -7.914939155038905E-003  5.421010862427522E-016
 -1.084202172485504E-016  5.030698080332741E-015 -7.914939155044456E-003
64 2
 -1.553593238776761E-002  6.651744022953158E-003  6.651744022945277E-003
  6.655305273143912E-003 -7.267737250729660E-003  8.490020553324699E-003
  6.655305273140486E-003  8.490020553319334E-003 -7.267737250727275E-003
64 3
  3.044262756684762E-002 -3.588709190927020E-015  1.050320854595332E-017
  2.114194236346734E-015  1.840321607972287E-002 -8.402566836762659E-016
 -3.350184712980209E-015 -1.718460443389525E-015  1.840321607972085E-002
64 4
 -1.553593238777828E-002 -6.651744022957511E-003 -6.651744022959390E-003
 -6.655305273145062E-003 -7.267737250735314E-003  8.490020553320498E-003
 -6.655305273143094E-003  8.490020553317885E-003 -7.267737250735248E-003
64 5
 -7.267737250727936E-003  6.655305273145480E-003  8.490020553314768E-003
  6.651744022952779E-003 -1.553593238777120E-002  6.651744022951640E-003
  8.490020553316579E-003  6.655305273143680E-003 -7.267737250725627E-003
64 6
  3.460608080962067E-003 -1.146067334574902E-002 -2.992397996059992E-015
 -1.146067334575106E-002  3.460608080968226E-003 -1.387778780781446E-015
 -2.862293735361732E-015 -4.965645949983610E-015  3.612261808093304E-003
64 7
  3.460608080964084E-003 -2.667137344314341E-015  1.146067334575327E-002
 -4.770489558936220E-016  3.612261808091238E-003  7.155734338404329E-016
  1.146067334575002E-002  2.862293735361732E-015  3.460608080963547E-003
64 8
 -7.267737250731171E-003 -8.490020553312369E-003 -6.655305273140321E-003
 -8.490020553320840E-003 -7.267737250732067E-003  6.655305273141343E-003
 -6.651744022954806E-003  6.651744022963523E-003 -1.553593238776898E-002
64 9
  1.840321607972698E-002 -8.402654562231022E-016 -2.770136550700469E-015
 -4.071179157683069E-015  3.044262756684214E-002 -3.556183125752455E-015
  4.065758146820642E-016 -2.602085213965211E-016  1.840321607972334E-002
64 10
  3.612261808093559E-003 -3.642919299551295E-015  6.678685382510712E-015
 -7.936359902593892E-015  3.460608080964149E-003  1.146067334575023E-002
  2.949029909160572E-015  1.146067334574573E-002  3.460608080964154E-003
64 11
  1.840321607972015E-002 -1.713039432527097E-015 -3.626647494417166E-015
 -6.646159317336142E-015  1.840321607972037E-002  1.214306433183765E-015
  8.668196369021608E-015 -6.776263578034403E-016  3.044262756683242E-002
64 12
  8.105872507471017E-002  1.265265910665842E-014 -3.100837967061131E-015
  2.661716333451913E-015 -8.120621850553823E-001  9.199106360171118E-001
 -2.439454888092385E-015  9.199106360171322E-001 -8.120621850553728E-001
64 13
 -7.267737250735699E-003 -6.655305273145249E-003  8.490020553319787E-003
 -6.651744022954692E-003 -1.553593238777906E-002 -6.651744022958107E-003
  8.490020553316237E-003 -6.655305273141712E-003 -7.267737250734658E-003
64 14
 -7.267737250729056E-003 -8.490020553325272E-003  6.655305273140717E-003
 -8.490020553313257E-003 -7.267737250731151E-003 -6.655305273139630E-003
  6.651744022955354E-003 -6.651744022951971E-003 -1.553593238776653E-002
64 15
 -8.120621850553792E-001  4.307670756556470E-015  9.199106360171051E-001
  1.031347316576836E-014  8.105872507471147E-002  5.242117503967414E-015
  9.199106360171291E-001  1.732012970545593E-015 -8.120621850553785E-001
64 16
 -8.120621850553934E-001 -9.199106360171516E-001  4.562526029726344E-014
 -9.199106360171526E-001 -8.120621850554026E-001  4.099368414167692E-014
  5.209591438792849E-015  1.311884628707460E-015  8.105872507470152E-002
64 17
 -7.267737250725354E-003  8.490020553313890E-003  6.655305273144509E-003
  8.490020553315294E-003 -7.267737250725030E-003  6.655305273146124E-003
  6.651744022955516E-003  6.651744022954584E-003 -1.553593238778081E-002
64 18
  3.460608080958815E-003 -4.119968255444917E-015 -1.146067334574839E-002
 -8.239936510889834E-016  3.612261808090197E-003 -1.214306433183765E-015
 -1.146067334574332E-002 -5.290906601729262E-015  3.460608080963113E-003
64 19
  3.460608080959964E-003  1.146067334574720E-002 -1.409462824231156E-015
  1.146067334574954E-002  3.460608080962328E-003 -2.125036258071589E-015
 -1.539567084929416E-015 -1.170938346284345E-015  3.612261808098096E-003
64 20
 -7.267737250727938E-003 -6.655305273135782E-003 -8.490020553311436E-003
 -6.651744022951825E-003 -1.553593238776615E-002  6.651744022955571E-003
 -8.490020553321567E-003  6.655305273144834E-003 -7.267737250726331E-003
64 21
  3.612261808095749E-003 -8.435092901937229E-015 -1.147085898489664E-014
 -8.716985466783456E-015  3.460608080961200E-003 -1.146067334575116E-002
 -9.540979117872439E-016 -1.146067334574787E-002  3.460608080966670E-003
64 22
 -1.266294654796120E-003 -1.452830911130576E-015  7.155734338404329E-016
 -2.059984127722458E-015 -1.266294654794797E-003 -3.903127820947816E-016
  3.903127820947816E-016  6.505213034913027E-016 -1.266294654792650E-003
64 23
  3.612261808094079E-003 -8.673617379884035E-016 -2.059984127722458E-015
  1.951563910473908E-016  3.460608080965103E-003 -1.146067334574858E-002
  4.336808689942018E-017 -1.146067334574753E-002  3.460608080958842E-003
64 24
  3.253157945647458E-002  9.757819552369540E-015  5.941427905220564E-015
 -3.209238430557093E-015  1.202849407666174E-002  1.474578588041199E-002
 -5.421010862427522E-016  1.474578588040589E-002  1.202849407665712E-002
64 25
  3.460608080962891E-003  1.146067334574503E-002 -6.722053469410127E-016
  1.146067334575190E-002  3.460608080963238E-003 -3.447762908503904E-015
  1.778091562876227E-015 -6.461844948013606E-015  3.612261808096751E-003
64 26
  3.460608080958750E-003 -1.452830911130576E-015 -1.146067334574232E-002
 -4.466912950640278E-015  3.612261808097830E-003 -7.112366251504909E-015
 -1.146067334574586E-002 -2.732189474663471E-015  3.460608080959189E-003
64 27
 -7.267737250723928E-003  8.490020553321374E-003  6.655305273136562E-003
  8.490020553323350E-003 -7.267737250725680E-003  6.655305273143251E-003
  6.651744022948778E-003  6.651744022956904E-003 -1.553593238777296E-002
64 28
 -7.267737250731939E-003 -6.655305273140367E-003 -8.490020553321894E-003
 -6.651744022944983E-003 -1.553593238777197E-002  6.651744022957229E-003
 -8.490020553319735E-003  6.655305273145610E-003 -7.267737250729047E-003
64 29
 -1.553593238776790E-002 -6.651744022957500E-003  6.651744022963159E-003
 -6.655305273131482E-003 -7.267737250729800E-003 -8.490020553318173E-003
  6.655305273139365E-003 -8.490020553316140E-003 -7.267737250724358E-003
64 30
  1.202849407665712E-002 -7.307522642552300E-015  1.474578588041098E-002
  1.062518129035794E-014  3.253157945647225E-002  1.040834085586084E-014
  1.474578588040591E-002 -5.442694905877232E-015  1.202849407665914E-002
64 31
 -1.553593238776825E-002 -6.651744022954164E-003  6.651744022954536E-003
 -6.655305273141760E-003 -7.267737250730955E-003 -8.490020553319426E-003
  6.655305273140411E-003 -8.490020553316676E-003 -7.267737250723886E-003
64 32
  1.202849407665805E-002 -1.474578588040712E-002 -2.949029909160572E-015
 -1.474578588041134E-002  1.202849407666152E-002 -5.269222558279552E-015
 -8.326672684688674E-015 -5.204170427930421E-015  3.253157945647740E-002
64 33
  1.840321607972210E-002 -3.290553593493511E-015 -6.776351303502765E-016
 -5.209591438792849E-015  1.840321607972197E-002  7.963464956906030E-015
 -3.670024353863433E-015 -5.767955557622884E-015  3.044262756684253E-002
64 34
  3.612261808093060E-003 -6.505213034913027E-016 -1.452830911130576E-015
 -5.421010862427522E-016  3.460608080964821E-003  1.146067334575309E-002
 -1.301042606982605E-016  1.146067334575210E-002  3.460608080964805E-003
64 35
  1.840321607971741E-002  3.523665833124716E-015 -5.252959525692269E-015
  4.819278656698067E-015  3.044262756683637E-002  1.225148454908620E-015
 -3.507394027990607E-015  3.428789370485408E-015  1.840321607972125E-002
64 36
  8.105872507471132E-002  1.260365271761821E-015  1.130824841277640E-014
  1.978668964786046E-015 -8.120621850553712E-001  9.199106360171549E-001
  8.727827488508311E-016  9.199106360171035E-001 -8.120621850554094E-001
64 37
  3.460608080962306E-003 -4.076600168545497E-015  1.146067334574852E-002
  1.821459649775647E-015  3.612261808097527E-003  4.510281037539698E-015
  1.146067334575358E-002 -6.201636426617085E-015  3.460608080965455E-003
64 38
  3.460608080961916E-003 -1.146067334574859E-002 -1.517883041479706E-016
 -1.146067334575049E-002  3.460608080964908E-003 -3.642919299551295E-015
 -5.290906601729262E-015 -2.515349040166370E-015  3.612261808097077E-003
64 39
 -7.267737250725076E-003  6.655305273141570E-003  8.490020553326016E-003
  6.651744022950177E-003 -1.553593238778024E-002  6.651744022949510E-003
  8.490020553323171E-003  6.655305273139712E-003 -7.267737250725713E-003
64 40
 -7.267737250733452E-003 -8.490020553324236E-003 -6.655305273139406E-003
 -8.490020553314347E-003 -7.267737250726504E-003  6.655305273146369E-003
 -6.651744022955668E-003  6.651744022953239E-003 -1.553593238777495E-002
64 41
  3.044262756683439E-002 -9.054782206148471E-016 -1.317644452748790E-015
 -7.155734338404329E-016  1.840321607971871E-002 -7.177418381854039E-015
 -1.626303258728257E-017 -6.835894697521105E-015  1.840321607972113E-002
64 42
 -1.553593238777505E-002  6.651744022958755E-003  6.651744022958769E-003
  6.655305273137960E-003 -7.267737250728706E-003  8.490020553317946E-003
  6.655305273143191E-003  8.490020553315929E-003 -7.267737250725550E-003
64 43
 -7.914939155043436E-003 -9.107298248878237E-016 -1.864827736675068E-015
  0.000000000000000E+000 -7.914939155045757E-003  3.100818213308543E-015
 -1.647987302177967E-015  6.895525817007808E-015 -7.914939155044435E-003
64 44
 -1.553593238777541E-002 -6.651744022953475E-003 -6.651744022957149E-003
 -6.655305273133867E-003 -7.267737250728673E-003  8.490020553320607E-003
 -6.655305273137955E-003  8.490020553326597E-003 -7.267737250729720E-003
64 45
 -8.120621850553743E-001  3.096752455161722E-016  9.199106360171559E-001
  6.965998958219366E-015  8.105872507471153E-002  1.264721834204341E-014
  9.199106360171030E-001 -5.339695699491109E-015 -8.120621850554061E-001
64 46
 -7.267737250733889E-003 -8.490020553317969E-003  6.655305273144994E-003
 -8.490020553324668E-003 -7.267737250733698E-003 -6.655305273133981E-003
  6.651744022954161E-003 -6.651744022953196E-003 -1.553593238777336E-002
64 47
 -7.267737250733541E-003 -6.655305273138356E-003  8.490020553321211E-003
 -6.651744022956172E-003 -1.553593238776931E-002 -6.651744022956162E-003
  8.490020553319171E-003 -6.655305273136979E-003 -7.267737250728489E-003
64 48
 -8.120621850553844E-001 -9.199106360171146E-001  3.414288166428414E-014
 -9.199106360171211E-001 -8.120621850553831E-001  2.911082833123579E-014
 -3.355605723842636E-015  1.057097118173367E-015  8.105872507469578E-002
64 49
 -7.267737250733089E-003  8.490020553323738E-003 -6.655305273141004E-003
  8.490020553318905E-003 -7.267737250730516E-003 -6.655305273140324E-003
 -6.651744022958107E-003 -6.651744022959463E-003 -1.553593238778035E-002
64 50
 -7.267737250726904E-003  6.655305273141797E-003 -8.490020553321076E-003
  6.651744022961393E-003 -1.553593238777250E-002 -6.651744022952356E-003
 -8.490020553318992E-003 -6.655305273135868E-003 -7.267737250729850E-003
64 51
 -8.120621850553974E-001  9.199106360170928E-001 -1.811972880766399E-015
  9.199106360171562E-001 -8.120621850553660E-001 -6.364266752489911E-015
  6.459134442582393E-015  1.501620008892424E-015  8.105872507470971E-002
64 52
 -8.120621850553924E-001  6.844026213814747E-016 -9.199106360171537E-001
  2.818925648462312E-016  8.105872507470578E-002 -1.856696220381426E-015
 -9.199106360171506E-001 -5.486062992776652E-015 -8.120621850553934E-001
64 53
 -1.553593238776972E-002  6.651744022960680E-003 -6.651744022954747E-003
  6.655305273145024E-003 -7.267737250730923E-003 -8.490020553320005E-003
 -6.655305273141527E-003 -8.490020553316107E-003 -7.267737250729552E-003
64 54
  1.202849407665765E-002  1.474578588040701E-002 -1.062518129035794E-015
  1.474578588040956E-002  1.202849407665576E-002 -3.079134169858833E-015
  7.307522642552300E-015  8.608565249534905E-015  3.253157945647749E-002
64 55
 -1.553593238776702E-002  6.651744022954023E-003 -6.651744022948843E-003
  6.655305273138150E-003 -7.267737250728868E-003 -8.490020553321750E-003
 -6.655305273135722E-003 -8.490020553317079E-003 -7.267737250731893E-003
64 56
  1.202849407665741E-002 -4.423544863740858E-015 -1.474578588040737E-002
  3.686287386450715E-016  3.253157945648234E-002 -1.431146867680866E-015
 -1.474578588040718E-002 -2.255140518769849E-015  1.202849407665584E-002
64 57
 -8.120621850553653E-001  9.199106360171516E-001 -4.798272239606161E-015
  9.199106360170912E-001 -8.120621850554033E-001 -2.466559942404523E-015
  1.572093150103981E-016  7.562310153086393E-015  8.105872507470646E-002
64 58
 -7.267737250729624E-003  6.655305273142746E-003 -8.490020553317094E-003
  6.651744022955213E-003 -1.553593238776646E-002 -6.651744022951358E-003
 -8.490020553318173E-003 -6.655305273139505E-003 -7.267737250733233E-003
64 59
 -7.267737250730969E-003  8.490020553321770E-003 -6.655305273136481E-003
  8.490020553321431E-003 -7.267737250728072E-003 -6.655305273130057E-003
 -6.651744022957246E-003 -6.651744022953787E-003 -1.553593238777487E-002
64 60
 -8.120621850553764E-001  3.642783774279734E-014 -9.199106360171030E-001
 -5.399326818977812E-015  8.105872507468549E-002 -8.993457020767259E-015
 -9.199106360171072E-001  3.889846344334869E-014 -8.120621850553695E-001
64 61
  8.105872507469934E-002  1.308886595373978E-015 -3.932804527443263E-016
  2.401507812055392E-015 -8.120621850553913E-001 -9.199106360171474E-001
 -8.749511531958021E-015 -9.199106360171498E-001 -8.120621850553884E-001
64 62
  3.253157945647914E-002 -1.994931997373328E-015 -4.748805515486509E-015
 -8.239936510889834E-016  1.202849407666033E-002 -1.474578588040666E-002
 -8.673617379884035E-017 -1.474578588040343E-002  1.202849407665736E-002
64 63
  8.105872507468570E-002 -2.423060099539050E-016 -8.683170102539914E-015
  3.409273731380669E-014 -8.120621850553736E-001 -9.199106360171075E-001
  4.419208055050916E-014 -9.199106360171100E-001 -8.120621850553723E-001
64 64
  6.140120841670790E+000 -1.260755364196438E-014 -9.638791996700512E-014
 -1.431146867680866E-014  6.140120841670788E+000 -9.777335191474279E-014
 -4.871320360977371E-014 -5.284401388694349E-014  6.140120841670828E+000
