           #qpath      Energy(meV)
  0.0000000000E+00 -1.2930990372E-02
  7.4102191287E-03  2.6462808396E-02
  1.4820438257E-02  5.7828261002E-02
  2.2230657386E-02  8.8816428544E-02
  2.9640876515E-02  1.2058153638E-01
  3.7051095643E-02  1.5358554621E-01
  4.4461314772E-02  1.8816745263E-01
  5.1871533901E-02  2.2461370113E-01
  5.9281753029E-02  2.6317467425E-01
  6.6691972158E-02  3.0407048296E-01
  7.4102191287E-02  3.4749417865E-01
  8.1512410415E-02  3.9361435948E-01
  8.8922629544E-02  4.4257766171E-01
  9.6332848673E-02  4.9451120963E-01
  1.0374306780E-01  5.4952498366E-01
  1.1115328693E-01  6.0771405003E-01
  1.1856350606E-01  6.6916060776E-01
  1.2597372519E-01  7.3393582878E-01
  1.3338394432E-01  8.0210148350E-01
  1.4079416344E-01  8.7371135735E-01
  1.4820438257E-01  9.4881247193E-01
  1.5561460170E-01  1.0274461287E+00
  1.6302482083E-01  1.1096487949E+00
  1.7043503996E-01  1.1954528525E+00
  1.7784525909E-01  1.2848872276E+00
  1.8525547822E-01  1.3779779192E+00
  1.9266569735E-01  1.4747484408E+00
  2.0007591647E-01  1.5752201899E+00
  2.0748613560E-01  1.6794127555E+00
  2.1489635473E-01  1.7873441748E+00
  2.2230657386E-01  1.8990311456E+00
  2.2971679299E-01  2.0144892028E+00
  2.3712701212E-01  2.1337328646E+00
  2.4453723125E-01  2.2567757531E+00
  2.5194745037E-01  2.3836306928E+00
  2.5935766950E-01  2.5143097916E+00
  2.6676788863E-01  2.6488245068E+00
  2.7417810776E-01  2.7871856973E+00
  2.8158832689E-01  2.9294036662E+00
  2.8899854602E-01  3.0754881934E+00
  2.9640876515E-01  3.2254485604E+00
  3.0381898428E-01  3.3792935695E+00
  3.1122920340E-01  3.5370315563E+00
  3.1863942253E-01  3.6986703982E+00
  3.2604964166E-01  3.8642175184E+00
  3.3345986079E-01  4.0336798871E+00
  3.4087007992E-01  4.2070640195E+00
  3.4828029905E-01  4.3843759710E+00
  3.5569051818E-01  4.5656213310E+00
  3.6310073730E-01  4.7508052144E+00
  3.7051095643E-01  4.9399322521E+00
  3.7792117556E-01  5.1330065798E+00
  3.8533139469E-01  5.3300318266E+00
  3.9274161382E-01  5.5310111012E+00
  4.0015183295E-01  5.7359469796E+00
  4.0756205208E-01  5.9448414900E+00
  4.1497227121E-01  6.1576960994E+00
  4.2238249033E-01  6.3745116980E+00
  4.2979270946E-01  6.5952885847E+00
  4.3720292859E-01  6.8200264520E+00
  4.4461314772E-01  7.0487243706E+00
  4.5202336685E-01  7.2813807745E+00
  4.5943358598E-01  7.5179934458E+00
  4.6684380511E-01  7.7585594996E+00
  4.7425402424E-01  8.0030753691E+00
  4.8166424336E-01  8.2515367913E+00
  4.8907446249E-01  8.5039387920E+00
  4.9648468162E-01  8.7602756719E+00
  5.0389490075E-01  9.0205409925E+00
  5.1130511988E-01  9.2847275625E+00
  5.1871533901E-01  9.5528274246E+00
  5.2612555814E-01  9.8248318419E+00
  5.3353577726E-01  1.0100731286E+01
  5.4094599639E-01  1.0380515424E+01
  5.4835621552E-01  1.0664173107E+01
  5.5576643465E-01  1.0951692357E+01
  5.6317665378E-01  1.1243060357E+01
  5.7058687291E-01  1.1538263443E+01
  5.7799709204E-01  1.1837287085E+01
  5.8540731117E-01  1.2140115885E+01
  5.9281753029E-01  1.2446733564E+01
  6.0022774942E-01  1.2757122953E+01
  6.0763796855E-01  1.3071265981E+01
  6.1504818768E-01  1.3389143671E+01
  6.2245840681E-01  1.3710736127E+01
  6.2986862594E-01  1.4036022530E+01
  6.3727884507E-01  1.4364981125E+01
  6.4468906419E-01  1.4697589219E+01
  6.5209928332E-01  1.5033823168E+01
  6.5950950245E-01  1.5373658373E+01
  6.6691972158E-01  1.5717069275E+01
  6.7432994071E-01  1.6064029341E+01
  6.8174015984E-01  1.6414511066E+01
  6.8915037897E-01  1.6768485960E+01
  6.9656059810E-01  1.7125924547E+01
  7.0397081722E-01  1.7486796354E+01
  7.1138103635E-01  1.7851069906E+01
  7.1879125548E-01  1.8218712723E+01
  7.2620147461E-01  1.8589691310E+01
  7.3361169374E-01  1.8963971153E+01
  7.4102191287E-01  1.9341516710E+01
  7.4843213200E-01  1.9722291410E+01
  7.5584235112E-01  2.0106257641E+01
  7.6325257025E-01  2.0493376745E+01
  7.7066278938E-01  2.0883609011E+01
  7.7807300851E-01  2.1276913672E+01
  7.8548322764E-01  2.1673248887E+01
  7.9289344677E-01  2.2072571744E+01
  8.0030366590E-01  2.2474838245E+01
  8.0771388503E-01  2.2880003299E+01
  8.1512410415E-01  2.3288020712E+01
  8.2253432328E-01  2.3698843174E+01
  8.2994454241E-01  2.4112422255E+01
  8.3735476154E-01  2.4528708383E+01
  8.4476498067E-01  2.4947650840E+01
  8.5217519980E-01  2.5369197742E+01
  8.5958541893E-01  2.5793296028E+01
  8.6699563805E-01  2.6219891439E+01
  8.7440585718E-01  2.6648928505E+01
  8.8181607631E-01  2.7080350522E+01
  8.8922629544E-01  2.7514099532E+01
  8.9663651457E-01  2.7950116302E+01
  9.0404673370E-01  2.8388340295E+01
  9.1145695283E-01  2.8828709647E+01
  9.1886717196E-01  2.9271161137E+01
  9.2627739108E-01  2.9715630151E+01
  9.3368761021E-01  3.0162050651E+01
  9.4109782934E-01  3.0610355138E+01
  9.4850804847E-01  3.1060474606E+01
  9.5591826760E-01  3.1512338502E+01
  9.6332848673E-01  3.1965874672E+01
  9.7073870586E-01  3.2421009313E+01
  9.7814892498E-01  3.2877666909E+01
  9.8555914411E-01  3.3335770173E+01
  9.9296936324E-01  3.3795239975E+01
  1.0003795824E+00  3.4255995266E+01
  1.0077898015E+00  3.4717953000E+01
  1.0152000206E+00  3.5181028037E+01
  1.0226102398E+00  3.5645133055E+01
  1.0300204589E+00  3.6110178436E+01
  1.0374306780E+00  3.6576072152E+01
  1.0448408971E+00  3.7042719641E+01
  1.0522511163E+00  3.7510023663E+01
  1.0596613354E+00  3.7977884155E+01
  1.0670715545E+00  3.8446198060E+01
  1.0744817737E+00  3.8914859151E+01
  1.0818919928E+00  3.9383757831E+01
  1.0893022119E+00  3.9852780916E+01
  1.0967124310E+00  4.0321811403E+01
  1.1041226502E+00  4.0790728207E+01
  1.1115328693E+00  4.1259405880E+01
  1.1189430884E+00  4.1727714299E+01
  1.1263533076E+00  4.2195518329E+01
  1.1337635267E+00  4.2662677446E+01
  1.1411737458E+00  4.3129045333E+01
  1.1485839649E+00  4.3594469430E+01
  1.1559941841E+00  4.4058790441E+01
  1.1634044032E+00  4.4521841799E+01
  1.1708146223E+00  4.4983449072E+01
  1.1782248415E+00  4.5443429314E+01
  1.1856350606E+00  4.5901590357E+01
  1.1930452797E+00  4.6357730029E+01
  1.2004554988E+00  4.6811635299E+01
  1.2078657180E+00  4.7263081345E+01
  1.2152759371E+00  4.7711830530E+01
  1.2226861562E+00  4.8157631282E+01
  1.2300963754E+00  4.8600216874E+01
  1.2375065945E+00  4.9039304100E+01
  1.2449168136E+00  4.9474591829E+01
  1.2523270327E+00  4.9905759444E+01
  1.2597372519E+00  5.0332465155E+01
  1.2671474710E+00  5.0754344190E+01
  1.2745576901E+00  5.1171006861E+01
  1.2819679093E+00  5.1582036513E+01
  1.2893781284E+00  5.1986987366E+01
  1.2967883475E+00  5.2385382282E+01
  1.3041985666E+00  5.2776710458E+01
  1.3116087858E+00  5.3160425128E+01
  1.3190190049E+00  5.3535941292E+01
  1.3264292240E+00  5.3902633583E+01
  1.3338394432E+00  5.4259834353E+01
  1.3412496623E+00  5.4606832111E+01
  1.3486598814E+00  5.4942870483E+01
  1.3560701005E+00  5.5267147867E+01
  1.3634803197E+00  5.5578818029E+01
  1.3708905388E+00  5.5876991882E+01
  1.3783007579E+00  5.6160740749E+01
  1.3857109771E+00  5.6429101380E+01
  1.3931211962E+00  5.6681083042E+01
  1.4005314153E+00  5.6915676907E+01
  1.4079416344E+00  5.7131867939E+01
  1.4153518536E+00  5.7328649332E+01
  1.4227620727E+00  5.7505039396E+01
  1.4301722918E+00  5.7660100597E+01
  1.4375825110E+00  5.7792960187E+01
  1.4449927301E+00  5.7902831625E+01
  1.4524029492E+00  5.7989035773E+01
  1.4598131683E+00  5.8051020665E+01
  1.4672233875E+00  5.8088378601E+01
  1.4746336066E+00  5.8100859367E+01
  1.4746336066E+00  5.8100859367E+01
  1.4780528038E+00  5.8100828489E+01
  1.4814720011E+00  5.8100735894E+01
  1.4848911983E+00  5.8100581694E+01
  1.4883103955E+00  5.8100366075E+01
  1.4917295927E+00  5.8100089300E+01
  1.4951487900E+00  5.8099751706E+01
  1.4985679872E+00  5.8099353703E+01
  1.5019871844E+00  5.8098895779E+01
  1.5054063817E+00  5.8098378494E+01
  1.5088255789E+00  5.8097802484E+01
  1.5122447761E+00  5.8097168461E+01
  1.5156639733E+00  5.8096477209E+01
  1.5190831706E+00  5.8095729589E+01
  1.5225023678E+00  5.8094926535E+01
  1.5259215650E+00  5.8094069058E+01
  1.5293407623E+00  5.8093158241E+01
  1.5327599595E+00  5.8092195244E+01
  1.5361791567E+00  5.8091181300E+01
  1.5395983539E+00  5.8090117718E+01
  1.5430175512E+00  5.8089005880E+01
  1.5464367484E+00  5.8087847243E+01
  1.5498559456E+00  5.8086643339E+01
  1.5532751429E+00  5.8085395775E+01
  1.5566943401E+00  5.8084106231E+01
  1.5601135373E+00  5.8082776462E+01
  1.5635327345E+00  5.8081408298E+01
  1.5669519318E+00  5.8080003642E+01
  1.5703711290E+00  5.8078564472E+01
  1.5737903262E+00  5.8077092839E+01
  1.5772095235E+00  5.8075590871E+01
  1.5806287207E+00  5.8074060766E+01
  1.5840479179E+00  5.8072504799E+01
  1.5874671151E+00  5.8070925318E+01
  1.5908863124E+00  5.8069324744E+01
  1.5943055096E+00  5.8067705573E+01
  1.5977247068E+00  5.8066070372E+01
  1.6011439041E+00  5.8064421785E+01
  1.6045631013E+00  5.8062762527E+01
  1.6079822985E+00  5.8061095387E+01
  1.6114014957E+00  5.8059423227E+01
  1.6148206930E+00  5.8057748981E+01
  1.6182398902E+00  5.8056075658E+01
  1.6216590874E+00  5.8054406339E+01
  1.6250782847E+00  5.8052744176E+01
  1.6284974819E+00  5.8051092395E+01
  1.6319166791E+00  5.8049454293E+01
  1.6353358763E+00  5.8047833241E+01
  1.6387550736E+00  5.8046232681E+01
  1.6421742708E+00  5.8044656125E+01
  1.6455934680E+00  5.8043107158E+01
  1.6490126653E+00  5.8041589437E+01
  1.6524318625E+00  5.8040106689E+01
  1.6558510597E+00  5.8038662712E+01
  1.6592702569E+00  5.8037261374E+01
  1.6626894542E+00  5.8035906615E+01
  1.6661086514E+00  5.8034602442E+01
  1.6695278486E+00  5.8033352936E+01
  1.6729470459E+00  5.8032162243E+01
  1.6763662431E+00  5.8031034582E+01
  1.6797854403E+00  5.8029974237E+01
  1.6832046375E+00  5.8028985565E+01
  1.6866238348E+00  5.8028072988E+01
  1.6900430320E+00  5.8027240996E+01
  1.6934622292E+00  5.8026494147E+01
  1.6968814265E+00  5.8025837067E+01
  1.7003006237E+00  5.8025274448E+01
  1.7037198209E+00  5.8024811046E+01
  1.7071390181E+00  5.8024451687E+01
  1.7105582154E+00  5.8024201258E+01
  1.7139774126E+00  5.8024064715E+01
  1.7173966098E+00  5.8024047076E+01
  1.7208158071E+00  5.8024153422E+01
  1.7242350043E+00  5.8024388900E+01
  1.7276542015E+00  5.8024758718E+01
  1.7310733987E+00  5.8025268146E+01
  1.7344925960E+00  5.8025922518E+01
  1.7379117932E+00  5.8026727228E+01
  1.7413309904E+00  5.8027687728E+01
  1.7447501877E+00  5.8028809534E+01
  1.7481693849E+00  5.8030098219E+01
  1.7515885821E+00  5.8031559414E+01
  1.7550077794E+00  5.8033198810E+01
  1.7584269766E+00  5.8035022153E+01
  1.7618461738E+00  5.8037035247E+01
  1.7652653710E+00  5.8039243952E+01
  1.7686845683E+00  5.8041654180E+01
  1.7721037655E+00  5.8044271901E+01
  1.7755229627E+00  5.8047103137E+01
  1.7789421600E+00  5.8050153960E+01
  1.7823613572E+00  5.8053430497E+01
  1.7857805544E+00  5.8056938924E+01
  1.7891997516E+00  5.8060685468E+01
  1.7926189489E+00  5.8064676403E+01
  1.7960381461E+00  5.8068918053E+01
  1.7994573433E+00  5.8073416788E+01
  1.8028765406E+00  5.8078179023E+01
  1.8062957378E+00  5.8083211221E+01
  1.8097149350E+00  5.8088519885E+01
  1.8131341322E+00  5.8094111564E+01
  1.8165533295E+00  5.8099992846E+01
  1.8199725267E+00  5.8106170363E+01
  1.8233917239E+00  5.8112650783E+01
  1.8268109212E+00  5.8119440815E+01
  1.8302301184E+00  5.8126547203E+01
  1.8336493156E+00  5.8133976729E+01
  1.8370685128E+00  5.8141736207E+01
  1.8404877101E+00  5.8149832487E+01
  1.8439069073E+00  5.8158272450E+01
  1.8473261045E+00  5.8167063007E+01
  1.8507453018E+00  5.8176211099E+01
  1.8541644990E+00  5.8185723696E+01
  1.8575836962E+00  5.8195607794E+01
  1.8610028934E+00  5.8205870413E+01
  1.8644220907E+00  5.8216518599E+01
  1.8678412879E+00  5.8227559418E+01
  1.8712604851E+00  5.8238999959E+01
  1.8746796824E+00  5.8250847329E+01
  1.8780988796E+00  5.8263108653E+01
  1.8815180768E+00  5.8275791073E+01
  1.8849372740E+00  5.8288901744E+01
  1.8883564713E+00  5.8302447836E+01
  1.8917756685E+00  5.8316436528E+01
  1.8951948657E+00  5.8330875013E+01
  1.8986140630E+00  5.8345770486E+01
  1.9020332602E+00  5.8361130154E+01
  1.9054524574E+00  5.8376961225E+01
  1.9088716546E+00  5.8393270912E+01
  1.9122908519E+00  5.8410066429E+01
  1.9157100491E+00  5.8427354986E+01
  1.9191292463E+00  5.8445143796E+01
  1.9225484436E+00  5.8463440065E+01
  1.9259676408E+00  5.8482250991E+01
  1.9293868380E+00  5.8501583767E+01
  1.9328060352E+00  5.8521445576E+01
  1.9362252325E+00  5.8541843587E+01
  1.9396444297E+00  5.8562784957E+01
  1.9430636269E+00  5.8584276829E+01
  1.9464828242E+00  5.8606326325E+01
  1.9499020214E+00  5.8628940549E+01
  1.9533212186E+00  5.8652126585E+01
  1.9567404158E+00  5.8675891493E+01
  1.9601596131E+00  5.8700242305E+01
  1.9635788103E+00  5.8725186029E+01
  1.9669980075E+00  5.8750729641E+01
  1.9704172048E+00  5.8776880088E+01
  1.9738364020E+00  5.8803644282E+01
  1.9772555992E+00  5.8831029098E+01
  1.9806747964E+00  5.8859041377E+01
  1.9840939937E+00  5.8887687917E+01
  1.9875131909E+00  5.8916975476E+01
  1.9909323881E+00  5.8946910768E+01
  1.9943515854E+00  5.8977500459E+01
  1.9977707826E+00  5.9008751171E+01
  2.0011899798E+00  5.9040669473E+01
  2.0046091770E+00  5.9073261882E+01
  2.0080283743E+00  5.9106534861E+01
  2.0114475715E+00  5.9140494817E+01
  2.0148667687E+00  5.9175148099E+01
  2.0182859660E+00  5.9210500995E+01
  2.0217051632E+00  5.9246559730E+01
  2.0251243604E+00  5.9283330464E+01
  2.0285435576E+00  5.9320819291E+01
  2.0319627549E+00  5.9359032237E+01
  2.0353819521E+00  5.9397975256E+01
  2.0388011493E+00  5.9437654228E+01
  2.0422203466E+00  5.9478074961E+01
  2.0456395438E+00  5.9519243183E+01
  2.0490587410E+00  5.9561164544E+01
  2.0524779382E+00  5.9603844615E+01
  2.0558971355E+00  5.9647288880E+01
  2.0593163327E+00  5.9691502743E+01
  2.0627355299E+00  5.9736491516E+01
  2.0661547272E+00  5.9782260425E+01
  2.0695739244E+00  5.9828814606E+01
  2.0729931216E+00  5.9876159100E+01
  2.0764123188E+00  5.9924298855E+01
  2.0798315161E+00  5.9973238721E+01
  2.0832507133E+00  6.0022983453E+01
  2.0866699105E+00  6.0073537701E+01
  2.0900891078E+00  6.0124906018E+01
  2.0935083050E+00  6.0177092850E+01
  2.0969275022E+00  6.0230102539E+01
  2.1003466994E+00  6.0283939321E+01
  2.1037658967E+00  6.0338607321E+01
  2.1071850939E+00  6.0394110554E+01
  2.1106042911E+00  6.0450452926E+01
  2.1140234884E+00  6.0507638225E+01
  2.1174426856E+00  6.0565670127E+01
  2.1208618828E+00  6.0624552190E+01
  2.1242810800E+00  6.0684287855E+01
  2.1277002773E+00  6.0744880441E+01
  2.1311194745E+00  6.0806333149E+01
  2.1345386717E+00  6.0868649055E+01
  2.1379578690E+00  6.0931831114E+01
  2.1413770662E+00  6.0995882154E+01
  2.1447962634E+00  6.1060804877E+01
  2.1482154606E+00  6.1126601857E+01
  2.1516346579E+00  6.1193275542E+01
  2.1550538551E+00  6.1260828248E+01
  2.1584730523E+00  6.1329262159E+01
  2.1618922496E+00  6.1398579330E+01
  2.1653114468E+00  6.1468781681E+01
  2.1687306440E+00  6.1539870999E+01
  2.1721498412E+00  6.1611848936E+01
  2.1755690385E+00  6.1684717008E+01
  2.1789882357E+00  6.1758476595E+01
  2.1824074329E+00  6.1833128940E+01
  2.1858266302E+00  6.1908675146E+01
  2.1892458274E+00  6.1985116181E+01
  2.1926650246E+00  6.2062452869E+01
  2.1960842218E+00  6.2140685898E+01
  2.1995034191E+00  6.2219815813E+01
  2.2029226163E+00  6.2299843021E+01
  2.2063418135E+00  6.2380767784E+01
  2.2097610108E+00  6.2462590224E+01
  2.2131802080E+00  6.2545310320E+01
  2.2165994052E+00  6.2628927911E+01
  2.2200186024E+00  6.2713442691E+01
  2.2234377997E+00  6.2798854211E+01
  2.2268569969E+00  6.2885161879E+01
  2.2302761941E+00  6.2972364962E+01
  2.2336953914E+00  6.3060462581E+01
  2.2371145886E+00  6.3149453714E+01
  2.2405337858E+00  6.3239337198E+01
  2.2439529830E+00  6.3330111725E+01
  2.2473721803E+00  6.3421775845E+01
  2.2507913775E+00  6.3514327963E+01
  2.2542105747E+00  6.3607766345E+01
  2.2576297720E+00  6.3702089112E+01
  2.2610489692E+00  6.3797294245E+01
  2.2644681664E+00  6.3893379580E+01
  2.2678873636E+00  6.3990342816E+01
  2.2713065609E+00  6.4088181509E+01
  2.2747257581E+00  6.4186893074E+01
  2.2781449553E+00  6.4286474789E+01
  2.2815641526E+00  6.4386923791E+01
  2.2849833498E+00  6.4488237079E+01
  2.2884025470E+00  6.4590411514E+01
  2.2918217442E+00  6.4693443821E+01
  2.2952409415E+00  6.4797330587E+01
  2.2986601387E+00  6.4902068266E+01
  2.3020793359E+00  6.5007653176E+01
  2.3054985332E+00  6.5114081501E+01
  2.3089177304E+00  6.5221349293E+01
  2.3123369276E+00  6.5329452471E+01
  2.3157561248E+00  6.5438386826E+01
  2.3191753221E+00  6.5548148017E+01
  2.3225945193E+00  6.5658731575E+01
  2.3260137165E+00  6.5770132891E+01
  2.3260137165E+00  6.5770132891E+01
  2.3374416375E+00  6.5393022091E+01
  2.3488695584E+00  6.5009072405E+01
  2.3602974793E+00  6.4618273052E+01
  2.3717254003E+00  6.4220617572E+01
  2.3831533212E+00  6.3816103978E+01
  2.3945812421E+00  6.3404734883E+01
  2.4060091631E+00  6.2986517631E+01
  2.4174370840E+00  6.2561464411E+01
  2.4288650050E+00  6.2129592376E+01
  2.4402929259E+00  6.1690923748E+01
  2.4517208468E+00  6.1245485916E+01
  2.4631487678E+00  6.0793311527E+01
  2.4745766887E+00  6.0334438573E+01
  2.4860046096E+00  5.9868910466E+01
  2.4974325306E+00  5.9396776105E+01
  2.5088604515E+00  5.8918089938E+01
  2.5202883724E+00  5.8432912014E+01
  2.5317162934E+00  5.7941308022E+01
  2.5431442143E+00  5.7443349331E+01
  2.5545721353E+00  5.6939113011E+01
  2.5660000562E+00  5.6428681850E+01
  2.5774279771E+00  5.5912144366E+01
  2.5888558981E+00  5.5389594799E+01
  2.6002838190E+00  5.4861133108E+01
  2.6117117399E+00  5.4326864943E+01
  2.6231396609E+00  5.3786901625E+01
  2.6345675818E+00  5.3241360102E+01
  2.6459955027E+00  5.2690362908E+01
  2.6574234237E+00  5.2134038100E+01
  2.6688513446E+00  5.1572519204E+01
  2.6802792656E+00  5.1005945131E+01
  2.6917071865E+00  5.0434460104E+01
  2.7031351074E+00  4.9858213563E+01
  2.7145630284E+00  4.9277360068E+01
  2.7259909493E+00  4.8692059192E+01
  2.7374188702E+00  4.8102475406E+01
  2.7488467912E+00  4.7508777957E+01
  2.7602747121E+00  4.6911140735E+01
  2.7717026331E+00  4.6309742140E+01
  2.7831305540E+00  4.5704764932E+01
  2.7945584749E+00  4.5096396081E+01
  2.8059863959E+00  4.4484826610E+01
  2.8174143168E+00  4.3870251425E+01
  2.8288422377E+00  4.3252869151E+01
  2.8402701587E+00  4.2632881946E+01
  2.8516980796E+00  4.2010495323E+01
  2.8631260005E+00  4.1385917964E+01
  2.8745539215E+00  4.0759361520E+01
  2.8859818424E+00  4.0131040419E+01
  2.8974097634E+00  3.9501171661E+01
  2.9088376843E+00  3.8869974611E+01
  2.9202656052E+00  3.8237670792E+01
  2.9316935262E+00  3.7604483668E+01
  2.9431214471E+00  3.6970638432E+01
  2.9545493680E+00  3.6336361783E+01
  2.9659772890E+00  3.5701881708E+01
  2.9774052099E+00  3.5067427256E+01
  2.9888331308E+00  3.4433228317E+01
  3.0002610518E+00  3.3799515394E+01
  3.0116889727E+00  3.3166519379E+01
  3.0231168937E+00  3.2534471322E+01
  3.0345448146E+00  3.1903602212E+01
  3.0459727355E+00  3.1274142741E+01
  3.0574006565E+00  3.0646323088E+01
  3.0688285774E+00  3.0020372689E+01
  3.0802564983E+00  2.9396520015E+01
  3.0916844193E+00  2.8774992354E+01
  3.1031123402E+00  2.8156015590E+01
  3.1145402611E+00  2.7539813991E+01
  3.1259681821E+00  2.6926609990E+01
  3.1373961030E+00  2.6316623983E+01
  3.1488240240E+00  2.5710074120E+01
  3.1602519449E+00  2.5107176104E+01
  3.1716798658E+00  2.4508142996E+01
  3.1831077868E+00  2.3913185021E+01
  3.1945357077E+00  2.3322509385E+01
  3.2059636286E+00  2.2736320092E+01
  3.2173915496E+00  2.2154817770E+01
  3.2288194705E+00  2.1578199501E+01
  3.2402473914E+00  2.1006658662E+01
  3.2516753124E+00  2.0440384766E+01
  3.2631032333E+00  1.9879563316E+01
  3.2745311543E+00  1.9324375665E+01
  3.2859590752E+00  1.8774998883E+01
  3.2973869961E+00  1.8231605630E+01
  3.3088149171E+00  1.7694364040E+01
  3.3202428380E+00  1.7163437615E+01
  3.3316707589E+00  1.6638985123E+01
  3.3430986799E+00  1.6121160507E+01
  3.3545266008E+00  1.5610112804E+01
  3.3659545218E+00  1.5105986071E+01
  3.3773824427E+00  1.4608919325E+01
  3.3888103636E+00  1.4119046483E+01
  3.4002382846E+00  1.3636496323E+01
  3.4116662055E+00  1.3161392447E+01
  3.4230941264E+00  1.2693853255E+01
  3.4345220474E+00  1.2233991930E+01
  3.4459499683E+00  1.1781916432E+01
  3.4573778892E+00  1.1337729503E+01
  3.4688058102E+00  1.0901528676E+01
  3.4802337311E+00  1.0473406302E+01
  3.4916616521E+00  1.0053449578E+01
  3.5030895730E+00  9.6417405934E+00
  3.5145174939E+00  9.2383563728E+00
  3.5259454149E+00  8.8433689394E+00
  3.5373733358E+00  8.4568453798E+00
  3.5488012567E+00  8.0788479184E+00
  3.5602291777E+00  7.7094339998E+00
  3.5716570986E+00  7.3486563771E+00
  3.5830850195E+00  6.9965632068E+00
  3.5945129405E+00  6.6531981494E+00
  3.6059408614E+00  6.3186004740E+00
  3.6173687824E+00  5.9928051674E+00
  3.6287967033E+00  5.6758430445E+00
  3.6402246242E+00  5.3677408603E+00
  3.6516525452E+00  5.0685214213E+00
  3.6630804661E+00  4.7782036940E+00
  3.6745083870E+00  4.4968029081E+00
  3.6859363080E+00  4.2243306521E+00
  3.6973642289E+00  3.9607949570E+00
  3.7087921498E+00  3.7062003639E+00
  3.7202200708E+00  3.4605479703E+00
  3.7316479917E+00  3.2238354483E+00
  3.7430759127E+00  2.9960570248E+00
  3.7545038336E+00  2.7772034148E+00
  3.7659317545E+00  2.5672616915E+00
  3.7773596755E+00  2.3662150763E+00
  3.7887875964E+00  2.1740426247E+00
  3.8002155173E+00  1.9907187765E+00
  3.8116434383E+00  1.8162127305E+00
  3.8230713592E+00  1.6504875897E+00
  3.8344992802E+00  1.4934992066E+00
  3.8459272011E+00  1.3451946358E+00
  3.8573551220E+00  1.2055100709E+00
  3.8687830430E+00  1.0743681066E+00
  3.8802109639E+00  9.5167411815E-01
  3.8916388848E+00  8.3731149649E-01
  3.9030668058E+00  7.3113541527E-01
  3.9144947267E+00  6.3296475146E-01
  3.9259226476E+00  5.4257175247E-01
  3.9373505686E+00  4.5966908013E-01
  3.9487784895E+00  3.8389402444E-01
  3.9602064105E+00  3.1479002917E-01
  3.9716343314E+00  2.5178619149E-01
  3.9830622523E+00  1.9417566053E-01
  3.9944901733E+00  1.4109149485E-01
  4.0059180942E+00  9.1458340629E-02
  4.0173460151E+00  4.3672263263E-02
  4.0287739361E+00 -1.2930990372E-02

  0.0000000000E+00 -9.1435919062E-03
  7.4102191287E-03  6.7428956959E-01
  1.4820438257E-02  1.3485744085E+00
  2.2230657386E-02  2.0226948381E+00
  2.9640876515E-02  2.6965881282E+00
  3.7051095643E-02  3.3701823672E+00
  4.4461314772E-02  4.0434042519E+00
  5.1871533901E-02  4.7161802342E+00
  5.9281753029E-02  5.3884368363E+00
  6.6691972158E-02  6.0601007817E+00
  7.4102191287E-02  6.7310990700E+00
  8.1512410415E-02  7.4013590318E+00
  8.8922629544E-02  8.0708083737E+00
  9.6332848673E-02  8.7393752198E+00
  1.0374306780E-01  9.4069881501E+00
  1.1115328693E-01  1.0073576237E+01
  1.1856350606E-01  1.0739069082E+01
  1.2597372519E-01  1.1403396848E+01
  1.3338394432E-01  1.2066490295E+01
  1.4079416344E-01  1.2728280809E+01
  1.4820438257E-01  1.3388700439E+01
  1.5561460170E-01  1.4047681921E+01
  1.6302482083E-01  1.4705158710E+01
  1.7043503996E-01  1.5361065009E+01
  1.7784525909E-01  1.6015335796E+01
  1.8525547822E-01  1.6667906845E+01
  1.9266569735E-01  1.7318714757E+01
  2.0007591647E-01  1.7967696979E+01
  2.0748613560E-01  1.8614791829E+01
  2.1489635473E-01  1.9259938513E+01
  2.2230657386E-01  1.9903077146E+01
  2.2971679299E-01  2.0544148773E+01
  2.3712701212E-01  2.1183095378E+01
  2.4453723125E-01  2.1819859909E+01
  2.5194745037E-01  2.2454386282E+01
  2.5935766950E-01  2.3086619398E+01
  2.6676788863E-01  2.3716505155E+01
  2.7417810776E-01  2.4343990451E+01
  2.8158832689E-01  2.4969023199E+01
  2.8899854602E-01  2.5591552328E+01
  2.9640876515E-01  2.6211527787E+01
  3.0381898428E-01  2.6828900550E+01
  3.1122920340E-01  2.7443622619E+01
  3.1863942253E-01  2.8055647019E+01
  3.2604964166E-01  2.8664927798E+01
  3.3345986079E-01  2.9271420026E+01
  3.4087007992E-01  2.9875079787E+01
  3.4828029905E-01  3.0475864171E+01
  3.5569051818E-01  3.1073731274E+01
  3.6310073730E-01  3.1668640178E+01
  3.7051095643E-01  3.2260550947E+01
  3.7792117556E-01  3.2849424613E+01
  3.8533139469E-01  3.3435223160E+01
  3.9274161382E-01  3.4017909514E+01
  4.0015183295E-01  3.4597447520E+01
  4.0756205208E-01  3.5173801930E+01
  4.1497227121E-01  3.5746938381E+01
  4.2238249033E-01  3.6316823375E+01
  4.2979270946E-01  3.6883424259E+01
  4.3720292859E-01  3.7446709203E+01
  4.4461314772E-01  3.8006647176E+01
  4.5202336685E-01  3.8563207921E+01
  4.5943358598E-01  3.9116361932E+01
  4.6684380511E-01  3.9666080428E+01
  4.7425402424E-01  4.0212335325E+01
  4.8166424336E-01  4.0755099212E+01
  4.8907446249E-01  4.1294345320E+01
  4.9648468162E-01  4.1830047497E+01
  5.0389490075E-01  4.2362180179E+01
  5.1130511988E-01  4.2890718362E+01
  5.1871533901E-01  4.3415637571E+01
  5.2612555814E-01  4.3936913835E+01
  5.3353577726E-01  4.4454523657E+01
  5.4094599639E-01  4.4968443986E+01
  5.4835621552E-01  4.5478652187E+01
  5.5576643465E-01  4.5985126017E+01
  5.6317665378E-01  4.6487843594E+01
  5.7058687291E-01  4.6986783374E+01
  5.7799709204E-01  4.7481924123E+01
  5.8540731117E-01  4.7973244892E+01
  5.9281753029E-01  4.8460724993E+01
  6.0022774942E-01  4.8944343978E+01
  6.0763796855E-01  4.9424081614E+01
  6.1504818768E-01  4.9899917863E+01
  6.2245840681E-01  5.0371832865E+01
  6.2986862594E-01  5.0839806916E+01
  6.3727884507E-01  5.1303820455E+01
  6.4468906419E-01  5.1763854047E+01
  6.5209928332E-01  5.2219888370E+01
  6.5950950245E-01  5.2671904204E+01
  6.6691972158E-01  5.3119882422E+01
  6.7432994071E-01  5.3563803982E+01
  6.8174015984E-01  5.4003649918E+01
  6.8915037897E-01  5.4439401342E+01
  6.9656059810E-01  5.4871039436E+01
  7.0397081722E-01  5.5298545459E+01
  7.1138103635E-01  5.5721900744E+01
  7.1879125548E-01  5.6141086705E+01
  7.2620147461E-01  5.6556084844E+01
  7.3361169374E-01  5.6966876759E+01
  7.4102191287E-01  5.7373444158E+01
  7.4843213200E-01  5.7775768870E+01
  7.5584235112E-01  5.8173832859E+01
  7.6325257025E-01  5.8567618246E+01
  7.7066278938E-01  5.8957107326E+01
  7.7807300851E-01  5.9342282592E+01
  7.8548322764E-01  5.9723126756E+01
  7.9289344677E-01  6.0099622776E+01
  8.0030366590E-01  6.0471753885E+01
  8.0771388503E-01  6.0839503620E+01
  8.1512410415E-01  6.1202855850E+01
  8.2253432328E-01  6.1561794812E+01
  8.2994454241E-01  6.1916305144E+01
  8.3735476154E-01  6.2266371919E+01
  8.4476498067E-01  6.2611980683E+01
  8.5217519980E-01  6.2953117492E+01
  8.5958541893E-01  6.3289768948E+01
  8.6699563805E-01  6.3621922240E+01
  8.7440585718E-01  6.3949565183E+01
  8.8181607631E-01  6.4272686258E+01
  8.8922629544E-01  6.4591274650E+01
  8.9663651457E-01  6.4905320288E+01
  9.0404673370E-01  6.5214813888E+01
  9.1145695283E-01  6.5519746986E+01
  9.1886717196E-01  6.5820111981E+01
  9.2627739108E-01  6.6115902171E+01
  9.3368761021E-01  6.6407111790E+01
  9.4109782934E-01  6.6693736040E+01
  9.4850804847E-01  6.6975771131E+01
  9.5591826760E-01  6.7253214307E+01
  9.6332848673E-01  6.7526063881E+01
  9.7073870586E-01  6.7794319259E+01
  9.7814892498E-01  6.8057980969E+01
  9.8555914411E-01  6.8317050686E+01
  9.9296936324E-01  6.8571531249E+01
  1.0003795824E+00  6.8821426682E+01
  1.0077898015E+00  6.9066742212E+01
  1.0152000206E+00  6.9307484276E+01
  1.0226102398E+00  6.9543660536E+01
  1.0300204589E+00  6.9775279883E+01
  1.0374306780E+00  7.0002352441E+01
  1.0448408971E+00  7.0224889566E+01
  1.0522511163E+00  7.0442903841E+01
  1.0596613354E+00  7.0656409073E+01
  1.0670715545E+00  7.0865420277E+01
  1.0744817737E+00  7.1069953665E+01
  1.0818919928E+00  7.1270026627E+01
  1.0893022119E+00  7.1465657710E+01
  1.0967124310E+00  7.1656866590E+01
  1.1041226502E+00  7.1843674048E+01
  1.1115328693E+00  7.2026101933E+01
  1.1189430884E+00  7.2204173129E+01
  1.1263533076E+00  7.2377911515E+01
  1.1337635267E+00  7.2547341923E+01
  1.1411737458E+00  7.2712490094E+01
  1.1485839649E+00  7.2873382625E+01
  1.1559941841E+00  7.3030046922E+01
  1.1634044032E+00  7.3182511144E+01
  1.1708146223E+00  7.3330804146E+01
  1.1782248415E+00  7.3474955420E+01
  1.1856350606E+00  7.3614995035E+01
  1.1930452797E+00  7.3750953570E+01
  1.2004554988E+00  7.3882862052E+01
  1.2078657180E+00  7.4010751885E+01
  1.2152759371E+00  7.4134654786E+01
  1.2226861562E+00  7.4254602710E+01
  1.2300963754E+00  7.4370627784E+01
  1.2375065945E+00  7.4482762230E+01
  1.2449168136E+00  7.4591038296E+01
  1.2523270327E+00  7.4695488180E+01
  1.2597372519E+00  7.4796143961E+01
  1.2671474710E+00  7.4893037520E+01
  1.2745576901E+00  7.4986200470E+01
  1.2819679093E+00  7.5075664086E+01
  1.2893781284E+00  7.5161459226E+01
  1.2967883475E+00  7.5243616265E+01
  1.3041985666E+00  7.5322165024E+01
  1.3116087858E+00  7.5397134697E+01
  1.3190190049E+00  7.5468553787E+01
  1.3264292240E+00  7.5536450042E+01
  1.3338394432E+00  7.5600850381E+01
  1.3412496623E+00  7.5661780842E+01
  1.3486598814E+00  7.5719266516E+01
  1.3560701005E+00  7.5773331488E+01
  1.3634803197E+00  7.5823998782E+01
  1.3708905388E+00  7.5871290311E+01
  1.3783007579E+00  7.5915226819E+01
  1.3857109771E+00  7.5955827838E+01
  1.3931211962E+00  7.5993111641E+01
  1.4005314153E+00  7.6027095199E+01
  1.4079416344E+00  7.6057794144E+01
  1.4153518536E+00  7.6085222728E+01
  1.4227620727E+00  7.6109393794E+01
  1.4301722918E+00  7.6130318747E+01
  1.4375825110E+00  7.6148007523E+01
  1.4449927301E+00  7.6162468569E+01
  1.4524029492E+00  7.6173708823E+01
  1.4598131683E+00  7.6181733698E+01
  1.4672233875E+00  7.6186547071E+01
  1.4746336066E+00  7.6188151270E+01
  1.4746336066E+00  7.6188151270E+01
  1.4780528038E+00  7.6189848294E+01
  1.4814720011E+00  7.6194939056E+01
  1.4848911983E+00  7.6203422613E+01
  1.4883103955E+00  7.6215297403E+01
  1.4917295927E+00  7.6230561233E+01
  1.4951487900E+00  7.6249211291E+01
  1.4985679872E+00  7.6271244142E+01
  1.5019871844E+00  7.6296655730E+01
  1.5054063817E+00  7.6325441383E+01
  1.5088255789E+00  7.6357595816E+01
  1.5122447761E+00  7.6393113131E+01
  1.5156639733E+00  7.6431986824E+01
  1.5190831706E+00  7.6474209788E+01
  1.5225023678E+00  7.6519774314E+01
  1.5259215650E+00  7.6568672102E+01
  1.5293407623E+00  7.6620894261E+01
  1.5327599595E+00  7.6676431316E+01
  1.5361791567E+00  7.6735273213E+01
  1.5395983539E+00  7.6797409327E+01
  1.5430175512E+00  7.6862828464E+01
  1.5464367484E+00  7.6931518874E+01
  1.5498559456E+00  7.7003468250E+01
  1.5532751429E+00  7.7078663742E+01
  1.5566943401E+00  7.7157091960E+01
  1.5601135373E+00  7.7238738983E+01
  1.5635327345E+00  7.7323590368E+01
  1.5669519318E+00  7.7411631156E+01
  1.5703711290E+00  7.7502845881E+01
  1.5737903262E+00  7.7597218578E+01
  1.5772095235E+00  7.7694732795E+01
  1.5806287207E+00  7.7795371596E+01
  1.5840479179E+00  7.7883349206E+01
  1.5874671151E+00  7.7872327171E+01
  1.5908863124E+00  7.7860961918E+01
  1.5943055096E+00  7.7849253073E+01
  1.5977247068E+00  7.7837200250E+01
  1.6011439041E+00  7.7824803051E+01
  1.6045631013E+00  7.7812061067E+01
  1.6079822985E+00  7.7798973875E+01
  1.6114014957E+00  7.7785541044E+01
  1.6148206930E+00  7.7771762127E+01
  1.6182398902E+00  7.7757636667E+01
  1.6216590874E+00  7.7743164195E+01
  1.6250782847E+00  7.7728344230E+01
  1.6284974819E+00  7.7713176279E+01
  1.6319166791E+00  7.7697659835E+01
  1.6353358763E+00  7.7681794381E+01
  1.6387550736E+00  7.7665579388E+01
  1.6421742708E+00  7.7649014313E+01
  1.6455934680E+00  7.7632098602E+01
  1.6490126653E+00  7.7614831687E+01
  1.6524318625E+00  7.7597212989E+01
  1.6558510597E+00  7.7579241917E+01
  1.6592702569E+00  7.7560917867E+01
  1.6626894542E+00  7.7542240221E+01
  1.6661086514E+00  7.7523208349E+01
  1.6695278486E+00  7.7503821611E+01
  1.6729470459E+00  7.7484079352E+01
  1.6763662431E+00  7.7463980903E+01
  1.6797854403E+00  7.7443525584E+01
  1.6832046375E+00  7.7422712704E+01
  1.6866238348E+00  7.7401541555E+01
  1.6900430320E+00  7.7380011419E+01
  1.6934622292E+00  7.7358121565E+01
  1.6968814265E+00  7.7335871247E+01
  1.7003006237E+00  7.7313259709E+01
  1.7037198209E+00  7.7290286180E+01
  1.7071390181E+00  7.7266949876E+01
  1.7105582154E+00  7.7243250000E+01
  1.7139774126E+00  7.7219185743E+01
  1.7173966098E+00  7.7194756281E+01
  1.7208158071E+00  7.7169960778E+01
  1.7242350043E+00  7.7144798386E+01
  1.7276542015E+00  7.7119268241E+01
  1.7310733987E+00  7.7093369468E+01
  1.7344925960E+00  7.7067101178E+01
  1.7379117932E+00  7.7040462468E+01
  1.7413309904E+00  7.7013452423E+01
  1.7447501877E+00  7.6986070113E+01
  1.7481693849E+00  7.6958314597E+01
  1.7515885821E+00  7.6930184919E+01
  1.7550077794E+00  7.6901680110E+01
  1.7584269766E+00  7.6872799188E+01
  1.7618461738E+00  7.6843541158E+01
  1.7652653710E+00  7.6813905010E+01
  1.7686845683E+00  7.6783889721E+01
  1.7721037655E+00  7.6753494258E+01
  1.7755229627E+00  7.6722717570E+01
  1.7789421600E+00  7.6691558595E+01
  1.7823613572E+00  7.6660016258E+01
  1.7857805544E+00  7.6628089470E+01
  1.7891997516E+00  7.6595777129E+01
  1.7926189489E+00  7.6563078120E+01
  1.7960381461E+00  7.6529991313E+01
  1.7994573433E+00  7.6496515568E+01
  1.8028765406E+00  7.6462649730E+01
  1.8062957378E+00  7.6428392629E+01
  1.8097149350E+00  7.6393743086E+01
  1.8131341322E+00  7.6358699907E+01
  1.8165533295E+00  7.6323261883E+01
  1.8199725267E+00  7.6287427795E+01
  1.8233917239E+00  7.6251196409E+01
  1.8268109212E+00  7.6214566481E+01
  1.8302301184E+00  7.6177536751E+01
  1.8336493156E+00  7.6140105948E+01
  1.8370685128E+00  7.6102272788E+01
  1.8404877101E+00  7.6064035975E+01
  1.8439069073E+00  7.6025394198E+01
  1.8473261045E+00  7.5986346137E+01
  1.8507453018E+00  7.5946890458E+01
  1.8541644990E+00  7.5907025814E+01
  1.8575836962E+00  7.5866750847E+01
  1.8610028934E+00  7.5826064186E+01
  1.8644220907E+00  7.5784964450E+01
  1.8678412879E+00  7.5743450243E+01
  1.8712604851E+00  7.5701520160E+01
  1.8746796824E+00  7.5659172783E+01
  1.8780988796E+00  7.5616406682E+01
  1.8815180768E+00  7.5573220416E+01
  1.8849372740E+00  7.5529612533E+01
  1.8883564713E+00  7.5485581571E+01
  1.8917756685E+00  7.5441126054E+01
  1.8951948657E+00  7.5396244496E+01
  1.8986140630E+00  7.5350935403E+01
  1.9020332602E+00  7.5305197267E+01
  1.9054524574E+00  7.5259028570E+01
  1.9088716546E+00  7.5212427786E+01
  1.9122908519E+00  7.5165393376E+01
  1.9157100491E+00  7.5117923792E+01
  1.9191292463E+00  7.5070017476E+01
  1.9225484436E+00  7.5021672862E+01
  1.9259676408E+00  7.4972888371E+01
  1.9293868380E+00  7.4923662418E+01
  1.9328060352E+00  7.4873993407E+01
  1.9362252325E+00  7.4823879734E+01
  1.9396444297E+00  7.4773319786E+01
  1.9430636269E+00  7.4722311940E+01
  1.9464828242E+00  7.4670854566E+01
  1.9499020214E+00  7.4618946027E+01
  1.9533212186E+00  7.4566584675E+01
  1.9567404158E+00  7.4513768856E+01
  1.9601596131E+00  7.4460496909E+01
  1.9635788103E+00  7.4406767165E+01
  1.9669980075E+00  7.4352577948E+01
  1.9704172048E+00  7.4297927575E+01
  1.9738364020E+00  7.4242814356E+01
  1.9772555992E+00  7.4187236596E+01
  1.9806747964E+00  7.4131192592E+01
  1.9840939937E+00  7.4074680637E+01
  1.9875131909E+00  7.4017699017E+01
  1.9909323881E+00  7.3960246014E+01
  1.9943515854E+00  7.3902319902E+01
  1.9977707826E+00  7.3843918954E+01
  2.0011899798E+00  7.3785041436E+01
  2.0046091770E+00  7.3725685611E+01
  2.0080283743E+00  7.3665849736E+01
  2.0114475715E+00  7.3605532067E+01
  2.0148667687E+00  7.3544730855E+01
  2.0182859660E+00  7.3483444347E+01
  2.0217051632E+00  7.3421670789E+01
  2.0251243604E+00  7.3359408424E+01
  2.0285435576E+00  7.3296655491E+01
  2.0319627549E+00  7.3233410231E+01
  2.0353819521E+00  7.3169670878E+01
  2.0388011493E+00  7.3105435669E+01
  2.0422203466E+00  7.3040702839E+01
  2.0456395438E+00  7.2975470621E+01
  2.0490587410E+00  7.2909737249E+01
  2.0524779382E+00  7.2843500957E+01
  2.0558971355E+00  7.2776759978E+01
  2.0593163327E+00  7.2709512547E+01
  2.0627355299E+00  7.2641756899E+01
  2.0661547272E+00  7.2573491272E+01
  2.0695739244E+00  7.2504713904E+01
  2.0729931216E+00  7.2435423036E+01
  2.0764123188E+00  7.2365616911E+01
  2.0798315161E+00  7.2295293774E+01
  2.0832507133E+00  7.2224451876E+01
  2.0866699105E+00  7.2153089467E+01
  2.0900891078E+00  7.2081204805E+01
  2.0935083050E+00  7.2008796150E+01
  2.0969275022E+00  7.1935861767E+01
  2.1003466994E+00  7.1862399926E+01
  2.1037658967E+00  7.1788408903E+01
  2.1071850939E+00  7.1713886979E+01
  2.1106042911E+00  7.1638832441E+01
  2.1140234884E+00  7.1563243583E+01
  2.1174426856E+00  7.1487118706E+01
  2.1208618828E+00  7.1410456117E+01
  2.1242810800E+00  7.1333254133E+01
  2.1277002773E+00  7.1255511077E+01
  2.1311194745E+00  7.1177225281E+01
  2.1345386717E+00  7.1098395086E+01
  2.1379578690E+00  7.1019018843E+01
  2.1413770662E+00  7.0939094911E+01
  2.1447962634E+00  7.0858621660E+01
  2.1482154606E+00  7.0777597471E+01
  2.1516346579E+00  7.0696020736E+01
  2.1550538551E+00  7.0613889856E+01
  2.1584730523E+00  7.0531203247E+01
  2.1618922496E+00  7.0447959334E+01
  2.1653114468E+00  7.0364156557E+01
  2.1687306440E+00  7.0279793368E+01
  2.1721498412E+00  7.0194868232E+01
  2.1755690385E+00  7.0109379627E+01
  2.1789882357E+00  7.0023326048E+01
  2.1824074329E+00  6.9936706001E+01
  2.1858266302E+00  6.9849518011E+01
  2.1892458274E+00  6.9761760615E+01
  2.1926650246E+00  6.9673432367E+01
  2.1960842218E+00  6.9584531837E+01
  2.1995034191E+00  6.9495057614E+01
  2.2029226163E+00  6.9405008301E+01
  2.2063418135E+00  6.9314382520E+01
  2.2097610108E+00  6.9223178911E+01
  2.2131802080E+00  6.9131396131E+01
  2.2165994052E+00  6.9039032859E+01
  2.2200186024E+00  6.8946087790E+01
  2.2234377997E+00  6.8852559640E+01
  2.2268569969E+00  6.8758447145E+01
  2.2302761941E+00  6.8663749061E+01
  2.2336953914E+00  6.8568464166E+01
  2.2371145886E+00  6.8472591258E+01
  2.2405337858E+00  6.8376129158E+01
  2.2439529830E+00  6.8279076709E+01
  2.2473721803E+00  6.8181432774E+01
  2.2507913775E+00  6.8083196244E+01
  2.2542105747E+00  6.7984366028E+01
  2.2576297720E+00  6.7884941063E+01
  2.2610489692E+00  6.7784920307E+01
  2.2644681664E+00  6.7684302746E+01
  2.2678873636E+00  6.7583087388E+01
  2.2713065609E+00  6.7481273269E+01
  2.2747257581E+00  6.7378859448E+01
  2.2781449553E+00  6.7275845012E+01
  2.2815641526E+00  6.7172229075E+01
  2.2849833498E+00  6.7068010778E+01
  2.2884025470E+00  6.6963189289E+01
  2.2918217442E+00  6.6857763802E+01
  2.2952409415E+00  6.6751733543E+01
  2.2986601387E+00  6.6645097764E+01
  2.3020793359E+00  6.6537855746E+01
  2.3054985332E+00  6.6430006802E+01
  2.3089177304E+00  6.6321550271E+01
  2.3123369276E+00  6.6212485526E+01
  2.3157561248E+00  6.6102811967E+01
  2.3191753221E+00  6.5992529027E+01
  2.3225945193E+00  6.5881636170E+01
  2.3260137165E+00  6.5770132902E+01
  2.3260137165E+00  6.5770132902E+01
  2.3374416375E+00  6.6148339764E+01
  2.3488695584E+00  6.6535441524E+01
  2.3602974793E+00  6.6931236738E+01
  2.3717254003E+00  6.7335509461E+01
  2.3831533212E+00  6.7748029847E+01
  2.3945812421E+00  6.8168554794E+01
  2.4060091631E+00  6.8596828626E+01
  2.4174370840E+00  6.9032583791E+01
  2.4288650050E+00  6.9475541590E+01
  2.4402929259E+00  6.9925412928E+01
  2.4517208468E+00  7.0381899071E+01
  2.4631487678E+00  7.0844692423E+01
  2.4745766887E+00  7.1313477310E+01
  2.4860046096E+00  7.1787930767E+01
  2.4974325306E+00  7.2267723325E+01
  2.5088604515E+00  7.2752519802E+01
  2.5202883724E+00  7.3241980084E+01
  2.5317162934E+00  7.3735759905E+01
  2.5431442143E+00  7.4233511615E+01
  2.5545721353E+00  7.4734884932E+01
  2.5660000562E+00  7.5239527690E+01
  2.5774279771E+00  7.5747086566E+01
  2.5888558981E+00  7.6257207788E+01
  2.6002838190E+00  7.6769537831E+01
  2.6117117399E+00  7.7283724091E+01
  2.6231396609E+00  7.7799415534E+01
  2.6345675818E+00  7.8316263330E+01
  2.6459955027E+00  7.8833921463E+01
  2.6574234237E+00  7.9352047313E+01
  2.6688513446E+00  7.9870302222E+01
  2.6802792656E+00  8.0388352030E+01
  2.6917071865E+00  8.0905867593E+01
  2.7031351074E+00  8.1422525264E+01
  2.7145630284E+00  8.1938007367E+01
  2.7259909493E+00  8.2452002633E+01
  2.7374188702E+00  8.2964206610E+01
  2.7488467912E+00  8.3474322061E+01
  2.7602747121E+00  8.3982059323E+01
  2.7717026331E+00  8.4487136650E+01
  2.7831305540E+00  8.4989280527E+01
  2.7945584749E+00  8.5488225962E+01
  2.8059863959E+00  8.5983716749E+01
  2.8174143168E+00  8.6475505717E+01
  2.8288422377E+00  8.6963354943E+01
  2.8402701587E+00  8.7447035948E+01
  2.8516980796E+00  8.7926329872E+01
  2.8631260005E+00  8.8401027617E+01
  2.8745539215E+00  8.8870929979E+01
  2.8859818424E+00  8.9335847746E+01
  2.8974097634E+00  8.9795601780E+01
  2.9088376843E+00  9.0250023082E+01
  2.9202656052E+00  9.0698952821E+01
  2.9316935262E+00  9.1142242358E+01
  2.9431214471E+00  9.1579753238E+01
  2.9545493680E+00  9.0784011675E+01
  2.9659772890E+00  8.9953471395E+01
  2.9774052099E+00  8.9118614176E+01
  2.9888331308E+00  8.8279503510E+01
  3.0002610518E+00  8.7436200883E+01
  3.0116889727E+00  8.6588765952E+01
  3.0231168937E+00  8.5737256694E+01
  3.0345448146E+00  8.4881729551E+01
  3.0459727355E+00  8.4022239552E+01
  3.0574006565E+00  8.3158840432E+01
  3.0688285774E+00  8.2291584730E+01
  3.0802564983E+00  8.1420523884E+01
  3.0916844193E+00  8.0545708311E+01
  3.1031123402E+00  7.9667187486E+01
  3.1145402611E+00  7.8785009999E+01
  3.1259681821E+00  7.7899223622E+01
  3.1373961030E+00  7.7009875358E+01
  3.1488240240E+00  7.6117011485E+01
  3.1602519449E+00  7.5220677600E+01
  3.1716798658E+00  7.4320918657E+01
  3.1831077868E+00  7.3417778995E+01
  3.1945357077E+00  7.2511302367E+01
  3.2059636286E+00  7.1601531973E+01
  3.2173915496E+00  7.0688510474E+01
  3.2288194705E+00  6.9772280019E+01
  3.2402473914E+00  6.8852882263E+01
  3.2516753124E+00  6.7930358386E+01
  3.2631032333E+00  6.7004749107E+01
  3.2745311543E+00  6.6076094707E+01
  3.2859590752E+00  6.5144435042E+01
  3.2973869961E+00  6.4209809558E+01
  3.3088149171E+00  6.3272257312E+01
  3.3202428380E+00  6.2331816989E+01
  3.3316707589E+00  6.1388526919E+01
  3.3430986799E+00  6.0442425097E+01
  3.3545266008E+00  5.9493549205E+01
  3.3659545218E+00  5.8541936634E+01
  3.3773824427E+00  5.7587624506E+01
  3.3888103636E+00  5.6630649700E+01
  3.4002382846E+00  5.5671048881E+01
  3.4116662055E+00  5.4708858523E+01
  3.4230941264E+00  5.3744114944E+01
  3.4345220474E+00  5.2776854332E+01
  3.4459499683E+00  5.1807112783E+01
  3.4573778892E+00  5.0834926334E+01
  3.4688058102E+00  4.9860330996E+01
  3.4802337311E+00  4.8883362792E+01
  3.4916616521E+00  4.7904057796E+01
  3.5030895730E+00  4.6922452173E+01
  3.5145174939E+00  4.5938582216E+01
  3.5259454149E+00  4.4952484387E+01
  3.5373733358E+00  4.3964195358E+01
  3.5488012567E+00  4.2973752053E+01
  3.5602291777E+00  4.1981191690E+01
  3.5716570986E+00  4.0986551817E+01
  3.5830850195E+00  3.9989870357E+01
  3.5945129405E+00  3.8991185648E+01
  3.6059408614E+00  3.7990536479E+01
  3.6173687824E+00  3.6987962129E+01
  3.6287967033E+00  3.5983502406E+01
  3.6402246242E+00  3.4977197678E+01
  3.6516525452E+00  3.3969088910E+01
  3.6630804661E+00  3.2959217693E+01
  3.6745083870E+00  3.1947626277E+01
  3.6859363080E+00  3.0934357591E+01
  3.6973642289E+00  2.9919455275E+01
  3.7087921498E+00  2.8902963698E+01
  3.7202200708E+00  2.7884927977E+01
  3.7316479917E+00  2.6865393996E+01
  3.7430759127E+00  2.5844408415E+01
  3.7545038336E+00  2.4822018681E+01
  3.7659317545E+00  2.3798273038E+01
  3.7773596755E+00  2.2773220525E+01
  3.7887875964E+00  2.1746910981E+01
  3.8002155173E+00  2.0719395036E+01
  3.8116434383E+00  1.9690724110E+01
  3.8230713592E+00  1.8660950398E+01
  3.8344992802E+00  1.7630126857E+01
  3.8459272011E+00  1.6598307192E+01
  3.8573551220E+00  1.5565545831E+01
  3.8687830430E+00  1.4531897903E+01
  3.8802109639E+00  1.3497419214E+01
  3.8916388848E+00  1.2462166210E+01
  3.9030668058E+00  1.1426195951E+01
  3.9144947267E+00  1.0389566073E+01
  3.9259226476E+00  9.3523347452E+00
  3.9373505686E+00  8.3145606340E+00
  3.9487784895E+00  7.2763028548E+00
  3.9602064105E+00  6.2376209243E+00
  3.9716343314E+00  5.1985747058E+00
  3.9830622523E+00  4.1592243400E+00
  3.9944901733E+00  3.1196301359E+00
  4.0059180942E+00  2.0798522796E+00
  4.0173460151E+00  1.0399491075E+00
  4.0287739361E+00 -9.1435919062E-03

  0.0000000000E+00 -2.8072482085E-06
  7.4102191287E-03  1.0762669074E+00
  1.4820438257E-02  2.1524712240E+00
  2.2230657386E-02  3.2285180609E+00
  2.9640876515E-02  4.3043328840E+00
  3.7051095643E-02  5.3798394106E+00
  4.4461314772E-02  6.4549612908E+00
  5.1871533901E-02  7.5296224025E+00
  5.9281753029E-02  8.6037469718E+00
  6.6691972158E-02  9.6772596548E+00
  7.4102191287E-02  1.0750085607E+01
  8.1512410415E-02  1.1822150549E+01
  8.8922629544E-02  1.2893380824E+01
  9.6332848673E-02  1.3963703466E+01
  1.0374306780E-01  1.5033046250E+01
  1.1115328693E-01  1.6101337754E+01
  1.1856350606E-01  1.7168507417E+01
  1.2597372519E-01  1.8234485586E+01
  1.3338394432E-01  1.9299203580E+01
  1.4079416344E-01  2.0362593732E+01
  1.4820438257E-01  2.1424589447E+01
  1.5561460170E-01  2.2485125244E+01
  1.6302482083E-01  2.3544136809E+01
  1.7043503996E-01  2.4601561037E+01
  1.7784525909E-01  2.5657336075E+01
  1.8525547822E-01  2.6711401367E+01
  1.9266569735E-01  2.7763697688E+01
  2.0007591647E-01  2.8814167189E+01
  2.0748613560E-01  2.9862753423E+01
  2.1489635473E-01  3.0909401388E+01
  2.2230657386E-01  3.1954057551E+01
  2.2971679299E-01  3.2996669879E+01
  2.3712701212E-01  3.4037187869E+01
  2.4453723125E-01  3.5075562565E+01
  2.5194745037E-01  3.6111746586E+01
  2.5935766950E-01  3.7145694143E+01
  2.6676788863E-01  3.8177361054E+01
  2.7417810776E-01  3.9206704763E+01
  2.8158832689E-01  4.0233684346E+01
  2.8899854602E-01  4.1258260526E+01
  2.9640876515E-01  4.2280395673E+01
  3.0381898428E-01  4.3300053816E+01
  3.1122920340E-01  4.4317200637E+01
  3.1863942253E-01  4.5331803475E+01
  3.2604964166E-01  4.6343831319E+01
  3.3345986079E-01  4.7353254803E+01
  3.4087007992E-01  4.8360046197E+01
  3.4828029905E-01  4.9364179396E+01
  3.5569051818E-01  5.0365629905E+01
  3.6310073730E-01  5.1364374820E+01
  3.7051095643E-01  5.2360392815E+01
  3.7792117556E-01  5.3353664113E+01
  3.8533139469E-01  5.4344170467E+01
  3.9274161382E-01  5.5331895131E+01
  4.0015183295E-01  5.6316822833E+01
  4.0756205208E-01  5.7298939740E+01
  4.1497227121E-01  5.8278233428E+01
  4.2238249033E-01  5.9254692846E+01
  4.2979270946E-01  6.0228308277E+01
  4.3720292859E-01  6.1199071297E+01
  4.4461314772E-01  6.2166974736E+01
  4.5202336685E-01  6.3132012632E+01
  4.5943358598E-01  6.4094180186E+01
  4.6684380511E-01  6.5053473715E+01
  4.7425402424E-01  6.6009890603E+01
  4.8166424336E-01  6.6963429249E+01
  4.8907446249E-01  6.7914089017E+01
  4.9648468162E-01  6.8861870182E+01
  5.0389490075E-01  6.9806773875E+01
  5.1130511988E-01  7.0748802027E+01
  5.1871533901E-01  7.1687957313E+01
  5.2612555814E-01  7.2624243096E+01
  5.3353577726E-01  7.3557663364E+01
  5.4094599639E-01  7.4488222675E+01
  5.4835621552E-01  7.5415926098E+01
  5.5576643465E-01  7.6340779148E+01
  5.6317665378E-01  7.7262787731E+01
  5.7058687291E-01  7.8181958080E+01
  5.7799709204E-01  7.9098296698E+01
  5.8540731117E-01  8.0011810293E+01
  5.9281753029E-01  8.0922505722E+01
  6.0022774942E-01  8.1830389928E+01
  6.0763796855E-01  8.2735469883E+01
  6.1504818768E-01  8.3637752527E+01
  6.2245840681E-01  8.4537244713E+01
  6.2986862594E-01  8.5433953147E+01
  6.3727884507E-01  8.6327884330E+01
  6.4468906419E-01  8.7219044508E+01
  6.5209928332E-01  8.8107439616E+01
  6.5950950245E-01  8.8993075222E+01
  6.6691972158E-01  8.9875956480E+01
  6.7432994071E-01  9.0756088077E+01
  6.8174015984E-01  9.1633474190E+01
  6.8915037897E-01  9.2508118432E+01
  6.9656059810E-01  9.3380023814E+01
  7.0397081722E-01  9.4249192701E+01
  7.1138103635E-01  9.5115626768E+01
  7.1879125548E-01  9.5979326967E+01
  7.2620147461E-01  9.6840293486E+01
  7.3361169374E-01  9.7698525720E+01
  7.4102191287E-01  9.8554022232E+01
  7.4843213200E-01  9.9406780733E+01
  7.5584235112E-01  1.0025679805E+02
  7.6325257025E-01  1.0110407009E+02
  7.7066278938E-01  1.0108581511E+02
  7.7807300851E-01  1.0091663607E+02
  7.8548322764E-01  1.0074481709E+02
  7.9289344677E-01  1.0057033414E+02
  8.0030366590E-01  1.0039316380E+02
  8.0771388503E-01  1.0021328330E+02
  8.1512410415E-01  1.0003067055E+02
  8.2253432328E-01  9.9845304229E+01
  8.2994454241E-01  9.9657163802E+01
  8.3735476154E-01  9.9466229577E+01
  8.4476498067E-01  9.9272482759E+01
  8.5217519980E-01  9.9075905499E+01
  8.5958541893E-01  9.8876480947E+01
  8.6699563805E-01  9.8674193303E+01
  8.7440585718E-01  9.8469027876E+01
  8.8181607631E-01  9.8260971139E+01
  8.8922629544E-01  9.8050010783E+01
  8.9663651457E-01  9.7836135782E+01
  9.0404673370E-01  9.7619336450E+01
  9.1145695283E-01  9.7399604504E+01
  9.1886717196E-01  9.7176933133E+01
  9.2627739108E-01  9.6951317057E+01
  9.3368761021E-01  9.6722752606E+01
  9.4109782934E-01  9.6491237785E+01
  9.4850804847E-01  9.6256772352E+01
  9.5591826760E-01  9.6019357896E+01
  9.6332848673E-01  9.5778997919E+01
  9.7073870586E-01  9.5535697919E+01
  9.7814892498E-01  9.5289465486E+01
  9.8555914411E-01  9.5040310389E+01
  9.9296936324E-01  9.4788244681E+01
  1.0003795824E+00  9.4533282801E+01
  1.0077898015E+00  9.4275441689E+01
  1.0152000206E+00  9.4014740900E+01
  1.0226102398E+00  9.3751202733E+01
  1.0300204589E+00  9.3484852361E+01
  1.0374306780E+00  9.3215717979E+01
  1.0448408971E+00  9.2943830955E+01
  1.0522511163E+00  9.2669225990E+01
  1.0596613354E+00  9.2391941301E+01
  1.0670715545E+00  9.2112018806E+01
  1.0744817737E+00  9.1829504326E+01
  1.0818919928E+00  9.1544447812E+01
  1.0893022119E+00  9.1256903577E+01
  1.0967124310E+00  9.0966930556E+01
  1.1041226502E+00  9.0674592588E+01
  1.1115328693E+00  9.0379958713E+01
  1.1189430884E+00  9.0083103508E+01
  1.1263533076E+00  8.9784107443E+01
  1.1337635267E+00  8.9483057271E+01
  1.1411737458E+00  8.9180046457E+01
  1.1485839649E+00  8.8875175639E+01
  1.1559941841E+00  8.8568553139E+01
  1.1634044032E+00  8.8260295514E+01
  1.1708146223E+00  8.7950528165E+01
  1.1782248415E+00  8.7639386001E+01
  1.1856350606E+00  8.7327014159E+01
  1.1930452797E+00  8.7013568801E+01
  1.2004554988E+00  8.6699217978E+01
  1.2078657180E+00  8.6384142581E+01
  1.2152759371E+00  8.6068537371E+01
  1.2226861562E+00  8.5752612113E+01
  1.2300963754E+00  8.5436592802E+01
  1.2375065945E+00  8.5120723003E+01
  1.2449168136E+00  8.4805265303E+01
  1.2523270327E+00  8.4490502881E+01
  1.2597372519E+00  8.4176741206E+01
  1.2671474710E+00  8.3864309851E+01
  1.2745576901E+00  8.3553564438E+01
  1.2819679093E+00  8.3244888693E+01
  1.2893781284E+00  8.2938696611E+01
  1.2967883475E+00  8.2635434703E+01
  1.3041985666E+00  8.2335584297E+01
  1.3116087858E+00  8.2039663850E+01
  1.3190190049E+00  8.1748231223E+01
  1.3264292240E+00  8.1461885817E+01
  1.3338394432E+00  8.1181270495E+01
  1.3412496623E+00  8.0907073144E+01
  1.3486598814E+00  8.0640027724E+01
  1.3560701005E+00  8.0380914613E+01
  1.3634803197E+00  8.0130560019E+01
  1.3708905388E+00  7.9889834194E+01
  1.3783007579E+00  7.9659648192E+01
  1.3857109771E+00  7.9440948836E+01
  1.3931211962E+00  7.9234711642E+01
  1.4005314153E+00  7.9041931429E+01
  1.4079416344E+00  7.8863610437E+01
  1.4153518536E+00  7.8700743890E+01
  1.4227620727E+00  7.8554303106E+01
  1.4301722918E+00  7.8425216467E+01
  1.4375825110E+00  7.8314348788E+01
  1.4449927301E+00  7.8222479893E+01
  1.4524029492E+00  7.8150283424E+01
  1.4598131683E+00  7.8098307072E+01
  1.4672233875E+00  7.8066955481E+01
  1.4746336066E+00  7.8056477034E+01
  1.4746336066E+00  7.8056477034E+01
  1.4780528038E+00  7.8056308431E+01
  1.4814720011E+00  7.8055802616E+01
  1.4848911983E+00  7.8054959574E+01
  1.4883103955E+00  7.8053779276E+01
  1.4917295927E+00  7.8052261685E+01
  1.4951487900E+00  7.8050406751E+01
  1.4985679872E+00  7.8048214415E+01
  1.5019871844E+00  7.8045684605E+01
  1.5054063817E+00  7.8042817240E+01
  1.5088255789E+00  7.8039612227E+01
  1.5122447761E+00  7.8036069461E+01
  1.5156639733E+00  7.8032188829E+01
  1.5190831706E+00  7.8027970204E+01
  1.5225023678E+00  7.8023413449E+01
  1.5259215650E+00  7.8018518417E+01
  1.5293407623E+00  7.8013284948E+01
  1.5327599595E+00  7.8007712874E+01
  1.5361791567E+00  7.8001802011E+01
  1.5395983539E+00  7.7995552169E+01
  1.5430175512E+00  7.7988963145E+01
  1.5464367484E+00  7.7982034722E+01
  1.5498559456E+00  7.7974766676E+01
  1.5532751429E+00  7.7967158770E+01
  1.5566943401E+00  7.7959210756E+01
  1.5601135373E+00  7.7950922374E+01
  1.5635327345E+00  7.7942293352E+01
  1.5669519318E+00  7.7933323410E+01
  1.5703711290E+00  7.7924012253E+01
  1.5737903262E+00  7.7914359576E+01
  1.5772095235E+00  7.7904365064E+01
  1.5806287207E+00  7.7894028387E+01
  1.5840479179E+00  7.7899117575E+01
  1.5874671151E+00  7.8005952861E+01
  1.5908863124E+00  7.8115859132E+01
  1.5943055096E+00  7.8228817619E+01
  1.5977247068E+00  7.8344809122E+01
  1.6011439041E+00  7.8463814011E+01
  1.6045631013E+00  7.8585812246E+01
  1.6079822985E+00  7.8710783377E+01
  1.6114014957E+00  7.8838706560E+01
  1.6148206930E+00  7.8969560565E+01
  1.6182398902E+00  7.9103323785E+01
  1.6216590874E+00  7.9239974249E+01
  1.6250782847E+00  7.9379489627E+01
  1.6284974819E+00  7.9521847244E+01
  1.6319166791E+00  7.9667024088E+01
  1.6353358763E+00  7.9814996823E+01
  1.6387550736E+00  7.9965741794E+01
  1.6421742708E+00  8.0119235039E+01
  1.6455934680E+00  8.0275452301E+01
  1.6490126653E+00  8.0434369035E+01
  1.6524318625E+00  8.0595960417E+01
  1.6558510597E+00  8.0760201358E+01
  1.6592702569E+00  8.0927066508E+01
  1.6626894542E+00  8.1096530269E+01
  1.6661086514E+00  8.1268566802E+01
  1.6695278486E+00  8.1443150040E+01
  1.6729470459E+00  8.1620253693E+01
  1.6763662431E+00  8.1799851257E+01
  1.6797854403E+00  8.1981916026E+01
  1.6832046375E+00  8.2166421099E+01
  1.6866238348E+00  8.2353339386E+01
  1.6900430320E+00  8.2542643621E+01
  1.6934622292E+00  8.2734306367E+01
  1.6968814265E+00  8.2928300025E+01
  1.7003006237E+00  8.3124596841E+01
  1.7037198209E+00  8.3323168916E+01
  1.7071390181E+00  8.3523988210E+01
  1.7105582154E+00  8.3727026551E+01
  1.7139774126E+00  8.3932255645E+01
  1.7173966098E+00  8.4139647078E+01
  1.7208158071E+00  8.4349172325E+01
  1.7242350043E+00  8.4560802758E+01
  1.7276542015E+00  8.4774509648E+01
  1.7310733987E+00  8.4990264177E+01
  1.7344925960E+00  8.5208037440E+01
  1.7379117932E+00  8.5427800451E+01
  1.7413309904E+00  8.5649524149E+01
  1.7447501877E+00  8.5873179405E+01
  1.7481693849E+00  8.6098737024E+01
  1.7515885821E+00  8.6326167752E+01
  1.7550077794E+00  8.6555442280E+01
  1.7584269766E+00  8.6786531249E+01
  1.7618461738E+00  8.7019405254E+01
  1.7652653710E+00  8.7254034847E+01
  1.7686845683E+00  8.7490390541E+01
  1.7721037655E+00  8.7728442817E+01
  1.7755229627E+00  8.7968162121E+01
  1.7789421600E+00  8.8209518873E+01
  1.7823613572E+00  8.8452483466E+01
  1.7857805544E+00  8.8697026273E+01
  1.7891997516E+00  8.8943117644E+01
  1.7926189489E+00  8.9190727911E+01
  1.7960381461E+00  8.9439827393E+01
  1.7994573433E+00  8.9690386392E+01
  1.8028765406E+00  8.9942375197E+01
  1.8062957378E+00  9.0195764089E+01
  1.8097149350E+00  9.0450523335E+01
  1.8131341322E+00  9.0706623197E+01
  1.8165533295E+00  9.0964033925E+01
  1.8199725267E+00  9.1222725761E+01
  1.8233917239E+00  9.1482668943E+01
  1.8268109212E+00  9.1743833697E+01
  1.8302301184E+00  9.2006190242E+01
  1.8336493156E+00  9.2269708790E+01
  1.8370685128E+00  9.2534359543E+01
  1.8404877101E+00  9.2800112692E+01
  1.8439069073E+00  9.3066938418E+01
  1.8473261045E+00  9.3334806888E+01
  1.8507453018E+00  9.3603688256E+01
  1.8541644990E+00  9.3873552660E+01
  1.8575836962E+00  9.4144370218E+01
  1.8610028934E+00  9.4416111029E+01
  1.8644220907E+00  9.4688745168E+01
  1.8678412879E+00  9.4962242684E+01
  1.8712604851E+00  9.5236573598E+01
  1.8746796824E+00  9.5511707897E+01
  1.8780988796E+00  9.5787615532E+01
  1.8815180768E+00  9.6064266415E+01
  1.8849372740E+00  9.6341630413E+01
  1.8883564713E+00  9.6619677344E+01
  1.8917756685E+00  9.6898376975E+01
  1.8951948657E+00  9.7177699013E+01
  1.8986140630E+00  9.7457613101E+01
  1.9020332602E+00  9.7738088815E+01
  1.9054524574E+00  9.8019095654E+01
  1.9088716546E+00  9.8300603037E+01
  1.9122908519E+00  9.8582580297E+01
  1.9157100491E+00  9.8864996671E+01
  1.9191292463E+00  9.9147821296E+01
  1.9225484436E+00  9.9431023198E+01
  1.9259676408E+00  9.9714571290E+01
  1.9293868380E+00  9.9998434359E+01
  1.9328060352E+00  1.0028258106E+02
  1.9362252325E+00  1.0056697990E+02
  1.9396444297E+00  1.0085159925E+02
  1.9430636269E+00  1.0113640731E+02
  1.9464828242E+00  1.0142137210E+02
  1.9499020214E+00  1.0170646149E+02
  1.9533212186E+00  1.0199164313E+02
  1.9567404158E+00  1.0227688447E+02
  1.9601596131E+00  1.0256215277E+02
  1.9635788103E+00  1.0284741504E+02
  1.9669980075E+00  1.0313263806E+02
  1.9704172048E+00  1.0341778837E+02
  1.9738364020E+00  1.0370283223E+02
  1.9772555992E+00  1.0398773563E+02
  1.9806747964E+00  1.0427246427E+02
  1.9840939937E+00  1.0455698353E+02
  1.9875131909E+00  1.0484125849E+02
  1.9909323881E+00  1.0512525389E+02
  1.9943515854E+00  1.0540893410E+02
  1.9977707826E+00  1.0569226313E+02
  2.0011899798E+00  1.0597520461E+02
  2.0046091770E+00  1.0625772175E+02
  2.0080283743E+00  1.0653977736E+02
  2.0114475715E+00  1.0682133379E+02
  2.0148667687E+00  1.0710235293E+02
  2.0182859660E+00  1.0738279621E+02
  2.0217051632E+00  1.0766262455E+02
  2.0251243604E+00  1.0794179833E+02
  2.0285435576E+00  1.0822027742E+02
  2.0319627549E+00  1.0849802112E+02
  2.0353819521E+00  1.0877498813E+02
  2.0388011493E+00  1.0905113656E+02
  2.0422203466E+00  1.0932642387E+02
  2.0456395438E+00  1.0960080691E+02
  2.0490587410E+00  1.0987424180E+02
  2.0524779382E+00  1.1014668399E+02
  2.0558971355E+00  1.1041808822E+02
  2.0593163327E+00  1.1068840845E+02
  2.0627355299E+00  1.1095759789E+02
  2.0661547272E+00  1.1122560895E+02
  2.0695739244E+00  1.1149239322E+02
  2.0729931216E+00  1.1175790144E+02
  2.0764123188E+00  1.1202208348E+02
  2.0798315161E+00  1.1228488834E+02
  2.0832507133E+00  1.1254626408E+02
  2.0866699105E+00  1.1280615783E+02
  2.0900891078E+00  1.1306451577E+02
  2.0935083050E+00  1.1332128310E+02
  2.0969275022E+00  1.1357640400E+02
  2.1003466994E+00  1.1382982167E+02
  2.1037658967E+00  1.1408147823E+02
  2.1071850939E+00  1.1433131479E+02
  2.1106042911E+00  1.1457927137E+02
  2.1140234884E+00  1.1482528693E+02
  2.1174426856E+00  1.1506929934E+02
  2.1208618828E+00  1.1531124539E+02
  2.1242810800E+00  1.1555106076E+02
  2.1277002773E+00  1.1578868007E+02
  2.1311194745E+00  1.1602403683E+02
  2.1345386717E+00  1.1625706349E+02
  2.1379578690E+00  1.1648769141E+02
  2.1413770662E+00  1.1671585095E+02
  2.1447962634E+00  1.1694147140E+02
  2.1482154606E+00  1.1716448110E+02
  2.1516346579E+00  1.1738480742E+02
  2.1550538551E+00  1.1760237683E+02
  2.1584730523E+00  1.1781711491E+02
  2.1618922496E+00  1.1802894647E+02
  2.1653114468E+00  1.1823779558E+02
  2.1687306440E+00  1.1844358563E+02
  2.1721498412E+00  1.1864623943E+02
  2.1755690385E+00  1.1884567934E+02
  2.1789882357E+00  1.1904182729E+02
  2.1824074329E+00  1.1923460496E+02
  2.1858266302E+00  1.1942393387E+02
  2.1892458274E+00  1.1960973552E+02
  2.1926650246E+00  1.1979193155E+02
  2.1960842218E+00  1.1997044385E+02
  2.1995034191E+00  1.2014519473E+02
  2.2029226163E+00  1.2031610715E+02
  2.2063418135E+00  1.2048310481E+02
  2.2097610108E+00  1.2064611240E+02
  2.2131802080E+00  1.2080505579E+02
  2.2165994052E+00  1.2095986219E+02
  2.2200186024E+00  1.2111046043E+02
  2.2234377997E+00  1.2125678111E+02
  2.2268569969E+00  1.2139875686E+02
  2.2302761941E+00  1.2153632253E+02
  2.2336953914E+00  1.2166941545E+02
  2.2371145886E+00  1.2179797560E+02
  2.2405337858E+00  1.2192194589E+02
  2.2439529830E+00  1.2204127233E+02
  2.2473721803E+00  1.2215590426E+02
  2.2507913775E+00  1.2226579452E+02
  2.2542105747E+00  1.2237089970E+02
  2.2576297720E+00  1.2247118026E+02
  2.2610489692E+00  1.2256660073E+02
  2.2644681664E+00  1.2265712985E+02
  2.2678873636E+00  1.2274274070E+02
  2.2713065609E+00  1.2282341085E+02
  2.2747257581E+00  1.2289912239E+02
  2.2781449553E+00  1.2296986206E+02
  2.2815641526E+00  1.2303562129E+02
  2.2849833498E+00  1.2309639622E+02
  2.2884025470E+00  1.2315218772E+02
  2.2918217442E+00  1.2320300136E+02
  2.2952409415E+00  1.2324884740E+02
  2.2986601387E+00  1.2328974070E+02
  2.3020793359E+00  1.2332570067E+02
  2.3054985332E+00  1.2335675112E+02
  2.3089177304E+00  1.2338292020E+02
  2.3123369276E+00  1.2340424020E+02
  2.3157561248E+00  1.2342074744E+02
  2.3191753221E+00  1.2343248205E+02
  2.3225945193E+00  1.2343948785E+02
  2.3260137165E+00  1.2344181206E+02
  2.3260137165E+00  1.2344181206E+02
  2.3374416375E+00  1.2341628295E+02
  2.3488695584E+00  1.2334115834E+02
  2.3602974793E+00  1.2321883062E+02
  2.3717254003E+00  1.2305188207E+02
  2.3831533212E+00  1.2284299780E+02
  2.3945812421E+00  1.2259488960E+02
  2.4060091631E+00  1.2231023333E+02
  2.4174370840E+00  1.2199162029E+02
  2.4288650050E+00  1.2164152214E+02
  2.4402929259E+00  1.2126226760E+02
  2.4517208468E+00  1.2085602910E+02
  2.4631487678E+00  1.2042481723E+02
  2.4745766887E+00  1.1997048108E+02
  2.4860046096E+00  1.1949471289E+02
  2.4974325306E+00  1.1899905545E+02
  2.5088604515E+00  1.1848491134E+02
  2.5202883724E+00  1.1795355307E+02
  2.5317162934E+00  1.1740613358E+02
  2.5431442143E+00  1.1684369657E+02
  2.5545721353E+00  1.1626718653E+02
  2.5660000562E+00  1.1567745821E+02
  2.5774279771E+00  1.1507528536E+02
  2.5888558981E+00  1.1446136885E+02
  2.6002838190E+00  1.1383634408E+02
  2.6117117399E+00  1.1320078762E+02
  2.6231396609E+00  1.1255522329E+02
  2.6345675818E+00  1.1190012760E+02
  2.6459955027E+00  1.1123593462E+02
  2.6574234237E+00  1.1056304033E+02
  2.6688513446E+00  1.0988180653E+02
  2.6802792656E+00  1.0919256432E+02
  2.6917071865E+00  1.0849561725E+02
  2.7031351074E+00  1.0779124403E+02
  2.7145630284E+00  1.0707970106E+02
  2.7259909493E+00  1.0636122465E+02
  2.7374188702E+00  1.0563603294E+02
  2.7488467912E+00  1.0490432777E+02
  2.7602747121E+00  1.0416629616E+02
  2.7717026331E+00  1.0342211181E+02
  2.7831305540E+00  1.0267193633E+02
  2.7945584749E+00  1.0191592040E+02
  2.8059863959E+00  1.0115420479E+02
  2.8174143168E+00  1.0038692130E+02
  2.8288422377E+00  9.9614193579E+01
  2.8402701587E+00  9.8836137882E+01
  2.8516980796E+00  9.8052863740E+01
  2.8631260005E+00  9.7264474585E+01
  2.8745539215E+00  9.6471068293E+01
  2.8859818424E+00  9.5672737692E+01
  2.8974097634E+00  9.4869571014E+01
  2.9088376843E+00  9.4061652307E+01
  2.9202656052E+00  9.3249061808E+01
  2.9316935262E+00  9.2431876283E+01
  2.9431214471E+00  9.1610169333E+01
  2.9545493680E+00  9.2011357170E+01
  2.9659772890E+00  9.2436935977E+01
  2.9774052099E+00  9.2856381537E+01
  2.9888331308E+00  9.3269595700E+01
  3.0002610518E+00  9.3676490184E+01
  3.0116889727E+00  9.4076986459E+01
  3.0231168937E+00  9.4471015608E+01
  3.0345448146E+00  9.4858518172E+01
  3.0459727355E+00  9.5239443984E+01
  3.0574006565E+00  9.5613751976E+01
  3.0688285774E+00  9.5981409983E+01
  3.0802564983E+00  9.6342394522E+01
  3.0916844193E+00  9.6696690565E+01
  3.1031123402E+00  9.7044291291E+01
  3.1145402611E+00  9.7385197832E+01
  3.1259681821E+00  9.7719419001E+01
  3.1373961030E+00  9.8046971014E+01
  3.1488240240E+00  9.8367877200E+01
  3.1602519449E+00  9.8682167696E+01
  3.1716798658E+00  9.8989879142E+01
  3.1831077868E+00  9.9291054362E+01
  3.1945357077E+00  9.9585742037E+01
  3.2059636286E+00  9.9873996379E+01
  3.2173915496E+00  1.0015587679E+02
  3.2288194705E+00  9.9564712764E+01
  3.2402473914E+00  9.8477136742E+01
  3.2516753124E+00  9.7379596947E+01
  3.2631032333E+00  9.6272098832E+01
  3.2745311543E+00  9.5154640843E+01
  3.2859590752E+00  9.4027214764E+01
  3.2973869961E+00  9.2889806123E+01
  3.3088149171E+00  9.1742394637E+01
  3.3202428380E+00  9.0584954704E+01
  3.3316707589E+00  8.9417455931E+01
  3.3430986799E+00  8.8239863696E+01
  3.3545266008E+00  8.7052139749E+01
  3.3659545218E+00  8.5854242838E+01
  3.3773824427E+00  8.4646129358E+01
  3.3888103636E+00  8.3427754027E+01
  3.4002382846E+00  8.2199070579E+01
  3.4116662055E+00  8.0960032466E+01
  3.4230941264E+00  7.9710593580E+01
  3.4345220474E+00  7.8450708975E+01
  3.4459499683E+00  7.7180335594E+01
  3.4573778892E+00  7.5899433002E+01
  3.4688058102E+00  7.4607964106E+01
  3.4802337311E+00  7.3305895877E+01
  3.4916616521E+00  7.1993200060E+01
  3.5030895730E+00  7.0669853865E+01
  3.5145174939E+00  6.9335840650E+01
  3.5259454149E+00  6.7991150582E+01
  3.5373733358E+00  6.6635781275E+01
  3.5488012567E+00  6.5269738405E+01
  3.5602291777E+00  6.3893036300E+01
  3.5716570986E+00  6.2505698494E+01
  3.5830850195E+00  6.1107758262E+01
  3.5945129405E+00  5.9699259108E+01
  3.6059408614E+00  5.8280255231E+01
  3.6173687824E+00  5.6850811944E+01
  3.6287967033E+00  5.5411006063E+01
  3.6402246242E+00  5.3960926250E+01
  3.6516525452E+00  5.2500673324E+01
  3.6630804661E+00  5.1030360524E+01
  3.6745083870E+00  4.9550113733E+01
  3.6859363080E+00  4.8060071659E+01
  3.6973642289E+00  4.6560385977E+01
  3.7087921498E+00  4.5051221419E+01
  3.7202200708E+00  4.3532755836E+01
  3.7316479917E+00  4.2005180199E+01
  3.7430759127E+00  4.0468698573E+01
  3.7545038336E+00  3.8923528041E+01
  3.7659317545E+00  3.7369898588E+01
  3.7773596755E+00  3.5808052943E+01
  3.7887875964E+00  3.4238246381E+01
  3.8002155173E+00  3.2660746489E+01
  3.8116434383E+00  3.1075832889E+01
  3.8230713592E+00  2.9483796925E+01
  3.8344992802E+00  2.7884941315E+01
  3.8459272011E+00  2.6279579768E+01
  3.8573551220E+00  2.4668036567E+01
  3.8687830430E+00  2.3050646118E+01
  3.8802109639E+00  2.1427752474E+01
  3.8916388848E+00  1.9799708821E+01
  3.9030668058E+00  1.8166876949E+01
  3.9144947267E+00  1.6529626686E+01
  3.9259226476E+00  1.4888335310E+01
  3.9373505686E+00  1.3243386948E+01
  3.9487784895E+00  1.1595171937E+01
  3.9602064105E+00  9.9440861785E+00
  3.9716343314E+00  8.2905304589E+00
  3.9830622523E+00  6.6349097378E+00
  3.9944901733E+00  4.9776323476E+00
  4.0059180942E+00  3.3191088453E+00
  4.0173460151E+00  1.6597481582E+00
  4.0287739361E+00 -2.8072482085E-06

  0.0000000000E+00  1.0860569870E+02
  7.4102191287E-03  1.0860507169E+02
  1.4820438257E-02  1.0860319067E+02
  2.2230657386E-02  1.0860005571E+02
  2.9640876515E-02  1.0859566687E+02
  3.7051095643E-02  1.0859002428E+02
  4.4461314772E-02  1.0858312809E+02
  5.1871533901E-02  1.0857497845E+02
  5.9281753029E-02  1.0856557556E+02
  6.6691972158E-02  1.0855491962E+02
  7.4102191287E-02  1.0854301083E+02
  8.1512410415E-02  1.0852984942E+02
  8.8922629544E-02  1.0851543558E+02
  9.6332848673E-02  1.0849976950E+02
  1.0374306780E-01  1.0848285135E+02
  1.1115328693E-01  1.0846468127E+02
  1.1856350606E-01  1.0844525933E+02
  1.2597372519E-01  1.0842458558E+02
  1.3338394432E-01  1.0840265997E+02
  1.4079416344E-01  1.0837948240E+02
  1.4820438257E-01  1.0835505264E+02
  1.5561460170E-01  1.0832937040E+02
  1.6302482083E-01  1.0830243525E+02
  1.7043503996E-01  1.0827424660E+02
  1.7784525909E-01  1.0824480375E+02
  1.8525547822E-01  1.0821410582E+02
  1.9266569735E-01  1.0818215176E+02
  2.0007591647E-01  1.0814894030E+02
  2.0748613560E-01  1.0811447000E+02
  2.1489635473E-01  1.0807873915E+02
  2.2230657386E-01  1.0804174582E+02
  2.2971679299E-01  1.0800348783E+02
  2.3712701212E-01  1.0796396271E+02
  2.4453723125E-01  1.0792316769E+02
  2.5194745037E-01  1.0788109971E+02
  2.5935766950E-01  1.0783775537E+02
  2.6676788863E-01  1.0779313094E+02
  2.7417810776E-01  1.0774722234E+02
  2.8158832689E-01  1.0770002508E+02
  2.8899854602E-01  1.0765153433E+02
  2.9640876515E-01  1.0760174482E+02
  3.0381898428E-01  1.0755065087E+02
  3.1122920340E-01  1.0749824639E+02
  3.1863942253E-01  1.0744452480E+02
  3.2604964166E-01  1.0738947909E+02
  3.3345986079E-01  1.0733310178E+02
  3.4087007992E-01  1.0727538487E+02
  3.4828029905E-01  1.0721631990E+02
  3.5569051818E-01  1.0715589787E+02
  3.6310073730E-01  1.0709410928E+02
  3.7051095643E-01  1.0703094409E+02
  3.7792117556E-01  1.0696639171E+02
  3.8533139469E-01  1.0690044104E+02
  3.9274161382E-01  1.0683308038E+02
  4.0015183295E-01  1.0676429750E+02
  4.0756205208E-01  1.0669407959E+02
  4.1497227121E-01  1.0662241326E+02
  4.2238249033E-01  1.0654928456E+02
  4.2979270946E-01  1.0647467896E+02
  4.3720292859E-01  1.0639858134E+02
  4.4461314772E-01  1.0632097600E+02
  4.5202336685E-01  1.0624184667E+02
  4.5943358598E-01  1.0616117649E+02
  4.6684380511E-01  1.0607894802E+02
  4.7425402424E-01  1.0599514327E+02
  4.8166424336E-01  1.0590974365E+02
  4.8907446249E-01  1.0582273002E+02
  4.9648468162E-01  1.0573408269E+02
  5.0389490075E-01  1.0564378142E+02
  5.1130511988E-01  1.0555180542E+02
  5.1871533901E-01  1.0545813338E+02
  5.2612555814E-01  1.0536274346E+02
  5.3353577726E-01  1.0526561335E+02
  5.4094599639E-01  1.0516672020E+02
  5.4835621552E-01  1.0506604072E+02
  5.5576643465E-01  1.0496355114E+02
  5.6317665378E-01  1.0485922726E+02
  5.7058687291E-01  1.0475304444E+02
  5.7799709204E-01  1.0464497765E+02
  5.8540731117E-01  1.0453500147E+02
  5.9281753029E-01  1.0442309011E+02
  6.0022774942E-01  1.0430921743E+02
  6.0763796855E-01  1.0419335700E+02
  6.1504818768E-01  1.0407548208E+02
  6.2245840681E-01  1.0395556564E+02
  6.2986862594E-01  1.0383358046E+02
  6.3727884507E-01  1.0370949906E+02
  6.4468906419E-01  1.0358329380E+02
  6.5209928332E-01  1.0345493687E+02
  6.5950950245E-01  1.0332440035E+02
  6.6691972158E-01  1.0319165621E+02
  6.7432994071E-01  1.0305667638E+02
  6.8174015984E-01  1.0291943274E+02
  6.8915037897E-01  1.0277989718E+02
  6.9656059810E-01  1.0263804165E+02
  7.0397081722E-01  1.0249383814E+02
  7.1138103635E-01  1.0234725879E+02
  7.1879125548E-01  1.0219827585E+02
  7.2620147461E-01  1.0204686180E+02
  7.3361169374E-01  1.0189298932E+02
  7.4102191287E-01  1.0173663135E+02
  7.4843213200E-01  1.0157776114E+02
  7.5584235112E-01  1.0141635231E+02
  7.6325257025E-01  1.0125237882E+02
  7.7066278938E-01  1.0194859186E+02
  7.7807300851E-01  1.0279035739E+02
  7.8548322764E-01  1.0362935976E+02
  7.9289344677E-01  1.0446559106E+02
  8.0030366590E-01  1.0529904240E+02
  8.0771388503E-01  1.0612970389E+02
  8.1512410415E-01  1.0695756465E+02
  8.2253432328E-01  1.0778261276E+02
  8.2994454241E-01  1.0860483533E+02
  8.3735476154E-01  1.0942421844E+02
  8.4476498067E-01  1.1024074718E+02
  8.5217519980E-01  1.1105440566E+02
  8.5958541893E-01  1.1186517698E+02
  8.6699563805E-01  1.1267304330E+02
  8.7440585718E-01  1.1347798583E+02
  8.8181607631E-01  1.1427998482E+02
  8.8922629544E-01  1.1507901962E+02
  8.9663651457E-01  1.1587506870E+02
  9.0404673370E-01  1.1666810965E+02
  9.1145695283E-01  1.1745811923E+02
  9.1886717196E-01  1.1824507339E+02
  9.2627739108E-01  1.1902894730E+02
  9.3368761021E-01  1.1980971539E+02
  9.4109782934E-01  1.2058735139E+02
  9.4850804847E-01  1.2136182834E+02
  9.5591826760E-01  1.2213311866E+02
  9.6332848673E-01  1.2290119420E+02
  9.7073870586E-01  1.2366602623E+02
  9.7814892498E-01  1.2442758552E+02
  9.8555914411E-01  1.2518584240E+02
  9.9296936324E-01  1.2594076677E+02
  1.0003795824E+00  1.2669232816E+02
  1.0077898015E+00  1.2744049577E+02
  1.0152000206E+00  1.2818523854E+02
  1.0226102398E+00  1.2892652518E+02
  1.0300204589E+00  1.2966432423E+02
  1.0374306780E+00  1.3039860407E+02
  1.0448408971E+00  1.3112933302E+02
  1.0522511163E+00  1.3185647937E+02
  1.0596613354E+00  1.3258001141E+02
  1.0670715545E+00  1.3329989749E+02
  1.0744817737E+00  1.3401610606E+02
  1.0818919928E+00  1.3472860572E+02
  1.0893022119E+00  1.3543736526E+02
  1.0967124310E+00  1.3614235371E+02
  1.1041226502E+00  1.3684354033E+02
  1.1115328693E+00  1.3754089471E+02
  1.1189430884E+00  1.3823438677E+02
  1.1263533076E+00  1.3892398678E+02
  1.1337635267E+00  1.3960966540E+02
  1.1411737458E+00  1.4029139368E+02
  1.1485839649E+00  1.4096914312E+02
  1.1559941841E+00  1.4164288560E+02
  1.1634044032E+00  1.4231259345E+02
  1.1708146223E+00  1.4297823942E+02
  1.1782248415E+00  1.4363979663E+02
  1.1856350606E+00  1.4429723860E+02
  1.1930452797E+00  1.4495053917E+02
  1.2004554988E+00  1.4559967243E+02
  1.2078657180E+00  1.4624461270E+02
  1.2152759371E+00  1.4688533437E+02
  1.2226861562E+00  1.4752181185E+02
  1.2300963754E+00  1.4815401936E+02
  1.2375065945E+00  1.4878193078E+02
  1.2449168136E+00  1.4940551943E+02
  1.2523270327E+00  1.5002475777E+02
  1.2597372519E+00  1.5063961708E+02
  1.2671474710E+00  1.5125006705E+02
  1.2745576901E+00  1.5185607524E+02
  1.2819679093E+00  1.5245760648E+02
  1.2893781284E+00  1.5305462207E+02
  1.2967883475E+00  1.5364707879E+02
  1.3041985666E+00  1.5423492771E+02
  1.3116087858E+00  1.5481811259E+02
  1.3190190049E+00  1.5539656793E+02
  1.3264292240E+00  1.5597021639E+02
  1.3338394432E+00  1.5653896552E+02
  1.3412496623E+00  1.5710270334E+02
  1.3486598814E+00  1.5766129259E+02
  1.3560701005E+00  1.5821456288E+02
  1.3634803197E+00  1.5876229999E+02
  1.3708905388E+00  1.5930423099E+02
  1.3783007579E+00  1.5984000315E+02
  1.3857109771E+00  1.6036915361E+02
  1.3931211962E+00  1.6089106460E+02
  1.4005314153E+00  1.6140489608E+02
  1.4079416344E+00  1.6190948173E+02
  1.4153518536E+00  1.6240316427E+02
  1.4227620727E+00  1.6288352780E+02
  1.4301722918E+00  1.6334695267E+02
  1.4375825110E+00  1.6378786313E+02
  1.4449927301E+00  1.6419746391E+02
  1.4524029492E+00  1.6456174528E+02
  1.4598131683E+00  1.6485898104E+02
  1.4672233875E+00  1.6505899929E+02
  1.4746336066E+00  1.6513045420E+02
  1.4746336066E+00  1.6513045420E+02
  1.4780528038E+00  1.6512994490E+02
  1.4814720011E+00  1.6512841703E+02
  1.4848911983E+00  1.6512587072E+02
  1.4883103955E+00  1.6512230616E+02
  1.4917295927E+00  1.6511772361E+02
  1.4951487900E+00  1.6511212344E+02
  1.4985679872E+00  1.6510550606E+02
  1.5019871844E+00  1.6509787198E+02
  1.5054063817E+00  1.6508922179E+02
  1.5088255789E+00  1.6507955614E+02
  1.5122447761E+00  1.6506887578E+02
  1.5156639733E+00  1.6505718152E+02
  1.5190831706E+00  1.6504447425E+02
  1.5225023678E+00  1.6503075495E+02
  1.5259215650E+00  1.6501602466E+02
  1.5293407623E+00  1.6500028451E+02
  1.5327599595E+00  1.6498353570E+02
  1.5361791567E+00  1.6496577952E+02
  1.5395983539E+00  1.6494701733E+02
  1.5430175512E+00  1.6492725056E+02
  1.5464367484E+00  1.6490648072E+02
  1.5498559456E+00  1.6488470941E+02
  1.5532751429E+00  1.6486193830E+02
  1.5566943401E+00  1.6483816913E+02
  1.5601135373E+00  1.6481340373E+02
  1.5635327345E+00  1.6478764399E+02
  1.5669519318E+00  1.6476089191E+02
  1.5703711290E+00  1.6473314952E+02
  1.5737903262E+00  1.6470441897E+02
  1.5772095235E+00  1.6467470246E+02
  1.5806287207E+00  1.6464400229E+02
  1.5840479179E+00  1.6461232081E+02
  1.5874671151E+00  1.6457966048E+02
  1.5908863124E+00  1.6454602381E+02
  1.5943055096E+00  1.6451141339E+02
  1.5977247068E+00  1.6447583191E+02
  1.6011439041E+00  1.6443928211E+02
  1.6045631013E+00  1.6440176682E+02
  1.6079822985E+00  1.6436328895E+02
  1.6114014957E+00  1.6432385148E+02
  1.6148206930E+00  1.6428345747E+02
  1.6182398902E+00  1.6424211006E+02
  1.6216590874E+00  1.6419981247E+02
  1.6250782847E+00  1.6415656798E+02
  1.6284974819E+00  1.6411237998E+02
  1.6319166791E+00  1.6406725190E+02
  1.6353358763E+00  1.6402118728E+02
  1.6387550736E+00  1.6397418971E+02
  1.6421742708E+00  1.6392626289E+02
  1.6455934680E+00  1.6387741056E+02
  1.6490126653E+00  1.6382763657E+02
  1.6524318625E+00  1.6377694483E+02
  1.6558510597E+00  1.6372533934E+02
  1.6592702569E+00  1.6367282417E+02
  1.6626894542E+00  1.6361940347E+02
  1.6661086514E+00  1.6356508147E+02
  1.6695278486E+00  1.6350986248E+02
  1.6729470459E+00  1.6345375090E+02
  1.6763662431E+00  1.6339675118E+02
  1.6797854403E+00  1.6333886788E+02
  1.6832046375E+00  1.6328010562E+02
  1.6866238348E+00  1.6322046912E+02
  1.6900430320E+00  1.6315996317E+02
  1.6934622292E+00  1.6309859262E+02
  1.6968814265E+00  1.6303636244E+02
  1.7003006237E+00  1.6297327766E+02
  1.7037198209E+00  1.6290934340E+02
  1.7071390181E+00  1.6284456484E+02
  1.7105582154E+00  1.6277894728E+02
  1.7139774126E+00  1.6271249608E+02
  1.7173966098E+00  1.6264521668E+02
  1.7208158071E+00  1.6257711462E+02
  1.7242350043E+00  1.6250819552E+02
  1.7276542015E+00  1.6243846509E+02
  1.7310733987E+00  1.6236792910E+02
  1.7344925960E+00  1.6229659345E+02
  1.7379117932E+00  1.6222446409E+02
  1.7413309904E+00  1.6215154708E+02
  1.7447501877E+00  1.6207784856E+02
  1.7481693849E+00  1.6200337478E+02
  1.7515885821E+00  1.6192813204E+02
  1.7550077794E+00  1.6185212677E+02
  1.7584269766E+00  1.6177536549E+02
  1.7618461738E+00  1.6169785478E+02
  1.7652653710E+00  1.6161960136E+02
  1.7686845683E+00  1.6154061202E+02
  1.7721037655E+00  1.6146089365E+02
  1.7755229627E+00  1.6138045324E+02
  1.7789421600E+00  1.6129929788E+02
  1.7823613572E+00  1.6121743478E+02
  1.7857805544E+00  1.6113487122E+02
  1.7891997516E+00  1.6105161461E+02
  1.7926189489E+00  1.6096767245E+02
  1.7960381461E+00  1.6088305236E+02
  1.7994573433E+00  1.6079776206E+02
  1.8028765406E+00  1.6071180939E+02
  1.8062957378E+00  1.6062520229E+02
  1.8097149350E+00  1.6053794884E+02
  1.8131341322E+00  1.6045005721E+02
  1.8165533295E+00  1.6036153570E+02
  1.8199725267E+00  1.6027239273E+02
  1.8233917239E+00  1.6018263685E+02
  1.8268109212E+00  1.6009227674E+02
  1.8302301184E+00  1.6000132119E+02
  1.8336493156E+00  1.5990977914E+02
  1.8370685128E+00  1.5981765966E+02
  1.8404877101E+00  1.5972497195E+02
  1.8439069073E+00  1.5963172536E+02
  1.8473261045E+00  1.5953792937E+02
  1.8507453018E+00  1.5944359363E+02
  1.8541644990E+00  1.5934872792E+02
  1.8575836962E+00  1.5925334218E+02
  1.8610028934E+00  1.5915744652E+02
  1.8644220907E+00  1.5906105119E+02
  1.8678412879E+00  1.5896416662E+02
  1.8712604851E+00  1.5886680340E+02
  1.8746796824E+00  1.5876897231E+02
  1.8780988796E+00  1.5867068430E+02
  1.8815180768E+00  1.5857195049E+02
  1.8849372740E+00  1.5847278222E+02
  1.8883564713E+00  1.5837319099E+02
  1.8917756685E+00  1.5827318852E+02
  1.8951948657E+00  1.5817278674E+02
  1.8986140630E+00  1.5807199776E+02
  1.9020332602E+00  1.5797083394E+02
  1.9054524574E+00  1.5786930784E+02
  1.9088716546E+00  1.5776743226E+02
  1.9122908519E+00  1.5766522024E+02
  1.9157100491E+00  1.5756268505E+02
  1.9191292463E+00  1.5745984021E+02
  1.9225484436E+00  1.5735669952E+02
  1.9259676408E+00  1.5725327701E+02
  1.9293868380E+00  1.5714958702E+02
  1.9328060352E+00  1.5704564415E+02
  1.9362252325E+00  1.5694146329E+02
  1.9396444297E+00  1.5683705964E+02
  1.9430636269E+00  1.5673244870E+02
  1.9464828242E+00  1.5662764629E+02
  1.9499020214E+00  1.5652266857E+02
  1.9533212186E+00  1.5641753204E+02
  1.9567404158E+00  1.5631225352E+02
  1.9601596131E+00  1.5620685023E+02
  1.9635788103E+00  1.5610133974E+02
  1.9669980075E+00  1.5599574001E+02
  1.9704172048E+00  1.5589006941E+02
  1.9738364020E+00  1.5578434669E+02
  1.9772555992E+00  1.5567859107E+02
  1.9806747964E+00  1.5557282215E+02
  1.9840939937E+00  1.5546706004E+02
  1.9875131909E+00  1.5536132527E+02
  1.9909323881E+00  1.5525563889E+02
  1.9943515854E+00  1.5515002241E+02
  1.9977707826E+00  1.5504449787E+02
  2.0011899798E+00  1.5493908785E+02
  2.0046091770E+00  1.5483381547E+02
  2.0080283743E+00  1.5472870440E+02
  2.0114475715E+00  1.5462377892E+02
  2.0148667687E+00  1.5451906388E+02
  2.0182859660E+00  1.5441458476E+02
  2.0217051632E+00  1.5431036771E+02
  2.0251243604E+00  1.5420643949E+02
  2.0285435576E+00  1.5410282758E+02
  2.0319627549E+00  1.5399956014E+02
  2.0353819521E+00  1.5389666605E+02
  2.0388011493E+00  1.5379417495E+02
  2.0422203466E+00  1.5369211723E+02
  2.0456395438E+00  1.5359052408E+02
  2.0490587410E+00  1.5348942750E+02
  2.0524779382E+00  1.5338886032E+02
  2.0558971355E+00  1.5328885623E+02
  2.0593163327E+00  1.5318944980E+02
  2.0627355299E+00  1.5309067650E+02
  2.0661547272E+00  1.5299257275E+02
  2.0695739244E+00  1.5289517590E+02
  2.0729931216E+00  1.5279852428E+02
  2.0764123188E+00  1.5270265722E+02
  2.0798315161E+00  1.5260761509E+02
  2.0832507133E+00  1.5251343927E+02
  2.0866699105E+00  1.5242017224E+02
  2.0900891078E+00  1.5232785754E+02
  2.0935083050E+00  1.5223653985E+02
  2.0969275022E+00  1.5214626494E+02
  2.1003466994E+00  1.5205707976E+02
  2.1037658967E+00  1.5196903240E+02
  2.1071850939E+00  1.5188217212E+02
  2.1106042911E+00  1.5179654939E+02
  2.1140234884E+00  1.5171221588E+02
  2.1174426856E+00  1.5162922444E+02
  2.1208618828E+00  1.5154762916E+02
  2.1242810800E+00  1.5146748533E+02
  2.1277002773E+00  1.5138884947E+02
  2.1311194745E+00  1.5131177928E+02
  2.1345386717E+00  1.5123633368E+02
  2.1379578690E+00  1.5116257277E+02
  2.1413770662E+00  1.5109055781E+02
  2.1447962634E+00  1.5102035121E+02
  2.1482154606E+00  1.5095201649E+02
  2.1516346579E+00  1.5088561822E+02
  2.1550538551E+00  1.5082122203E+02
  2.1584730523E+00  1.5075889451E+02
  2.1618922496E+00  1.5069870318E+02
  2.1653114468E+00  1.5064071641E+02
  2.1687306440E+00  1.5058500335E+02
  2.1721498412E+00  1.5053163384E+02
  2.1755690385E+00  1.5048067834E+02
  2.1789882357E+00  1.5043220779E+02
  2.1824074329E+00  1.5038629354E+02
  2.1858266302E+00  1.5034300718E+02
  2.1892458274E+00  1.5030242046E+02
  2.1926650246E+00  1.5026460510E+02
  2.1960842218E+00  1.5022963269E+02
  2.1995034191E+00  1.5019757447E+02
  2.2029226163E+00  1.5016850121E+02
  2.2063418135E+00  1.5014248300E+02
  2.2097610108E+00  1.5011958905E+02
  2.2131802080E+00  1.5009988756E+02
  2.2165994052E+00  1.5008344541E+02
  2.2200186024E+00  1.5007032805E+02
  2.2234377997E+00  1.5006059923E+02
  2.2268569969E+00  1.5005432079E+02
  2.2302761941E+00  1.5005155244E+02
  2.2336953914E+00  1.5005235155E+02
  2.2371145886E+00  1.5005677291E+02
  2.2405337858E+00  1.5006486852E+02
  2.2439529830E+00  1.5007668737E+02
  2.2473721803E+00  1.5009227524E+02
  2.2507913775E+00  1.5011167447E+02
  2.2542105747E+00  1.5013492382E+02
  2.2576297720E+00  1.5016205823E+02
  2.2610489692E+00  1.5019310871E+02
  2.2644681664E+00  1.5022810213E+02
  2.2678873636E+00  1.5026706115E+02
  2.2713065609E+00  1.5031000405E+02
  2.2747257581E+00  1.5035694464E+02
  2.2781449553E+00  1.5040789223E+02
  2.2815641526E+00  1.5046285153E+02
  2.2849833498E+00  1.5052182263E+02
  2.2884025470E+00  1.5058480098E+02
  2.2918217442E+00  1.5065177744E+02
  2.2952409415E+00  1.5072273829E+02
  2.2986601387E+00  1.5079766529E+02
  2.3020793359E+00  1.5087653575E+02
  2.3054985332E+00  1.5095932267E+02
  2.3089177304E+00  1.5104599482E+02
  2.3123369276E+00  1.5113651691E+02
  2.3157561248E+00  1.5123084972E+02
  2.3191753221E+00  1.5132895030E+02
  2.3225945193E+00  1.5143077214E+02
  2.3260137165E+00  1.5153626521E+02
  2.3260137165E+00  1.5153626521E+02
  2.3374416375E+00  1.5117705615E+02
  2.3488695584E+00  1.5081666444E+02
  2.3602974793E+00  1.5045493374E+02
  2.3717254003E+00  1.5009168891E+02
  2.3831533212E+00  1.4972673618E+02
  2.3945812421E+00  1.4935986344E+02
  2.4060091631E+00  1.4899084049E+02
  2.4174370840E+00  1.4861941947E+02
  2.4288650050E+00  1.4824533539E+02
  2.4402929259E+00  1.4786830669E+02
  2.4517208468E+00  1.4748803601E+02
  2.4631487678E+00  1.4710421100E+02
  2.4745766887E+00  1.4671650525E+02
  2.4860046096E+00  1.4632457944E+02
  2.4974325306E+00  1.4592808243E+02
  2.5088604515E+00  1.4552665267E+02
  2.5202883724E+00  1.4511991953E+02
  2.5317162934E+00  1.4470750487E+02
  2.5431442143E+00  1.4428902466E+02
  2.5545721353E+00  1.4386409066E+02
  2.5660000562E+00  1.4343231220E+02
  2.5774279771E+00  1.4299329802E+02
  2.5888558981E+00  1.4254665814E+02
  2.6002838190E+00  1.4209200575E+02
  2.6117117399E+00  1.4162895909E+02
  2.6231396609E+00  1.4115714335E+02
  2.6345675818E+00  1.4067619247E+02
  2.6459955027E+00  1.4018575096E+02
  2.6574234237E+00  1.3968547558E+02
  2.6688513446E+00  1.3917503691E+02
  2.6802792656E+00  1.3865412089E+02
  2.6917071865E+00  1.3812243011E+02
  2.7031351074E+00  1.3757968507E+02
  2.7145630284E+00  1.3702562518E+02
  2.7259909493E+00  1.3646000967E+02
  2.7374188702E+00  1.3588261828E+02
  2.7488467912E+00  1.3529325182E+02
  2.7602747121E+00  1.3469173247E+02
  2.7717026331E+00  1.3407790402E+02
  2.7831305540E+00  1.3345163183E+02
  2.7945584749E+00  1.3281280268E+02
  2.8059863959E+00  1.3216132448E+02
  2.8174143168E+00  1.3149712578E+02
  2.8288422377E+00  1.3082015515E+02
  2.8402701587E+00  1.3013038051E+02
  2.8516980796E+00  1.2942778824E+02
  2.8631260005E+00  1.2871238226E+02
  2.8745539215E+00  1.2798418304E+02
  2.8859818424E+00  1.2724322646E+02
  2.8974097634E+00  1.2648956270E+02
  2.9088376843E+00  1.2572325502E+02
  2.9202656052E+00  1.2494437854E+02
  2.9316935262E+00  1.2415301902E+02
  2.9431214471E+00  1.2334927155E+02
  2.9545493680E+00  1.2253323933E+02
  2.9659772890E+00  1.2170503242E+02
  2.9774052099E+00  1.2086476649E+02
  2.9888331308E+00  1.2001256164E+02
  3.0002610518E+00  1.1914854121E+02
  3.0116889727E+00  1.1827283066E+02
  3.0231168937E+00  1.1738555647E+02
  3.0345448146E+00  1.1648684512E+02
  3.0459727355E+00  1.1557682208E+02
  3.0574006565E+00  1.1465561092E+02
  3.0688285774E+00  1.1372333241E+02
  3.0802564983E+00  1.1278010372E+02
  3.0916844193E+00  1.1182603770E+02
  3.1031123402E+00  1.1086124219E+02
  3.1145402611E+00  1.0988581945E+02
  3.1259681821E+00  1.0889986555E+02
  3.1373961030E+00  1.0790346999E+02
  3.1488240240E+00  1.0689671524E+02
  3.1602519449E+00  1.0587967647E+02
  3.1716798658E+00  1.0485242122E+02
  3.1831077868E+00  1.0381500928E+02
  3.1945357077E+00  1.0276749252E+02
  3.2059636286E+00  1.0170991486E+02
  3.2173915496E+00  1.0064231225E+02
  3.2288194705E+00  1.0043144752E+02
  3.2402473914E+00  1.0070077732E+02
  3.2516753124E+00  1.0096393913E+02
  3.2631032333E+00  1.0122100965E+02
  3.2745311543E+00  1.0147206908E+02
  3.2859590752E+00  1.0171720072E+02
  3.2973869961E+00  1.0195649063E+02
  3.3088149171E+00  1.0219002729E+02
  3.3202428380E+00  1.0241790126E+02
  3.3316707589E+00  1.0264020484E+02
  3.3430986799E+00  1.0285703172E+02
  3.3545266008E+00  1.0306847669E+02
  3.3659545218E+00  1.0327463529E+02
  3.3773824427E+00  1.0347560349E+02
  3.3888103636E+00  1.0367147744E+02
  3.4002382846E+00  1.0386235310E+02
  3.4116662055E+00  1.0404832602E+02
  3.4230941264E+00  1.0422949105E+02
  3.4345220474E+00  1.0440594205E+02
  3.4459499683E+00  1.0457777170E+02
  3.4573778892E+00  1.0474507119E+02
  3.4688058102E+00  1.0490793009E+02
  3.4802337311E+00  1.0506643605E+02
  3.4916616521E+00  1.0522067469E+02
  3.5030895730E+00  1.0537072936E+02
  3.5145174939E+00  1.0551668101E+02
  3.5259454149E+00  1.0565860805E+02
  3.5373733358E+00  1.0579658618E+02
  3.5488012567E+00  1.0593068834E+02
  3.5602291777E+00  1.0606098456E+02
  3.5716570986E+00  1.0618754187E+02
  3.5830850195E+00  1.0631042429E+02
  3.5945129405E+00  1.0642969273E+02
  3.6059408614E+00  1.0654540497E+02
  3.6173687824E+00  1.0665761563E+02
  3.6287967033E+00  1.0676637620E+02
  3.6402246242E+00  1.0687173500E+02
  3.6516525452E+00  1.0697373723E+02
  3.6630804661E+00  1.0707242502E+02
  3.6745083870E+00  1.0716783743E+02
  3.6859363080E+00  1.0726001057E+02
  3.6973642289E+00  1.0734897763E+02
  3.7087921498E+00  1.0743476897E+02
  3.7202200708E+00  1.0751741224E+02
  3.7316479917E+00  1.0759693245E+02
  3.7430759127E+00  1.0767335208E+02
  3.7545038336E+00  1.0774669123E+02
  3.7659317545E+00  1.0781696771E+02
  3.7773596755E+00  1.0788419717E+02
  3.7887875964E+00  1.0794839325E+02
  3.8002155173E+00  1.0800956771E+02
  3.8116434383E+00  1.0806773055E+02
  3.8230713592E+00  1.0812289020E+02
  3.8344992802E+00  1.0817505358E+02
  3.8459272011E+00  1.0822422633E+02
  3.8573551220E+00  1.0827041286E+02
  3.8687830430E+00  1.0831361656E+02
  3.8802109639E+00  1.0835383990E+02
  3.8916388848E+00  1.0839108455E+02
  3.9030668058E+00  1.0842535151E+02
  3.9144947267E+00  1.0845664124E+02
  3.9259226476E+00  1.0848495376E+02
  3.9373505686E+00  1.0851028877E+02
  3.9487784895E+00  1.0853264571E+02
  3.9602064105E+00  1.0855202388E+02
  3.9716343314E+00  1.0856842252E+02
  3.9830622523E+00  1.0858184085E+02
  3.9944901733E+00  1.0859227817E+02
  4.0059180942E+00  1.0859973386E+02
  4.0173460151E+00  1.0860420746E+02
  4.0287739361E+00  1.0860569870E+02

  0.0000000000E+00  1.9582419910E+02
  7.4102191287E-03  1.9582278104E+02
  1.4820438257E-02  1.9581852659E+02
  2.2230657386E-02  1.9581143655E+02
  2.9640876515E-02  1.9580151198E+02
  3.7051095643E-02  1.9578875436E+02
  4.4461314772E-02  1.9577316561E+02
  5.1871533901E-02  1.9575474808E+02
  5.9281753029E-02  1.9573350457E+02
  6.6691972158E-02  1.9570943831E+02
  7.4102191287E-02  1.9568255299E+02
  8.1512410415E-02  1.9565285277E+02
  8.8922629544E-02  1.9562034225E+02
  9.6332848673E-02  1.9558502655E+02
  1.0374306780E-01  1.9554691125E+02
  1.1115328693E-01  1.9550600244E+02
  1.1856350606E-01  1.9546230672E+02
  1.2597372519E-01  1.9541583122E+02
  1.3338394432E-01  1.9536658359E+02
  1.4079416344E-01  1.9531457205E+02
  1.4820438257E-01  1.9525980539E+02
  1.5561460170E-01  1.9520229297E+02
  1.6302482083E-01  1.9514204474E+02
  1.7043503996E-01  1.9507907129E+02
  1.7784525909E-01  1.9501338382E+02
  1.8525547822E-01  1.9494499418E+02
  1.9266569735E-01  1.9487391488E+02
  2.0007591647E-01  1.9480015914E+02
  2.0748613560E-01  1.9472374085E+02
  2.1489635473E-01  1.9464467463E+02
  2.2230657386E-01  1.9456297585E+02
  2.2971679299E-01  1.9447866062E+02
  2.3712701212E-01  1.9439174584E+02
  2.4453723125E-01  1.9430224919E+02
  2.5194745037E-01  1.9421018917E+02
  2.5935766950E-01  1.9411558513E+02
  2.6676788863E-01  1.9401845725E+02
  2.7417810776E-01  1.9391882659E+02
  2.8158832689E-01  1.9381671510E+02
  2.8899854602E-01  1.9371214562E+02
  2.9640876515E-01  1.9360514194E+02
  3.0381898428E-01  1.9349572878E+02
  3.1122920340E-01  1.9338393181E+02
  3.1863942253E-01  1.9326977770E+02
  3.2604964166E-01  1.9315329409E+02
  3.3345986079E-01  1.9303450963E+02
  3.4087007992E-01  1.9291345401E+02
  3.4828029905E-01  1.9279015792E+02
  3.5569051818E-01  1.9266465314E+02
  3.6310073730E-01  1.9253697247E+02
  3.7051095643E-01  1.9240714983E+02
  3.7792117556E-01  1.9227522018E+02
  3.8533139469E-01  1.9214121959E+02
  3.9274161382E-01  1.9200518525E+02
  4.0015183295E-01  1.9186715541E+02
  4.0756205208E-01  1.9172716949E+02
  4.1497227121E-01  1.9158526799E+02
  4.2238249033E-01  1.9144149256E+02
  4.2979270946E-01  1.9129588596E+02
  4.3720292859E-01  1.9114849208E+02
  4.4461314772E-01  1.9099935594E+02
  4.5202336685E-01  1.9084852369E+02
  4.5943358598E-01  1.9069604259E+02
  4.6684380511E-01  1.9054196103E+02
  4.7425402424E-01  1.9038632850E+02
  4.8166424336E-01  1.9022919560E+02
  4.8907446249E-01  1.9007061403E+02
  4.9648468162E-01  1.8991063655E+02
  5.0389490075E-01  1.8974931702E+02
  5.1130511988E-01  1.8958671033E+02
  5.1871533901E-01  1.8942287241E+02
  5.2612555814E-01  1.8925786022E+02
  5.3353577726E-01  1.8909173172E+02
  5.4094599639E-01  1.8892454583E+02
  5.4835621552E-01  1.8875636243E+02
  5.5576643465E-01  1.8858724234E+02
  5.6317665378E-01  1.8841724726E+02
  5.7058687291E-01  1.8824643977E+02
  5.7799709204E-01  1.8807488327E+02
  5.8540731117E-01  1.8790264198E+02
  5.9281753029E-01  1.8772978087E+02
  6.0022774942E-01  1.8755636565E+02
  6.0763796855E-01  1.8738246272E+02
  6.1504818768E-01  1.8720813910E+02
  6.2245840681E-01  1.8703346244E+02
  6.2986862594E-01  1.8685850092E+02
  6.3727884507E-01  1.8668332326E+02
  6.4468906419E-01  1.8650799859E+02
  6.5209928332E-01  1.8633259649E+02
  6.5950950245E-01  1.8615718685E+02
  6.6691972158E-01  1.8598183989E+02
  6.7432994071E-01  1.8580662603E+02
  6.8174015984E-01  1.8563161590E+02
  6.8915037897E-01  1.8545688022E+02
  6.9656059810E-01  1.8528248977E+02
  7.0397081722E-01  1.8510851532E+02
  7.1138103635E-01  1.8493502757E+02
  7.1879125548E-01  1.8476209705E+02
  7.2620147461E-01  1.8458979410E+02
  7.3361169374E-01  1.8441818875E+02
  7.4102191287E-01  1.8424735068E+02
  7.4843213200E-01  1.8407734915E+02
  7.5584235112E-01  1.8390825291E+02
  7.6325257025E-01  1.8374013013E+02
  7.7066278938E-01  1.8357304831E+02
  7.7807300851E-01  1.8340707425E+02
  7.8548322764E-01  1.8324227392E+02
  7.9289344677E-01  1.8307871240E+02
  8.0030366590E-01  1.8291645384E+02
  8.0771388503E-01  1.8275556132E+02
  8.1512410415E-01  1.8259609682E+02
  8.2253432328E-01  1.8243812114E+02
  8.2994454241E-01  1.8228169377E+02
  8.3735476154E-01  1.8212687290E+02
  8.4476498067E-01  1.8197371528E+02
  8.5217519980E-01  1.8182227618E+02
  8.5958541893E-01  1.8167260929E+02
  8.6699563805E-01  1.8152476667E+02
  8.7440585718E-01  1.8137879868E+02
  8.8181607631E-01  1.8123475391E+02
  8.8922629544E-01  1.8109267910E+02
  8.9663651457E-01  1.8095261910E+02
  9.0404673370E-01  1.8081461678E+02
  9.1145695283E-01  1.8067871301E+02
  9.1886717196E-01  1.8054494658E+02
  9.2627739108E-01  1.8041335414E+02
  9.3368761021E-01  1.8028397017E+02
  9.4109782934E-01  1.8015682694E+02
  9.4850804847E-01  1.8003195444E+02
  9.5591826760E-01  1.7990938036E+02
  9.6332848673E-01  1.7978913005E+02
  9.7073870586E-01  1.7967122651E+02
  9.7814892498E-01  1.7955569034E+02
  9.8555914411E-01  1.7944253971E+02
  9.9296936324E-01  1.7933179039E+02
  1.0003795824E+00  1.7922345569E+02
  1.0077898015E+00  1.7911754648E+02
  1.0152000206E+00  1.7901407117E+02
  1.0226102398E+00  1.7891303574E+02
  1.0300204589E+00  1.7881444372E+02
  1.0374306780E+00  1.7871829621E+02
  1.0448408971E+00  1.7862459193E+02
  1.0522511163E+00  1.7853332718E+02
  1.0596613354E+00  1.7844449593E+02
  1.0670715545E+00  1.7835808983E+02
  1.0744817737E+00  1.7827409825E+02
  1.0818919928E+00  1.7819250830E+02
  1.0893022119E+00  1.7811330494E+02
  1.0967124310E+00  1.7803647097E+02
  1.1041226502E+00  1.7796198713E+02
  1.1115328693E+00  1.7788983215E+02
  1.1189430884E+00  1.7781998282E+02
  1.1263533076E+00  1.7775241406E+02
  1.1337635267E+00  1.7768709901E+02
  1.1411737458E+00  1.7762400909E+02
  1.1485839649E+00  1.7756311410E+02
  1.1559941841E+00  1.7750438232E+02
  1.1634044032E+00  1.7744778056E+02
  1.1708146223E+00  1.7739327433E+02
  1.1782248415E+00  1.7734082785E+02
  1.1856350606E+00  1.7729040422E+02
  1.1930452797E+00  1.7724196550E+02
  1.2004554988E+00  1.7719547282E+02
  1.2078657180E+00  1.7715088647E+02
  1.2152759371E+00  1.7710816604E+02
  1.2226861562E+00  1.7706727051E+02
  1.2300963754E+00  1.7702815837E+02
  1.2375065945E+00  1.7699078775E+02
  1.2449168136E+00  1.7695511648E+02
  1.2523270327E+00  1.7692110229E+02
  1.2597372519E+00  1.7688870284E+02
  1.2671474710E+00  1.7685787588E+02
  1.2745576901E+00  1.7682857936E+02
  1.2819679093E+00  1.7680077152E+02
  1.2893781284E+00  1.7677441104E+02
  1.2967883475E+00  1.7674945711E+02
  1.3041985666E+00  1.7672586954E+02
  1.3116087858E+00  1.7670360891E+02
  1.3190190049E+00  1.7668263663E+02
  1.3264292240E+00  1.7626670375E+02
  1.3338394432E+00  1.7584600643E+02
  1.3412496623E+00  1.7542282672E+02
  1.3486598814E+00  1.7499728744E+02
  1.3560701005E+00  1.7456954502E+02
  1.3634803197E+00  1.7413980023E+02
  1.3708905388E+00  1.7370831315E+02
  1.3783007579E+00  1.7327542424E+02
  1.3857109771E+00  1.7284158478E+02
  1.3931211962E+00  1.7240740165E+02
  1.4005314153E+00  1.7197370471E+02
  1.4079416344E+00  1.7154165089E+02
  1.4153518536E+00  1.7111288889E+02
  1.4227620727E+00  1.7068982682E+02
  1.4301722918E+00  1.7027607742E+02
  1.4375825110E+00  1.6987721039E+02
  1.4449927301E+00  1.6950201587E+02
  1.4524029492E+00  1.6916449934E+02
  1.4598131683E+00  1.6888638369E+02
  1.4672233875E+00  1.6869783846E+02
  1.4746336066E+00  1.6863020805E+02
  1.4746336066E+00  1.6863020805E+02
  1.4780528038E+00  1.6862992945E+02
  1.4814720011E+00  1.6862909361E+02
  1.4848911983E+00  1.6862770045E+02
  1.4883103955E+00  1.6862574984E+02
  1.4917295927E+00  1.6862324157E+02
  1.4951487900E+00  1.6862017540E+02
  1.4985679872E+00  1.6861655102E+02
  1.5019871844E+00  1.6861236806E+02
  1.5054063817E+00  1.6860762610E+02
  1.5088255789E+00  1.6860232466E+02
  1.5122447761E+00  1.6859646322E+02
  1.5156639733E+00  1.6859004118E+02
  1.5190831706E+00  1.6858305790E+02
  1.5225023678E+00  1.6857551268E+02
  1.5259215650E+00  1.6856740476E+02
  1.5293407623E+00  1.6855873331E+02
  1.5327599595E+00  1.6854949747E+02
  1.5361791567E+00  1.6853969631E+02
  1.5395983539E+00  1.6852932885E+02
  1.5430175512E+00  1.6851839403E+02
  1.5464367484E+00  1.6850689076E+02
  1.5498559456E+00  1.6849481788E+02
  1.5532751429E+00  1.6848217417E+02
  1.5566943401E+00  1.6846895836E+02
  1.5601135373E+00  1.6845516912E+02
  1.5635327345E+00  1.6844080508E+02
  1.5669519318E+00  1.6842586477E+02
  1.5703711290E+00  1.6841034670E+02
  1.5737903262E+00  1.6839424932E+02
  1.5772095235E+00  1.6837757102E+02
  1.5806287207E+00  1.6836031011E+02
  1.5840479179E+00  1.6834246488E+02
  1.5874671151E+00  1.6832403356E+02
  1.5908863124E+00  1.6830501429E+02
  1.5943055096E+00  1.6828540520E+02
  1.5977247068E+00  1.6826520434E+02
  1.6011439041E+00  1.6824440971E+02
  1.6045631013E+00  1.6822301927E+02
  1.6079822985E+00  1.6820103092E+02
  1.6114014957E+00  1.6817844251E+02
  1.6148206930E+00  1.6815525183E+02
  1.6182398902E+00  1.6813145665E+02
  1.6216590874E+00  1.6810705466E+02
  1.6250782847E+00  1.6808204354E+02
  1.6284974819E+00  1.6805642088E+02
  1.6319166791E+00  1.6803018428E+02
  1.6353358763E+00  1.6800333127E+02
  1.6387550736E+00  1.6797585933E+02
  1.6421742708E+00  1.6794776593E+02
  1.6455934680E+00  1.6791904850E+02
  1.6490126653E+00  1.6788970443E+02
  1.6524318625E+00  1.6785973108E+02
  1.6558510597E+00  1.6782912579E+02
  1.6592702569E+00  1.6779788587E+02
  1.6626894542E+00  1.6776600863E+02
  1.6661086514E+00  1.6773349133E+02
  1.6695278486E+00  1.6770033124E+02
  1.6729470459E+00  1.6766652561E+02
  1.6763662431E+00  1.6763207168E+02
  1.6797854403E+00  1.6759696670E+02
  1.6832046375E+00  1.6756120790E+02
  1.6866238348E+00  1.6752479255E+02
  1.6900430320E+00  1.6748771789E+02
  1.6934622292E+00  1.6744998120E+02
  1.6968814265E+00  1.6741157977E+02
  1.7003006237E+00  1.6737251092E+02
  1.7037198209E+00  1.6733277199E+02
  1.7071390181E+00  1.6729236036E+02
  1.7105582154E+00  1.6725127345E+02
  1.7139774126E+00  1.6720950872E+02
  1.7173966098E+00  1.6716706370E+02
  1.7208158071E+00  1.6712393595E+02
  1.7242350043E+00  1.6708012310E+02
  1.7276542015E+00  1.6703562286E+02
  1.7310733987E+00  1.6699043300E+02
  1.7344925960E+00  1.6694455139E+02
  1.7379117932E+00  1.6689797595E+02
  1.7413309904E+00  1.6685070474E+02
  1.7447501877E+00  1.6680273588E+02
  1.7481693849E+00  1.6675406761E+02
  1.7515885821E+00  1.6670469829E+02
  1.7550077794E+00  1.6665462639E+02
  1.7584269766E+00  1.6660385048E+02
  1.7618461738E+00  1.6655236931E+02
  1.7652653710E+00  1.6650018172E+02
  1.7686845683E+00  1.6644728671E+02
  1.7721037655E+00  1.6639368343E+02
  1.7755229627E+00  1.6633937117E+02
  1.7789421600E+00  1.6628434939E+02
  1.7823613572E+00  1.6622861772E+02
  1.7857805544E+00  1.6617217593E+02
  1.7891997516E+00  1.6611502399E+02
  1.7926189489E+00  1.6605716204E+02
  1.7960381461E+00  1.6599859039E+02
  1.7994573433E+00  1.6593930956E+02
  1.8028765406E+00  1.6587932024E+02
  1.8062957378E+00  1.6581862332E+02
  1.8097149350E+00  1.6575721988E+02
  1.8131341322E+00  1.6569511121E+02
  1.8165533295E+00  1.6563229879E+02
  1.8199725267E+00  1.6556878432E+02
  1.8233917239E+00  1.6550456969E+02
  1.8268109212E+00  1.6543965699E+02
  1.8302301184E+00  1.6537404855E+02
  1.8336493156E+00  1.6530774687E+02
  1.8370685128E+00  1.6524075469E+02
  1.8404877101E+00  1.6517307493E+02
  1.8439069073E+00  1.6510471073E+02
  1.8473261045E+00  1.6503566546E+02
  1.8507453018E+00  1.6496594265E+02
  1.8541644990E+00  1.6489554607E+02
  1.8575836962E+00  1.6482447968E+02
  1.8610028934E+00  1.6475274764E+02
  1.8644220907E+00  1.6468035430E+02
  1.8678412879E+00  1.6460730421E+02
  1.8712604851E+00  1.6453360211E+02
  1.8746796824E+00  1.6445925293E+02
  1.8780988796E+00  1.6438426177E+02
  1.8815180768E+00  1.6430863393E+02
  1.8849372740E+00  1.6423237486E+02
  1.8883564713E+00  1.6415549020E+02
  1.8917756685E+00  1.6407798574E+02
  1.8951948657E+00  1.6399986742E+02
  1.8986140630E+00  1.6392114136E+02
  1.9020332602E+00  1.6384181381E+02
  1.9054524574E+00  1.6376189117E+02
  1.9088716546E+00  1.6368137996E+02
  1.9122908519E+00  1.6360028685E+02
  1.9157100491E+00  1.6351861862E+02
  1.9191292463E+00  1.6343638218E+02
  1.9225484436E+00  1.6335358453E+02
  1.9259676408E+00  1.6327023280E+02
  1.9293868380E+00  1.6318633420E+02
  1.9328060352E+00  1.6310189604E+02
  1.9362252325E+00  1.6301692572E+02
  1.9396444297E+00  1.6293143071E+02
  1.9430636269E+00  1.6284541855E+02
  1.9464828242E+00  1.6275889685E+02
  1.9499020214E+00  1.6267187329E+02
  1.9533212186E+00  1.6258435559E+02
  1.9567404158E+00  1.6249635153E+02
  1.9601596131E+00  1.6240786891E+02
  1.9635788103E+00  1.6231891559E+02
  1.9669980075E+00  1.6222949943E+02
  1.9704172048E+00  1.6213962835E+02
  1.9738364020E+00  1.6204931026E+02
  1.9772555992E+00  1.6195855308E+02
  1.9806747964E+00  1.6186736476E+02
  1.9840939937E+00  1.6177575322E+02
  1.9875131909E+00  1.6168372641E+02
  1.9909323881E+00  1.6159129223E+02
  1.9943515854E+00  1.6149845861E+02
  1.9977707826E+00  1.6140523341E+02
  2.0011899798E+00  1.6131162452E+02
  2.0046091770E+00  1.6121763975E+02
  2.0080283743E+00  1.6112328691E+02
  2.0114475715E+00  1.6102857377E+02
  2.0148667687E+00  1.6093350804E+02
  2.0182859660E+00  1.6083809739E+02
  2.0217051632E+00  1.6074234945E+02
  2.0251243604E+00  1.6064627180E+02
  2.0285435576E+00  1.6054987194E+02
  2.0319627549E+00  1.6045315733E+02
  2.0353819521E+00  1.6035613536E+02
  2.0388011493E+00  1.6025881334E+02
  2.0422203466E+00  1.6016119853E+02
  2.0456395438E+00  1.6006329811E+02
  2.0490587410E+00  1.5996511917E+02
  2.0524779382E+00  1.5986666875E+02
  2.0558971355E+00  1.5976795377E+02
  2.0593163327E+00  1.5966898110E+02
  2.0627355299E+00  1.5956975750E+02
  2.0661547272E+00  1.5947028967E+02
  2.0695739244E+00  1.5937058418E+02
  2.0729931216E+00  1.5927064753E+02
  2.0764123188E+00  1.5917048613E+02
  2.0798315161E+00  1.5907010628E+02
  2.0832507133E+00  1.5896951419E+02
  2.0866699105E+00  1.5886871596E+02
  2.0900891078E+00  1.5876771759E+02
  2.0935083050E+00  1.5866652498E+02
  2.0969275022E+00  1.5856514392E+02
  2.1003466994E+00  1.5846358011E+02
  2.1037658967E+00  1.5836183911E+02
  2.1071850939E+00  1.5825992639E+02
  2.1106042911E+00  1.5815784732E+02
  2.1140234884E+00  1.5805560713E+02
  2.1174426856E+00  1.5795321095E+02
  2.1208618828E+00  1.5785066380E+02
  2.1242810800E+00  1.5774797057E+02
  2.1277002773E+00  1.5764513606E+02
  2.1311194745E+00  1.5754216492E+02
  2.1345386717E+00  1.5743906170E+02
  2.1379578690E+00  1.5733583082E+02
  2.1413770662E+00  1.5723247659E+02
  2.1447962634E+00  1.5712900320E+02
  2.1482154606E+00  1.5702541469E+02
  2.1516346579E+00  1.5692171501E+02
  2.1550538551E+00  1.5681790797E+02
  2.1584730523E+00  1.5671399725E+02
  2.1618922496E+00  1.5660998642E+02
  2.1653114468E+00  1.5650587891E+02
  2.1687306440E+00  1.5640167802E+02
  2.1721498412E+00  1.5629738694E+02
  2.1755690385E+00  1.5619300871E+02
  2.1789882357E+00  1.5608854625E+02
  2.1824074329E+00  1.5598400236E+02
  2.1858266302E+00  1.5587937969E+02
  2.1892458274E+00  1.5577468076E+02
  2.1926650246E+00  1.5566990797E+02
  2.1960842218E+00  1.5556506358E+02
  2.1995034191E+00  1.5546014973E+02
  2.2029226163E+00  1.5535516839E+02
  2.2063418135E+00  1.5525012144E+02
  2.2097610108E+00  1.5514501058E+02
  2.2131802080E+00  1.5503983742E+02
  2.2165994052E+00  1.5493460339E+02
  2.2200186024E+00  1.5482930981E+02
  2.2234377997E+00  1.5472395785E+02
  2.2268569969E+00  1.5461854854E+02
  2.2302761941E+00  1.5451308279E+02
  2.2336953914E+00  1.5440756135E+02
  2.2371145886E+00  1.5430198483E+02
  2.2405337858E+00  1.5419635371E+02
  2.2439529830E+00  1.5409066832E+02
  2.2473721803E+00  1.5398492884E+02
  2.2507913775E+00  1.5387913534E+02
  2.2542105747E+00  1.5377328770E+02
  2.2576297720E+00  1.5366738570E+02
  2.2610489692E+00  1.5356142894E+02
  2.2644681664E+00  1.5345541691E+02
  2.2678873636E+00  1.5334934892E+02
  2.2713065609E+00  1.5324322415E+02
  2.2747257581E+00  1.5313704164E+02
  2.2781449553E+00  1.5303080028E+02
  2.2815641526E+00  1.5292449880E+02
  2.2849833498E+00  1.5281813580E+02
  2.2884025470E+00  1.5271170972E+02
  2.2918217442E+00  1.5260521885E+02
  2.2952409415E+00  1.5249866135E+02
  2.2986601387E+00  1.5239203521E+02
  2.3020793359E+00  1.5228533828E+02
  2.3054985332E+00  1.5217856825E+02
  2.3089177304E+00  1.5207172267E+02
  2.3123369276E+00  1.5196479895E+02
  2.3157561248E+00  1.5185779433E+02
  2.3191753221E+00  1.5175070590E+02
  2.3225945193E+00  1.5164353061E+02
  2.3260137165E+00  1.5153626540E+02
  2.3260137165E+00  1.5153626540E+02
  2.3374416375E+00  1.5191478814E+02
  2.3488695584E+00  1.5233150684E+02
  2.3602974793E+00  1.5278395255E+02
  2.3717254003E+00  1.5326947701E+02
  2.3831533212E+00  1.5378533933E+02
  2.3945812421E+00  1.5432878176E+02
  2.4060091631E+00  1.5489709192E+02
  2.4174370840E+00  1.5548765098E+02
  2.4288650050E+00  1.5609796835E+02
  2.4402929259E+00  1.5672570448E+02
  2.4517208468E+00  1.5736868378E+02
  2.4631487678E+00  1.5802489969E+02
  2.4745766887E+00  1.5869251375E+02
  2.4860046096E+00  1.5936985051E+02
  2.4974325306E+00  1.6005538956E+02
  2.5088604515E+00  1.6074775570E+02
  2.5202883724E+00  1.6144570827E+02
  2.5317162934E+00  1.6214813004E+02
  2.5431442143E+00  1.6285401630E+02
  2.5545721353E+00  1.6356246419E+02
  2.5660000562E+00  1.6427266264E+02
  2.5774279771E+00  1.6498388302E+02
  2.5888558981E+00  1.6569547034E+02
  2.6002838190E+00  1.6640683530E+02
  2.6117117399E+00  1.6711744693E+02
  2.6231396609E+00  1.6782682597E+02
  2.6345675818E+00  1.6853453875E+02
  2.6459955027E+00  1.6924019176E+02
  2.6574234237E+00  1.6994342669E+02
  2.6688513446E+00  1.7064391591E+02
  2.6802792656E+00  1.7134135845E+02
  2.6917071865E+00  1.7189004686E+02
  2.7031351074E+00  1.7198344103E+02
  2.7145630284E+00  1.7208266718E+02
  2.7259909493E+00  1.7218786731E+02
  2.7374188702E+00  1.7229916857E+02
  2.7488467912E+00  1.7241668250E+02
  2.7602747121E+00  1.7254050450E+02
  2.7717026331E+00  1.7267071330E+02
  2.7831305540E+00  1.7280737077E+02
  2.7945584749E+00  1.7295052165E+02
  2.8059863959E+00  1.7310019363E+02
  2.8174143168E+00  1.7325639739E+02
  2.8288422377E+00  1.7341912688E+02
  2.8402701587E+00  1.7358835958E+02
  2.8516980796E+00  1.7376405699E+02
  2.8631260005E+00  1.7394616512E+02
  2.8745539215E+00  1.7413461505E+02
  2.8859818424E+00  1.7432932360E+02
  2.8974097634E+00  1.7453019399E+02
  2.9088376843E+00  1.7473711663E+02
  2.9202656052E+00  1.7494996982E+02
  2.9316935262E+00  1.7516862057E+02
  2.9431214471E+00  1.7539292536E+02
  2.9545493680E+00  1.7562273097E+02
  2.9659772890E+00  1.7585787525E+02
  2.9774052099E+00  1.7609818791E+02
  2.9888331308E+00  1.7634349128E+02
  3.0002610518E+00  1.7659360107E+02
  3.0116889727E+00  1.7684832708E+02
  3.0231168937E+00  1.7710747391E+02
  3.0345448146E+00  1.7737084164E+02
  3.0459727355E+00  1.7763822643E+02
  3.0574006565E+00  1.7790942119E+02
  3.0688285774E+00  1.7818421609E+02
  3.0802564983E+00  1.7846239915E+02
  3.0916844193E+00  1.7874375672E+02
  3.1031123402E+00  1.7902807398E+02
  3.1145402611E+00  1.7931513536E+02
  3.1259681821E+00  1.7960472496E+02
  3.1373961030E+00  1.7989662694E+02
  3.1488240240E+00  1.8019062585E+02
  3.1602519449E+00  1.8048650696E+02
  3.1716798658E+00  1.8078405657E+02
  3.1831077868E+00  1.8108306223E+02
  3.1945357077E+00  1.8138331304E+02
  3.2059636286E+00  1.8168459982E+02
  3.2173915496E+00  1.8198671533E+02
  3.2288194705E+00  1.8228945441E+02
  3.2402473914E+00  1.8259261419E+02
  3.2516753124E+00  1.8289599416E+02
  3.2631032333E+00  1.8319939635E+02
  3.2745311543E+00  1.8350262537E+02
  3.2859590752E+00  1.8380548854E+02
  3.2973869961E+00  1.8410779593E+02
  3.3088149171E+00  1.8440936047E+02
  3.3202428380E+00  1.8470999794E+02
  3.3316707589E+00  1.8500952705E+02
  3.3430986799E+00  1.8530776944E+02
  3.3545266008E+00  1.8560454974E+02
  3.3659545218E+00  1.8589969554E+02
  3.3773824427E+00  1.8619303744E+02
  3.3888103636E+00  1.8648440901E+02
  3.4002382846E+00  1.8677364683E+02
  3.4116662055E+00  1.8706059045E+02
  3.4230941264E+00  1.8734508240E+02
  3.4345220474E+00  1.8762696817E+02
  3.4459499683E+00  1.8790609618E+02
  3.4573778892E+00  1.8818231780E+02
  3.4688058102E+00  1.8845548730E+02
  3.4802337311E+00  1.8872546184E+02
  3.4916616521E+00  1.8899210146E+02
  3.5030895730E+00  1.8925526906E+02
  3.5145174939E+00  1.8951483036E+02
  3.5259454149E+00  1.8977065392E+02
  3.5373733358E+00  1.9002261107E+02
  3.5488012567E+00  1.9027057596E+02
  3.5602291777E+00  1.9051442550E+02
  3.5716570986E+00  1.9075403935E+02
  3.5830850195E+00  1.9098929993E+02
  3.5945129405E+00  1.9122009240E+02
  3.6059408614E+00  1.9144630464E+02
  3.6173687824E+00  1.9166782727E+02
  3.6287967033E+00  1.9188455362E+02
  3.6402246242E+00  1.9209637974E+02
  3.6516525452E+00  1.9230320441E+02
  3.6630804661E+00  1.9250492912E+02
  3.6745083870E+00  1.9270145809E+02
  3.6859363080E+00  1.9289269828E+02
  3.6973642289E+00  1.9307855935E+02
  3.7087921498E+00  1.9325895376E+02
  3.7202200708E+00  1.9343379667E+02
  3.7316479917E+00  1.9360300606E+02
  3.7430759127E+00  1.9376650264E+02
  3.7545038336E+00  1.9392420994E+02
  3.7659317545E+00  1.9407605430E+02
  3.7773596755E+00  1.9422196487E+02
  3.7887875964E+00  1.9436187365E+02
  3.8002155173E+00  1.9449571549E+02
  3.8116434383E+00  1.9462342811E+02
  3.8230713592E+00  1.9474495213E+02
  3.8344992802E+00  1.9486023109E+02
  3.8459272011E+00  1.9496921143E+02
  3.8573551220E+00  1.9507184255E+02
  3.8687830430E+00  1.9516807682E+02
  3.8802109639E+00  1.9525786959E+02
  3.8916388848E+00  1.9534117919E+02
  3.9030668058E+00  1.9541796698E+02
  3.9144947267E+00  1.9548819734E+02
  3.9259226476E+00  1.9555183771E+02
  3.9373505686E+00  1.9560885857E+02
  3.9487784895E+00  1.9565923347E+02
  3.9602064105E+00  1.9570293906E+02
  3.9716343314E+00  1.9573995507E+02
  3.9830622523E+00  1.9577026433E+02
  3.9944901733E+00  1.9579385279E+02
  4.0059180942E+00  1.9581070951E+02
  4.0173460151E+00  1.9582082667E+02
  4.0287739361E+00  1.9582419910E+02

  0.0000000000E+00  1.9582419974E+02
  7.4102191287E-03  1.9582606424E+02
  1.4820438257E-02  1.9583165527E+02
  2.2230657386E-02  1.9584096376E+02
  2.9640876515E-02  1.9585397491E+02
  3.7051095643E-02  1.9587066802E+02
  4.4461314772E-02  1.9589101654E+02
  5.1871533901E-02  1.9591498810E+02
  5.9281753029E-02  1.9594254458E+02
  6.6691972158E-02  1.9597364217E+02
  7.4102191287E-02  1.9600823140E+02
  8.1512410415E-02  1.9604625729E+02
  8.8922629544E-02  1.9608765939E+02
  9.6332848673E-02  1.9613237188E+02
  1.0374306780E-01  1.9618032370E+02
  1.1115328693E-01  1.9623143865E+02
  1.1856350606E-01  1.9628563550E+02
  1.2597372519E-01  1.9634282814E+02
  1.3338394432E-01  1.9640292569E+02
  1.4079416344E-01  1.9646583267E+02
  1.4820438257E-01  1.9653144914E+02
  1.5561460170E-01  1.9659967084E+02
  1.6302482083E-01  1.9667038936E+02
  1.7043503996E-01  1.9674349234E+02
  1.7784525909E-01  1.9681886357E+02
  1.8525547822E-01  1.9689638323E+02
  1.9266569735E-01  1.9697592803E+02
  2.0007591647E-01  1.9705737144E+02
  2.0748613560E-01  1.9714058381E+02
  2.1489635473E-01  1.9722543263E+02
  2.2230657386E-01  1.9731178266E+02
  2.2971679299E-01  1.9739949617E+02
  2.3712701212E-01  1.9748843313E+02
  2.4453723125E-01  1.9757845139E+02
  2.5194745037E-01  1.9766940688E+02
  2.5935766950E-01  1.9776115385E+02
  2.6676788863E-01  1.9785354501E+02
  2.7417810776E-01  1.9794643178E+02
  2.8158832689E-01  1.9803966445E+02
  2.8899854602E-01  1.9813309243E+02
  2.9640876515E-01  1.9822656438E+02
  3.0381898428E-01  1.9831992846E+02
  3.1122920340E-01  1.9841303253E+02
  3.1863942253E-01  1.9850572428E+02
  3.2604964166E-01  1.9859785149E+02
  3.3345986079E-01  1.9868926217E+02
  3.4087007992E-01  1.9877980477E+02
  3.4828029905E-01  1.9886932836E+02
  3.5569051818E-01  1.9895768279E+02
  3.6310073730E-01  1.9904471888E+02
  3.7051095643E-01  1.9913028859E+02
  3.7792117556E-01  1.9921424517E+02
  3.8533139469E-01  1.9929644334E+02
  3.9274161382E-01  1.9937673944E+02
  4.0015183295E-01  1.9945499157E+02
  4.0756205208E-01  1.9953105978E+02
  4.1497227121E-01  1.9960480614E+02
  4.2238249033E-01  1.9967609496E+02
  4.2979270946E-01  1.9974479285E+02
  4.3720292859E-01  1.9981076890E+02
  4.4461314772E-01  1.9987389475E+02
  4.5202336685E-01  1.9993404478E+02
  4.5943358598E-01  1.9999109612E+02
  4.6684380511E-01  2.0004492885E+02
  4.7425402424E-01  2.0009542604E+02
  4.8166424336E-01  2.0014247386E+02
  4.8907446249E-01  2.0018596167E+02
  4.9648468162E-01  2.0022578209E+02
  5.0389490075E-01  2.0026183108E+02
  5.1130511988E-01  2.0029400801E+02
  5.1871533901E-01  2.0032221573E+02
  5.2612555814E-01  2.0034636063E+02
  5.3353577726E-01  2.0036635265E+02
  5.4094599639E-01  2.0038210537E+02
  5.4835621552E-01  2.0039353606E+02
  5.5576643465E-01  2.0040056564E+02
  5.6317665378E-01  2.0040311881E+02
  5.7058687291E-01  2.0040112397E+02
  5.7799709204E-01  2.0039451332E+02
  5.8540731117E-01  2.0038322283E+02
  5.9281753029E-01  2.0036719223E+02
  6.0022774942E-01  2.0034636506E+02
  6.0763796855E-01  2.0032068862E+02
  6.1504818768E-01  2.0029011397E+02
  6.2245840681E-01  2.0025459594E+02
  6.2986862594E-01  2.0021409307E+02
  6.3727884507E-01  2.0016856760E+02
  6.4468906419E-01  2.0011798546E+02
  6.5209928332E-01  2.0006231620E+02
  6.5950950245E-01  2.0000153297E+02
  6.6691972158E-01  1.9993561248E+02
  6.7432994071E-01  1.9986453491E+02
  6.8174015984E-01  1.9978828394E+02
  6.8915037897E-01  1.9970684659E+02
  6.9656059810E-01  1.9962021324E+02
  7.0397081722E-01  1.9952837753E+02
  7.1138103635E-01  1.9943133628E+02
  7.1879125548E-01  1.9932908944E+02
  7.2620147461E-01  1.9922164002E+02
  7.3361169374E-01  1.9910899397E+02
  7.4102191287E-01  1.9899116014E+02
  7.4843213200E-01  1.9886815018E+02
  7.5584235112E-01  1.9873997845E+02
  7.6325257025E-01  1.9860666192E+02
  7.7066278938E-01  1.9846822008E+02
  7.7807300851E-01  1.9832467488E+02
  7.8548322764E-01  1.9817605056E+02
  7.9289344677E-01  1.9802237363E+02
  8.0030366590E-01  1.9786367271E+02
  8.0771388503E-01  1.9769997844E+02
  8.1512410415E-01  1.9753132341E+02
  8.2253432328E-01  1.9735774200E+02
  8.2994454241E-01  1.9717927031E+02
  8.3735476154E-01  1.9699594603E+02
  8.4476498067E-01  1.9680780836E+02
  8.5217519980E-01  1.9661489786E+02
  8.5958541893E-01  1.9641725639E+02
  8.6699563805E-01  1.9621492694E+02
  8.7440585718E-01  1.9600795357E+02
  8.8181607631E-01  1.9579638128E+02
  8.8922629544E-01  1.9558025592E+02
  8.9663651457E-01  1.9535962402E+02
  9.0404673370E-01  1.9513453277E+02
  9.1145695283E-01  1.9490502983E+02
  9.1886717196E-01  1.9467116330E+02
  9.2627739108E-01  1.9443298154E+02
  9.3368761021E-01  1.9419053312E+02
  9.4109782934E-01  1.9394386670E+02
  9.4850804847E-01  1.9369303092E+02
  9.5591826760E-01  1.9343807432E+02
  9.6332848673E-01  1.9317904523E+02
  9.7073870586E-01  1.9291599168E+02
  9.7814892498E-01  1.9264896131E+02
  9.8555914411E-01  1.9237800129E+02
  9.9296936324E-01  1.9210315819E+02
  1.0003795824E+00  1.9182447798E+02
  1.0077898015E+00  1.9154200586E+02
  1.0152000206E+00  1.9125578623E+02
  1.0226102398E+00  1.9096586264E+02
  1.0300204589E+00  1.9067227766E+02
  1.0374306780E+00  1.9037507284E+02
  1.0448408971E+00  1.9007428869E+02
  1.0522511163E+00  1.8976996456E+02
  1.0596613354E+00  1.8946213862E+02
  1.0670715545E+00  1.8915084779E+02
  1.0744817737E+00  1.8883612773E+02
  1.0818919928E+00  1.8851801279E+02
  1.0893022119E+00  1.8819653593E+02
  1.0967124310E+00  1.8787172877E+02
  1.1041226502E+00  1.8754362151E+02
  1.1115328693E+00  1.8721224294E+02
  1.1189430884E+00  1.8687762041E+02
  1.1263533076E+00  1.8653977985E+02
  1.1337635267E+00  1.8619874575E+02
  1.1411737458E+00  1.8585454119E+02
  1.1485839649E+00  1.8550718788E+02
  1.1559941841E+00  1.8515670611E+02
  1.1634044032E+00  1.8480311490E+02
  1.1708146223E+00  1.8444643194E+02
  1.1782248415E+00  1.8408667373E+02
  1.1856350606E+00  1.8372385563E+02
  1.1930452797E+00  1.8335799192E+02
  1.2004554988E+00  1.8298909596E+02
  1.2078657180E+00  1.8261718026E+02
  1.2152759371E+00  1.8224225666E+02
  1.2226861562E+00  1.8186433650E+02
  1.2300963754E+00  1.8148343081E+02
  1.2375065945E+00  1.8109955057E+02
  1.2449168136E+00  1.8071270694E+02
  1.2523270327E+00  1.8032291166E+02
  1.2597372519E+00  1.7993017742E+02
  1.2671474710E+00  1.7953451830E+02
  1.2745576901E+00  1.7913595040E+02
  1.2819679093E+00  1.7873449248E+02
  1.2893781284E+00  1.7833016683E+02
  1.2967883475E+00  1.7792300030E+02
  1.3041985666E+00  1.7751302557E+02
  1.3116087858E+00  1.7710028279E+02
  1.3190190049E+00  1.7668482161E+02
  1.3264292240E+00  1.7666291505E+02
  1.3338394432E+00  1.7664440755E+02
  1.3412496623E+00  1.7662707869E+02
  1.3486598814E+00  1.7661089421E+02
  1.3560701005E+00  1.7659582121E+02
  1.3634803197E+00  1.7658182816E+02
  1.3708905388E+00  1.7656888504E+02
  1.3783007579E+00  1.7655696338E+02
  1.3857109771E+00  1.7654603634E+02
  1.3931211962E+00  1.7653607879E+02
  1.4005314153E+00  1.7652706738E+02
  1.4079416344E+00  1.7651898057E+02
  1.4153518536E+00  1.7651179870E+02
  1.4227620727E+00  1.7650550407E+02
  1.4301722918E+00  1.7650008092E+02
  1.4375825110E+00  1.7649551554E+02
  1.4449927301E+00  1.7649179625E+02
  1.4524029492E+00  1.7648891346E+02
  1.4598131683E+00  1.7648685969E+02
  1.4672233875E+00  1.7648562957E+02
  1.4746336066E+00  1.7648521989E+02
  1.4746336066E+00  1.7648521989E+02
  1.4780528038E+00  1.7648483633E+02
  1.4814720011E+00  1.7648368576E+02
  1.4848911983E+00  1.7648176856E+02
  1.4883103955E+00  1.7647908535E+02
  1.4917295927E+00  1.7647563702E+02
  1.4951487900E+00  1.7647142470E+02
  1.4985679872E+00  1.7646644974E+02
  1.5019871844E+00  1.7646071379E+02
  1.5054063817E+00  1.7645421872E+02
  1.5088255789E+00  1.7644696665E+02
  1.5122447761E+00  1.7643895996E+02
  1.5156639733E+00  1.7643020127E+02
  1.5190831706E+00  1.7642069344E+02
  1.5225023678E+00  1.7641043960E+02
  1.5259215650E+00  1.7639944312E+02
  1.5293407623E+00  1.7638770759E+02
  1.5327599595E+00  1.7637523688E+02
  1.5361791567E+00  1.7636203509E+02
  1.5395983539E+00  1.7634810657E+02
  1.5430175512E+00  1.7633345590E+02
  1.5464367484E+00  1.7631808791E+02
  1.5498559456E+00  1.7630200768E+02
  1.5532751429E+00  1.7628522051E+02
  1.5566943401E+00  1.7626773197E+02
  1.5601135373E+00  1.7624954783E+02
  1.5635327345E+00  1.7623067414E+02
  1.5669519318E+00  1.7621111714E+02
  1.5703711290E+00  1.7619088335E+02
  1.5737903262E+00  1.7616997947E+02
  1.5772095235E+00  1.7614841249E+02
  1.5806287207E+00  1.7612618957E+02
  1.5840479179E+00  1.7610331815E+02
  1.5874671151E+00  1.7607980586E+02
  1.5908863124E+00  1.7605566056E+02
  1.5943055096E+00  1.7603089035E+02
  1.5977247068E+00  1.7600550353E+02
  1.6011439041E+00  1.7597950862E+02
  1.6045631013E+00  1.7595291435E+02
  1.6079822985E+00  1.7592572968E+02
  1.6114014957E+00  1.7589796375E+02
  1.6148206930E+00  1.7586962594E+02
  1.6182398902E+00  1.7584072580E+02
  1.6216590874E+00  1.7581127309E+02
  1.6250782847E+00  1.7578127778E+02
  1.6284974819E+00  1.7575075001E+02
  1.6319166791E+00  1.7571970012E+02
  1.6353358763E+00  1.7568813864E+02
  1.6387550736E+00  1.7565607628E+02
  1.6421742708E+00  1.7562352390E+02
  1.6455934680E+00  1.7559049257E+02
  1.6490126653E+00  1.7555699349E+02
  1.6524318625E+00  1.7552303806E+02
  1.6558510597E+00  1.7548863781E+02
  1.6592702569E+00  1.7545380442E+02
  1.6626894542E+00  1.7541854975E+02
  1.6661086514E+00  1.7538288575E+02
  1.6695278486E+00  1.7534682454E+02
  1.6729470459E+00  1.7531037837E+02
  1.6763662431E+00  1.7527355958E+02
  1.6797854403E+00  1.7523638068E+02
  1.6832046375E+00  1.7519885423E+02
  1.6866238348E+00  1.7516099293E+02
  1.6900430320E+00  1.7512280956E+02
  1.6934622292E+00  1.7508431700E+02
  1.6968814265E+00  1.7504552821E+02
  1.7003006237E+00  1.7500645620E+02
  1.7037198209E+00  1.7496711406E+02
  1.7071390181E+00  1.7492751496E+02
  1.7105582154E+00  1.7488767208E+02
  1.7139774126E+00  1.7484759865E+02
  1.7173966098E+00  1.7480730796E+02
  1.7208158071E+00  1.7476681328E+02
  1.7242350043E+00  1.7472612794E+02
  1.7276542015E+00  1.7468526523E+02
  1.7310733987E+00  1.7464423847E+02
  1.7344925960E+00  1.7460306095E+02
  1.7379117932E+00  1.7456174595E+02
  1.7413309904E+00  1.7452030671E+02
  1.7447501877E+00  1.7447875644E+02
  1.7481693849E+00  1.7443710828E+02
  1.7515885821E+00  1.7439537534E+02
  1.7550077794E+00  1.7435357063E+02
  1.7584269766E+00  1.7431170712E+02
  1.7618461738E+00  1.7426979766E+02
  1.7652653710E+00  1.7422785502E+02
  1.7686845683E+00  1.7418589186E+02
  1.7721037655E+00  1.7414392075E+02
  1.7755229627E+00  1.7410195410E+02
  1.7789421600E+00  1.7406000421E+02
  1.7823613572E+00  1.7401808325E+02
  1.7857805544E+00  1.7397620323E+02
  1.7891997516E+00  1.7393437599E+02
  1.7926189489E+00  1.7389261325E+02
  1.7960381461E+00  1.7385092652E+02
  1.7994573433E+00  1.7380932715E+02
  1.8028765406E+00  1.7376782630E+02
  1.8062957378E+00  1.7372643495E+02
  1.8097149350E+00  1.7368516387E+02
  1.8131341322E+00  1.7364402363E+02
  1.8165533295E+00  1.7360302459E+02
  1.8199725267E+00  1.7356217691E+02
  1.8233917239E+00  1.7352149051E+02
  1.8268109212E+00  1.7348097510E+02
  1.8302301184E+00  1.7344064017E+02
  1.8336493156E+00  1.7340049495E+02
  1.8370685128E+00  1.7336054847E+02
  1.8404877101E+00  1.7332080949E+02
  1.8439069073E+00  1.7328128657E+02
  1.8473261045E+00  1.7324198799E+02
  1.8507453018E+00  1.7320292181E+02
  1.8541644990E+00  1.7316409583E+02
  1.8575836962E+00  1.7312551762E+02
  1.8610028934E+00  1.7308719448E+02
  1.8644220907E+00  1.7304913349E+02
  1.8678412879E+00  1.7301134147E+02
  1.8712604851E+00  1.7297382499E+02
  1.8746796824E+00  1.7293659039E+02
  1.8780988796E+00  1.7289964374E+02
  1.8815180768E+00  1.7286299090E+02
  1.8849372740E+00  1.7282663745E+02
  1.8883564713E+00  1.7279058878E+02
  1.8917756685E+00  1.7275485000E+02
  1.8951948657E+00  1.7271942600E+02
  1.8986140630E+00  1.7268432145E+02
  1.9020332602E+00  1.7264954078E+02
  1.9054524574E+00  1.7261508820E+02
  1.9088716546E+00  1.7258096768E+02
  1.9122908519E+00  1.7254718300E+02
  1.9157100491E+00  1.7251373772E+02
  1.9191292463E+00  1.7248063516E+02
  1.9225484436E+00  1.7244787847E+02
  1.9259676408E+00  1.7241547058E+02
  1.9293868380E+00  1.7238341421E+02
  1.9328060352E+00  1.7235171191E+02
  1.9362252325E+00  1.7232036602E+02
  1.9396444297E+00  1.7228937870E+02
  1.9430636269E+00  1.7225875193E+02
  1.9464828242E+00  1.7222848751E+02
  1.9499020214E+00  1.7219858706E+02
  1.9533212186E+00  1.7216905205E+02
  1.9567404158E+00  1.7213988375E+02
  1.9601596131E+00  1.7211108331E+02
  1.9635788103E+00  1.7208265170E+02
  1.9669980075E+00  1.7205458974E+02
  1.9704172048E+00  1.7202689809E+02
  1.9738364020E+00  1.7199957730E+02
  1.9772555992E+00  1.7197262774E+02
  1.9806747964E+00  1.7194604966E+02
  1.9840939937E+00  1.7191984319E+02
  1.9875131909E+00  1.7189400831E+02
  1.9909323881E+00  1.7186854489E+02
  1.9943515854E+00  1.7184345265E+02
  1.9977707826E+00  1.7181873124E+02
  2.0011899798E+00  1.7179438014E+02
  2.0046091770E+00  1.7177039877E+02
  2.0080283743E+00  1.7174678640E+02
  2.0114475715E+00  1.7172354221E+02
  2.0148667687E+00  1.7170066528E+02
  2.0182859660E+00  1.7167815459E+02
  2.0217051632E+00  1.7165600903E+02
  2.0251243604E+00  1.7163422737E+02
  2.0285435576E+00  1.7161280832E+02
  2.0319627549E+00  1.7159175048E+02
  2.0353819521E+00  1.7157105238E+02
  2.0388011493E+00  1.7155071245E+02
  2.0422203466E+00  1.7153072905E+02
  2.0456395438E+00  1.7151110045E+02
  2.0490587410E+00  1.7149182487E+02
  2.0524779382E+00  1.7147290041E+02
  2.0558971355E+00  1.7145432515E+02
  2.0593163327E+00  1.7143609706E+02
  2.0627355299E+00  1.7141821406E+02
  2.0661547272E+00  1.7140067399E+02
  2.0695739244E+00  1.7138347465E+02
  2.0729931216E+00  1.7136661376E+02
  2.0764123188E+00  1.7135008897E+02
  2.0798315161E+00  1.7133389790E+02
  2.0832507133E+00  1.7131803809E+02
  2.0866699105E+00  1.7130250703E+02
  2.0900891078E+00  1.7128730217E+02
  2.0935083050E+00  1.7127242088E+02
  2.0969275022E+00  1.7125786051E+02
  2.1003466994E+00  1.7124361835E+02
  2.1037658967E+00  1.7122969164E+02
  2.1071850939E+00  1.7121607758E+02
  2.1106042911E+00  1.7120277332E+02
  2.1140234884E+00  1.7118977598E+02
  2.1174426856E+00  1.7117708263E+02
  2.1208618828E+00  1.7116469031E+02
  2.1242810800E+00  1.7115259601E+02
  2.1277002773E+00  1.7114079672E+02
  2.1311194745E+00  1.7112928935E+02
  2.1345386717E+00  1.7111807080E+02
  2.1379578690E+00  1.7110713796E+02
  2.1413770662E+00  1.7109648767E+02
  2.1447962634E+00  1.7108611674E+02
  2.1482154606E+00  1.7107602196E+02
  2.1516346579E+00  1.7106620012E+02
  2.1550538551E+00  1.7105664795E+02
  2.1584730523E+00  1.7104736220E+02
  2.1618922496E+00  1.7103833958E+02
  2.1653114468E+00  1.7102957680E+02
  2.1687306440E+00  1.7102107052E+02
  2.1721498412E+00  1.7101281745E+02
  2.1755690385E+00  1.7100481423E+02
  2.1789882357E+00  1.7099705754E+02
  2.1824074329E+00  1.7098954402E+02
  2.1858266302E+00  1.7098227034E+02
  2.1892458274E+00  1.7097523313E+02
  2.1926650246E+00  1.7096842905E+02
  2.1960842218E+00  1.7096185476E+02
  2.1995034191E+00  1.7095550691E+02
  2.2029226163E+00  1.7094938217E+02
  2.2063418135E+00  1.7094347722E+02
  2.2097610108E+00  1.7093778875E+02
  2.2131802080E+00  1.7093231345E+02
  2.2165994052E+00  1.7092704804E+02
  2.2200186024E+00  1.7092198927E+02
  2.2234377997E+00  1.7091713388E+02
  2.2268569969E+00  1.7091247867E+02
  2.2302761941E+00  1.7090802042E+02
  2.2336953914E+00  1.7090375598E+02
  2.2371145886E+00  1.7089968220E+02
  2.2405337858E+00  1.7089579599E+02
  2.2439529830E+00  1.7089209426E+02
  2.2473721803E+00  1.7088857399E+02
  2.2507913775E+00  1.7088523219E+02
  2.2542105747E+00  1.7088206589E+02
  2.2576297720E+00  1.7087907219E+02
  2.2610489692E+00  1.7087624823E+02
  2.2644681664E+00  1.7087359120E+02
  2.2678873636E+00  1.7087109833E+02
  2.2713065609E+00  1.7086876691E+02
  2.2747257581E+00  1.7086659430E+02
  2.2781449553E+00  1.7086457791E+02
  2.2815641526E+00  1.7086271519E+02
  2.2849833498E+00  1.7086100368E+02
  2.2884025470E+00  1.7085944099E+02
  2.2918217442E+00  1.7085802477E+02
  2.2952409415E+00  1.7085675275E+02
  2.2986601387E+00  1.7085562276E+02
  2.3020793359E+00  1.7085463268E+02
  2.3054985332E+00  1.7085378046E+02
  2.3089177304E+00  1.7085306414E+02
  2.3123369276E+00  1.7085248186E+02
  2.3157561248E+00  1.7085203182E+02
  2.3191753221E+00  1.7085171230E+02
  2.3225945193E+00  1.7085152171E+02
  2.3260137165E+00  1.7085145850E+02
  2.3260137165E+00  1.7085145850E+02
  2.3374416375E+00  1.7085215383E+02
  2.3488695584E+00  1.7085421140E+02
  2.3602974793E+00  1.7085759818E+02
  2.3717254003E+00  1.7086229448E+02
  2.3831533212E+00  1.7086829467E+02
  2.3945812421E+00  1.7087560766E+02
  2.4060091631E+00  1.7088425744E+02
  2.4174370840E+00  1.7089428340E+02
  2.4288650050E+00  1.7090574053E+02
  2.4402929259E+00  1.7091869954E+02
  2.4517208468E+00  1.7093324683E+02
  2.4631487678E+00  1.7094948425E+02
  2.4745766887E+00  1.7096752882E+02
  2.4860046096E+00  1.7098751224E+02
  2.4974325306E+00  1.7100958021E+02
  2.5088604515E+00  1.7103389167E+02
  2.5202883724E+00  1.7106061788E+02
  2.5317162934E+00  1.7108994135E+02
  2.5431442143E+00  1.7112205458E+02
  2.5545721353E+00  1.7115715883E+02
  2.5660000562E+00  1.7119546259E+02
  2.5774279771E+00  1.7123718014E+02
  2.5888558981E+00  1.7128252987E+02
  2.6002838190E+00  1.7133173267E+02
  2.6117117399E+00  1.7138501024E+02
  2.6231396609E+00  1.7144258330E+02
  2.6345675818E+00  1.7150466997E+02
  2.6459955027E+00  1.7157148401E+02
  2.6574234237E+00  1.7164323319E+02
  2.6688513446E+00  1.7172011772E+02
  2.6802792656E+00  1.7180232872E+02
  2.6917071865E+00  1.7203547634E+02
  2.7031351074E+00  1.7272601129E+02
  2.7145630284E+00  1.7341272174E+02
  2.7259909493E+00  1.7409538016E+02
  2.7374188702E+00  1.7477377062E+02
  2.7488467912E+00  1.7544768662E+02
  2.7602747121E+00  1.7611692915E+02
  2.7717026331E+00  1.7678130488E+02
  2.7831305540E+00  1.7744062468E+02
  2.7945584749E+00  1.7809470211E+02
  2.8059863959E+00  1.7874335229E+02
  2.8174143168E+00  1.7938639073E+02
  2.8288422377E+00  1.8002363240E+02
  2.8402701587E+00  1.8065489093E+02
  2.8516980796E+00  1.8127997786E+02
  2.8631260005E+00  1.8189870210E+02
  2.8745539215E+00  1.8251086940E+02
  2.8859818424E+00  1.8311628201E+02
  2.8974097634E+00  1.8371473839E+02
  2.9088376843E+00  1.8430603300E+02
  2.9202656052E+00  1.8488995622E+02
  2.9316935262E+00  1.8546629433E+02
  2.9431214471E+00  1.8603482958E+02
  2.9545493680E+00  1.8659534028E+02
  2.9659772890E+00  1.8714760109E+02
  2.9774052099E+00  1.8769138321E+02
  2.9888331308E+00  1.8822645480E+02
  3.0002610518E+00  1.8875258132E+02
  3.0116889727E+00  1.8926952604E+02
  3.0231168937E+00  1.8977705051E+02
  3.0345448146E+00  1.9027491515E+02
  3.0459727355E+00  1.9076287987E+02
  3.0574006565E+00  1.9124070469E+02
  3.0688285774E+00  1.9170815045E+02
  3.0802564983E+00  1.9216497953E+02
  3.0916844193E+00  1.9261095664E+02
  3.1031123402E+00  1.9304584955E+02
  3.1145402611E+00  1.9346942997E+02
  3.1259681821E+00  1.9388147431E+02
  3.1373961030E+00  1.9428176460E+02
  3.1488240240E+00  1.9467008929E+02
  3.1602519449E+00  1.9504624417E+02
  3.1716798658E+00  1.9541003322E+02
  3.1831077868E+00  1.9576126951E+02
  3.1945357077E+00  1.9609977605E+02
  3.2059636286E+00  1.9642538671E+02
  3.2173915496E+00  1.9673794702E+02
  3.2288194705E+00  1.9703731511E+02
  3.2402473914E+00  1.9732336246E+02
  3.2516753124E+00  1.9759597477E+02
  3.2631032333E+00  1.9785505276E+02
  3.2745311543E+00  1.9810051291E+02
  3.2859590752E+00  1.9833228823E+02
  3.2973869961E+00  1.9855032896E+02
  3.3088149171E+00  1.9875460323E+02
  3.3202428380E+00  1.9894509774E+02
  3.3316707589E+00  1.9912181831E+02
  3.3430986799E+00  1.9928479047E+02
  3.3545266008E+00  1.9943405994E+02
  3.3659545218E+00  1.9956969309E+02
  3.3773824427E+00  1.9969177738E+02
  3.3888103636E+00  1.9980042167E+02
  3.4002382846E+00  1.9989575652E+02
  3.4116662055E+00  1.9997793445E+02
  3.4230941264E+00  2.0004713011E+02
  3.4345220474E+00  2.0010354036E+02
  3.4459499683E+00  2.0014738439E+02
  3.4573778892E+00  2.0017890360E+02
  3.4688058102E+00  2.0019836160E+02
  3.4802337311E+00  2.0020604401E+02
  3.4916616521E+00  2.0020225825E+02
  3.5030895730E+00  2.0018733322E+02
  3.5145174939E+00  2.0016161897E+02
  3.5259454149E+00  2.0012548618E+02
  3.5373733358E+00  2.0007932571E+02
  3.5488012567E+00  2.0002354797E+02
  3.5602291777E+00  1.9995858225E+02
  3.5716570986E+00  1.9988487598E+02
  3.5830850195E+00  1.9980289391E+02
  3.5945129405E+00  1.9971311720E+02
  3.6059408614E+00  1.9961604246E+02
  3.6173687824E+00  1.9951218073E+02
  3.6287967033E+00  1.9940205634E+02
  3.6402246242E+00  1.9928620574E+02
  3.6516525452E+00  1.9916517627E+02
  3.6630804661E+00  1.9903952483E+02
  3.6745083870E+00  1.9890981651E+02
  3.6859363080E+00  1.9877662319E+02
  3.6973642289E+00  1.9864052202E+02
  3.7087921498E+00  1.9850209391E+02
  3.7202200708E+00  1.9836192196E+02
  3.7316479917E+00  1.9822058982E+02
  3.7430759127E+00  1.9807868006E+02
  3.7545038336E+00  1.9793677245E+02
  3.7659317545E+00  1.9779544230E+02
  3.7773596755E+00  1.9765525870E+02
  3.7887875964E+00  1.9751678279E+02
  3.8002155173E+00  1.9738056603E+02
  3.8116434383E+00  1.9724714844E+02
  3.8230713592E+00  1.9711705688E+02
  3.8344992802E+00  1.9699080337E+02
  3.8459272011E+00  1.9686888335E+02
  3.8573551220E+00  1.9675177405E+02
  3.8687830430E+00  1.9663993291E+02
  3.8802109639E+00  1.9653379596E+02
  3.8916388848E+00  1.9643377636E+02
  3.9030668058E+00  1.9634026293E+02
  3.9144947267E+00  1.9625361880E+02
  3.9259226476E+00  1.9617418011E+02
  3.9373505686E+00  1.9610225480E+02
  3.9487784895E+00  1.9603812151E+02
  3.9602064105E+00  1.9598202856E+02
  3.9716343314E+00  1.9593419306E+02
  3.9830622523E+00  1.9589480008E+02
  3.9944901733E+00  1.9586400199E+02
  4.0059180942E+00  1.9584191790E+02
  4.0173460151E+00  1.9582863320E+02
  4.0287739361E+00  1.9582419974E+02

