           #qpath      Energy(meV)
  0.0000000000E+00  4.5321277538E-02
  9.7016996573E-03  7.0784674453E-02
  1.9403399315E-02  1.1791717639E-01
  2.9105098972E-02  1.6973329871E-01
  3.8806798629E-02  2.2326205660E-01
  4.8508498287E-02  2.7781218566E-01
  5.8210197944E-02  3.3319256909E-01
  6.7911897601E-02  3.8936230757E-01
  7.7613597258E-02  4.4633262635E-01
  8.7315296916E-02  5.0413185218E-01
  9.7016996573E-02  5.6279056274E-01
  1.0671869623E-01  6.2233445302E-01
  1.1642039589E-01  6.8278060960E-01
  1.2612209554E-01  7.4413549029E-01
  1.3582379520E-01  8.0639385918E-01
  1.4552549486E-01  8.6953831401E-01
  1.5522719452E-01  9.3353921268E-01
  1.6492889417E-01  9.9835488697E-01
  1.7463059383E-01  1.0639320718E+00
  1.8433229349E-01  1.1302065007E+00
  1.9403399315E-01  1.1971036313E+00
  2.0373569280E-01  1.2645394707E+00
  2.1343739246E-01  1.3324214790E+00
  2.2313909212E-01  1.4006495302E+00
  2.3284079178E-01  1.4691169144E+00
  2.4254249143E-01  1.5377113670E+00
  2.5224419109E-01  1.6063161121E+00
  2.6194589075E-01  1.6748109109E+00
  2.7164759040E-01  1.7430731041E+00
  2.8134929006E-01  1.8109786408E+00
  2.9105098972E-01  1.8784030883E+00
  3.0075268938E-01  1.9452226135E+00
  3.1045438903E-01  2.0113149336E+00
  3.2015608869E-01  2.0765602285E+00
  3.2985778835E-01  2.1408420121E+00
  3.3955948801E-01  2.2040479582E+00
  3.4926118766E-01  2.2660706765E+00
  3.5896288732E-01  2.3268084373E+00
  3.6866458698E-01  2.3861658398E+00
  3.7836628663E-01  2.4440544234E+00
  3.8806798629E-01  2.5003932186E+00
  3.9776968595E-01  2.5551092360E+00
  4.0747138561E-01  2.6081378910E+00
  4.1717308526E-01  2.6594233637E+00
  4.2687478492E-01  2.7089188912E+00
  4.3657648458E-01  2.7565869927E+00
  4.4627818424E-01  2.8023996255E+00
  4.5597988389E-01  2.8463382705E+00
  4.6568158355E-01  2.8883939475E+00
  4.7538328321E-01  2.9285671586E+00
  4.8508498287E-01  2.9668677603E+00
  4.9478668252E-01  3.0033147615E+00
  5.0448838218E-01  3.0379360495E+00
  5.1419008184E-01  3.0707680424E+00
  5.2389178149E-01  3.1018552683E+00
  5.3359348115E-01  3.1312498721E+00
  5.4329518081E-01  3.1590110506E+00
  5.5299688047E-01  3.1852044182E+00
  5.6269858012E-01  3.2099013061E+00
  5.7240027978E-01  3.2331779977E+00
  5.8210197944E-01  3.2551149070E+00
  5.9180367910E-01  3.2757957042E+00
  6.0150537875E-01  3.2953063984E+00
  6.1120707841E-01  3.3137343849E+00
  6.2090877807E-01  3.3311674685E+00
  6.3061047772E-01  3.3476928756E+00
  6.4031217738E-01  3.3633962666E+00
  6.5001387704E-01  3.3783607649E+00
  6.5971557670E-01  3.3926660162E+00
  6.6941727635E-01  3.4063872948E+00
  6.7911897601E-01  3.4195946706E+00
  6.8882067567E-01  3.4323522546E+00
  6.9852237533E-01  3.4447175336E+00
  7.0822407498E-01  3.4567408107E+00
  7.1792577464E-01  3.4684647589E+00
  7.2762747430E-01  3.4799240997E+00
  7.3732917396E-01  3.4911454110E+00
  7.4703087361E-01  3.5021470691E+00
  7.5673257327E-01  3.5129393250E+00
  7.6643427293E-01  3.5235245129E+00
  7.7613597258E-01  3.5338973859E+00
  7.8583767224E-01  3.5440455717E+00
  7.9553937190E-01  3.5539501370E+00
  8.0524107156E-01  3.5635862499E+00
  8.1494277121E-01  3.5729239249E+00
  8.2464447087E-01  3.5819288367E+00
  8.3434617053E-01  3.5905631850E+00
  8.4404787019E-01  3.5987865954E+00
  8.5374956984E-01  3.6065570385E+00
  8.6345126950E-01  3.6138317512E+00
  8.7315296916E-01  3.6205681453E+00
  8.8285466881E-01  3.6267246866E+00
  8.9255636847E-01  3.6322617330E+00
  9.0225806813E-01  3.6371423167E+00
  9.1195976779E-01  3.6413328614E+00
  9.2166146744E-01  3.6448038228E+00
  9.3136316710E-01  3.6475302452E+00
  9.4106486676E-01  3.6494922257E+00
  9.5076656642E-01  3.6506752819E+00
  9.6046826607E-01  3.6510706173E+00
  9.6046826607E-01  3.6510706173E+00
  9.6389833488E-01  3.6514287068E+00
  9.6732840369E-01  3.6525026989E+00
  9.7075847250E-01  3.6542917655E+00
  9.7418854131E-01  3.6567945289E+00
  9.7761861012E-01  3.6600090659E+00
  9.8104867892E-01  3.6639329140E+00
  9.8447874773E-01  3.6685630778E+00
  9.8790881654E-01  3.6738960381E+00
  9.9133888535E-01  3.6799277622E+00
  9.9476895416E-01  3.6866537148E+00
  9.9819902297E-01  3.6940688713E+00
  1.0016290918E+00  3.7021677315E+00
  1.0050591606E+00  3.7109443346E+00
  1.0084892294E+00  3.7203922755E+00
  1.0119192982E+00  3.7305047215E+00
  1.0153493670E+00  3.7412744302E+00
  1.0187794358E+00  3.7526937679E+00
  1.0222095046E+00  3.7647547287E+00
  1.0256395734E+00  3.7774489539E+00
  1.0290696422E+00  3.7907677521E+00
  1.0324997110E+00  3.8047021188E+00
  1.0359297799E+00  3.8192427576E+00
  1.0393598487E+00  3.8343800998E+00
  1.0427899175E+00  3.8501043250E+00
  1.0462199863E+00  3.8664053813E+00
  1.0496500551E+00  3.8832730057E+00
  1.0530801239E+00  3.9006967431E+00
  1.0565101927E+00  3.9186659665E+00
  1.0599402615E+00  3.9371698955E+00
  1.0633703303E+00  3.9561976149E+00
  1.0668003991E+00  3.9757380929E+00
  1.0702304679E+00  3.9957801986E+00
  1.0736605367E+00  4.0163127182E+00
  1.0770906056E+00  4.0373243723E+00
  1.0805206744E+00  4.0588038302E+00
  1.0839507432E+00  4.0807397260E+00
  1.0873808120E+00  4.1031206716E+00
  1.0908108808E+00  4.1259352711E+00
  1.0942409496E+00  4.1491721328E+00
  1.0976710184E+00  4.1728198818E+00
  1.1011010872E+00  4.1968671708E+00
  1.1045311560E+00  4.2213026913E+00
  1.1079612248E+00  4.2461151826E+00
  1.1113912936E+00  4.2712934420E+00
  1.1148213624E+00  4.2968263326E+00
  1.1182514313E+00  4.3227027917E+00
  1.1216815001E+00  4.3489118375E+00
  1.1251115689E+00  4.3754425762E+00
  1.1285416377E+00  4.4022842081E+00
  1.1319717065E+00  4.4294260325E+00
  1.1354017753E+00  4.4568574532E+00
  1.1388318441E+00  4.4845679828E+00
  1.1422619129E+00  4.5125472464E+00
  1.1456919817E+00  4.5407849853E+00
  1.1491220505E+00  4.5692710598E+00
  1.1525521193E+00  4.5979954520E+00
  1.1559821881E+00  4.6269482678E+00
  1.1594122570E+00  4.6561197389E+00
  1.1628423258E+00  4.6855002240E+00
  1.1662723946E+00  4.7150802102E+00
  1.1697024634E+00  4.7448503138E+00
  1.1731325322E+00  4.7748012807E+00
  1.1765626010E+00  4.8049239869E+00
  1.1799926698E+00  4.8241766727E+00
  1.1834227386E+00  4.8229381436E+00
  1.1868528074E+00  4.8217074319E+00
  1.1902828762E+00  4.8204848870E+00
  1.1937129450E+00  4.8192708069E+00
  1.1971430139E+00  4.8180654362E+00
  1.2005730827E+00  4.8168689654E+00
  1.2040031515E+00  4.8156815291E+00
  1.2074332203E+00  4.8145032051E+00
  1.2108632891E+00  4.8133340130E+00
  1.2142933579E+00  4.8121739134E+00
  1.2177234267E+00  4.8110228064E+00
  1.2211534955E+00  4.8098805312E+00
  1.2245835643E+00  4.8087468649E+00
  1.2280136331E+00  4.8076215215E+00
  1.2314437019E+00  4.8065041517E+00
  1.2348737707E+00  4.8053943417E+00
  1.2383038396E+00  4.8042916130E+00
  1.2417339084E+00  4.8031954218E+00
  1.2451639772E+00  4.8021051583E+00
  1.2485940460E+00  4.8010201467E+00
  1.2520241148E+00  4.7999396450E+00
  1.2554541836E+00  4.7988628443E+00
  1.2588842524E+00  4.7977888693E+00
  1.2623143212E+00  4.7967167779E+00
  1.2657443900E+00  4.7956455614E+00
  1.2691744588E+00  4.7945741445E+00
  1.2726045276E+00  4.7935013860E+00
  1.2760345964E+00  4.7924260784E+00
  1.2794646653E+00  4.7913469489E+00
  1.2828947341E+00  4.7902626593E+00
  1.2863248029E+00  4.7891718074E+00
  1.2897548717E+00  4.7880729265E+00
  1.2931849405E+00  4.7869644871E+00
  1.2966150093E+00  4.7858448972E+00
  1.3000450781E+00  4.7847125033E+00
  1.3000450781E+00  4.7847125033E+00
  1.3103352845E+00  4.7812210579E+00
  1.3206254910E+00  4.7775491477E+00
  1.3309156974E+00  4.7736427865E+00
  1.3412059038E+00  4.7694437701E+00
  1.3514961102E+00  4.7648900453E+00
  1.3617863167E+00  4.7599161175E+00
  1.3720765231E+00  4.7544534921E+00
  1.3823667295E+00  4.7484311431E+00
  1.3926569359E+00  4.7417760051E+00
  1.4029471424E+00  4.7344134808E+00
  1.4132373488E+00  4.7262679599E+00
  1.4235275552E+00  4.7172633437E+00
  1.4338177616E+00  4.7073235693E+00
  1.4441079681E+00  4.6963731289E+00
  1.4543981745E+00  4.6843375789E+00
  1.4646883809E+00  4.6711440355E+00
  1.4749785873E+00  4.6567216511E+00
  1.4852687938E+00  4.6410020689E+00
  1.4955590002E+00  4.6239198527E+00
  1.5058492066E+00  4.6054128875E+00
  1.5161394130E+00  4.5854227512E+00
  1.5264296195E+00  4.5638950524E+00
  1.5367198259E+00  4.5407797358E+00
  1.5470100323E+00  4.5160313515E+00
  1.5573002387E+00  4.4896092898E+00
  1.5675904452E+00  4.4614779798E+00
  1.5778806516E+00  4.4316070524E+00
  1.5881708580E+00  4.3999714683E+00
  1.5984610644E+00  4.3665516122E+00
  1.6087512709E+00  4.3313333525E+00
  1.6190414773E+00  4.2943080706E+00
  1.6293316837E+00  4.2554726589E+00
  1.6396218901E+00  4.2148294898E+00
  1.6499120966E+00  4.1723863588E+00
  1.6602023030E+00  4.1281564011E+00
  1.6704925094E+00  4.0821579857E+00
  1.6807827158E+00  4.0344145875E+00
  1.6910729223E+00  3.9849546406E+00
  1.7013631287E+00  3.9338113720E+00
  1.7116533351E+00  3.8810226208E+00
  1.7219435415E+00  3.8266306412E+00
  1.7322337480E+00  3.7706818927E+00
  1.7425239544E+00  3.7132268186E+00
  1.7528141608E+00  3.6543196128E+00
  1.7631043672E+00  3.5940179773E+00
  1.7733945737E+00  3.5323828715E+00
  1.7836847801E+00  3.4694782519E+00
  1.7939749865E+00  3.4053708069E+00
  1.8042651929E+00  3.3401296834E+00
  1.8145553994E+00  3.2738262086E+00
  1.8248456058E+00  3.2065336066E+00
  1.8351358122E+00  3.1383267108E+00
  1.8454260186E+00  3.0692816718E+00
  1.8557162251E+00  2.9994756627E+00
  1.8660064315E+00  2.9289865815E+00
  1.8762966379E+00  2.8578927514E+00
  1.8865868443E+00  2.7862726198E+00
  1.8968770508E+00  2.7142044565E+00
  1.9071672572E+00  2.6417660519E+00
  1.9174574636E+00  2.5690344158E+00
  1.9277476700E+00  2.4960854783E+00
  1.9380378765E+00  2.4229937920E+00
  1.9483280829E+00  2.3498322391E+00
  1.9586182893E+00  2.2766717417E+00
  1.9689084957E+00  2.2035809784E+00
  1.9791987022E+00  2.1306261070E+00
  1.9894889086E+00  2.0578704960E+00
  1.9997791150E+00  1.9853744649E+00
  2.0100693214E+00  1.9131950355E+00
  2.0203595279E+00  1.8413856961E+00
  2.0306497343E+00  1.7699961790E+00
  2.0409399407E+00  1.6990722549E+00
  2.0512301471E+00  1.6286555433E+00
  2.0615203536E+00  1.5587833443E+00
  2.0718105600E+00  1.4894884904E+00
  2.0821007664E+00  1.4207992220E+00
  2.0923909728E+00  1.3527390889E+00
  2.1026811793E+00  1.2853268788E+00
  2.1129713857E+00  1.2185765758E+00
  2.1232615921E+00  1.1524973515E+00
  2.1335517985E+00  1.0870935913E+00
  2.1438420050E+00  1.0223649601E+00
  2.1541322114E+00  9.5830651129E-01
  2.1644224178E+00  8.9490884688E-01
  2.1747126242E+00  8.3215833918E-01
  2.1850028307E+00  7.7003743033E-01
  2.1952930371E+00  7.0852503796E-01
  2.2055832435E+00  6.4759711529E-01
  2.2158734499E+00  5.8722745289E-01
  2.2261636564E+00  5.2738888701E-01
  2.2364538628E+00  4.6805524311E-01
  2.2467440692E+00  4.0920471386E-01
  2.2570342756E+00  3.5082628228E-01
  2.2673244821E+00  2.9293329516E-01
  2.2776146885E+00  2.3559611403E-01
  2.2879048949E+00  1.7903520312E-01
  2.2981951013E+00  1.2395913725E-01
  2.3084853078E+00  7.3340160320E-02
  2.3187755142E+00  4.5321277538E-02
  2.3187755142E+00  4.5321277538E-02
  2.3271774325E+00  1.2787046574E-01
  2.3355793509E+00  2.4336584119E-01
  2.3439812693E+00  3.6144013453E-01
  2.3523831876E+00  4.8011972645E-01
  2.3607851060E+00  5.9896099967E-01
  2.3691870244E+00  7.1779384784E-01
  2.3775889427E+00  8.3652802451E-01
  2.3859908611E+00  9.5510363555E-01
  2.3943927795E+00  1.0734744816E+00
  2.4027946978E+00  1.1916013725E+00
  2.4111966162E+00  1.3094490920E+00
  2.4195985345E+00  1.4269848891E+00
  2.4280004529E+00  1.5441776748E+00
  2.4364023713E+00  1.6609975718E+00
  2.4448042896E+00  1.7774156521E+00
  2.4532062080E+00  1.8934037787E+00
  2.4616081264E+00  2.0089345095E+00
  2.4700100447E+00  2.1239810361E+00
  2.4784119631E+00  2.2385171464E+00
  2.4868138814E+00  2.3525171997E+00
  2.4952157998E+00  2.4659561116E+00
  2.5036177182E+00  2.5788093427E+00
  2.5120196365E+00  2.6910528913E+00
  2.5204215549E+00  2.8026632869E+00
  2.5288234733E+00  2.9136175848E+00
  2.5372253916E+00  3.0238933598E+00
  2.5456273100E+00  3.1334687002E+00
  2.5540292284E+00  3.2423222001E+00
  2.5624311467E+00  3.3504329513E+00
  2.5708330651E+00  3.4577805333E+00
  2.5792349834E+00  3.5643450030E+00
  2.5876369018E+00  3.6701068822E+00
  2.5960388202E+00  3.7750471447E+00
  2.6044407385E+00  3.8791472014E+00
  2.6128426569E+00  3.9823888852E+00
  2.6212445753E+00  4.0847544342E+00
  2.6296464936E+00  4.1862264744E+00
  2.6380484120E+00  4.2867880011E+00
  2.6464503303E+00  4.3864223603E+00
  2.6548522487E+00  4.4851132289E+00
  2.6632541671E+00  4.5828445949E+00
  2.6716560854E+00  4.6796007368E+00
  2.6800580038E+00  4.7753662034E+00
  2.6884599222E+00  4.8701257926E+00
  2.6968618405E+00  4.9638645311E+00
  2.7052637589E+00  5.0565676538E+00
  2.7136656772E+00  5.1482205832E+00
  2.7220675956E+00  5.2388089091E+00
  2.7304695140E+00  5.3283183690E+00
  2.7388714323E+00  5.4167348281E+00
  2.7472733507E+00  5.5040442604E+00
  2.7556752691E+00  5.5902327295E+00
  2.7640771874E+00  5.6752863699E+00
  2.7724791058E+00  5.7591913687E+00
  2.7808810242E+00  5.8419339468E+00
  2.7892829425E+00  5.9235003406E+00
  2.7976848609E+00  6.0038767830E+00
  2.8060867792E+00  6.0830494840E+00
  2.8144886976E+00  6.1610046104E+00
  2.8228906160E+00  6.2377282640E+00
  2.8312925343E+00  6.3132064580E+00
  2.8396944527E+00  6.3874250914E+00
  2.8480963711E+00  6.4603699194E+00
  2.8564982894E+00  6.5320265209E+00
  2.8649002078E+00  6.6023802601E+00
  2.8733021261E+00  6.6714162421E+00
  2.8817040445E+00  6.7391192614E+00
  2.8901059629E+00  6.8054737399E+00
  2.8985078812E+00  6.8704636550E+00
  2.9069097996E+00  6.9340724524E+00
  2.9153117180E+00  6.9962829433E+00
  2.9237136363E+00  7.0570771810E+00
  2.9321155547E+00  7.1164363129E+00
  2.9405174731E+00  7.1743404043E+00
  2.9489193914E+00  7.2307682266E+00
  2.9573213098E+00  7.2856970035E+00
  2.9657232281E+00  7.3391021074E+00
  2.9741251465E+00  7.3909566966E+00
  2.9825270649E+00  7.4412312805E+00
  2.9909289832E+00  7.4898932023E+00
  2.9993309016E+00  7.5369060238E+00
  3.0077328200E+00  7.5822287971E+00
  3.0161347383E+00  7.6258152082E+00
  3.0245366567E+00  7.6676125810E+00
  3.0329385750E+00  7.7075607314E+00
  3.0413404934E+00  7.7455906786E+00
  3.0497424118E+00  7.7816232344E+00
  3.0581443301E+00  7.8155675303E+00
  3.0665462485E+00  7.8473195909E+00
  3.0749481669E+00  7.8767611395E+00
  3.0833500852E+00  7.9037589221E+00
  3.0917520036E+00  7.9281649612E+00
  3.1001539220E+00  7.9498182640E+00
  3.1085558403E+00  7.9685485782E+00
  3.1169577587E+00  7.9841827130E+00
  3.1253596770E+00  7.9965536382E+00
  3.1337615954E+00  8.0055119652E+00
  3.1421635138E+00  8.0109385775E+00
  3.1505654321E+00  8.0127563568E+00
  3.1505654321E+00  8.0127563568E+00
  3.1574255697E+00  8.0114833212E+00
  3.1642857074E+00  8.0076752035E+00
  3.1711458450E+00  8.0013642245E+00
  3.1780059826E+00  7.9926017225E+00
  3.1848661202E+00  7.9814550084E+00
  3.1917262578E+00  7.9680036493E+00
  3.1985863954E+00  7.9523356463E+00
  3.2054465331E+00  7.9345438922E+00
  3.2123066707E+00  7.9147231621E+00
  3.2191668083E+00  7.8929677537E+00
  3.2260269459E+00  7.8693697835E+00
  3.2328870835E+00  7.8440180702E+00
  3.2397472211E+00  7.8169975011E+00
  3.2466073588E+00  7.7883887662E+00
  3.2534674964E+00  7.7582683546E+00
  3.2603276340E+00  7.7267087239E+00
  3.2671877716E+00  7.6937785736E+00
  3.2740479092E+00  7.6595431716E+00
  3.2809080468E+00  7.6240646989E+00
  3.2877681845E+00  7.5874025898E+00
  3.2946283221E+00  7.5496138525E+00
  3.3014884597E+00  7.5107533648E+00
  3.3083485973E+00  7.4708741404E+00
  3.3152087349E+00  7.4300275652E+00
  3.3220688725E+00  7.3882636062E+00
  3.3289290102E+00  7.3456309941E+00
  3.3357891478E+00  7.3021773827E+00
  3.3426492854E+00  7.2579494876E+00
  3.3495094230E+00  7.2129932069E+00
  3.3563695606E+00  7.1673537261E+00
  3.3632296982E+00  7.1210756092E+00
  3.3700898359E+00  7.0742028783E+00
  3.3769499735E+00  7.0267790825E+00
  3.3838101111E+00  6.9788473585E+00
  3.3906702487E+00  6.9304504826E+00
  3.3975303863E+00  6.8816309168E+00
  3.4043905240E+00  6.8324308480E+00
  3.4112506616E+00  6.7828922229E+00
  3.4181107992E+00  6.7330567767E+00
  3.4249709368E+00  6.6829660589E+00
  3.4318310744E+00  6.6326614548E+00
  3.4386912120E+00  6.5821842028E+00
  3.4455513497E+00  6.5315754096E+00
  3.4524114873E+00  6.4808760615E+00
  3.4592716249E+00  6.4301270336E+00
  3.4661317625E+00  6.3793690961E+00
  3.4729919001E+00  6.3286429182E+00
  3.4798520377E+00  6.2779890702E+00
  3.4867121754E+00  6.2274480229E+00
  3.4935723130E+00  6.1770601454E+00
  3.5004324506E+00  6.1268657012E+00
  3.5072925882E+00  6.0769048417E+00
  3.5141527258E+00  6.0272175989E+00
  3.5210128634E+00  5.9778438760E+00
  3.5278730011E+00  5.9288234362E+00
  3.5347331387E+00  5.8801958901E+00
  3.5415932763E+00  5.8320006819E+00
  3.5484534139E+00  5.7842770731E+00
  3.5553135515E+00  5.7370641261E+00
  3.5621736891E+00  5.6904006848E+00
  3.5690338268E+00  5.6443253548E+00
  3.5758939644E+00  5.5988764814E+00
  3.5827541020E+00  5.5540921266E+00
  3.5896142396E+00  5.5100100440E+00
  3.5964743772E+00  5.4666676528E+00
  3.6033345148E+00  5.4241020096E+00
  3.6101946525E+00  5.3823497787E+00
  3.6170547901E+00  5.3414472016E+00
  3.6239149277E+00  5.3014300637E+00
  3.6307750653E+00  5.2623336602E+00
  3.6376352029E+00  5.2241927603E+00
  3.6444953405E+00  5.1870415692E+00
  3.6513554782E+00  5.1509136897E+00
  3.6582156158E+00  5.1158420808E+00
  3.6650757534E+00  5.0818590166E+00
  3.6719358910E+00  5.0489960418E+00
  3.6787960286E+00  5.0172839277E+00
  3.6856561662E+00  4.9867526263E+00
  3.6925163039E+00  4.9574312227E+00
  3.6993764415E+00  4.9293478882E+00
  3.7062365791E+00  4.9025298312E+00
  3.7130967167E+00  4.8770032484E+00
  3.7199568543E+00  4.8527932760E+00
  3.7268169919E+00  4.8299239399E+00
  3.7336771296E+00  4.8084181076E+00
  3.7405372672E+00  4.7882974395E+00
  3.7473974048E+00  4.7695823418E+00
  3.7542575424E+00  4.7522919204E+00
  3.7611176800E+00  4.7364439367E+00
  3.7679778176E+00  4.7220547646E+00
  3.7748379553E+00  4.7091393509E+00
  3.7816980929E+00  4.6977111771E+00
  3.7885582305E+00  4.6877822254E+00
  3.7954183681E+00  4.6793629464E+00
  3.8022785057E+00  4.6724622322E+00
  3.8091386433E+00  4.6670873916E+00
  3.8159987810E+00  4.6632441305E+00
  3.8228589186E+00  4.6609365358E+00
  3.8297190562E+00  4.6601670643E+00
  3.8297190562E+00  4.6601670643E+00
  3.8345699060E+00  4.6489585253E+00
  3.8394207558E+00  4.6373797397E+00
  3.8442716057E+00  4.6254352041E+00
  3.8491224555E+00  4.6131302513E+00
  3.8539733053E+00  4.6004710486E+00
  3.8588241552E+00  4.5874645945E+00
  3.8636750050E+00  4.5741187128E+00
  3.8685258548E+00  4.5604420452E+00
  3.8733767046E+00  4.5464440407E+00
  3.8782275545E+00  4.5321349438E+00
  3.8830784043E+00  4.5175257800E+00
  3.8879292541E+00  4.5026283387E+00
  3.8927801040E+00  4.4874551544E+00
  3.8976309538E+00  4.4720194854E+00
  3.9024818036E+00  4.4563352904E+00
  3.9073326534E+00  4.4404172022E+00
  3.9121835033E+00  4.4242805001E+00
  3.9170343531E+00  4.4079410790E+00
  3.9218852029E+00  4.3914154171E+00
  3.9267360528E+00  4.3747205411E+00
  3.9315869026E+00  4.3578739885E+00
  3.9364377524E+00  4.3408937692E+00
  3.9412886022E+00  4.3237983233E+00
  3.9461394521E+00  4.3066064783E+00
  3.9509903019E+00  4.2893374032E+00
  3.9558411517E+00  4.2720105614E+00
  3.9606920016E+00  4.2546456611E+00
  3.9655428514E+00  4.2372626049E+00
  3.9703937012E+00  4.2198814366E+00
  3.9752445510E+00  4.2025222877E+00
  3.9800954009E+00  4.1852053214E+00
  3.9849462507E+00  4.1679506767E+00
  3.9897971005E+00  4.1507784100E+00
  3.9946479504E+00  4.1337084375E+00
  3.9994988002E+00  4.1167604758E+00
  4.0043496500E+00  4.0999539823E+00
  4.0092004998E+00  4.0833080964E+00
  4.0140513497E+00  4.0668415797E+00
  4.0189021995E+00  4.0505727572E+00
  4.0237530493E+00  4.0345194592E+00
  4.0286038992E+00  4.0186989638E+00
  4.0334547490E+00  4.0031279417E+00
  4.0383055988E+00  3.9878224010E+00
  4.0431564486E+00  3.9727976357E+00
  4.0480072985E+00  3.9580681754E+00
  4.0528581483E+00  3.9436477377E+00
  4.0577089981E+00  3.9295491842E+00
  4.0625598480E+00  3.9157844785E+00
  4.0674106978E+00  3.9023646491E+00
  4.0722615476E+00  3.8892997555E+00
  4.0771123974E+00  3.8765988579E+00
  4.0819632473E+00  3.8642699922E+00
  4.0868140971E+00  3.8523201489E+00
  4.0916649469E+00  3.8407552575E+00
  4.0965157968E+00  3.8295801744E+00
  4.1013666466E+00  3.8187986778E+00
  4.1062174964E+00  3.8084134664E+00
  4.1110683462E+00  3.7984261637E+00
  4.1159191961E+00  3.7888373278E+00
  4.1207700459E+00  3.7796464663E+00
  4.1256208957E+00  3.7708520561E+00
  4.1304717456E+00  3.7624515691E+00
  4.1353225954E+00  3.7544415019E+00
  4.1401734452E+00  3.7468174111E+00
  4.1450242950E+00  3.7395739527E+00
  4.1498751449E+00  3.7327049260E+00
  4.1547259947E+00  3.7262033218E+00
  4.1595768445E+00  3.7200613740E+00
  4.1644276944E+00  3.7142706150E+00
  4.1692785442E+00  3.7088219340E+00
  4.1741293940E+00  3.7037056383E+00
  4.1789802438E+00  3.6989115167E+00
  4.1838310937E+00  3.6944289047E+00
  4.1886819435E+00  3.6902467526E+00
  4.1935327933E+00  3.6863536926E+00
  4.1983836432E+00  3.6827381090E+00
  4.2032344930E+00  3.6793882072E+00
  4.2080853428E+00  3.6762920835E+00
  4.2129361927E+00  3.6734377944E+00
  4.2177870425E+00  3.6708134254E+00
  4.2226378923E+00  3.6684071583E+00
  4.2274887421E+00  3.6662073378E+00
  4.2323395920E+00  3.6642025359E+00
  4.2371904418E+00  3.6623816142E+00
  4.2420412916E+00  3.6607337851E+00
  4.2468921415E+00  3.6592486687E+00
  4.2517429913E+00  3.6579163488E+00
  4.2565938411E+00  3.6567274245E+00
  4.2614446909E+00  3.6556730598E+00
  4.2662955408E+00  3.6547450287E+00
  4.2711463906E+00  3.6539357582E+00
  4.2759972404E+00  3.6532383662E+00
  4.2808480903E+00  3.6526466971E+00
  4.2856989401E+00  3.6521553523E+00
  4.2905497899E+00  3.6517597176E+00
  4.2954006397E+00  3.6514559858E+00
  4.3002514896E+00  3.6512411764E+00
  4.3051023394E+00  3.6511131495E+00
  4.3099531892E+00  3.6510706173E+00

  0.0000000000E+00  4.5321277557E-02
  9.7016996573E-03  7.0784674501E-02
  1.9403399315E-02  1.1791717641E-01
  2.9105098972E-02  1.6973329873E-01
  3.8806798629E-02  2.2326205661E-01
  4.8508498287E-02  2.7781218567E-01
  5.8210197944E-02  3.3319256910E-01
  6.7911897601E-02  3.8936230757E-01
  7.7613597258E-02  4.4633262636E-01
  8.7315296916E-02  5.0413185219E-01
  9.7016996573E-02  5.6279056275E-01
  1.0671869623E-01  6.2233445302E-01
  1.1642039589E-01  6.8278060961E-01
  1.2612209554E-01  7.4413549029E-01
  1.3582379520E-01  8.0639385918E-01
  1.4552549486E-01  8.6953831401E-01
  1.5522719452E-01  9.3353921269E-01
  1.6492889417E-01  9.9835488697E-01
  1.7463059383E-01  1.0639320718E+00
  1.8433229349E-01  1.1302065007E+00
  1.9403399315E-01  1.1971036313E+00
  2.0373569280E-01  1.2645394707E+00
  2.1343739246E-01  1.3324214790E+00
  2.2313909212E-01  1.4006495302E+00
  2.3284079178E-01  1.4691169144E+00
  2.4254249143E-01  1.5377113670E+00
  2.5224419109E-01  1.6063161121E+00
  2.6194589075E-01  1.6748109109E+00
  2.7164759040E-01  1.7430731041E+00
  2.8134929006E-01  1.8109786408E+00
  2.9105098972E-01  1.8784030883E+00
  3.0075268938E-01  1.9452226135E+00
  3.1045438903E-01  2.0113149336E+00
  3.2015608869E-01  2.0765602285E+00
  3.2985778835E-01  2.1408420121E+00
  3.3955948801E-01  2.2040479582E+00
  3.4926118766E-01  2.2660706765E+00
  3.5896288732E-01  2.3268084373E+00
  3.6866458698E-01  2.3861658398E+00
  3.7836628663E-01  2.4440544234E+00
  3.8806798629E-01  2.5003932186E+00
  3.9776968595E-01  2.5551092360E+00
  4.0747138561E-01  2.6081378910E+00
  4.1717308526E-01  2.6594233637E+00
  4.2687478492E-01  2.7089188912E+00
  4.3657648458E-01  2.7565869927E+00
  4.4627818424E-01  2.8023996255E+00
  4.5597988389E-01  2.8463382705E+00
  4.6568158355E-01  2.8883939475E+00
  4.7538328321E-01  2.9285671586E+00
  4.8508498287E-01  2.9668677603E+00
  4.9478668252E-01  3.0033147615E+00
  5.0448838218E-01  3.0379360495E+00
  5.1419008184E-01  3.0707680424E+00
  5.2389178149E-01  3.1018552683E+00
  5.3359348115E-01  3.1312498721E+00
  5.4329518081E-01  3.1590110506E+00
  5.5299688047E-01  3.1852044182E+00
  5.6269858012E-01  3.2099013061E+00
  5.7240027978E-01  3.2331779977E+00
  5.8210197944E-01  3.2551149070E+00
  5.9180367910E-01  3.2757957042E+00
  6.0150537875E-01  3.2953063984E+00
  6.1120707841E-01  3.3137343849E+00
  6.2090877807E-01  3.3311674685E+00
  6.3061047772E-01  3.3476928756E+00
  6.4031217738E-01  3.3633962666E+00
  6.5001387704E-01  3.3783607649E+00
  6.5971557670E-01  3.3926660162E+00
  6.6941727635E-01  3.4063872948E+00
  6.7911897601E-01  3.4195946706E+00
  6.8882067567E-01  3.4323522546E+00
  6.9852237533E-01  3.4447175336E+00
  7.0822407498E-01  3.4567408107E+00
  7.1792577464E-01  3.4684647589E+00
  7.2762747430E-01  3.4799240997E+00
  7.3732917396E-01  3.4911454110E+00
  7.4703087361E-01  3.5021470691E+00
  7.5673257327E-01  3.5129393250E+00
  7.6643427293E-01  3.5235245129E+00
  7.7613597258E-01  3.5338973859E+00
  7.8583767224E-01  3.5440455717E+00
  7.9553937190E-01  3.5539501370E+00
  8.0524107156E-01  3.5635862499E+00
  8.1494277121E-01  3.5729239249E+00
  8.2464447087E-01  3.5819288367E+00
  8.3434617053E-01  3.5905631850E+00
  8.4404787019E-01  3.5987865954E+00
  8.5374956984E-01  3.6065570385E+00
  8.6345126950E-01  3.6138317512E+00
  8.7315296916E-01  3.6205681453E+00
  8.8285466881E-01  3.6267246866E+00
  8.9255636847E-01  3.6322617330E+00
  9.0225806813E-01  3.6371423167E+00
  9.1195976779E-01  3.6413328614E+00
  9.2166146744E-01  3.6448038228E+00
  9.3136316710E-01  3.6475302452E+00
  9.4106486676E-01  3.6494922257E+00
  9.5076656642E-01  3.6506752819E+00
  9.6046826607E-01  3.6510706173E+00
  9.6046826607E-01  3.6510706173E+00
  9.6389833488E-01  3.6515687131E+00
  9.6732840369E-01  3.6530625625E+00
  9.7075847250E-01  3.6555508534E+00
  9.7418854131E-01  3.6590314048E+00
  9.7761861012E-01  3.6635011758E+00
  9.8104867892E-01  3.6689562776E+00
  9.8447874773E-01  3.6753919895E+00
  9.8790881654E-01  3.6828027773E+00
  9.9133888535E-01  3.6911823149E+00
  9.9476895416E-01  3.7005235092E+00
  9.9819902297E-01  3.7108185266E+00
  1.0016290918E+00  3.7220588226E+00
  1.0050591606E+00  3.7342351731E+00
  1.0084892294E+00  3.7473377073E+00
  1.0119192982E+00  3.7613559429E+00
  1.0153493670E+00  3.7762788211E+00
  1.0187794358E+00  3.7920947444E+00
  1.0222095046E+00  3.8087916131E+00
  1.0256395734E+00  3.8263568640E+00
  1.0290696422E+00  3.8447775083E+00
  1.0324997110E+00  3.8640401691E+00
  1.0359297799E+00  3.8841311199E+00
  1.0393598487E+00  3.9050363213E+00
  1.0427899175E+00  3.9267414576E+00
  1.0462199863E+00  3.9492319724E+00
  1.0496500551E+00  3.9724931036E+00
  1.0530801239E+00  3.9965099163E+00
  1.0565101927E+00  4.0212673352E+00
  1.0599402615E+00  4.0467501759E+00
  1.0633703303E+00  4.0729431734E+00
  1.0668003991E+00  4.0998310107E+00
  1.0702304679E+00  4.1273983452E+00
  1.0736605367E+00  4.1556298328E+00
  1.0770906056E+00  4.1845101517E+00
  1.0805206744E+00  4.2140240241E+00
  1.0839507432E+00  4.2441562359E+00
  1.0873808120E+00  4.2748916554E+00
  1.0908108808E+00  4.3062152503E+00
  1.0942409496E+00  4.3381121036E+00
  1.0976710184E+00  4.3705674270E+00
  1.1011010872E+00  4.4035665746E+00
  1.1045311560E+00  4.4370950537E+00
  1.1079612248E+00  4.4711385353E+00
  1.1113912936E+00  4.5056828630E+00
  1.1148213624E+00  4.5407140614E+00
  1.1182514313E+00  4.5762183421E+00
  1.1216815001E+00  4.6121821104E+00
  1.1251115689E+00  4.6485919700E+00
  1.1285416377E+00  4.6854347268E+00
  1.1319717065E+00  4.7226973927E+00
  1.1354017753E+00  4.7603671877E+00
  1.1388318441E+00  4.7984315422E+00
  1.1422619129E+00  4.8368780978E+00
  1.1456919817E+00  4.8368812001E+00
  1.1491220505E+00  4.8355939663E+00
  1.1525521193E+00  4.8343085620E+00
  1.1559821881E+00  4.8330257643E+00
  1.1594122570E+00  4.8317463157E+00
  1.1628423258E+00  4.8304709219E+00
  1.1662723946E+00  4.8292002498E+00
  1.1697024634E+00  4.8279349263E+00
  1.1731325322E+00  4.8266755359E+00
  1.1765626010E+00  4.8254226196E+00
  1.1799926698E+00  4.8352094384E+00
  1.1834227386E+00  4.8656487712E+00
  1.1868528074E+00  4.8962332506E+00
  1.1902828762E+00  4.9269542711E+00
  1.1937129450E+00  4.9578033553E+00
  1.1971430139E+00  4.9887721532E+00
  1.2005730827E+00  5.0198524412E+00
  1.2040031515E+00  5.0510361208E+00
  1.2074332203E+00  5.0823152173E+00
  1.2108632891E+00  5.1136818788E+00
  1.2142933579E+00  5.1451283744E+00
  1.2177234267E+00  5.1766470926E+00
  1.2211534955E+00  5.2082305401E+00
  1.2245835643E+00  5.2398713399E+00
  1.2280136331E+00  5.2715622293E+00
  1.2314437019E+00  5.3032960588E+00
  1.2348737707E+00  5.3350657897E+00
  1.2383038396E+00  5.3668644926E+00
  1.2417339084E+00  5.3986853455E+00
  1.2451639772E+00  5.4305216319E+00
  1.2485940460E+00  5.4623667388E+00
  1.2520241148E+00  5.4942141552E+00
  1.2554541836E+00  5.5260574699E+00
  1.2588842524E+00  5.5578903695E+00
  1.2623143212E+00  5.5897066370E+00
  1.2657443900E+00  5.6215001494E+00
  1.2691744588E+00  5.6532648763E+00
  1.2726045276E+00  5.6849948775E+00
  1.2760345964E+00  5.7166843018E+00
  1.2794646653E+00  5.7483273845E+00
  1.2828947341E+00  5.7799184463E+00
  1.2863248029E+00  5.8114518909E+00
  1.2897548717E+00  5.8429222035E+00
  1.2931849405E+00  5.8743239490E+00
  1.2966150093E+00  5.9056517703E+00
  1.3000450781E+00  5.9369003864E+00
  1.3000450781E+00  5.9369003864E+00
  1.3103352845E+00  6.0301193019E+00
  1.3206254910E+00  6.1224422193E+00
  1.3309156974E+00  6.2137379029E+00
  1.3412059038E+00  6.3038802165E+00
  1.3514961102E+00  6.3927477300E+00
  1.3617863167E+00  6.4802233260E+00
  1.3720765231E+00  6.5661937953E+00
  1.3823667295E+00  6.6505494151E+00
  1.3926569359E+00  6.7331834962E+00
  1.4029471424E+00  6.8139918858E+00
  1.4132373488E+00  6.8928724064E+00
  1.4235275552E+00  6.9697242102E+00
  1.4338177616E+00  7.0444470188E+00
  1.4441079681E+00  7.1169402138E+00
  1.4543981745E+00  7.1871017319E+00
  1.4646883809E+00  7.2548267105E+00
  1.4749785873E+00  7.3200058098E+00
  1.4852687938E+00  7.3825231290E+00
  1.4955590002E+00  7.4422536078E+00
  1.5058492066E+00  7.4990597975E+00
  1.5161394130E+00  7.5527878727E+00
  1.5264296195E+00  7.6032627740E+00
  1.5367198259E+00  7.6502824387E+00
  1.5470100323E+00  7.6936112338E+00
  1.5573002387E+00  7.7329730396E+00
  1.5675904452E+00  7.7680450269E+00
  1.5778806516E+00  7.7984541223E+00
  1.5881708580E+00  7.8237794335E+00
  1.5984610644E+00  7.8435651202E+00
  1.6087512709E+00  7.8573482961E+00
  1.6190414773E+00  7.8647038527E+00
  1.6293316837E+00  7.8653013698E+00
  1.6396218901E+00  7.8589602048E+00
  1.6499120966E+00  7.8456834965E+00
  1.6602023030E+00  7.8256567750E+00
  1.6704925094E+00  7.7992115052E+00
  1.6807827158E+00  7.7667683379E+00
  1.6910729223E+00  7.7287794444E+00
  1.7013631287E+00  7.6856836435E+00
  1.7116533351E+00  7.6378788599E+00
  1.7219435415E+00  7.5857097750E+00
  1.7322337480E+00  7.5294659357E+00
  1.7425239544E+00  7.4693857680E+00
  1.7528141608E+00  7.4056632083E+00
  1.7631043672E+00  7.3384549612E+00
  1.7733945737E+00  7.2678873526E+00
  1.7836847801E+00  7.1940623448E+00
  1.7939749865E+00  7.1170626043E+00
  1.8042651929E+00  7.0369556760E+00
  1.8145553994E+00  6.9537973754E+00
  1.8248456058E+00  6.8676345285E+00
  1.8351358122E+00  6.7785071804E+00
  1.8454260186E+00  6.6864503745E+00
  1.8557162251E+00  6.5914955910E+00
  1.8660064315E+00  6.4936719111E+00
  1.8762966379E+00  6.3930069637E+00
  1.8865868443E+00  6.2895276968E+00
  1.8968770508E+00  6.1832610085E+00
  1.9071672572E+00  6.0742342635E+00
  1.9174574636E+00  5.9624757161E+00
  1.9277476700E+00  5.8480148576E+00
  1.9380378765E+00  5.7308826989E+00
  1.9483280829E+00  5.6111120018E+00
  1.9586182893E+00  5.4887374642E+00
  1.9689084957E+00  5.3637958696E+00
  1.9791987022E+00  5.2363262030E+00
  1.9894889086E+00  5.1063697406E+00
  1.9997791150E+00  4.9739701156E+00
  2.0100693214E+00  4.8391733636E+00
  2.0203595279E+00  4.7020279511E+00
  2.0306497343E+00  4.5625847876E+00
  2.0409399407E+00  4.4208972257E+00
  2.0512301471E+00  4.2770210484E+00
  2.0615203536E+00  4.1310144468E+00
  2.0718105600E+00  3.9829379889E+00
  2.0821007664E+00  3.8328545808E+00
  2.0923909728E+00  3.6808294207E+00
  2.1026811793E+00  3.5269299474E+00
  2.1129713857E+00  3.3712257848E+00
  2.1232615921E+00  3.2137886820E+00
  2.1335517985E+00  3.0546924510E+00
  2.1438420050E+00  2.8940129035E+00
  2.1541322114E+00  2.7318277888E+00
  2.1644224178E+00  2.5682167349E+00
  2.1747126242E+00  2.4032611968E+00
  2.1850028307E+00  2.2370444186E+00
  2.1952930371E+00  2.0696514189E+00
  2.2055832435E+00  1.9011690164E+00
  2.2158734499E+00  1.7316859268E+00
  2.2261636564E+00  1.5612929865E+00
  2.2364538628E+00  1.3900836187E+00
  2.2467440692E+00  1.2181547846E+00
  2.2570342756E+00  1.0456089861E+00
  2.2673244821E+00  8.7255879113E-01
  2.2776146885E+00  6.9913827581E-01
  2.2879048949E+00  5.2553739839E-01
  2.2981951013E+00  3.5213834828E-01
  2.3084853078E+00  1.8043638407E-01
  2.3187755142E+00  4.5321277557E-02
  2.3187755142E+00  4.5321277557E-02
  2.3271774325E+00  1.2787046575E-01
  2.3355793509E+00  2.4336584119E-01
  2.3439812693E+00  3.6144013453E-01
  2.3523831876E+00  4.8011972646E-01
  2.3607851060E+00  5.9896099967E-01
  2.3691870244E+00  7.1779384784E-01
  2.3775889427E+00  8.3652802451E-01
  2.3859908611E+00  9.5510363556E-01
  2.3943927795E+00  1.0734744816E+00
  2.4027946978E+00  1.1916013725E+00
  2.4111966162E+00  1.3094490920E+00
  2.4195985345E+00  1.4269848891E+00
  2.4280004529E+00  1.5441776748E+00
  2.4364023713E+00  1.6609975718E+00
  2.4448042896E+00  1.7774156521E+00
  2.4532062080E+00  1.8934037787E+00
  2.4616081264E+00  2.0089345095E+00
  2.4700100447E+00  2.1239810361E+00
  2.4784119631E+00  2.2385171464E+00
  2.4868138814E+00  2.3525171997E+00
  2.4952157998E+00  2.4659561116E+00
  2.5036177182E+00  2.5788093427E+00
  2.5120196365E+00  2.6910528913E+00
  2.5204215549E+00  2.8026632869E+00
  2.5288234733E+00  2.9136175848E+00
  2.5372253916E+00  3.0238933598E+00
  2.5456273100E+00  3.1334687002E+00
  2.5540292284E+00  3.2423222001E+00
  2.5624311467E+00  3.3504329513E+00
  2.5708330651E+00  3.4577805333E+00
  2.5792349834E+00  3.5643450030E+00
  2.5876369018E+00  3.6701068822E+00
  2.5960388202E+00  3.7750471447E+00
  2.6044407385E+00  3.8791472014E+00
  2.6128426569E+00  3.9823888852E+00
  2.6212445753E+00  4.0847544342E+00
  2.6296464936E+00  4.1862264744E+00
  2.6380484120E+00  4.2867880011E+00
  2.6464503303E+00  4.3864223603E+00
  2.6548522487E+00  4.4851132289E+00
  2.6632541671E+00  4.5828445949E+00
  2.6716560854E+00  4.6796007368E+00
  2.6800580038E+00  4.7753662034E+00
  2.6884599222E+00  4.8701257926E+00
  2.6968618405E+00  4.9638645311E+00
  2.7052637589E+00  5.0565676538E+00
  2.7136656772E+00  5.1482205832E+00
  2.7220675956E+00  5.2388089091E+00
  2.7304695140E+00  5.3283183690E+00
  2.7388714323E+00  5.4167348281E+00
  2.7472733507E+00  5.5040442604E+00
  2.7556752691E+00  5.5902327295E+00
  2.7640771874E+00  5.6752863699E+00
  2.7724791058E+00  5.7591913687E+00
  2.7808810242E+00  5.8419339468E+00
  2.7892829425E+00  5.9235003406E+00
  2.7976848609E+00  6.0038767830E+00
  2.8060867792E+00  6.0830494840E+00
  2.8144886976E+00  6.1610046104E+00
  2.8228906160E+00  6.2377282640E+00
  2.8312925343E+00  6.3132064580E+00
  2.8396944527E+00  6.3874250914E+00
  2.8480963711E+00  6.4603699194E+00
  2.8564982894E+00  6.5320265209E+00
  2.8649002078E+00  6.6023802601E+00
  2.8733021261E+00  6.6714162421E+00
  2.8817040445E+00  6.7391192614E+00
  2.8901059629E+00  6.8054737399E+00
  2.8985078812E+00  6.8704636550E+00
  2.9069097996E+00  6.9340724524E+00
  2.9153117180E+00  6.9962829433E+00
  2.9237136363E+00  7.0570771810E+00
  2.9321155547E+00  7.1164363129E+00
  2.9405174731E+00  7.1743404043E+00
  2.9489193914E+00  7.2307682266E+00
  2.9573213098E+00  7.2856970035E+00
  2.9657232281E+00  7.3391021074E+00
  2.9741251465E+00  7.3909566966E+00
  2.9825270649E+00  7.4412312805E+00
  2.9909289832E+00  7.4898932023E+00
  2.9993309016E+00  7.5369060238E+00
  3.0077328200E+00  7.5822287971E+00
  3.0161347383E+00  7.6258152082E+00
  3.0245366567E+00  7.6676125810E+00
  3.0329385750E+00  7.7075607314E+00
  3.0413404934E+00  7.7455906786E+00
  3.0497424118E+00  7.7816232344E+00
  3.0581443301E+00  7.8155675303E+00
  3.0665462485E+00  7.8473195909E+00
  3.0749481669E+00  7.8767611395E+00
  3.0833500852E+00  7.9037589221E+00
  3.0917520036E+00  7.9281649612E+00
  3.1001539220E+00  7.9498182640E+00
  3.1085558403E+00  7.9685485782E+00
  3.1169577587E+00  7.9841827130E+00
  3.1253596770E+00  7.9965536382E+00
  3.1337615954E+00  8.0055119652E+00
  3.1421635138E+00  8.0109385775E+00
  3.1505654321E+00  8.0127563568E+00
  3.1505654321E+00  8.0127563568E+00
  3.1574255697E+00  8.0121476945E+00
  3.1642857074E+00  8.0103198460E+00
  3.1711458450E+00  8.0072672823E+00
  3.1780059826E+00  8.0029809737E+00
  3.1848661202E+00  7.9974486641E+00
  3.1917262578E+00  7.9906552480E+00
  3.1985863954E+00  7.9825832428E+00
  3.2054465331E+00  7.9732133453E+00
  3.2123066707E+00  7.9625250563E+00
  3.2191668083E+00  7.9504973578E+00
  3.2260269459E+00  7.9371094185E+00
  3.2328870835E+00  7.9223413046E+00
  3.2397472211E+00  7.9061746704E+00
  3.2466073588E+00  7.8885934030E+00
  3.2534674964E+00  7.8695841988E+00
  3.2603276340E+00  7.8491370510E+00
  3.2671877716E+00  7.8272456369E+00
  3.2740479092E+00  7.8039075946E+00
  3.2809080468E+00  7.7791246897E+00
  3.2877681845E+00  7.7529028765E+00
  3.2946283221E+00  7.7252522632E+00
  3.3014884597E+00  7.6961869955E+00
  3.3083485973E+00  7.6657250751E+00
  3.3152087349E+00  7.6338881278E+00
  3.3220688725E+00  7.6007011407E+00
  3.3289290102E+00  7.5661921798E+00
  3.3357891478E+00  7.5303921036E+00
  3.3426492854E+00  7.4933342811E+00
  3.3495094230E+00  7.4550543222E+00
  3.3563695606E+00  7.4155898266E+00
  3.3632296982E+00  7.3749801531E+00
  3.3700898359E+00  7.3332662127E+00
  3.3769499735E+00  7.2904902842E+00
  3.3838101111E+00  7.2466958526E+00
  3.3906702487E+00  7.2019274681E+00
  3.3975303863E+00  7.1562306254E+00
  3.4043905240E+00  7.1096516598E+00
  3.4112506616E+00  7.0622376586E+00
  3.4181107992E+00  7.0140363865E+00
  3.4249709368E+00  6.9650962221E+00
  3.4318310744E+00  6.9154661046E+00
  3.4386912120E+00  6.8651954887E+00
  3.4455513497E+00  6.8143343064E+00
  3.4524114873E+00  6.7629329351E+00
  3.4592716249E+00  6.7110421701E+00
  3.4661317625E+00  6.6587132011E+00
  3.4729919001E+00  6.6059975920E+00
  3.4798520377E+00  6.5529472636E+00
  3.4867121754E+00  6.4996144780E+00
  3.4935723130E+00  6.4460518247E+00
  3.5004324506E+00  6.3923122080E+00
  3.5072925882E+00  6.3384488353E+00
  3.5141527258E+00  6.2845152062E+00
  3.5210128634E+00  6.2305651010E+00
  3.5278730011E+00  6.1766525704E+00
  3.5347331387E+00  6.1228319244E+00
  3.5415932763E+00  6.0691577202E+00
  3.5484534139E+00  6.0156847502E+00
  3.5553135515E+00  5.9624680284E+00
  3.5621736891E+00  5.9095627751E+00
  3.5690338268E+00  5.8570244011E+00
  3.5758939644E+00  5.8049084880E+00
  3.5827541020E+00  5.7532707678E+00
  3.5896142396E+00  5.7021670991E+00
  3.5964743772E+00  5.6516534392E+00
  3.6033345148E+00  5.6017858143E+00
  3.6101946525E+00  5.5526202839E+00
  3.6170547901E+00  5.5042129020E+00
  3.6239149277E+00  5.4566196721E+00
  3.6307750653E+00  5.4098964979E+00
  3.6376352029E+00  5.3640991273E+00
  3.6444953405E+00  5.3192830900E+00
  3.6513554782E+00  5.2755036291E+00
  3.6582156158E+00  5.2328156243E+00
  3.6650757534E+00  5.1912735092E+00
  3.6719358910E+00  5.1509311793E+00
  3.6787960286E+00  5.1118418936E+00
  3.6856561662E+00  5.0740581672E+00
  3.6925163039E+00  5.0376316565E+00
  3.6993764415E+00  5.0026130370E+00
  3.7062365791E+00  4.9690518734E+00
  3.7130967167E+00  4.9369964827E+00
  3.7199568543E+00  4.9064937919E+00
  3.7268169919E+00  4.8775891895E+00
  3.7336771296E+00  4.8503263734E+00
  3.7405372672E+00  4.8247471950E+00
  3.7473974048E+00  4.8008915021E+00
  3.7542575424E+00  4.7787969811E+00
  3.7611176800E+00  4.7584990004E+00
  3.7679778176E+00  4.7400304579E+00
  3.7748379553E+00  4.7234216317E+00
  3.7816980929E+00  4.7087000392E+00
  3.7885582305E+00  4.6958903038E+00
  3.7954183681E+00  4.6850140326E+00
  3.8022785057E+00  4.6760897059E+00
  3.8091386433E+00  4.6691325811E+00
  3.8159987810E+00  4.6641546117E+00
  3.8228589186E+00  4.6611643828E+00
  3.8297190562E+00  4.6601670643E+00
  3.8297190562E+00  4.6601670643E+00
  3.8345699060E+00  4.6710016950E+00
  3.8394207558E+00  4.6814595880E+00
  3.8442716057E+00  4.6915387415E+00
  3.8491224555E+00  4.7012379739E+00
  3.8539733053E+00  4.7105569153E+00
  3.8588241552E+00  4.7194959962E+00
  3.8636750050E+00  4.7280564350E+00
  3.8685258548E+00  4.7362402230E+00
  3.8733767046E+00  4.7440501080E+00
  3.8782275545E+00  4.7514895758E+00
  3.8830784043E+00  4.7585628302E+00
  3.8879292541E+00  4.7652747709E+00
  3.8927801040E+00  4.7716309701E+00
  3.8976309538E+00  4.7776376474E+00
  3.9024818036E+00  4.7833016429E+00
  3.9073326534E+00  4.7886303894E+00
  3.9121835033E+00  4.7936318822E+00
  3.9170343531E+00  4.7983146487E+00
  3.9218852029E+00  4.8026877160E+00
  3.9267360528E+00  4.8067605770E+00
  3.9315869026E+00  4.8105431565E+00
  3.9364377524E+00  4.8140457752E+00
  3.9412886022E+00  4.8172791134E+00
  3.9461394521E+00  4.8202541733E+00
  3.9509903019E+00  4.8229822414E+00
  3.9558411517E+00  4.8254748492E+00
  3.9606920016E+00  4.8277437347E+00
  3.9655428514E+00  4.8298008019E+00
  3.9703937012E+00  4.8316580818E+00
  3.9752445510E+00  4.8333276917E+00
  3.9800954009E+00  4.8348217956E+00
  3.9849462507E+00  4.8361525640E+00
  3.9897971005E+00  4.8373321344E+00
  3.9946479504E+00  4.8383725721E+00
  3.9994988002E+00  4.8392858311E+00
  4.0043496500E+00  4.8400837168E+00
  4.0092004998E+00  4.8407778478E+00
  4.0140513497E+00  4.8413796207E+00
  4.0189021995E+00  4.8419001740E+00
  4.0237530493E+00  4.8423503550E+00
  4.0286038992E+00  4.8427406869E+00
  4.0334547490E+00  4.8430813376E+00
  4.0383055988E+00  4.8433820911E+00
  4.0431564486E+00  4.8436523191E+00
  4.0480072985E+00  4.8439009560E+00
  4.0528581483E+00  4.8441364748E+00
  4.0577089981E+00  4.8443668656E+00
  4.0625598480E+00  4.8445996164E+00
  4.0674106978E+00  4.8448416958E+00
  4.0722615476E+00  4.8450995386E+00
  4.0771123974E+00  4.8453790327E+00
  4.0819632473E+00  4.8456855102E+00
  4.0868140971E+00  4.8460237391E+00
  4.0916649469E+00  4.8463979192E+00
  4.0965157968E+00  4.8468116793E+00
  4.1013666466E+00  4.8472680775E+00
  4.1062174964E+00  4.8477696039E+00
  4.1110683462E+00  4.8483181860E+00
  4.1159191961E+00  4.8489151960E+00
  4.1207700459E+00  4.8495614615E+00
  4.1256208957E+00  4.8502572770E+00
  4.1304717456E+00  4.8510024192E+00
  4.1353225954E+00  4.8517961637E+00
  4.1401734452E+00  4.8526373035E+00
  4.1450242950E+00  4.8535241702E+00
  4.1498751449E+00  4.8544546565E+00
  4.1547259947E+00  4.8554262404E+00
  4.1595768445E+00  4.8564360114E+00
  4.1644276944E+00  4.8574806974E+00
  4.1692785442E+00  4.8217583607E+00
  4.1741293940E+00  4.7536945779E+00
  4.1789802438E+00  4.6867890198E+00
  4.1838310937E+00  4.6211221488E+00
  4.1886819435E+00  4.5567772429E+00
  4.1935327933E+00  4.4938403488E+00
  4.1983836432E+00  4.4324001999E+00
  4.2032344930E+00  4.3725480952E+00
  4.2080853428E+00  4.3143777350E+00
  4.2129361927E+00  4.2579850072E+00
  4.2177870425E+00  4.2034677205E+00
  4.2226378923E+00  4.1509252798E+00
  4.2274887421E+00  4.1004583004E+00
  4.2323395920E+00  4.0521681574E+00
  4.2371904418E+00  4.0061564694E+00
  4.2420412916E+00  3.9625245152E+00
  4.2468921415E+00  3.9213725863E+00
  4.2517429913E+00  3.8827992776E+00
  4.2565938411E+00  3.8469007231E+00
  4.2614446909E+00  3.8137697845E+00
  4.2662955408E+00  3.7834952047E+00
  4.2711463906E+00  3.7561607398E+00
  4.2759972404E+00  3.7318442849E+00
  4.2808480903E+00  3.7106170148E+00
  4.2856989401E+00  3.6925425559E+00
  4.2905497899E+00  3.6776762140E+00
  4.2954006397E+00  3.6660642761E+00
  4.3002514896E+00  3.6577434073E+00
  4.3051023394E+00  3.6527401610E+00
  4.3099531892E+00  3.6510706173E+00

  0.0000000000E+00  4.5321277644E-02
  9.7016996573E-03  2.5838125160E-01
  1.9403399315E-02  5.1056202633E-01
  2.9105098972E-02  7.6365565157E-01
  3.8806798629E-02  1.0164730315E+00
  4.8508498287E-02  1.2686132507E+00
  5.8210197944E-02  1.5198108480E+00
  6.7911897601E-02  1.7698413169E+00
  7.7613597258E-02  2.0184976503E+00
  8.7315296916E-02  2.2655827194E+00
  9.7016996573E-02  2.5109063809E+00
  1.0671869623E-01  2.7542842768E+00
  1.1642039589E-01  2.9955373168E+00
  1.2612209554E-01  3.2344914574E+00
  1.3582379520E-01  3.4709776124E+00
  1.4552549486E-01  3.7048316179E+00
  1.5522719452E-01  3.9358942137E+00
  1.6492889417E-01  4.1640110204E+00
  1.7463059383E-01  4.3890324992E+00
  1.8433229349E-01  4.6108138866E+00
  1.9403399315E-01  4.8292150997E+00
  2.0373569280E-01  5.0441006073E+00
  2.1343739246E-01  5.2553392653E+00
  2.2313909212E-01  5.4628041151E+00
  2.3284079178E-01  5.6663721419E+00
  2.4254249143E-01  5.8659239958E+00
  2.5224419109E-01  6.0613436714E+00
  2.6194589075E-01  6.2525181477E+00
  2.7164759040E-01  6.4393369868E+00
  2.8134929006E-01  6.6216918889E+00
  2.9105098972E-01  6.7994762018E+00
  3.0075268938E-01  6.9725843797E+00
  3.1045438903E-01  7.1409113848E+00
  3.2015608869E-01  7.3043520220E+00
  3.2985778835E-01  7.4628001923E+00
  3.3955948801E-01  7.6161480455E+00
  3.4926118766E-01  7.7642850048E+00
  3.5896288732E-01  7.9070966259E+00
  3.6866458698E-01  8.0444632402E+00
  3.7836628663E-01  8.1762583126E+00
  3.8806798629E-01  8.2008532425E+00
  3.9776968595E-01  8.2058897803E+00
  4.0747138561E-01  8.2108871192E+00
  4.1717308526E-01  8.2158816456E+00
  4.2687478492E-01  8.2209078437E+00
  4.3657648458E-01  8.2259976660E+00
  4.4627818424E-01  8.2311799571E+00
  4.5597988389E-01  8.2364799402E+00
  4.6568158355E-01  8.2419187743E+00
  4.7538328321E-01  8.2475131867E+00
  4.8508498287E-01  8.2532751880E+00
  4.9478668252E-01  8.2592118722E+00
  5.0448838218E-01  8.2653253044E+00
  5.1419008184E-01  8.2716124974E+00
  5.2389178149E-01  8.2780654759E+00
  5.3359348115E-01  8.2846714271E+00
  5.4329518081E-01  8.2914129336E+00
  5.5299688047E-01  8.2982682847E+00
  5.6269858012E-01  8.3052118594E+00
  5.7240027978E-01  8.3122145735E+00
  5.8210197944E-01  8.3192443847E+00
  5.9180367910E-01  8.3262668444E+00
  6.0150537875E-01  8.3332456878E+00
  6.1120707841E-01  8.3401434515E+00
  6.2090877807E-01  8.3469221089E+00
  6.3061047772E-01  8.3535437111E+00
  6.4031217738E-01  8.2727091285E+00
  6.5001387704E-01  8.1208234485E+00
  6.5971557670E-01  7.9666965547E+00
  6.6941727635E-01  7.8113261888E+00
  6.7911897601E-01  7.6555630981E+00
  6.8882067567E-01  7.5001415885E+00
  6.9852237533E-01  7.3457034369E+00
  7.0822407498E-01  7.1928163115E+00
  7.1792577464E-01  7.0419879212E+00
  7.2762747430E-01  6.8936769406E+00
  7.3732917396E-01  6.7483015428E+00
  7.4703087361E-01  6.6062461650E+00
  7.5673257327E-01  6.4678669662E+00
  7.6643427293E-01  6.3334963071E+00
  7.7613597258E-01  6.2034464798E+00
  7.8583767224E-01  6.0780128465E+00
  7.9553937190E-01  5.9574764824E+00
  8.0524107156E-01  5.8421063821E+00
  8.1494277121E-01  5.7321612553E+00
  8.2464447087E-01  5.6278909119E+00
  8.3434617053E-01  5.5295372285E+00
  8.4404787019E-01  5.4373346727E+00
  8.5374956984E-01  5.3515103667E+00
  8.6345126950E-01  5.2722836749E+00
  8.7315296916E-01  5.1998653126E+00
  8.8285466881E-01  5.1344559947E+00
  8.9255636847E-01  5.0762446631E+00
  9.0225806813E-01  5.0254063642E+00
  9.1195976779E-01  4.9820998718E+00
  9.2166146744E-01  4.9464651800E+00
  9.3136316710E-01  4.9186210085E+00
  9.4106486676E-01  4.8986624762E+00
  9.5076656642E-01  4.8866590951E+00
  9.6046826607E-01  4.8826532244E+00
  9.6046826607E-01  4.8826532244E+00
  9.6389833488E-01  4.8826330565E+00
  9.6732840369E-01  4.8825725742E+00
  9.7075847250E-01  4.8824718419E+00
  9.7418854131E-01  4.8823309665E+00
  9.7761861012E-01  4.8821500977E+00
  9.8104867892E-01  4.8819294274E+00
  9.8447874773E-01  4.8816691895E+00
  9.8790881654E-01  4.8813696599E+00
  9.9133888535E-01  4.8810311556E+00
  9.9476895416E-01  4.8806540342E+00
  9.9819902297E-01  4.8802386938E+00
  1.0016290918E+00  4.8797855720E+00
  1.0050591606E+00  4.8792951454E+00
  1.0084892294E+00  4.8787679289E+00
  1.0119192982E+00  4.8782044745E+00
  1.0153493670E+00  4.8776053710E+00
  1.0187794358E+00  4.8769712429E+00
  1.0222095046E+00  4.8763027491E+00
  1.0256395734E+00  4.8756005822E+00
  1.0290696422E+00  4.8748654674E+00
  1.0324997110E+00  4.8740981611E+00
  1.0359297799E+00  4.8732994501E+00
  1.0393598487E+00  4.8724701498E+00
  1.0427899175E+00  4.8716111034E+00
  1.0462199863E+00  4.8707231802E+00
  1.0496500551E+00  4.8698072744E+00
  1.0530801239E+00  4.8688643036E+00
  1.0565101927E+00  4.8678952069E+00
  1.0599402615E+00  4.8669009442E+00
  1.0633703303E+00  4.8658824936E+00
  1.0668003991E+00  4.8648408506E+00
  1.0702304679E+00  4.8637770258E+00
  1.0736605367E+00  4.8626920437E+00
  1.0770906056E+00  4.8615869405E+00
  1.0805206744E+00  4.8604627626E+00
  1.0839507432E+00  4.8593205647E+00
  1.0873808120E+00  4.8581614079E+00
  1.0908108808E+00  4.8569863580E+00
  1.0942409496E+00  4.8557964832E+00
  1.0976710184E+00  4.8545928527E+00
  1.1011010872E+00  4.8533765344E+00
  1.1045311560E+00  4.8521485929E+00
  1.1079612248E+00  4.8509100879E+00
  1.1113912936E+00  4.8496620717E+00
  1.1148213624E+00  4.8484055877E+00
  1.1182514313E+00  4.8471416679E+00
  1.1216815001E+00  4.8458713314E+00
  1.1251115689E+00  4.8445955819E+00
  1.1285416377E+00  4.8433154058E+00
  1.1319717065E+00  4.8420317707E+00
  1.1354017753E+00  4.8407456225E+00
  1.1388318441E+00  4.8394578841E+00
  1.1422619129E+00  4.8381694531E+00
  1.1456919817E+00  4.8756947087E+00
  1.1491220505E+00  4.9148694409E+00
  1.1525521193E+00  4.9543905729E+00
  1.1559821881E+00  4.9942465944E+00
  1.1594122570E+00  5.0344262051E+00
  1.1628423258E+00  5.0749183139E+00
  1.1662723946E+00  5.1157120365E+00
  1.1697024634E+00  5.1567966938E+00
  1.1731325322E+00  5.1981618094E+00
  1.1765626010E+00  5.2397971071E+00
  1.1799926698E+00  5.2816925087E+00
  1.1834227386E+00  5.3238381306E+00
  1.1868528074E+00  5.3662242811E+00
  1.1902828762E+00  5.4088414574E+00
  1.1937129450E+00  5.4516803424E+00
  1.1971430139E+00  5.4947318009E+00
  1.2005730827E+00  5.5379868773E+00
  1.2040031515E+00  5.5814367909E+00
  1.2074332203E+00  5.6250729336E+00
  1.2108632891E+00  5.6688868652E+00
  1.2142933579E+00  5.7128703109E+00
  1.2177234267E+00  5.7570151568E+00
  1.2211534955E+00  5.8013134467E+00
  1.2245835643E+00  5.8457573781E+00
  1.2280136331E+00  5.8903392988E+00
  1.2314437019E+00  5.9350517024E+00
  1.2348737707E+00  5.9798872255E+00
  1.2383038396E+00  6.0248386427E+00
  1.2417339084E+00  6.0698988635E+00
  1.2451639772E+00  6.1150609278E+00
  1.2485940460E+00  6.1603180024E+00
  1.2520241148E+00  6.2056633761E+00
  1.2554541836E+00  6.2510904563E+00
  1.2588842524E+00  6.2965927643E+00
  1.2623143212E+00  6.3421639312E+00
  1.2657443900E+00  6.3877976933E+00
  1.2691744588E+00  6.4334878878E+00
  1.2726045276E+00  6.4792284478E+00
  1.2760345964E+00  6.5250133981E+00
  1.2794646653E+00  6.5708368498E+00
  1.2828947341E+00  6.6166929955E+00
  1.2863248029E+00  6.6625761043E+00
  1.2897548717E+00  6.7084805162E+00
  1.2931849405E+00  6.7544006367E+00
  1.2966150093E+00  6.8003309310E+00
  1.3000450781E+00  6.8462659185E+00
  1.3000450781E+00  6.8462659185E+00
  1.3103352845E+00  6.9840449117E+00
  1.3206254910E+00  7.1216726854E+00
  1.3309156974E+00  7.2590060990E+00
  1.3412059038E+00  7.3959018053E+00
  1.3514961102E+00  7.5322141279E+00
  1.3617863167E+00  7.6677926506E+00
  1.3720765231E+00  7.8024794768E+00
  1.3823667295E+00  7.9361061117E+00
  1.3926569359E+00  8.0684899236E+00
  1.4029471424E+00  8.1994301376E+00
  1.4132373488E+00  8.3287033300E+00
  1.4235275552E+00  8.4560584052E+00
  1.4338177616E+00  8.5765959090E+00
  1.4441079681E+00  8.5721450337E+00
  1.4543981745E+00  8.5675090849E+00
  1.4646883809E+00  8.5627089722E+00
  1.4749785873E+00  8.5577662589E+00
  1.4852687938E+00  8.5527029275E+00
  1.4955590002E+00  8.5475411365E+00
  1.5058492066E+00  8.5423029735E+00
  1.5161394130E+00  8.5370102041E+00
  1.5264296195E+00  8.5316840220E+00
  1.5367198259E+00  8.5263448013E+00
  1.5470100323E+00  8.5210118542E+00
  1.5573002387E+00  8.5157031969E+00
  1.5675904452E+00  8.5104353265E+00
  1.5778806516E+00  8.5052230107E+00
  1.5881708580E+00  8.5000790932E+00
  1.5984610644E+00  8.4950143177E+00
  1.6087512709E+00  8.4900371707E+00
  1.6190414773E+00  8.4851537472E+00
  1.6293316837E+00  8.4803676391E+00
  1.6396218901E+00  8.4756798491E+00
  1.6499120966E+00  8.4710887305E+00
  1.6602023030E+00  8.4665899536E+00
  1.6704925094E+00  8.4621765005E+00
  1.6807827158E+00  8.4578386878E+00
  1.6910729223E+00  8.4535642181E+00
  1.7013631287E+00  8.4493382587E+00
  1.7116533351E+00  8.4451435504E+00
  1.7219435415E+00  8.4409605419E+00
  1.7322337480E+00  8.4367675522E+00
  1.7425239544E+00  8.4325409584E+00
  1.7528141608E+00  8.4282554082E+00
  1.7631043672E+00  8.4238840549E+00
  1.7733945737E+00  8.4193988148E+00
  1.7836847801E+00  8.4147706425E+00
  1.7939749865E+00  8.4099698248E+00
  1.8042651929E+00  8.4049662889E+00
  1.8145553994E+00  8.3997299228E+00
  1.8248456058E+00  8.3942309061E+00
  1.8351358122E+00  8.3830996673E+00
  1.8454260186E+00  8.2651434046E+00
  1.8557162251E+00  8.1438555271E+00
  1.8660064315E+00  8.0192694517E+00
  1.8762966379E+00  7.8914152191E+00
  1.8865868443E+00  7.7603207106E+00
  1.8968770508E+00  7.6260127164E+00
  1.9071672572E+00  7.4885178700E+00
  1.9174574636E+00  7.3478634591E+00
  1.9277476700E+00  7.2040781224E+00
  1.9380378765E+00  7.0571924410E+00
  1.9483280829E+00  6.9072394331E+00
  1.9586182893E+00  6.7542549580E+00
  1.9689084957E+00  6.5982780378E+00
  1.9791987022E+00  6.4393511014E+00
  1.9894889086E+00  6.2775201589E+00
  1.9997791150E+00  6.1128349109E+00
  2.0100693214E+00  5.9453487992E+00
  2.0203595279E+00  5.7751190050E+00
  2.0306497343E+00  5.6022063986E+00
  2.0409399407E+00  5.4266754478E+00
  2.0512301471E+00  5.2485940896E+00
  2.0615203536E+00  5.0680335704E+00
  2.0718105600E+00  4.8850682602E+00
  2.0821007664E+00  4.6997754459E+00
  2.0923909728E+00  4.5122351097E+00
  2.1026811793E+00  4.3225296971E+00
  2.1129713857E+00  4.1307438814E+00
  2.1232615921E+00  3.9369643292E+00
  2.1335517985E+00  3.7412794757E+00
  2.1438420050E+00  3.5437793149E+00
  2.1541322114E+00  3.3445552143E+00
  2.1644224178E+00  3.1436997627E+00
  2.1747126242E+00  2.9413066613E+00
  2.1850028307E+00  2.7374706715E+00
  2.1952930371E+00  2.5322876317E+00
  2.2055832435E+00  2.3258545649E+00
  2.2158734499E+00  2.1182699000E+00
  2.2261636564E+00  1.9096338538E+00
  2.2364538628E+00  1.7000490557E+00
  2.2467440692E+00  1.4896215984E+00
  2.2570342756E+00  1.2784629555E+00
  2.2673244821E+00  1.0666939393E+00
  2.2776146885E+00  8.5445427423E-01
  2.2879048949E+00  6.4193093091E-01
  2.2981951013E+00  4.2947052972E-01
  2.3084853078E+00  2.1834762944E-01
  2.3187755142E+00  4.5321277644E-02
  2.3187755142E+00  4.5321277644E-02
  2.3271774325E+00  1.6257369405E-01
  2.3355793509E+00  3.1548260221E-01
  2.3439812693E+00  4.7038603286E-01
  2.3523831876E+00  6.2568794657E-01
  2.3607851060E+00  7.8102105187E-01
  2.3691870244E+00  9.3623239845E-01
  2.3775889427E+00  1.0912318094E+00
  2.3859908611E+00  1.2459534993E+00
  2.3943927795E+00  1.4003431779E+00
  2.4027946978E+00  1.5543528202E+00
  2.4111966162E+00  1.7079382168E+00
  2.4195985345E+00  1.8610576744E+00
  2.4280004529E+00  2.0136712475E+00
  2.4364023713E+00  2.1657402391E+00
  2.4448042896E+00  2.3172268537E+00
  2.4532062080E+00  2.4680939434E+00
  2.4616081264E+00  2.6183048197E+00
  2.4700100447E+00  2.7678231130E+00
  2.4784119631E+00  2.9166126705E+00
  2.4868138814E+00  3.0646374856E+00
  2.4952157998E+00  3.2118616524E+00
  2.5036177182E+00  3.3582493424E+00
  2.5120196365E+00  3.5037647997E+00
  2.5204215549E+00  3.6483723499E+00
  2.5288234733E+00  3.7920364227E+00
  2.5372253916E+00  3.9347215840E+00
  2.5456273100E+00  4.0763925764E+00
  2.5540292284E+00  4.2170143671E+00
  2.5624311467E+00  4.3565522004E+00
  2.5708330651E+00  4.4949716562E+00
  2.5792349834E+00  4.6322387106E+00
  2.5876369018E+00  4.7683198012E+00
  2.5960388202E+00  4.9031818936E+00
  2.6044407385E+00  5.0367925507E+00
  2.6128426569E+00  5.1691200029E+00
  2.6212445753E+00  5.3001332203E+00
  2.6296464936E+00  5.4298019849E+00
  2.6380484120E+00  5.5580969634E+00
  2.6464503303E+00  5.6849897798E+00
  2.6548522487E+00  5.8104530877E+00
  2.6632541671E+00  5.9344606417E+00
  2.6716560854E+00  6.0569873665E+00
  2.6800580038E+00  6.1780094247E+00
  2.6884599222E+00  6.2975042815E+00
  2.6968618405E+00  6.4154507658E+00
  2.7052637589E+00  6.5318291271E+00
  2.7136656772E+00  6.6466210876E+00
  2.7220675956E+00  6.7598098878E+00
  2.7304695140E+00  6.8713803252E+00
  2.7388714323E+00  6.9813187854E+00
  2.7472733507E+00  7.0896132634E+00
  2.7556752691E+00  7.1962533743E+00
  2.7640771874E+00  7.3012303525E+00
  2.7724791058E+00  7.4045370378E+00
  2.7808810242E+00  7.5061678460E+00
  2.7892829425E+00  7.6061187238E+00
  2.7976848609E+00  7.7043870852E+00
  2.8060867792E+00  7.8009717277E+00
  2.8144886976E+00  7.8958727277E+00
  2.8228906160E+00  7.9890913108E+00
  2.8312925343E+00  8.0806296975E+00
  2.8396944527E+00  8.1704909199E+00
  2.8480963711E+00  8.2586786092E+00
  2.8564982894E+00  8.3451967505E+00
  2.8649002078E+00  8.4300494032E+00
  2.8733021261E+00  8.5132403849E+00
  2.8817040445E+00  8.5947729169E+00
  2.8901059629E+00  8.6380514541E+00
  2.8985078812E+00  8.6441582222E+00
  2.9069097996E+00  8.6496678078E+00
  2.9153117180E+00  8.6545664190E+00
  2.9237136363E+00  8.6588414514E+00
  2.9321155547E+00  8.6624816767E+00
  2.9405174731E+00  8.6654774616E+00
  2.9489193914E+00  8.6678210240E+00
  2.9573213098E+00  8.6695067325E+00
  2.9657232281E+00  8.6705314575E+00
  2.9741251465E+00  8.6708949830E+00
  2.9825270649E+00  8.6706004899E+00
  2.9909289832E+00  8.6696551240E+00
  2.9993309016E+00  8.6680706611E+00
  3.0077328200E+00  8.6658642852E+00
  3.0161347383E+00  8.6630594947E+00
  3.0245366567E+00  8.6596871482E+00
  3.0329385750E+00  8.6557866575E+00
  3.0413404934E+00  8.6514073243E+00
  3.0497424118E+00  8.6466097958E+00
  3.0581443301E+00  8.6414675811E+00
  3.0665462485E+00  8.6360685199E+00
  3.0749481669E+00  8.6305160162E+00
  3.0833500852E+00  8.6249297503E+00
  3.0917520036E+00  8.6194454600E+00
  3.1001539220E+00  8.6142132626E+00
  3.1085558403E+00  8.6093939270E+00
  3.1169577587E+00  8.6051525774E+00
  3.1253596770E+00  8.6016496152E+00
  3.1337615954E+00  8.5990292550E+00
  3.1421635138E+00  8.5974069077E+00
  3.1505654321E+00  8.5968574644E+00
  3.1505654321E+00  8.5968574644E+00
  3.1574255697E+00  8.5966199154E+00
  3.1642857074E+00  8.5959098753E+00
  3.1711458450E+00  8.5947351077E+00
  3.1780059826E+00  8.5931083657E+00
  3.1848661202E+00  8.5910471152E+00
  3.1917262578E+00  8.5885731549E+00
  3.1985863954E+00  8.5857121401E+00
  3.2054465331E+00  8.5824930226E+00
  3.2123066707E+00  8.5789474193E+00
  3.2191668083E+00  8.5751089301E+00
  3.2260269459E+00  8.5710124252E+00
  3.2328870835E+00  8.5666933263E+00
  3.2397472211E+00  8.5621869082E+00
  3.2466073588E+00  8.5575276445E+00
  3.2534674964E+00  8.5527486223E+00
  3.2603276340E+00  8.5478810431E+00
  3.2671877716E+00  8.5429538257E+00
  3.2740479092E+00  8.5379933171E+00
  3.2809080468E+00  8.5330231139E+00
  3.2877681845E+00  8.5280639886E+00
  3.2946283221E+00  8.5231339108E+00
  3.3014884597E+00  8.5182481496E+00
  3.3083485973E+00  8.5134194418E+00
  3.3152087349E+00  8.5086582076E+00
  3.3220688725E+00  8.5039727999E+00
  3.3289290102E+00  8.4993697694E+00
  3.3357891478E+00  8.4948541360E+00
  3.3426492854E+00  8.4904296540E+00
  3.3495094230E+00  8.4860990647E+00
  3.3563695606E+00  8.4818643304E+00
  3.3632296982E+00  8.4777268470E+00
  3.3700898359E+00  8.4736876330E+00
  3.3769499735E+00  8.4697474954E+00
  3.3838101111E+00  8.4659071721E+00
  3.3906702487E+00  8.4621674531E+00
  3.3975303863E+00  8.4585292817E+00
  3.4043905240E+00  8.4549938375E+00
  3.4112506616E+00  8.4515626037E+00
  3.4181107992E+00  8.4482374199E+00
  3.4249709368E+00  8.4450205230E+00
  3.4318310744E+00  8.4419145770E+00
  3.4386912120E+00  8.4389226939E+00
  3.4455513497E+00  8.4360484461E+00
  3.4524114873E+00  8.4332958717E+00
  3.4592716249E+00  8.4306694747E+00
  3.4661317625E+00  8.4281742179E+00
  3.4729919001E+00  8.4258155128E+00
  3.4798520377E+00  8.4235992029E+00
  3.4867121754E+00  8.4215315450E+00
  3.4935723130E+00  8.4196191839E+00
  3.5004324506E+00  8.4178691251E+00
  3.5072925882E+00  8.4162887020E+00
  3.5141527258E+00  8.4148855400E+00
  3.5210128634E+00  8.4136675148E+00
  3.5278730011E+00  8.4126427077E+00
  3.5347331387E+00  8.4118193549E+00
  3.5415932763E+00  8.4112057918E+00
  3.5484534139E+00  8.4108103920E+00
  3.5553135515E+00  8.4106414996E+00
  3.5621736891E+00  8.4107073552E+00
  3.5690338268E+00  8.4110160151E+00
  3.5758939644E+00  8.4115752621E+00
  3.5827541020E+00  8.4123925084E+00
  3.5896142396E+00  8.4134746899E+00
  3.5964743772E+00  8.4148281501E+00
  3.6033345148E+00  8.4164585144E+00
  3.6101946525E+00  8.4183705533E+00
  3.6170547901E+00  8.4205680347E+00
  3.6239149277E+00  8.4230535633E+00
  3.6307750653E+00  8.4258284089E+00
  3.6376352029E+00  8.4288923216E+00
  3.6444953405E+00  8.4322433347E+00
  3.6513554782E+00  8.4358775561E+00
  3.6582156158E+00  8.4397889480E+00
  3.6650757534E+00  8.4439690981E+00
  3.6719358910E+00  8.4484069827E+00
  3.6787960286E+00  8.4530887268E+00
  3.6856561662E+00  8.4579973639E+00
  3.6925163039E+00  8.4631126038E+00
  3.6993764415E+00  8.4684106139E+00
  3.7062365791E+00  8.4738638255E+00
  3.7130967167E+00  8.4794407761E+00
  3.7199568543E+00  8.4851060042E+00
  3.7268169919E+00  8.4908200111E+00
  3.7336771296E+00  8.4965393112E+00
  3.7405372672E+00  8.5022165920E+00
  3.7473974048E+00  8.5078010049E+00
  3.7542575424E+00  8.5132386084E+00
  3.7611176800E+00  8.5184729841E+00
  3.7679778176E+00  8.5234460364E+00
  3.7748379553E+00  8.5280989821E+00
  3.7816980929E+00  8.5323735228E+00
  3.7885582305E+00  8.5362131758E+00
  3.7954183681E+00  8.5395647256E+00
  3.8022785057E+00  8.5423797362E+00
  3.8091386433E+00  8.5446160517E+00
  3.8159987810E+00  8.5462391981E+00
  3.8228589186E+00  8.5472235962E+00
  3.8297190562E+00  8.5475535009E+00
  3.8297190562E+00  8.5475535009E+00
  3.8345699060E+00  8.5468669742E+00
  3.8394207558E+00  8.5462062435E+00
  3.8442716057E+00  8.5455704413E+00
  3.8491224555E+00  8.5449585048E+00
  3.8539733053E+00  8.5443691798E+00
  3.8588241552E+00  8.5438010260E+00
  3.8636750050E+00  8.5432524223E+00
  3.8685258548E+00  8.5427215738E+00
  3.8733767046E+00  8.5422065189E+00
  3.8782275545E+00  8.5417051383E+00
  3.8830784043E+00  8.5412151629E+00
  3.8879292541E+00  8.5407341846E+00
  3.8927801040E+00  8.5402596660E+00
  3.8976309538E+00  8.5397889518E+00
  3.9024818036E+00  8.5393192804E+00
  3.9073326534E+00  8.5388477958E+00
  3.9121835033E+00  8.5383715605E+00
  3.9170343531E+00  8.5378875690E+00
  3.9218852029E+00  8.5373927604E+00
  3.9267360528E+00  8.5323455542E+00
  3.9315869026E+00  8.4682331564E+00
  3.9364377524E+00  8.4030801365E+00
  3.9412886022E+00  8.3369434036E+00
  3.9461394521E+00  8.2698754905E+00
  3.9509903019E+00  8.2019252769E+00
  3.9558411517E+00  8.1331385802E+00
  3.9606920016E+00  8.0635586393E+00
  3.9655428514E+00  7.9932265155E+00
  3.9703937012E+00  7.9221814271E+00
  3.9752445510E+00  7.8504610305E+00
  3.9800954009E+00  7.7781016598E+00
  3.9849462507E+00  7.7051385320E+00
  3.9897971005E+00  7.6316059261E+00
  3.9946479504E+00  7.5575373400E+00
  3.9994988002E+00  7.4829656305E+00
  4.0043496500E+00  7.4079231391E+00
  4.0092004998E+00  7.3324418082E+00
  4.0140513497E+00  7.2565532870E+00
  4.0189021995E+00  7.1802890324E+00
  4.0237530493E+00  7.1036804040E+00
  4.0286038992E+00  7.0267587553E+00
  4.0334547490E+00  6.9495555229E+00
  4.0383055988E+00  6.8721023133E+00
  4.0431564486E+00  6.7944309889E+00
  4.0480072985E+00  6.7165737539E+00
  4.0528581483E+00  6.6385632398E+00
  4.0577089981E+00  6.5604325923E+00
  4.0625598480E+00  6.4822155585E+00
  4.0674106978E+00  6.4039465759E+00
  4.0722615476E+00  6.3256608628E+00
  4.0771123974E+00  6.2473945104E+00
  4.0819632473E+00  6.1691845774E+00
  4.0868140971E+00  6.0910691856E+00
  4.0916649469E+00  6.0130876189E+00
  4.0965157968E+00  5.9352804234E+00
  4.1013666466E+00  5.8576895102E+00
  4.1062174964E+00  5.7803582598E+00
  4.1110683462E+00  5.7033316282E+00
  4.1159191961E+00  5.6266562549E+00
  4.1207700459E+00  5.5503805714E+00
  4.1256208957E+00  5.4745549107E+00
  4.1304717456E+00  5.3992316162E+00
  4.1353225954E+00  5.3244651506E+00
  4.1401734452E+00  5.2503122020E+00
  4.1450242950E+00  5.1768317880E+00
  4.1498751449E+00  5.1040853548E+00
  4.1547259947E+00  5.0321368708E+00
  4.1595768445E+00  4.9610529125E+00
  4.1644276944E+00  4.8909027400E+00
  4.1692785442E+00  4.8585566937E+00
  4.1741293940E+00  4.8596600924E+00
  4.1789802438E+00  4.8607867134E+00
  4.1838310937E+00  4.8619321354E+00
  4.1886819435E+00  4.8630917285E+00
  4.1935327933E+00  4.8642606865E+00
  4.1983836432E+00  4.8654340598E+00
  4.2032344930E+00  4.8666067889E+00
  4.2080853428E+00  4.8677737366E+00
  4.2129361927E+00  4.8689297219E+00
  4.2177870425E+00  4.8700695518E+00
  4.2226378923E+00  4.8711880540E+00
  4.2274887421E+00  4.8722801079E+00
  4.2323395920E+00  4.8733406758E+00
  4.2371904418E+00  4.8743648326E+00
  4.2420412916E+00  4.8753477945E+00
  4.2468921415E+00  4.8762849473E+00
  4.2517429913E+00  4.8771718723E+00
  4.2565938411E+00  4.8780043717E+00
  4.2614446909E+00  4.8787784924E+00
  4.2662955408E+00  4.8794905480E+00
  4.2711463906E+00  4.8801371392E+00
  4.2759972404E+00  4.8807151729E+00
  4.2808480903E+00  4.8812218791E+00
  4.2856989401E+00  4.8816548256E+00
  4.2905497899E+00  4.8820119322E+00
  4.2954006397E+00  4.8822914809E+00
  4.3002514896E+00  4.8824921261E+00
  4.3051023394E+00  4.8826129012E+00
  4.3099531892E+00  4.8826532244E+00

  0.0000000000E+00  7.9039473103E+00
  9.7016996573E-03  7.9044291028E+00
  1.9403399315E-02  7.9058701131E+00
  2.9105098972E-02  7.9082573032E+00
  3.8806798629E-02  7.9115691508E+00
  4.8508498287E-02  7.9157759592E+00
  5.8210197944E-02  7.9208402811E+00
  6.7911897601E-02  7.9267174514E+00
  7.7613597258E-02  7.9333562188E+00
  8.7315296916E-02  7.9406994643E+00
  9.7016996573E-02  7.9486849964E+00
  1.0671869623E-01  7.9572464063E+00
  1.1642039589E-01  7.9663139717E+00
  1.2612209554E-01  7.9758155928E+00
  1.3582379520E-01  7.9856777458E+00
  1.4552549486E-01  7.9958264387E+00
  1.5522719452E-01  8.0061881559E+00
  1.6492889417E-01  8.0166907752E+00
  1.7463059383E-01  8.0272644467E+00
  1.8433229349E-01  8.0378424194E+00
  1.9403399315E-01  8.0483618049E+00
  2.0373569280E-01  8.0587642689E+00
  2.1343739246E-01  8.0689966408E+00
  2.2313909212E-01  8.0790114355E+00
  2.3284079178E-01  8.0887672811E+00
  2.4254249143E-01  8.0982292479E+00
  2.5224419109E-01  8.1073690776E+00
  2.6194589075E-01  8.1161653094E+00
  2.7164759040E-01  8.1246033043E+00
  2.8134929006E-01  8.1326751702E+00
  2.9105098972E-01  8.1403795881E+00
  3.0075268938E-01  8.1477215460E+00
  3.1045438903E-01  8.1547119852E+00
  3.2015608869E-01  8.1613673652E+00
  3.2985778835E-01  8.1677091556E+00
  3.3955948801E-01  8.1737632625E+00
  3.4926118766E-01  8.1795594002E+00
  3.5896288732E-01  8.1851304178E+00
  3.6866458698E-01  8.1905115910E+00
  3.7836628663E-01  8.1957398911E+00
  3.8806798629E-01  8.2008532425E+00
  3.9776968595E-01  8.2058897803E+00
  4.0747138561E-01  8.2108871192E+00
  4.1717308526E-01  8.2158816456E+00
  4.2687478492E-01  8.2209078437E+00
  4.3657648458E-01  8.2259976660E+00
  4.4627818424E-01  8.2311799571E+00
  4.5597988389E-01  8.2364799402E+00
  4.6568158355E-01  8.2419187743E+00
  4.7538328321E-01  8.2475131867E+00
  4.8508498287E-01  8.2532751880E+00
  4.9478668252E-01  8.2592118722E+00
  5.0448838218E-01  8.2653253044E+00
  5.1419008184E-01  8.2716124974E+00
  5.2389178149E-01  8.2780654759E+00
  5.3359348115E-01  8.2846714271E+00
  5.4329518081E-01  8.2914129336E+00
  5.5299688047E-01  8.2982682847E+00
  5.6269858012E-01  8.3052118594E+00
  5.7240027978E-01  8.3122145735E+00
  5.8210197944E-01  8.3192443847E+00
  5.9180367910E-01  8.3262668444E+00
  6.0150537875E-01  8.3332456878E+00
  6.1120707841E-01  8.3401434515E+00
  6.2090877807E-01  8.3469221089E+00
  6.3061047772E-01  8.3535437111E+00
  6.4031217738E-01  8.3599710241E+00
  6.5001387704E-01  8.3661681503E+00
  6.5971557670E-01  8.3721011252E+00
  6.6941727635E-01  8.3777384789E+00
  6.7911897601E-01  8.3830517535E+00
  6.8882067567E-01  8.3880159679E+00
  6.9852237533E-01  8.3926100233E+00
  7.0822407498E-01  8.3968170421E+00
  7.1792577464E-01  8.4006246355E+00
  7.2762747430E-01  8.4040250958E+00
  7.3732917396E-01  8.4070155102E+00
  7.4703087361E-01  8.4095977948E+00
  7.5673257327E-01  8.4117786473E+00
  7.6643427293E-01  8.4135694216E+00
  7.7613597258E-01  8.4149859237E+00
  7.8583767224E-01  8.4160481337E+00
  7.9553937190E-01  8.4167798591E+00
  8.0524107156E-01  8.4172083229E+00
  8.1494277121E-01  8.4173636950E+00
  8.2464447087E-01  8.4172785738E+00
  8.3434617053E-01  8.4169874266E+00
  8.4404787019E-01  8.4165259982E+00
  8.5374956984E-01  8.4159306964E+00
  8.6345126950E-01  8.4152379669E+00
  8.7315296916E-01  8.4144836656E+00
  8.8285466881E-01  8.4137024414E+00
  8.9255636847E-01  8.4129271378E+00
  9.0225806813E-01  8.4121882254E+00
  9.1195976779E-01  8.4115132749E+00
  9.2166146744E-01  8.4109264788E+00
  9.3136316710E-01  8.4104482321E+00
  9.4106486676E-01  8.4100947775E+00
  9.5076656642E-01  8.4098779231E+00
  9.6046826607E-01  8.4098048372E+00
  9.6046826607E-01  8.4098048372E+00
  9.6389833488E-01  8.4098559546E+00
  9.6732840369E-01  8.4100092771E+00
  9.7075847250E-01  8.4102647163E+00
  9.7418854131E-01  8.4106221245E+00
  9.7761861012E-01  8.4110812952E+00
  9.8104867892E-01  8.4116419631E+00
  9.8447874773E-01  8.4123038043E+00
  9.8790881654E-01  8.4130664365E+00
  9.9133888535E-01  8.4139294191E+00
  9.9476895416E-01  8.4148922537E+00
  9.9819902297E-01  8.4159543842E+00
  1.0016290918E+00  8.4171151974E+00
  1.0050591606E+00  8.4183740229E+00
  1.0084892294E+00  8.4197301341E+00
  1.0119192982E+00  8.4211827483E+00
  1.0153493670E+00  8.4227310270E+00
  1.0187794358E+00  8.4243740770E+00
  1.0222095046E+00  8.4261109502E+00
  1.0256395734E+00  8.4279406448E+00
  1.0290696422E+00  8.4298621056E+00
  1.0324997110E+00  8.4318742246E+00
  1.0359297799E+00  8.4339758418E+00
  1.0393598487E+00  8.4361657458E+00
  1.0427899175E+00  8.4384426745E+00
  1.0462199863E+00  8.4408053161E+00
  1.0496500551E+00  8.4432523094E+00
  1.0530801239E+00  8.4457822449E+00
  1.0565101927E+00  8.4483936658E+00
  1.0599402615E+00  8.4510850684E+00
  1.0633703303E+00  8.4538549031E+00
  1.0668003991E+00  8.4567015758E+00
  1.0702304679E+00  8.4596234479E+00
  1.0736605367E+00  8.4626188381E+00
  1.0770906056E+00  8.4656860227E+00
  1.0805206744E+00  8.4688232371E+00
  1.0839507432E+00  8.4720286762E+00
  1.0873808120E+00  8.4753004961E+00
  1.0908108808E+00  8.4786368146E+00
  1.0942409496E+00  8.4820357122E+00
  1.0976710184E+00  8.4854952337E+00
  1.1011010872E+00  8.4890133886E+00
  1.1045311560E+00  8.4925881525E+00
  1.1079612248E+00  8.4962174683E+00
  1.1113912936E+00  8.4998992471E+00
  1.1148213624E+00  8.5036313692E+00
  1.1182514313E+00  8.5074116855E+00
  1.1216815001E+00  8.5112380184E+00
  1.1251115689E+00  8.5151081629E+00
  1.1285416377E+00  8.5190198881E+00
  1.1319717065E+00  8.5229709378E+00
  1.1354017753E+00  8.5269590318E+00
  1.1388318441E+00  8.5309818674E+00
  1.1422619129E+00  8.5350371202E+00
  1.1456919817E+00  8.5391224450E+00
  1.1491220505E+00  8.5432354775E+00
  1.1525521193E+00  8.5473738352E+00
  1.1559821881E+00  8.5515351184E+00
  1.1594122570E+00  8.5557169114E+00
  1.1628423258E+00  8.5599167837E+00
  1.1662723946E+00  8.5641322913E+00
  1.1697024634E+00  8.5683609772E+00
  1.1731325322E+00  8.5726003734E+00
  1.1765626010E+00  8.5768480012E+00
  1.1799926698E+00  8.5811013727E+00
  1.1834227386E+00  8.5853579921E+00
  1.1868528074E+00  8.5896153561E+00
  1.1902828762E+00  8.5938709558E+00
  1.1937129450E+00  8.5981222772E+00
  1.1971430139E+00  8.6023668023E+00
  1.2005730827E+00  8.6035502819E+00
  1.2040031515E+00  8.6041516746E+00
  1.2074332203E+00  8.6047333666E+00
  1.2108632891E+00  8.6052945659E+00
  1.2142933579E+00  8.6058344945E+00
  1.2177234267E+00  8.6063523886E+00
  1.2211534955E+00  8.6068474995E+00
  1.2245835643E+00  8.6073190944E+00
  1.2280136331E+00  8.6077664567E+00
  1.2314437019E+00  8.6081888872E+00
  1.2348737707E+00  8.6085857043E+00
  1.2383038396E+00  8.6089562449E+00
  1.2417339084E+00  8.6092998647E+00
  1.2451639772E+00  8.6096159393E+00
  1.2485940460E+00  8.6099038644E+00
  1.2520241148E+00  8.6101630565E+00
  1.2554541836E+00  8.6103929532E+00
  1.2588842524E+00  8.6105930144E+00
  1.2623143212E+00  8.6107627219E+00
  1.2657443900E+00  8.6109015807E+00
  1.2691744588E+00  8.6110091191E+00
  1.2726045276E+00  8.6110848889E+00
  1.2760345964E+00  8.6111284665E+00
  1.2794646653E+00  8.6111394526E+00
  1.2828947341E+00  8.6111174732E+00
  1.2863248029E+00  8.6110621795E+00
  1.2897548717E+00  8.6109732484E+00
  1.2931849405E+00  8.6108503829E+00
  1.2966150093E+00  8.6106933123E+00
  1.3000450781E+00  8.6105017923E+00
  1.3000450781E+00  8.6105017923E+00
  1.3103352845E+00  8.6097184986E+00
  1.3206254910E+00  8.6086189678E+00
  1.3309156974E+00  8.6072010254E+00
  1.3412059038E+00  8.6054647402E+00
  1.3514961102E+00  8.6034124225E+00
  1.3617863167E+00  8.6010486012E+00
  1.3720765231E+00  8.5983799798E+00
  1.3823667295E+00  8.5954153706E+00
  1.3926569359E+00  8.5921656081E+00
  1.4029471424E+00  8.5886434416E+00
  1.4132373488E+00  8.5848634071E+00
  1.4235275552E+00  8.5808416799E+00
  1.4338177616E+00  8.5812110763E+00
  1.4441079681E+00  8.7038379271E+00
  1.4543981745E+00  8.7325994771E+00
  1.4646883809E+00  8.7245499092E+00
  1.4749785873E+00  8.7152713605E+00
  1.4852687938E+00  8.7047893687E+00
  1.4955590002E+00  8.6931441884E+00
  1.5058492066E+00  8.6803939486E+00
  1.5161394130E+00  8.6666185721E+00
  1.5264296195E+00  8.6519245680E+00
  1.5367198259E+00  8.6364507386E+00
  1.5470100323E+00  8.6203746871E+00
  1.5573002387E+00  8.6039196764E+00
  1.5675904452E+00  8.5873607974E+00
  1.5778806516E+00  8.5710284496E+00
  1.5881708580E+00  8.5553058646E+00
  1.5984610644E+00  8.5406161844E+00
  1.6087512709E+00  8.5273945102E+00
  1.6190414773E+00  8.5160430290E+00
  1.6293316837E+00  8.5068740561E+00
  1.6396218901E+00  8.5000548961E+00
  1.6499120966E+00  8.4955737924E+00
  1.6602023030E+00  8.4932412671E+00
  1.6704925094E+00  8.4927265291E+00
  1.6807827158E+00  8.4936141725E+00
  1.6910729223E+00  8.4954617895E+00
  1.7013631287E+00  8.4978447904E+00
  1.7116533351E+00  8.5003838899E+00
  1.7219435415E+00  8.5027573979E+00
  1.7322337480E+00  8.5047030507E+00
  1.7425239544E+00  8.5060139339E+00
  1.7528141608E+00  8.5065317843E+00
  1.7631043672E+00  8.5061396624E+00
  1.7733945737E+00  8.5047550252E+00
  1.7836847801E+00  8.5023236332E+00
  1.7939749865E+00  8.4988144007E+00
  1.8042651929E+00  8.4942151353E+00
  1.8145553994E+00  8.4885290551E+00
  1.8248456058E+00  8.4817719529E+00
  1.8351358122E+00  8.3884400471E+00
  1.8454260186E+00  8.3823291243E+00
  1.8557162251E+00  8.3758712289E+00
  1.8660064315E+00  8.3690411054E+00
  1.8762966379E+00  8.3618154868E+00
  1.8865868443E+00  8.3541734215E+00
  1.8968770508E+00  8.3460965898E+00
  1.9071672572E+00  8.3375696041E+00
  1.9174574636E+00  8.3285802939E+00
  1.9277476700E+00  8.3191199684E+00
  1.9380378765E+00  8.3091836568E+00
  1.9483280829E+00  8.2987703226E+00
  1.9586182893E+00  8.2878830490E+00
  1.9689084957E+00  8.2765291934E+00
  1.9791987022E+00  8.2647205086E+00
  1.9894889086E+00  8.2524732287E+00
  1.9997791150E+00  8.2398081181E+00
  2.0100693214E+00  8.2267504810E+00
  2.0203595279E+00  8.2132719503E+00
  2.0306497343E+00  8.1959361177E+00
  2.0409399407E+00  8.1787021332E+00
  2.0512301471E+00  8.1616245206E+00
  2.0615203536E+00  8.1447560414E+00
  2.0718105600E+00  8.1281476086E+00
  2.0821007664E+00  8.1118482141E+00
  2.0923909728E+00  8.0959048673E+00
  2.1026811793E+00  8.0803625450E+00
  2.1129713857E+00  8.0652641521E+00
  2.1232615921E+00  8.0506504915E+00
  2.1335517985E+00  8.0365602435E+00
  2.1438420050E+00  8.0230299536E+00
  2.1541322114E+00  8.0100940280E+00
  2.1644224178E+00  7.9977847356E+00
  2.1747126242E+00  7.9861322172E+00
  2.1850028307E+00  7.9751644988E+00
  2.1952930371E+00  7.9649075102E+00
  2.2055832435E+00  7.9553851074E+00
  2.2158734499E+00  7.9466190972E+00
  2.2261636564E+00  7.9386292639E+00
  2.2364538628E+00  7.9314333979E+00
  2.2467440692E+00  7.9250473234E+00
  2.2570342756E+00  7.9194849263E+00
  2.2673244821E+00  7.9147581804E+00
  2.2776146885E+00  7.9108771722E+00
  2.2879048949E+00  7.9078501223E+00
  2.2981951013E+00  7.9056834045E+00
  2.3084853078E+00  7.9043815604E+00
  2.3187755142E+00  7.9039473103E+00
  2.3187755142E+00  7.9039473103E+00
  2.3271774325E+00  7.9042608338E+00
  2.3355793509E+00  7.9052008131E+00
  2.3439812693E+00  7.9067654758E+00
  2.3523831876E+00  7.9089518753E+00
  2.3607851060E+00  7.9117559011E+00
  2.3691870244E+00  7.9151722927E+00
  2.3775889427E+00  7.9191946588E+00
  2.3859908611E+00  7.9238154990E+00
  2.3943927795E+00  7.9290262298E+00
  2.4027946978E+00  7.9348172133E+00
  2.4111966162E+00  7.9411777903E+00
  2.4195985345E+00  7.9480963149E+00
  2.4280004529E+00  7.9555601926E+00
  2.4364023713E+00  7.9635559203E+00
  2.4448042896E+00  7.9720691288E+00
  2.4532062080E+00  7.9810846264E+00
  2.4616081264E+00  7.9905864442E+00
  2.4700100447E+00  8.0005578829E+00
  2.4784119631E+00  8.0109815594E+00
  2.4868138814E+00  8.0218394543E+00
  2.4952157998E+00  8.0331129602E+00
  2.5036177182E+00  8.0447829283E+00
  2.5120196365E+00  8.0568297159E+00
  2.5204215549E+00  8.0692332321E+00
  2.5288234733E+00  8.0819729836E+00
  2.5372253916E+00  8.0950281179E+00
  2.5456273100E+00  8.1083774661E+00
  2.5540292284E+00  8.1219995835E+00
  2.5624311467E+00  8.1358727883E+00
  2.5708330651E+00  8.1499751985E+00
  2.5792349834E+00  8.1642847668E+00
  2.5876369018E+00  8.1787793129E+00
  2.5960388202E+00  8.1934365535E+00
  2.6044407385E+00  8.2082341305E+00
  2.6128426569E+00  8.2231496361E+00
  2.6212445753E+00  8.2381606363E+00
  2.6296464936E+00  8.2532446913E+00
  2.6380484120E+00  8.2683793744E+00
  2.6464503303E+00  8.2835422881E+00
  2.6548522487E+00  8.2987110785E+00
  2.6632541671E+00  8.3138634476E+00
  2.6716560854E+00  8.3289771640E+00
  2.6800580038E+00  8.3440300715E+00
  2.6884599222E+00  8.3590000971E+00
  2.6968618405E+00  8.3738652565E+00
  2.7052637589E+00  8.3886036602E+00
  2.7136656772E+00  8.4031935172E+00
  2.7220675956E+00  8.4176131395E+00
  2.7304695140E+00  8.4318409456E+00
  2.7388714323E+00  8.4458554641E+00
  2.7472733507E+00  8.4596353383E+00
  2.7556752691E+00  8.4731593304E+00
  2.7640771874E+00  8.4864063278E+00
  2.7724791058E+00  8.4993553497E+00
  2.7808810242E+00  8.5119855566E+00
  2.7892829425E+00  8.5242762611E+00
  2.7976848609E+00  8.5362069414E+00
  2.8060867792E+00  8.5477572580E+00
  2.8144886976E+00  8.5589070741E+00
  2.8228906160E+00  8.5696364801E+00
  2.8312925343E+00  8.5799258223E+00
  2.8396944527E+00  8.5897557375E+00
  2.8480963711E+00  8.5991071943E+00
  2.8564982894E+00  8.6079615402E+00
  2.8649002078E+00  8.6163005582E+00
  2.8733021261E+00  8.6241065319E+00
  2.8817040445E+00  8.6313623220E+00
  2.8901059629E+00  8.6380514541E+00
  2.8985078812E+00  8.6441582222E+00
  2.9069097996E+00  8.6496678078E+00
  2.9153117180E+00  8.6545664190E+00
  2.9237136363E+00  8.6588414514E+00
  2.9321155547E+00  8.6624816767E+00
  2.9405174731E+00  8.6654774616E+00
  2.9489193914E+00  8.6678210240E+00
  2.9573213098E+00  8.6695067325E+00
  2.9657232281E+00  8.6705314575E+00
  2.9741251465E+00  8.6708949830E+00
  2.9825270649E+00  8.6706004899E+00
  2.9909289832E+00  8.6696551240E+00
  2.9993309016E+00  8.6680706611E+00
  3.0077328200E+00  8.6658642852E+00
  3.0161347383E+00  8.6630594947E+00
  3.0245366567E+00  8.6596871482E+00
  3.0329385750E+00  8.6557866575E+00
  3.0413404934E+00  8.6514073243E+00
  3.0497424118E+00  8.6466097958E+00
  3.0581443301E+00  8.6414675811E+00
  3.0665462485E+00  8.6360685199E+00
  3.0749481669E+00  8.6305160162E+00
  3.0833500852E+00  8.6249297503E+00
  3.0917520036E+00  8.6194454600E+00
  3.1001539220E+00  8.6142132626E+00
  3.1085558403E+00  8.6093939270E+00
  3.1169577587E+00  8.6051525774E+00
  3.1253596770E+00  8.6016496152E+00
  3.1337615954E+00  8.5990292550E+00
  3.1421635138E+00  8.5974069077E+00
  3.1505654321E+00  8.5968574644E+00
  3.1505654321E+00  8.5968574644E+00
  3.1574255697E+00  8.5971521055E+00
  3.1642857074E+00  8.5980274683E+00
  3.1711458450E+00  8.5994585858E+00
  3.1780059826E+00  8.6014061088E+00
  3.1848661202E+00  8.6038193024E+00
  3.1917262578E+00  8.6066395626E+00
  3.1985863954E+00  8.6098039924E+00
  3.2054465331E+00  8.6132486604E+00
  3.2123066707E+00  8.6169112968E+00
  3.2191668083E+00  8.6207333184E+00
  3.2260269459E+00  8.6246611869E+00
  3.2328870835E+00  8.6286471742E+00
  3.2397472211E+00  8.6326496500E+00
  3.2466073588E+00  8.6366330113E+00
  3.2534674964E+00  8.6405673652E+00
  3.2603276340E+00  8.6444280591E+00
  3.2671877716E+00  8.6481951300E+00
  3.2740479092E+00  8.6518527258E+00
  3.2809080468E+00  8.6553885353E+00
  3.2877681845E+00  8.6587932499E+00
  3.2946283221E+00  8.6620600690E+00
  3.3014884597E+00  8.6651842583E+00
  3.3083485973E+00  8.6681627592E+00
  3.3152087349E+00  8.6709938509E+00
  3.3220688725E+00  8.6736768597E+00
  3.3289290102E+00  8.6762119123E+00
  3.3357891478E+00  8.6785997285E+00
  3.3426492854E+00  8.6808414473E+00
  3.3495094230E+00  8.6829384845E+00
  3.3563695606E+00  8.6848924136E+00
  3.3632296982E+00  8.6867048713E+00
  3.3700898359E+00  8.6883774788E+00
  3.3769499735E+00  8.6899117811E+00
  3.3838101111E+00  8.6913091977E+00
  3.3906702487E+00  8.6925709849E+00
  3.3975303863E+00  8.6936982070E+00
  3.4043905240E+00  8.6946917152E+00
  3.4112506616E+00  8.6955521328E+00
  3.4181107992E+00  8.6962798449E+00
  3.4249709368E+00  8.6968749932E+00
  3.4318310744E+00  8.6973374744E+00
  3.4386912120E+00  8.6976669414E+00
  3.4455513497E+00  8.6978628074E+00
  3.4524114873E+00  8.6979242526E+00
  3.4592716249E+00  8.6978502332E+00
  3.4661317625E+00  8.6976394924E+00
  3.4729919001E+00  8.6972905745E+00
  3.4798520377E+00  8.6968018400E+00
  3.4867121754E+00  8.6961714850E+00
  3.4935723130E+00  8.6953975615E+00
  3.5004324506E+00  8.6944780024E+00
  3.5072925882E+00  8.6934106491E+00
  3.5141527258E+00  8.6921932826E+00
  3.5210128634E+00  8.6908236596E+00
  3.5278730011E+00  8.6892995524E+00
  3.5347331387E+00  8.6876187944E+00
  3.5415932763E+00  8.6857793308E+00
  3.5484534139E+00  8.6837792748E+00
  3.5553135515E+00  8.6816169708E+00
  3.5621736891E+00  8.6792910631E+00
  3.5690338268E+00  8.6768005716E+00
  3.5758939644E+00  8.6741449738E+00
  3.5827541020E+00  8.6713242930E+00
  3.5896142396E+00  8.6683391925E+00
  3.5964743772E+00  8.6651910740E+00
  3.6033345148E+00  8.6618821806E+00
  3.6101946525E+00  8.6584157023E+00
  3.6170547901E+00  8.6547958808E+00
  3.6239149277E+00  8.6510281143E+00
  3.6307750653E+00  8.6471190571E+00
  3.6376352029E+00  8.6430767121E+00
  3.6444953405E+00  8.6389105131E+00
  3.6513554782E+00  8.6346313938E+00
  3.6582156158E+00  8.6302518390E+00
  3.6650757534E+00  8.6257859155E+00
  3.6719358910E+00  8.6212492794E+00
  3.6787960286E+00  8.6166591569E+00
  3.6856561662E+00  8.6120342965E+00
  3.6925163039E+00  8.6073948902E+00
  3.6993764415E+00  8.6027624649E+00
  3.7062365791E+00  8.5981597421E+00
  3.7130967167E+00  8.5936104675E+00
  3.7199568543E+00  8.5891392141E+00
  3.7268169919E+00  8.5847711589E+00
  3.7336771296E+00  8.5805318394E+00
  3.7405372672E+00  8.5764468927E+00
  3.7473974048E+00  8.5725417824E+00
  3.7542575424E+00  8.5688415182E+00
  3.7611176800E+00  8.5653703739E+00
  3.7679778176E+00  8.5621516080E+00
  3.7748379553E+00  8.5592071920E+00
  3.7816980929E+00  8.5565575521E+00
  3.7885582305E+00  8.5542213265E+00
  3.7954183681E+00  8.5522151440E+00
  3.8022785057E+00  8.5505534254E+00
  3.8091386433E+00  8.5492482114E+00
  3.8159987810E+00  8.5483090191E+00
  3.8228589186E+00  8.5477427286E+00
  3.8297190562E+00  8.5475535009E+00
  3.8297190562E+00  8.5475535009E+00
  3.8345699060E+00  8.5482664925E+00
  3.8394207558E+00  8.5490064171E+00
  3.8442716057E+00  8.5497735411E+00
  3.8491224555E+00  8.5505679280E+00
  3.8539733053E+00  8.5513894397E+00
  3.8588241552E+00  8.5522377375E+00
  3.8636750050E+00  8.5531122846E+00
  3.8685258548E+00  8.5540123492E+00
  3.8733767046E+00  8.5549370087E+00
  3.8782275545E+00  8.5558851547E+00
  3.8830784043E+00  8.5568554988E+00
  3.8879292541E+00  8.5578465790E+00
  3.8927801040E+00  8.5588567672E+00
  3.8976309538E+00  8.5598842771E+00
  3.9024818036E+00  8.5609271733E+00
  3.9073326534E+00  8.5619833805E+00
  3.9121835033E+00  8.5630506933E+00
  3.9170343531E+00  8.5641267873E+00
  3.9218852029E+00  8.5652092298E+00
  3.9267360528E+00  8.5368840332E+00
  3.9315869026E+00  8.5363582588E+00
  3.9364377524E+00  8.5358122960E+00
  3.9412886022E+00  8.5352430059E+00
  3.9461394521E+00  8.5346472657E+00
  3.9509903019E+00  8.5340219844E+00
  3.9558411517E+00  8.5333641165E+00
  3.9606920016E+00  8.5326706774E+00
  3.9655428514E+00  8.5319387572E+00
  3.9703937012E+00  8.5311655352E+00
  3.9752445510E+00  8.5303482944E+00
  3.9800954009E+00  8.5294844344E+00
  3.9849462507E+00  8.5285714853E+00
  3.9897971005E+00  8.5276071207E+00
  3.9946479504E+00  8.5265891700E+00
  3.9994988002E+00  8.5255156304E+00
  4.0043496500E+00  8.5243846785E+00
  4.0092004998E+00  8.5231946811E+00
  4.0140513497E+00  8.5219442053E+00
  4.0189021995E+00  8.5206320280E+00
  4.0237530493E+00  8.5192571449E+00
  4.0286038992E+00  8.5178187780E+00
  4.0334547490E+00  8.5163163835E+00
  4.0383055988E+00  8.5147496577E+00
  4.0431564486E+00  8.5131185423E+00
  4.0480072985E+00  8.5114232299E+00
  4.0528581483E+00  8.5096641668E+00
  4.0577089981E+00  8.5078420562E+00
  4.0625598480E+00  8.5059578600E+00
  4.0674106978E+00  8.5040127999E+00
  4.0722615476E+00  8.5020083568E+00
  4.0771123974E+00  8.4999462704E+00
  4.0819632473E+00  8.4978285367E+00
  4.0868140971E+00  8.4956574052E+00
  4.0916649469E+00  8.4934353748E+00
  4.0965157968E+00  8.4911651891E+00
  4.1013666466E+00  8.4888498304E+00
  4.1062174964E+00  8.4864925129E+00
  4.1110683462E+00  8.4840966748E+00
  4.1159191961E+00  8.4816659701E+00
  4.1207700459E+00  8.4792042585E+00
  4.1256208957E+00  8.4767155956E+00
  4.1304717456E+00  8.4742042213E+00
  4.1353225954E+00  8.4716745484E+00
  4.1401734452E+00  8.4691311492E+00
  4.1450242950E+00  8.4665787428E+00
  4.1498751449E+00  8.4640221806E+00
  4.1547259947E+00  8.4614664320E+00
  4.1595768445E+00  8.4589165688E+00
  4.1644276944E+00  8.4563777498E+00
  4.1692785442E+00  8.4538552048E+00
  4.1741293940E+00  8.4513542175E+00
  4.1789802438E+00  8.4488801090E+00
  4.1838310937E+00  8.4464382205E+00
  4.1886819435E+00  8.4440338962E+00
  4.1935327933E+00  8.4416724651E+00
  4.1983836432E+00  8.4393592243E+00
  4.2032344930E+00  8.4370994206E+00
  4.2080853428E+00  8.4348982332E+00
  4.2129361927E+00  8.4327607565E+00
  4.2177870425E+00  8.4306919824E+00
  4.2226378923E+00  8.4286967835E+00
  4.2274887421E+00  8.4267798964E+00
  4.2323395920E+00  8.4249459054E+00
  4.2371904418E+00  8.4231992265E+00
  4.2420412916E+00  8.4215440921E+00
  4.2468921415E+00  8.4199845365E+00
  4.2517429913E+00  8.4185243815E+00
  4.2565938411E+00  8.4171672229E+00
  4.2614446909E+00  8.4159164180E+00
  4.2662955408E+00  8.4147750739E+00
  4.2711463906E+00  8.4137460359E+00
  4.2759972404E+00  8.4128318780E+00
  4.2808480903E+00  8.4120348936E+00
  4.2856989401E+00  8.4113570869E+00
  4.2905497899E+00  8.4108001664E+00
  4.2954006397E+00  8.4103655380E+00
  4.3002514896E+00  8.4100543009E+00
  4.3051023394E+00  8.4098672426E+00
  4.3099531892E+00  8.4098048372E+00

  0.0000000000E+00  7.9039473103E+00
  9.7016996573E-03  7.9044291028E+00
  1.9403399315E-02  7.9058701131E+00
  2.9105098972E-02  7.9082573032E+00
  3.8806798629E-02  7.9115691508E+00
  4.8508498287E-02  7.9157759592E+00
  5.8210197944E-02  7.9208402811E+00
  6.7911897601E-02  7.9267174514E+00
  7.7613597258E-02  7.9333562188E+00
  8.7315296916E-02  7.9406994643E+00
  9.7016996573E-02  7.9486849964E+00
  1.0671869623E-01  7.9572464063E+00
  1.1642039589E-01  7.9663139717E+00
  1.2612209554E-01  7.9758155928E+00
  1.3582379520E-01  7.9856777458E+00
  1.4552549486E-01  7.9958264387E+00
  1.5522719452E-01  8.0061881559E+00
  1.6492889417E-01  8.0166907752E+00
  1.7463059383E-01  8.0272644467E+00
  1.8433229349E-01  8.0378424194E+00
  1.9403399315E-01  8.0483618049E+00
  2.0373569280E-01  8.0587642689E+00
  2.1343739246E-01  8.0689966408E+00
  2.2313909212E-01  8.0790114355E+00
  2.3284079178E-01  8.0887672811E+00
  2.4254249143E-01  8.0982292479E+00
  2.5224419109E-01  8.1073690776E+00
  2.6194589075E-01  8.1161653094E+00
  2.7164759040E-01  8.1246033043E+00
  2.8134929006E-01  8.1326751702E+00
  2.9105098972E-01  8.1403795881E+00
  3.0075268938E-01  8.1477215460E+00
  3.1045438903E-01  8.1547119852E+00
  3.2015608869E-01  8.1613673652E+00
  3.2985778835E-01  8.1677091556E+00
  3.3955948801E-01  8.1737632625E+00
  3.4926118766E-01  8.1795594002E+00
  3.5896288732E-01  8.1851304178E+00
  3.6866458698E-01  8.1905115910E+00
  3.7836628663E-01  8.1957398911E+00
  3.8806798629E-01  8.3023464205E+00
  3.9776968595E-01  8.4225807266E+00
  4.0747138561E-01  8.5367997738E+00
  4.1717308526E-01  8.6448233694E+00
  4.2687478492E-01  8.7464472435E+00
  4.3657648458E-01  8.8414360616E+00
  4.4627818424E-01  8.9295142337E+00
  4.5597988389E-01  9.0103538072E+00
  4.6568158355E-01  9.0835585711E+00
  4.7538328321E-01  9.1486434236E+00
  4.8508498287E-01  9.2050082331E+00
  4.9478668252E-01  9.2519062707E+00
  5.0448838218E-01  9.2884095752E+00
  5.1419008184E-01  9.3133786309E+00
  5.2389178149E-01  9.3254529791E+00
  5.3359348115E-01  9.3230926443E+00
  5.4329518081E-01  9.3047107737E+00
  5.5299688047E-01  9.2689263579E+00
  5.6269858012E-01  9.2149079415E+00
  5.7240027978E-01  9.1426856077E+00
  5.8210197944E-01  9.0532637861E+00
  5.9180367910E-01  8.9484581446E+00
  6.0150537875E-01  8.8305476588E+00
  6.1120707841E-01  8.7019156938E+00
  6.2090877807E-01  8.5647997538E+00
  6.3061047772E-01  8.4211712218E+00
  6.4031217738E-01  8.3599710241E+00
  6.5001387704E-01  8.3661681503E+00
  6.5971557670E-01  8.3721011252E+00
  6.6941727635E-01  8.3777384789E+00
  6.7911897601E-01  8.3830517535E+00
  6.8882067567E-01  8.3880159679E+00
  6.9852237533E-01  8.3926100233E+00
  7.0822407498E-01  8.3968170421E+00
  7.1792577464E-01  8.4006246355E+00
  7.2762747430E-01  8.4040250958E+00
  7.3732917396E-01  8.4070155102E+00
  7.4703087361E-01  8.4095977948E+00
  7.5673257327E-01  8.4117786473E+00
  7.6643427293E-01  8.4135694216E+00
  7.7613597258E-01  8.4149859237E+00
  7.8583767224E-01  8.4160481337E+00
  7.9553937190E-01  8.4167798591E+00
  8.0524107156E-01  8.4172083229E+00
  8.1494277121E-01  8.4173636950E+00
  8.2464447087E-01  8.4172785738E+00
  8.3434617053E-01  8.4169874266E+00
  8.4404787019E-01  8.4165259982E+00
  8.5374956984E-01  8.4159306964E+00
  8.6345126950E-01  8.4152379669E+00
  8.7315296916E-01  8.4144836656E+00
  8.8285466881E-01  8.4137024414E+00
  8.9255636847E-01  8.4129271378E+00
  9.0225806813E-01  8.4121882254E+00
  9.1195976779E-01  8.4115132749E+00
  9.2166146744E-01  8.4109264788E+00
  9.3136316710E-01  8.4104482321E+00
  9.4106486676E-01  8.4100947775E+00
  9.5076656642E-01  8.4098779231E+00
  9.6046826607E-01  8.4098048372E+00
  9.6046826607E-01  8.4098048372E+00
  9.6389833488E-01  8.4103451654E+00
  9.6732840369E-01  8.4119656066E+00
  9.7075847250E-01  8.4146645319E+00
  9.7418854131E-01  8.4184392306E+00
  9.7761861012E-01  8.4232859171E+00
  9.8104867892E-01  8.4291997399E+00
  9.8447874773E-01  8.4361747927E+00
  9.8790881654E-01  8.4442041291E+00
  9.9133888535E-01  8.4532797786E+00
  9.9476895416E-01  8.4633927654E+00
  9.9819902297E-01  8.4745331291E+00
  1.0016290918E+00  8.4866899480E+00
  1.0050591606E+00  8.4998513635E+00
  1.0084892294E+00  8.5140046075E+00
  1.0119192982E+00  8.5291360300E+00
  1.0153493670E+00  8.5452311299E+00
  1.0187794358E+00  8.5622745858E+00
  1.0222095046E+00  8.5665201128E+00
  1.0256395734E+00  8.5669757028E+00
  1.0290696422E+00  8.5674528073E+00
  1.0324997110E+00  8.5679509454E+00
  1.0359297799E+00  8.5684696146E+00
  1.0393598487E+00  8.5690082908E+00
  1.0427899175E+00  8.5695664287E+00
  1.0462199863E+00  8.5701434625E+00
  1.0496500551E+00  8.5707388060E+00
  1.0530801239E+00  8.5713518534E+00
  1.0565101927E+00  8.5719819796E+00
  1.0599402615E+00  8.5726285408E+00
  1.0633703303E+00  8.5732908749E+00
  1.0668003991E+00  8.5739683023E+00
  1.0702304679E+00  8.5746601261E+00
  1.0736605367E+00  8.5753656329E+00
  1.0770906056E+00  8.5760840934E+00
  1.0805206744E+00  8.5768147630E+00
  1.0839507432E+00  8.5775568820E+00
  1.0873808120E+00  8.5783096771E+00
  1.0908108808E+00  8.5790723610E+00
  1.0942409496E+00  8.5798441340E+00
  1.0976710184E+00  8.5806241839E+00
  1.1011010872E+00  8.5814116874E+00
  1.1045311560E+00  8.5822058100E+00
  1.1079612248E+00  8.5830057073E+00
  1.1113912936E+00  8.5838105256E+00
  1.1148213624E+00  8.5846194024E+00
  1.1182514313E+00  8.5854314674E+00
  1.1216815001E+00  8.5862458430E+00
  1.1251115689E+00  8.5870616452E+00
  1.1285416377E+00  8.5878779843E+00
  1.1319717065E+00  8.5886939656E+00
  1.1354017753E+00  8.5895086905E+00
  1.1388318441E+00  8.5903212567E+00
  1.1422619129E+00  8.5911307595E+00
  1.1456919817E+00  8.5919362922E+00
  1.1491220505E+00  8.5927369472E+00
  1.1525521193E+00  8.5935318167E+00
  1.1559821881E+00  8.5943199932E+00
  1.1594122570E+00  8.5951005708E+00
  1.1628423258E+00  8.5958726456E+00
  1.1662723946E+00  8.5966353166E+00
  1.1697024634E+00  8.5973876866E+00
  1.1731325322E+00  8.5981288628E+00
  1.1765626010E+00  8.5988579578E+00
  1.1799926698E+00  8.5995740904E+00
  1.1834227386E+00  8.6002763859E+00
  1.1868528074E+00  8.6009639776E+00
  1.1902828762E+00  8.6016360072E+00
  1.1937129450E+00  8.6022916255E+00
  1.1971430139E+00  8.6029299932E+00
  1.2005730827E+00  8.6066020107E+00
  1.2040031515E+00  8.6108253797E+00
  1.2074332203E+00  8.6150343862E+00
  1.2108632891E+00  8.6192265074E+00
  1.2142933579E+00  8.6233992217E+00
  1.2177234267E+00  8.6275500096E+00
  1.2211534955E+00  8.6316763552E+00
  1.2245835643E+00  8.6357757465E+00
  1.2280136331E+00  8.6398456771E+00
  1.2314437019E+00  8.6438836462E+00
  1.2348737707E+00  8.6478871607E+00
  1.2383038396E+00  8.6518537350E+00
  1.2417339084E+00  8.6557808927E+00
  1.2451639772E+00  8.6596661670E+00
  1.2485940460E+00  8.6635071020E+00
  1.2520241148E+00  8.6673012532E+00
  1.2554541836E+00  8.6710461887E+00
  1.2588842524E+00  8.6747394897E+00
  1.2623143212E+00  8.6783787517E+00
  1.2657443900E+00  8.6819615851E+00
  1.2691744588E+00  8.6854856159E+00
  1.2726045276E+00  8.6889484869E+00
  1.2760345964E+00  8.6923478581E+00
  1.2794646653E+00  8.6956814079E+00
  1.2828947341E+00  8.6989468335E+00
  1.2863248029E+00  8.7021418517E+00
  1.2897548717E+00  8.7052642000E+00
  1.2931849405E+00  8.7083116370E+00
  1.2966150093E+00  8.7112819436E+00
  1.3000450781E+00  8.7141729230E+00
  1.3000450781E+00  8.7141729230E+00
  1.3103352845E+00  8.7223482913E+00
  1.3206254910E+00  8.7297329854E+00
  1.3309156974E+00  8.7362718370E+00
  1.3412059038E+00  8.7419120175E+00
  1.3514961102E+00  8.7466032349E+00
  1.3617863167E+00  8.7502979465E+00
  1.3720765231E+00  8.7529515918E+00
  1.3823667295E+00  8.7545228566E+00
  1.3926569359E+00  8.7549739786E+00
  1.4029471424E+00  8.7542711073E+00
  1.4132373488E+00  8.7523847375E+00
  1.4235275552E+00  8.7492902362E+00
  1.4338177616E+00  8.7449684922E+00
  1.4441079681E+00  8.7394067219E+00
  1.4543981745E+00  8.8235702341E+00
  1.4646883809E+00  8.9399878725E+00
  1.4749785873E+00  9.0526138449E+00
  1.4852687938E+00  9.1609102612E+00
  1.4955590002E+00  9.2642769501E+00
  1.5058492066E+00  9.3620542602E+00
  1.5161394130E+00  9.4535318910E+00
  1.5264296195E+00  9.5379656091E+00
  1.5367198259E+00  9.6146031754E+00
  1.5470100323E+00  9.6827195056E+00
  1.5573002387E+00  9.7416589512E+00
  1.5675904452E+00  9.7908799917E+00
  1.5778806516E+00  9.8299954538E+00
  1.5881708580E+00  9.8588007625E+00
  1.5984610644E+00  9.8772844639E+00
  1.6087512709E+00  9.8856190508E+00
  1.6190414773E+00  9.8841346246E+00
  1.6293316837E+00  9.8732813501E+00
  1.6396218901E+00  9.8535879116E+00
  1.6499120966E+00  9.8256222690E+00
  1.6602023030E+00  9.7899588371E+00
  1.6704925094E+00  9.7471538417E+00
  1.6807827158E+00  9.6977287558E+00
  1.6910729223E+00  9.6421606405E+00
  1.7013631287E+00  9.5808777992E+00
  1.7116533351E+00  9.5142591827E+00
  1.7219435415E+00  9.4426362322E+00
  1.7322337480E+00  9.3662961567E+00
  1.7425239544E+00  9.2854859377E+00
  1.7528141608E+00  9.2004165913E+00
  1.7631043672E+00  9.1112673948E+00
  1.7733945737E+00  9.0181899108E+00
  1.7836847801E+00  8.9213117210E+00
  1.7939749865E+00  8.8207398368E+00
  1.8042651929E+00  8.7165637821E+00
  1.8145553994E+00  8.6088583632E+00
  1.8248456058E+00  8.4976861460E+00
  1.8351358122E+00  8.4739698888E+00
  1.8454260186E+00  8.4651573050E+00
  1.8557162251E+00  8.4553754801E+00
  1.8660064315E+00  8.4446712502E+00
  1.8762966379E+00  8.4330959454E+00
  1.8865868443E+00  8.4207044964E+00
  1.8968770508E+00  8.4075546785E+00
  1.9071672572E+00  8.3937064663E+00
  1.9174574636E+00  8.3792214784E+00
  1.9277476700E+00  8.3641624964E+00
  1.9380378765E+00  8.3485930448E+00
  1.9483280829E+00  8.3325770220E+00
  1.9586182893E+00  8.3161783749E+00
  1.9689084957E+00  8.2994608097E+00
  1.9791987022E+00  8.2824875354E+00
  1.9894889086E+00  8.2653210344E+00
  1.9997791150E+00  8.2480228579E+00
  2.0100693214E+00  8.2306534431E+00
  2.0203595279E+00  8.2133301324E+00
  2.0306497343E+00  8.1995813269E+00
  2.0409399407E+00  8.1855426461E+00
  2.0512301471E+00  8.1712568449E+00
  2.0615203536E+00  8.1567706545E+00
  2.0718105600E+00  8.1421345455E+00
  2.0821007664E+00  8.1274024490E+00
  2.0923909728E+00  8.1126314391E+00
  2.1026811793E+00  8.0978813776E+00
  2.1129713857E+00  8.0832145232E+00
  2.1232615921E+00  8.0686951078E+00
  2.1335517985E+00  8.0543888831E+00
  2.1438420050E+00  8.0403626410E+00
  2.1541322114E+00  8.0266837118E+00
  2.1644224178E+00  8.0134194449E+00
  2.1747126242E+00  8.0006366757E+00
  2.1850028307E+00  7.9884011855E+00
  2.1952930371E+00  7.9767771588E+00
  2.2055832435E+00  7.9658266434E+00
  2.2158734499E+00  7.9556090196E+00
  2.2261636564E+00  7.9461804850E+00
  2.2364538628E+00  7.9375935591E+00
  2.2467440692E+00  7.9298966149E+00
  2.2570342756E+00  7.9231334428E+00
  2.2673244821E+00  7.9173428513E+00
  2.2776146885E+00  7.9125583106E+00
  2.2879048949E+00  7.9088076426E+00
  2.2981951013E+00  7.9061127620E+00
  2.3084853078E+00  7.9044894708E+00
  2.3187755142E+00  7.9039473103E+00
  2.3187755142E+00  7.9039473103E+00
  2.3271774325E+00  7.9042608338E+00
  2.3355793509E+00  7.9052008131E+00
  2.3439812693E+00  7.9067654758E+00
  2.3523831876E+00  7.9089518753E+00
  2.3607851060E+00  7.9117559011E+00
  2.3691870244E+00  7.9151722927E+00
  2.3775889427E+00  7.9191946588E+00
  2.3859908611E+00  7.9238154990E+00
  2.3943927795E+00  7.9290262298E+00
  2.4027946978E+00  7.9348172133E+00
  2.4111966162E+00  7.9411777903E+00
  2.4195985345E+00  7.9480963149E+00
  2.4280004529E+00  7.9555601926E+00
  2.4364023713E+00  7.9635559203E+00
  2.4448042896E+00  7.9720691288E+00
  2.4532062080E+00  7.9810846264E+00
  2.4616081264E+00  7.9905864442E+00
  2.4700100447E+00  8.0005578829E+00
  2.4784119631E+00  8.0109815594E+00
  2.4868138814E+00  8.0218394543E+00
  2.4952157998E+00  8.0331129602E+00
  2.5036177182E+00  8.0447829283E+00
  2.5120196365E+00  8.0568297159E+00
  2.5204215549E+00  8.0692332321E+00
  2.5288234733E+00  8.0819729836E+00
  2.5372253916E+00  8.0950281179E+00
  2.5456273100E+00  8.1083774661E+00
  2.5540292284E+00  8.1219995835E+00
  2.5624311467E+00  8.1358727883E+00
  2.5708330651E+00  8.1499751985E+00
  2.5792349834E+00  8.1642847668E+00
  2.5876369018E+00  8.1787793129E+00
  2.5960388202E+00  8.1934365535E+00
  2.6044407385E+00  8.2082341305E+00
  2.6128426569E+00  8.2231496361E+00
  2.6212445753E+00  8.2381606363E+00
  2.6296464936E+00  8.2532446913E+00
  2.6380484120E+00  8.2683793744E+00
  2.6464503303E+00  8.2835422881E+00
  2.6548522487E+00  8.2987110785E+00
  2.6632541671E+00  8.3138634476E+00
  2.6716560854E+00  8.3289771640E+00
  2.6800580038E+00  8.3440300715E+00
  2.6884599222E+00  8.3590000971E+00
  2.6968618405E+00  8.3738652565E+00
  2.7052637589E+00  8.3886036602E+00
  2.7136656772E+00  8.4031935172E+00
  2.7220675956E+00  8.4176131395E+00
  2.7304695140E+00  8.4318409456E+00
  2.7388714323E+00  8.4458554641E+00
  2.7472733507E+00  8.4596353383E+00
  2.7556752691E+00  8.4731593304E+00
  2.7640771874E+00  8.4864063278E+00
  2.7724791058E+00  8.4993553497E+00
  2.7808810242E+00  8.5119855566E+00
  2.7892829425E+00  8.5242762611E+00
  2.7976848609E+00  8.5362069414E+00
  2.8060867792E+00  8.5477572580E+00
  2.8144886976E+00  8.5589070741E+00
  2.8228906160E+00  8.5696364801E+00
  2.8312925343E+00  8.5799258223E+00
  2.8396944527E+00  8.5897557375E+00
  2.8480963711E+00  8.5991071943E+00
  2.8564982894E+00  8.6079615402E+00
  2.8649002078E+00  8.6163005582E+00
  2.8733021261E+00  8.6241065319E+00
  2.8817040445E+00  8.6313623220E+00
  2.8901059629E+00  8.6746492290E+00
  2.8985078812E+00  8.7528701223E+00
  2.9069097996E+00  8.8294344897E+00
  2.9153117180E+00  8.9043387912E+00
  2.9237136363E+00  8.9775764865E+00
  2.9321155547E+00  9.0491374248E+00
  2.9405174731E+00  9.1190071943E+00
  2.9489193914E+00  9.1871664354E+00
  2.9573213098E+00  9.2535901244E+00
  2.9657232281E+00  9.3182468353E+00
  2.9741251465E+00  9.3810979941E+00
  2.9825270649E+00  9.4420971391E+00
  2.9909289832E+00  9.5011892106E+00
  2.9993309016E+00  9.5583098956E+00
  3.0077328200E+00  9.6133850609E+00
  3.0161347383E+00  9.6663303147E+00
  3.0245366567E+00  9.7170507433E+00
  3.0329385750E+00  9.7654408778E+00
  3.0413404934E+00  9.8113849496E+00
  3.0497424118E+00  9.8547574978E+00
  3.0581443301E+00  9.8954243902E+00
  3.0665462485E+00  9.9332443133E+00
  3.0749481669E+00  9.9680707737E+00
  3.0833500852E+00  9.9997546291E+00
  3.0917520036E+00  1.0028147135E+01
  3.1001539220E+00  1.0053103452E+01
  3.1085558403E+00  1.0074486506E+01
  3.1169577587E+00  1.0092171051E+01
  3.1253596770E+00  1.0106047722E+01
  3.1337615954E+00  1.0116026846E+01
  3.1421635138E+00  1.0122041752E+01
  3.1505654321E+00  1.0124051349E+01
  3.1505654321E+00  1.0124051349E+01
  3.1574255697E+00  1.0124159549E+01
  3.1642857074E+00  1.0124482149E+01
  3.1711458450E+00  1.0125013179E+01
  3.1780059826E+00  1.0125742795E+01
  3.1848661202E+00  1.0126657430E+01
  3.1917262578E+00  1.0127740003E+01
  3.1985863954E+00  1.0128970170E+01
  3.2054465331E+00  1.0130324623E+01
  3.2123066707E+00  1.0131777412E+01
  3.2191668083E+00  1.0133300295E+01
  3.2260269459E+00  1.0134863101E+01
  3.2328870835E+00  1.0136434095E+01
  3.2397472211E+00  1.0137980347E+01
  3.2466073588E+00  1.0139468086E+01
  3.2534674964E+00  1.0140863041E+01
  3.2603276340E+00  1.0142130769E+01
  3.2671877716E+00  1.0143236950E+01
  3.2740479092E+00  1.0144147667E+01
  3.2809080468E+00  1.0144829657E+01
  3.2877681845E+00  1.0145250536E+01
  3.2946283221E+00  1.0145378993E+01
  3.3014884597E+00  1.0145184973E+01
  3.3083485973E+00  1.0144639819E+01
  3.3152087349E+00  1.0143716408E+01
  3.3220688725E+00  1.0142389254E+01
  3.3289290102E+00  1.0140634602E+01
  3.3357891478E+00  1.0138430505E+01
  3.3426492854E+00  1.0135756879E+01
  3.3495094230E+00  1.0132595553E+01
  3.3563695606E+00  1.0128930309E+01
  3.3632296982E+00  1.0124746907E+01
  3.3700898359E+00  1.0120033104E+01
  3.3769499735E+00  1.0114778673E+01
  3.3838101111E+00  1.0108975403E+01
  3.3906702487E+00  1.0102617110E+01
  3.3975303863E+00  1.0095699628E+01
  3.4043905240E+00  1.0088220811E+01
  3.4112506616E+00  1.0080180523E+01
  3.4181107992E+00  1.0071580626E+01
  3.4249709368E+00  1.0062424970E+01
  3.4318310744E+00  1.0052719377E+01
  3.4386912120E+00  1.0042471622E+01
  3.4455513497E+00  1.0031691415E+01
  3.4524114873E+00  1.0020390378E+01
  3.4592716249E+00  1.0008582019E+01
  3.4661317625E+00  9.9962817031E+00
  3.4729919001E+00  9.9835066219E+00
  3.4798520377E+00  9.9702757571E+00
  3.4867121754E+00  9.9566098402E+00
  3.4935723130E+00  9.9425313075E+00
  3.5004324506E+00  9.9280642503E+00
  3.5072925882E+00  9.9132343583E+00
  3.5141527258E+00  9.8980688569E+00
  3.5210128634E+00  9.8825964372E+00
  3.5278730011E+00  9.8668471786E+00
  3.5347331387E+00  9.8508524623E+00
  3.5415932763E+00  9.8346448764E+00
  3.5484534139E+00  9.8182581109E+00
  3.5553135515E+00  9.8017268435E+00
  3.5621736891E+00  9.7850866135E+00
  3.5690338268E+00  9.7683736870E+00
  3.5758939644E+00  9.7516249097E+00
  3.5827541020E+00  9.7348775504E+00
  3.5896142396E+00  9.7181691336E+00
  3.5964743772E+00  9.7015372631E+00
  3.6033345148E+00  9.6850194375E+00
  3.6101946525E+00  9.6686528589E+00
  3.6170547901E+00  9.6524742364E+00
  3.6239149277E+00  9.6365195874E+00
  3.6307750653E+00  9.6208240388E+00
  3.6376352029E+00  9.6054216317E+00
  3.6444953405E+00  9.5903451321E+00
  3.6513554782E+00  9.5756258527E+00
  3.6582156158E+00  9.5612934874E+00
  3.6650757534E+00  9.5473759648E+00
  3.6719358910E+00  9.5338993213E+00
  3.6787960286E+00  9.5208875998E+00
  3.6856561662E+00  9.5083627748E+00
  3.6925163039E+00  9.4963447059E+00
  3.6993764415E+00  9.4848511227E+00
  3.7062365791E+00  9.4738976396E+00
  3.7130967167E+00  9.4634978006E+00
  3.7199568543E+00  9.4536631530E+00
  3.7268169919E+00  9.4444033480E+00
  3.7336771296E+00  9.4357262637E+00
  3.7405372672E+00  9.4276381490E+00
  3.7473974048E+00  9.4201437826E+00
  3.7542575424E+00  9.4132466435E+00
  3.7611176800E+00  9.4069490886E+00
  3.7679778176E+00  9.4012525327E+00
  3.7748379553E+00  9.3961576267E+00
  3.7816980929E+00  9.3916644298E+00
  3.7885582305E+00  9.3877725730E+00
  3.7954183681E+00  9.3844814099E+00
  3.8022785057E+00  9.3817901520E+00
  3.8091386433E+00  9.3796979870E+00
  3.8159987810E+00  9.3782041781E+00
  3.8228589186E+00  9.3773081421E+00
  3.8297190562E+00  9.3770095061E+00
  3.8297190562E+00  9.3770095061E+00
  3.8345699060E+00  9.3735612282E+00
  3.8394207558E+00  9.3633454936E+00
  3.8442716057E+00  9.3467226333E+00
  3.8491224555E+00  9.3242155662E+00
  3.8539733053E+00  9.2964271418E+00
  3.8588241552E+00  9.2639687507E+00
  3.8636750050E+00  9.2274124057E+00
  3.8685258548E+00  9.1872662163E+00
  3.8733767046E+00  9.1439670780E+00
  3.8782275545E+00  9.0978835781E+00
  3.8830784043E+00  9.0493237477E+00
  3.8879292541E+00  8.9985443097E+00
  3.8927801040E+00  8.9457596533E+00
  3.8976309538E+00  8.8911497631E+00
  3.9024818036E+00  8.8348668790E+00
  3.9073326534E+00  8.7770409342E+00
  3.9121835033E+00  8.7177839236E+00
  3.9170343531E+00  8.6571933830E+00
  3.9218852029E+00  8.5953551501E+00
  3.9267360528E+00  8.5662954914E+00
  3.9315869026E+00  8.5673829581E+00
  3.9364377524E+00  8.5684689436E+00
  3.9412886022E+00  8.5695507015E+00
  3.9461394521E+00  8.5706254390E+00
  3.9509903019E+00  8.5716903290E+00
  3.9558411517E+00  8.5727425239E+00
  3.9606920016E+00  8.5737791687E+00
  3.9655428514E+00  8.5747974139E+00
  3.9703937012E+00  8.5757944293E+00
  3.9752445510E+00  8.5767674167E+00
  3.9800954009E+00  8.5777136228E+00
  3.9849462507E+00  8.5786303523E+00
  3.9897971005E+00  8.5795149801E+00
  3.9946479504E+00  8.5803649636E+00
  3.9994988002E+00  8.5811778543E+00
  4.0043496500E+00  8.5819513097E+00
  4.0092004998E+00  8.5826831034E+00
  4.0140513497E+00  8.5833711363E+00
  4.0189021995E+00  8.5840134462E+00
  4.0237530493E+00  8.5846082170E+00
  4.0286038992E+00  8.5851537874E+00
  4.0334547490E+00  8.5856486592E+00
  4.0383055988E+00  8.5860915041E+00
  4.0431564486E+00  8.5864811708E+00
  4.0480072985E+00  8.5868166907E+00
  4.0528581483E+00  8.5870972830E+00
  4.0577089981E+00  8.5873223587E+00
  4.0625598480E+00  8.5874915249E+00
  4.0674106978E+00  8.5876045866E+00
  4.0722615476E+00  8.5876615492E+00
  4.0771123974E+00  8.5876626193E+00
  4.0819632473E+00  8.5876082049E+00
  4.0868140971E+00  8.5874989147E+00
  4.0916649469E+00  8.5873355569E+00
  4.0965157968E+00  8.5871191366E+00
  4.1013666466E+00  8.5868508529E+00
  4.1062174964E+00  8.5865320950E+00
  4.1110683462E+00  8.5861644371E+00
  4.1159191961E+00  8.5857496335E+00
  4.1207700459E+00  8.5852896120E+00
  4.1256208957E+00  8.5847864670E+00
  4.1304717456E+00  8.5842424519E+00
  4.1353225954E+00  8.5836599709E+00
  4.1401734452E+00  8.5830415697E+00
  4.1450242950E+00  8.5823899265E+00
  4.1498751449E+00  8.5817078414E+00
  4.1547259947E+00  8.5809982258E+00
  4.1595768445E+00  8.5802640919E+00
  4.1644276944E+00  8.5795085405E+00
  4.1692785442E+00  8.5787347492E+00
  4.1741293940E+00  8.5779459605E+00
  4.1789802438E+00  8.5771454690E+00
  4.1838310937E+00  8.5763366085E+00
  4.1886819435E+00  8.5755227395E+00
  4.1935327933E+00  8.5747072355E+00
  4.1983836432E+00  8.5738934703E+00
  4.2032344930E+00  8.5730848046E+00
  4.2080853428E+00  8.5722845728E+00
  4.2129361927E+00  8.5714960699E+00
  4.2177870425E+00  8.5707225388E+00
  4.2226378923E+00  8.5699671572E+00
  4.2274887421E+00  8.5692330250E+00
  4.2323395920E+00  8.5685231524E+00
  4.2371904418E+00  8.5678404480E+00
  4.2420412916E+00  8.5671877068E+00
  4.2468921415E+00  8.5665675996E+00
  4.2517429913E+00  8.5658099202E+00
  4.2565938411E+00  8.5415955371E+00
  4.2614446909E+00  8.5192575621E+00
  4.2662955408E+00  8.4988563399E+00
  4.2711463906E+00  8.4804474696E+00
  4.2759972404E+00  8.4640815230E+00
  4.2808480903E+00  8.4498037839E+00
  4.2856989401E+00  8.4376540091E+00
  4.2905497899E+00  8.4276662160E+00
  4.2954006397E+00  8.4198684977E+00
  4.3002514896E+00  8.4142828680E+00
  4.3051023394E+00  8.4109251400E+00
  4.3099531892E+00  8.4098048372E+00

  0.0000000000E+00  7.9039473103E+00
  9.7016996573E-03  7.9136493817E+00
  1.9403399315E-02  7.9426076575E+00
  2.9105098972E-02  7.9903843655E+00
  3.8806798629E-02  8.0562694355E+00
  4.8508498287E-02  8.1393078606E+00
  5.8210197944E-02  8.2383344218E+00
  6.7911897601E-02  8.3520129148E+00
  7.7613597258E-02  8.4788770210E+00
  8.7315296916E-02  8.6173703049E+00
  9.7016996573E-02  8.7658833693E+00
  1.0671869623E-01  8.9227868428E+00
  1.1642039589E-01  9.0864594872E+00
  1.2612209554E-01  9.2553112325E+00
  1.3582379520E-01  9.4278013370E+00
  1.4552549486E-01  9.6024521236E+00
  1.5522719452E-01  9.7778588804E+00
  1.6492889417E-01  9.9526965610E+00
  1.7463059383E-01  1.0125723902E+01
  1.8433229349E-01  1.0295785520E+01
  1.9403399315E-01  1.0461812472E+01
  2.0373569280E-01  1.0622821686E+01
  2.1343739246E-01  1.0777914586E+01
  2.2313909212E-01  1.0926275174E+01
  2.3284079178E-01  1.1067167753E+01
  2.4254249143E-01  1.1199934451E+01
  2.5224419109E-01  1.1323992636E+01
  2.6194589075E-01  1.1438832316E+01
  2.7164759040E-01  1.1544013564E+01
  2.8134929006E-01  1.1639164003E+01
  2.9105098972E-01  1.1723976388E+01
  3.0075268938E-01  1.1798206281E+01
  3.1045438903E-01  1.1861669856E+01
  3.2015608869E-01  1.1914241824E+01
  3.2985778835E-01  1.1955853504E+01
  3.3955948801E-01  1.1986491060E+01
  3.4926118766E-01  1.2006193913E+01
  3.5896288732E-01  1.2015053387E+01
  3.6866458698E-01  1.2013211617E+01
  3.7836628663E-01  1.2000860794E+01
  3.8806798629E-01  1.1978242851E+01
  3.9776968595E-01  1.1945649696E+01
  4.0747138561E-01  1.1903424182E+01
  4.1717308526E-01  1.1851962040E+01
  4.2687478492E-01  1.1791715097E+01
  4.3657648458E-01  1.1723196198E+01
  4.4627818424E-01  1.1646986390E+01
  4.5597988389E-01  1.1563745090E+01
  4.6568158355E-01  1.1474224113E+01
  4.7538328321E-01  1.1379286502E+01
  4.8508498287E-01  1.1279930944E+01
  4.9478668252E-01  1.1177321696E+01
  5.0448838218E-01  1.1072821659E+01
  5.1419008184E-01  1.0968021224E+01
  5.2389178149E-01  1.0864746280E+01
  5.3359348115E-01  1.0765015498E+01
  5.4329518081E-01  1.0670906497E+01
  5.5299688047E-01  1.0584302037E+01
  5.6269858012E-01  1.0506545310E+01
  5.7240027978E-01  1.0438127082E+01
  5.8210197944E-01  1.0378572101E+01
  5.9180367910E-01  1.0326601537E+01
  6.0150537875E-01  1.0280480361E+01
  6.1120707841E-01  1.0238375803E+01
  6.2090877807E-01  1.0198607271E+01
  6.3061047772E-01  1.0159766370E+01
  6.4031217738E-01  1.0120743006E+01
  6.5001387704E-01  1.0080702055E+01
  6.5971557670E-01  1.0039041964E+01
  6.6941727635E-01  9.9953519288E+00
  6.7911897601E-01  9.9493744621E+00
  6.8882067567E-01  9.9009751137E+00
  6.9852237533E-01  9.8501188666E+00
  7.0822407498E-01  9.7968520423E+00
  7.1792577464E-01  9.7412884728E+00
  7.2762747430E-01  9.6835988578E+00
  7.3732917396E-01  9.6240024432E+00
  7.4703087361E-01  9.5627603568E+00
  7.5673257327E-01  9.5001700948E+00
  7.6643427293E-01  9.4365607825E+00
  7.7613597258E-01  9.3722889242E+00
  7.8583767224E-01  9.3077344295E+00
  7.9553937190E-01  9.2432967573E+00
  8.0524107156E-01  9.1793910593E+00
  8.1494277121E-01  9.1164442399E+00
  8.2464447087E-01  9.0548908765E+00
  8.3434617053E-01  8.9951689687E+00
  8.4404787019E-01  8.9377155068E+00
  8.5374956984E-01  8.8829618709E+00
  8.6345126950E-01  8.8313290909E+00
  8.7315296916E-01  8.7832230136E+00
  8.8285466881E-01  8.7390294435E+00
  8.9255636847E-01  8.6991093308E+00
  9.0225806813E-01  8.6637940982E+00
  9.1195976779E-01  8.6333812000E+00
  9.2166146744E-01  8.6081300131E+00
  9.3136316710E-01  8.5882581586E+00
  9.4106486676E-01  8.5739383458E+00
  9.5076656642E-01  8.5652958232E+00
  9.6046826607E-01  8.5624065046E+00
  9.6046826607E-01  8.5624065046E+00
  9.6389833488E-01  8.5624195470E+00
  9.6732840369E-01  8.5624586610E+00
  9.7075847250E-01  8.5625238079E+00
  9.7418854131E-01  8.5626149229E+00
  9.7761861012E-01  8.5627319153E+00
  9.8104867892E-01  8.5628746689E+00
  9.8447874773E-01  8.5630430415E+00
  9.8790881654E-01  8.5632368656E+00
  9.9133888535E-01  8.5634559481E+00
  9.9476895416E-01  8.5637000708E+00
  9.9819902297E-01  8.5639689901E+00
  1.0016290918E+00  8.5642624379E+00
  1.0050591606E+00  8.5645801210E+00
  1.0084892294E+00  8.5649217220E+00
  1.0119192982E+00  8.5652868992E+00
  1.0153493670E+00  8.5656752868E+00
  1.0187794358E+00  8.5660864956E+00
  1.0222095046E+00  8.5802502890E+00
  1.0256395734E+00  8.5991413775E+00
  1.0290696422E+00  8.6189302702E+00
  1.0324997110E+00  8.6395987031E+00
  1.0359297799E+00  8.6611277656E+00
  1.0393598487E+00  8.6834979368E+00
  1.0427899175E+00  8.7066891234E+00
  1.0462199863E+00  8.7306806968E+00
  1.0496500551E+00  8.7554515310E+00
  1.0530801239E+00  8.7809800401E+00
  1.0565101927E+00  8.8072442158E+00
  1.0599402615E+00  8.8342216647E+00
  1.0633703303E+00  8.8618896455E+00
  1.0668003991E+00  8.8902251051E+00
  1.0702304679E+00  8.9192047147E+00
  1.0736605367E+00  8.9488049052E+00
  1.0770906056E+00  8.9790019020E+00
  1.0805206744E+00  9.0097717584E+00
  1.0839507432E+00  9.0410903891E+00
  1.0873808120E+00  9.0729336021E+00
  1.0908108808E+00  9.1052771300E+00
  1.0942409496E+00  9.1380966602E+00
  1.0976710184E+00  9.1713678642E+00
  1.1011010872E+00  9.2050664256E+00
  1.1045311560E+00  9.2391680675E+00
  1.1079612248E+00  9.2736485784E+00
  1.1113912936E+00  9.3084838375E+00
  1.1148213624E+00  9.3436498380E+00
  1.1182514313E+00  9.3791227105E+00
  1.1216815001E+00  9.4148787445E+00
  1.1251115689E+00  9.4508944092E+00
  1.1285416377E+00  9.4871463730E+00
  1.1319717065E+00  9.5236115222E+00
  1.1354017753E+00  9.5602669785E+00
  1.1388318441E+00  9.5970901156E+00
  1.1422619129E+00  9.6340585749E+00
  1.1456919817E+00  9.6711502800E+00
  1.1491220505E+00  9.7083434504E+00
  1.1525521193E+00  9.7456166145E+00
  1.1559821881E+00  9.7829486216E+00
  1.1594122570E+00  9.8203186527E+00
  1.1628423258E+00  9.8577062312E+00
  1.1662723946E+00  9.8950912323E+00
  1.1697024634E+00  9.9324538917E+00
  1.1731325322E+00  9.9697748141E+00
  1.1765626010E+00  1.0007034980E+01
  1.1799926698E+00  1.0044215753E+01
  1.1834227386E+00  1.0081298887E+01
  1.1868528074E+00  1.0118266528E+01
  1.1902828762E+00  1.0155101224E+01
  1.1937129450E+00  1.0191785925E+01
  1.1971430139E+00  1.0228303993E+01
  1.2005730827E+00  1.0264639198E+01
  1.2040031515E+00  1.0300775726E+01
  1.2074332203E+00  1.0336698181E+01
  1.2108632891E+00  1.0372391586E+01
  1.2142933579E+00  1.0407841388E+01
  1.2177234267E+00  1.0443033453E+01
  1.2211534955E+00  1.0477954075E+01
  1.2245835643E+00  1.0512589972E+01
  1.2280136331E+00  1.0546928290E+01
  1.2314437019E+00  1.0580956598E+01
  1.2348737707E+00  1.0614662894E+01
  1.2383038396E+00  1.0648035604E+01
  1.2417339084E+00  1.0681063578E+01
  1.2451639772E+00  1.0713736093E+01
  1.2485940460E+00  1.0746042852E+01
  1.2520241148E+00  1.0777973982E+01
  1.2554541836E+00  1.0809520036E+01
  1.2588842524E+00  1.0840671987E+01
  1.2623143212E+00  1.0871421232E+01
  1.2657443900E+00  1.0901759590E+01
  1.2691744588E+00  1.0931679298E+01
  1.2726045276E+00  1.0961173012E+01
  1.2760345964E+00  1.0990233806E+01
  1.2794646653E+00  1.1018855170E+01
  1.2828947341E+00  1.1047031009E+01
  1.2863248029E+00  1.1074755641E+01
  1.2897548717E+00  1.1102023796E+01
  1.2931849405E+00  1.1128830619E+01
  1.2966150093E+00  1.1155171659E+01
  1.3000450781E+00  1.1181042881E+01
  1.3000450781E+00  1.1181042881E+01
  1.3103352845E+00  1.1255803362E+01
  1.3206254910E+00  1.1326229184E+01
  1.3309156974E+00  1.1392277162E+01
  1.3412059038E+00  1.1453936958E+01
  1.3514961102E+00  1.1511231228E+01
  1.3617863167E+00  1.1564215960E+01
  1.3720765231E+00  1.1612981068E+01
  1.3823667295E+00  1.1657651275E+01
  1.3926569359E+00  1.1698387351E+01
  1.4029471424E+00  1.1735387743E+01
  1.4132373488E+00  1.1768890643E+01
  1.4235275552E+00  1.1799176528E+01
  1.4338177616E+00  1.1826571150E+01
  1.4441079681E+00  1.1851448919E+01
  1.4543981745E+00  1.1874236515E+01
  1.4646883809E+00  1.1895416418E+01
  1.4749785873E+00  1.1915529834E+01
  1.4852687938E+00  1.1935178212E+01
  1.4955590002E+00  1.1955022181E+01
  1.5058492066E+00  1.1975776383E+01
  1.5161394130E+00  1.1998198361E+01
  1.5264296195E+00  1.2023069686E+01
  1.5367198259E+00  1.2051168003E+01
  1.5470100323E+00  1.2083229999E+01
  1.5573002387E+00  1.2119907416E+01
  1.5675904452E+00  1.2161720841E+01
  1.5778806516E+00  1.2209018165E+01
  1.5881708580E+00  1.2261945220E+01
  1.5984610644E+00  1.2320434369E+01
  1.6087512709E+00  1.2384213018E+01
  1.6190414773E+00  1.2452829526E+01
  1.6293316837E+00  1.2525690558E+01
  1.6396218901E+00  1.2602102679E+01
  1.6499120966E+00  1.2681311879E+01
  1.6602023030E+00  1.2762536907E+01
  1.6704925094E+00  1.2844994665E+01
  1.6807827158E+00  1.2927917724E+01
  1.6910729223E+00  1.3010565157E+01
  1.7013631287E+00  1.3092228255E+01
  1.7116533351E+00  1.3172232669E+01
  1.7219435415E+00  1.3249938294E+01
  1.7322337480E+00  1.3324737869E+01
  1.7425239544E+00  1.3396054989E+01
  1.7528141608E+00  1.3463341988E+01
  1.7631043672E+00  1.3526077958E+01
  1.7733945737E+00  1.3583767064E+01
  1.7836847801E+00  1.3635937225E+01
  1.7939749865E+00  1.3682139171E+01
  1.8042651929E+00  1.3721945871E+01
  1.8145553994E+00  1.3754952309E+01
  1.8248456058E+00  1.3780775550E+01
  1.8351358122E+00  1.3799055092E+01
  1.8454260186E+00  1.3809453432E+01
  1.8557162251E+00  1.3811656840E+01
  1.8660064315E+00  1.3805376299E+01
  1.8762966379E+00  1.3790348578E+01
  1.8865868443E+00  1.3766337438E+01
  1.8968770508E+00  1.3733134925E+01
  1.9071672572E+00  1.3690562760E+01
  1.9174574636E+00  1.3638473804E+01
  1.9277476700E+00  1.3576753582E+01
  1.9380378765E+00  1.3505321883E+01
  1.9483280829E+00  1.3424134409E+01
  1.9586182893E+00  1.3333184493E+01
  1.9689084957E+00  1.3232504873E+01
  1.9791987022E+00  1.3122169544E+01
  1.9894889086E+00  1.3002295675E+01
  1.9997791150E+00  1.2873045616E+01
  2.0100693214E+00  1.2734629000E+01
  2.0203595279E+00  1.2587304943E+01
  2.0306497343E+00  1.2431384376E+01
  2.0409399407E+00  1.2267232487E+01
  2.0512301471E+00  1.2095271323E+01
  2.0615203536E+00  1.1915982524E+01
  2.0718105600E+00  1.1729910210E+01
  2.0821007664E+00  1.1537664012E+01
  2.0923909728E+00  1.1339922225E+01
  2.1026811793E+00  1.1137435048E+01
  2.1129713857E+00  1.0931027847E+01
  2.1232615921E+00  1.0721604359E+01
  2.1335517985E+00  1.0510149686E+01
  2.1438420050E+00  1.0297732902E+01
  2.1541322114E+00  1.0085509002E+01
  2.1644224178E+00  9.8747198629E+00
  2.1747126242E+00  9.6666937742E+00
  2.1850028307E+00  9.4628430009E+00
  2.1952930371E+00  9.2646587392E+00
  2.2055832435E+00  9.0737027354E+00
  2.2158734499E+00  8.8915947902E+00
  2.2261636564E+00  8.7199953870E+00
  2.2364538628E+00  8.5605828027E+00
  2.2467440692E+00  8.4150243196E+00
  2.2570342756E+00  8.2849415851E+00
  2.2673244821E+00  8.1718707643E+00
  2.2776146885E+00  8.0772188761E+00
  2.2879048949E+00  8.0022184978E+00
  2.2981951013E+00  7.9478837493E+00
  2.3084853078E+00  7.9149709369E+00
  2.3187755142E+00  7.9039473103E+00
  2.3187755142E+00  7.9039473103E+00
  2.3271774325E+00  7.9113237528E+00
  2.3355793509E+00  7.9333873584E+00
  2.3439812693E+00  7.9699428682E+00
  2.3523831876E+00  8.0206710753E+00
  2.3607851060E+00  8.0851377118E+00
  2.3691870244E+00  8.1628050509E+00
  2.3775889427E+00  8.2530455031E+00
  2.3859908611E+00  8.3551564319E+00
  2.3943927795E+00  8.4683754304E+00
  2.4027946978E+00  8.5918953787E+00
  2.4111966162E+00  8.7248787235E+00
  2.4195985345E+00  8.8664705626E+00
  2.4280004529E+00  9.0158102608E+00
  2.4364023713E+00  9.1720414577E+00
  2.4448042896E+00  9.3343204373E+00
  2.4532062080E+00  9.5018229175E+00
  2.4616081264E+00  9.6737493751E+00
  2.4700100447E+00  9.8493290628E+00
  2.4784119631E+00  1.0027822889E+01
  2.4868138814E+00  1.0208525337E+01
  2.4952157998E+00  1.0390765593E+01
  2.5036177182E+00  1.0573908037E+01
  2.5120196365E+00  1.0757352232E+01
  2.5204215549E+00  1.0940532532E+01
  2.5288234733E+00  1.1122917409E+01
  2.5372253916E+00  1.1304008583E+01
  2.5456273100E+00  1.1483340007E+01
  2.5540292284E+00  1.1660476784E+01
  2.5624311467E+00  1.1835014031E+01
  2.5708330651E+00  1.2006575742E+01
  2.5792349834E+00  1.2174813652E+01
  2.5876369018E+00  1.2339406138E+01
  2.5960388202E+00  1.2500057157E+01
  2.6044407385E+00  1.2656495223E+01
  2.6128426569E+00  1.2808472445E+01
  2.6212445753E+00  1.2955763603E+01
  2.6296464936E+00  1.3098165286E+01
  2.6380484120E+00  1.3235495073E+01
  2.6464503303E+00  1.3367590761E+01
  2.6548522487E+00  1.3494309644E+01
  2.6632541671E+00  1.3615527821E+01
  2.6716560854E+00  1.3731139553E+01
  2.6800580038E+00  1.3841056650E+01
  2.6884599222E+00  1.3945207886E+01
  2.6968618405E+00  1.4043538448E+01
  2.7052637589E+00  1.4136009404E+01
  2.7136656772E+00  1.4222597197E+01
  2.7220675956E+00  1.4303293158E+01
  2.7304695140E+00  1.4378103035E+01
  2.7388714323E+00  1.4447046539E+01
  2.7472733507E+00  1.4510156901E+01
  2.7556752691E+00  1.4567480444E+01
  2.7640771874E+00  1.4619076166E+01
  2.7724791058E+00  1.4665015328E+01
  2.7808810242E+00  1.4705381055E+01
  2.7892829425E+00  1.4740267948E+01
  2.7976848609E+00  1.4769781696E+01
  2.8060867792E+00  1.4794038700E+01
  2.8144886976E+00  1.4813165711E+01
  2.8228906160E+00  1.4827299464E+01
  2.8312925343E+00  1.4836586331E+01
  2.8396944527E+00  1.4841181981E+01
  2.8480963711E+00  1.4841251044E+01
  2.8564982894E+00  1.4836966799E+01
  2.8649002078E+00  1.4828510862E+01
  2.8733021261E+00  1.4816072895E+01
  2.8817040445E+00  1.4799850330E+01
  2.8901059629E+00  1.4780048107E+01
  2.8985078812E+00  1.4756878436E+01
  2.9069097996E+00  1.4730560569E+01
  2.9153117180E+00  1.4701320600E+01
  2.9237136363E+00  1.4669391287E+01
  2.9321155547E+00  1.4635011886E+01
  2.9405174731E+00  1.4598428011E+01
  2.9489193914E+00  1.4559891511E+01
  2.9573213098E+00  1.4519660353E+01
  2.9657232281E+00  1.4477998517E+01
  2.9741251465E+00  1.4435175880E+01
  2.9825270649E+00  1.4391468090E+01
  2.9909289832E+00  1.4347156393E+01
  2.9993309016E+00  1.4302527410E+01
  3.0077328200E+00  1.4257872820E+01
  3.0161347383E+00  1.4213488921E+01
  3.0245366567E+00  1.4169676019E+01
  3.0329385750E+00  1.4126737603E+01
  3.0413404934E+00  1.4084979249E+01
  3.0497424118E+00  1.4044707191E+01
  3.0581443301E+00  1.4006226511E+01
  3.0665462485E+00  1.3969838881E+01
  3.0749481669E+00  1.3935839845E+01
  3.0833500852E+00  1.3904515607E+01
  3.0917520036E+00  1.3876139348E+01
  3.1001539220E+00  1.3850967139E+01
  3.1085558403E+00  1.3829233557E+01
  3.1169577587E+00  1.3811147159E+01
  3.1253596770E+00  1.3796886031E+01
  3.1337615954E+00  1.3786593643E+01
  3.1421635138E+00  1.3780375278E+01
  3.1505654321E+00  1.3778295275E+01
  3.1505654321E+00  1.3778295275E+01
  3.1574255697E+00  1.3777603053E+01
  3.1642857074E+00  1.3775526644E+01
  3.1711458450E+00  1.3772066816E+01
  3.1780059826E+00  1.3767224851E+01
  3.1848661202E+00  1.3761002551E+01
  3.1917262578E+00  1.3753402238E+01
  3.1985863954E+00  1.3744426768E+01
  3.2054465331E+00  1.3734079530E+01
  3.2123066707E+00  1.3722364464E+01
  3.2191668083E+00  1.3709286063E+01
  3.2260269459E+00  1.3694849392E+01
  3.2328870835E+00  1.3679060096E+01
  3.2397472211E+00  1.3661924418E+01
  3.2466073588E+00  1.3643449211E+01
  3.2534674964E+00  1.3623641956E+01
  3.2603276340E+00  1.3602510779E+01
  3.2671877716E+00  1.3580064469E+01
  3.2740479092E+00  1.3556312499E+01
  3.2809080468E+00  1.3531265041E+01
  3.2877681845E+00  1.3504932993E+01
  3.2946283221E+00  1.3477327995E+01
  3.3014884597E+00  1.3448462454E+01
  3.3083485973E+00  1.3418349563E+01
  3.3152087349E+00  1.3387003326E+01
  3.3220688725E+00  1.3354438582E+01
  3.3289290102E+00  1.3320671024E+01
  3.3357891478E+00  1.3285717226E+01
  3.3426492854E+00  1.3249594662E+01
  3.3495094230E+00  1.3212321734E+01
  3.3563695606E+00  1.3173917792E+01
  3.3632296982E+00  1.3134403158E+01
  3.3700898359E+00  1.3093799146E+01
  3.3769499735E+00  1.3052128087E+01
  3.3838101111E+00  1.3009413349E+01
  3.3906702487E+00  1.2965679358E+01
  3.3975303863E+00  1.2920951618E+01
  3.4043905240E+00  1.2875256733E+01
  3.4112506616E+00  1.2828622421E+01
  3.4181107992E+00  1.2781077538E+01
  3.4249709368E+00  1.2732652087E+01
  3.4318310744E+00  1.2683377243E+01
  3.4386912120E+00  1.2633285362E+01
  3.4455513497E+00  1.2582409995E+01
  3.4524114873E+00  1.2530785902E+01
  3.4592716249E+00  1.2478449065E+01
  3.4661317625E+00  1.2425436695E+01
  3.4729919001E+00  1.2371787242E+01
  3.4798520377E+00  1.2317540404E+01
  3.4867121754E+00  1.2262737131E+01
  3.4935723130E+00  1.2207419636E+01
  3.5004324506E+00  1.2151631390E+01
  3.5072925882E+00  1.2095417135E+01
  3.5141527258E+00  1.2038822880E+01
  3.5210128634E+00  1.1981895904E+01
  3.5278730011E+00  1.1924684759E+01
  3.5347331387E+00  1.1867239266E+01
  3.5415932763E+00  1.1809610522E+01
  3.5484534139E+00  1.1751850894E+01
  3.5553135515E+00  1.1694014022E+01
  3.5621736891E+00  1.1636154822E+01
  3.5690338268E+00  1.1578329489E+01
  3.5758939644E+00  1.1520595496E+01
  3.5827541020E+00  1.1463011611E+01
  3.5896142396E+00  1.1405637894E+01
  3.5964743772E+00  1.1348535722E+01
  3.6033345148E+00  1.1291767796E+01
  3.6101946525E+00  1.1235398169E+01
  3.6170547901E+00  1.1179492268E+01
  3.6239149277E+00  1.1124116931E+01
  3.6307750653E+00  1.1069340441E+01
  3.6376352029E+00  1.1015232576E+01
  3.6444953405E+00  1.0961864659E+01
  3.6513554782E+00  1.0909309619E+01
  3.6582156158E+00  1.0857642053E+01
  3.6650757534E+00  1.0806938301E+01
  3.6719358910E+00  1.0757276515E+01
  3.6787960286E+00  1.0708736739E+01
  3.6856561662E+00  1.0661400972E+01
  3.6925163039E+00  1.0615353239E+01
  3.6993764415E+00  1.0570679627E+01
  3.7062365791E+00  1.0527468314E+01
  3.7130967167E+00  1.0485809548E+01
  3.7199568543E+00  1.0445795582E+01
  3.7268169919E+00  1.0407520543E+01
  3.7336771296E+00  1.0371080212E+01
  3.7405372672E+00  1.0336571702E+01
  3.7473974048E+00  1.0304093005E+01
  3.7542575424E+00  1.0273742402E+01
  3.7611176800E+00  1.0245617690E+01
  3.7679778176E+00  1.0219815254E+01
  3.7748379553E+00  1.0196428938E+01
  3.7816980929E+00  1.0175548756E+01
  3.7885582305E+00  1.0157259447E+01
  3.7954183681E+00  1.0141638926E+01
  3.8022785057E+00  1.0128756683E+01
  3.8091386433E+00  1.0118672203E+01
  3.8159987810E+00  1.0111433507E+01
  3.8228589186E+00  1.0107075884E+01
  3.8297190562E+00  1.0105620922E+01
  3.8297190562E+00  1.0105620922E+01
  3.8345699060E+00  1.0107715116E+01
  3.8394207558E+00  1.0113868987E+01
  3.8442716057E+00  1.0123723365E+01
  3.8491224555E+00  1.0136757274E+01
  3.8539733053E+00  1.0152370590E+01
  3.8588241552E+00  1.0169955444E+01
  3.8636750050E+00  1.0188944148E+01
  3.8685258548E+00  1.0208833738E+01
  3.8733767046E+00  1.0229193298E+01
  3.8782275545E+00  1.0249661072E+01
  3.8830784043E+00  1.0269936738E+01
  3.8879292541E+00  1.0289772177E+01
  3.8927801040E+00  1.0308962529E+01
  3.8976309538E+00  1.0327338292E+01
  3.9024818036E+00  1.0344758689E+01
  3.9073326534E+00  1.0361106269E+01
  3.9121835033E+00  1.0376282568E+01
  3.9170343531E+00  1.0390204674E+01
  3.9218852029E+00  1.0402802501E+01
  3.9267360528E+00  1.0414016646E+01
  3.9315869026E+00  1.0423796692E+01
  3.9364377524E+00  1.0432099868E+01
  3.9412886022E+00  1.0438889989E+01
  3.9461394521E+00  1.0444136616E+01
  3.9509903019E+00  1.0447814382E+01
  3.9558411517E+00  1.0449902459E+01
  3.9606920016E+00  1.0450384139E+01
  3.9655428514E+00  1.0449246483E+01
  3.9703937012E+00  1.0446480060E+01
  3.9752445510E+00  1.0442078724E+01
  3.9800954009E+00  1.0436039445E+01
  3.9849462507E+00  1.0428362169E+01
  3.9897971005E+00  1.0419049716E+01
  3.9946479504E+00  1.0408107689E+01
  3.9994988002E+00  1.0395544415E+01
  4.0043496500E+00  1.0381370890E+01
  4.0092004998E+00  1.0365600744E+01
  4.0140513497E+00  1.0348250217E+01
  4.0189021995E+00  1.0329338133E+01
  4.0237530493E+00  1.0308885895E+01
  4.0286038992E+00  1.0286917471E+01
  4.0334547490E+00  1.0263459395E+01
  4.0383055988E+00  1.0238540762E+01
  4.0431564486E+00  1.0212193235E+01
  4.0480072985E+00  1.0184451040E+01
  4.0528581483E+00  1.0155350973E+01
  4.0577089981E+00  1.0124932402E+01
  4.0625598480E+00  1.0093237267E+01
  4.0674106978E+00  1.0060310079E+01
  4.0722615476E+00  1.0026197919E+01
  4.0771123974E+00  9.9909504347E+00
  4.0819632473E+00  9.9546198288E+00
  4.0868140971E+00  9.9172608501E+00
  4.0916649469E+00  9.8789307766E+00
  4.0965157968E+00  9.8396893952E+00
  4.1013666466E+00  9.7995989754E+00
  4.1062174964E+00  9.7587242382E+00
  4.1110683462E+00  9.7171323174E+00
  4.1159191961E+00  9.6748927146E+00
  4.1207700459E+00  9.6320772461E+00
  4.1256208957E+00  9.5887599820E+00
  4.1304717456E+00  9.5450171765E+00
  4.1353225954E+00  9.5009271877E+00
  4.1401734452E+00  9.4565703883E+00
  4.1450242950E+00  9.4120290652E+00
  4.1498751449E+00  9.3673873076E+00
  4.1547259947E+00  9.3227308829E+00
  4.1595768445E+00  9.2781471002E+00
  4.1644276944E+00  9.2337246612E+00
  4.1692785442E+00  9.1895534965E+00
  4.1741293940E+00  9.1457245885E+00
  4.1789802438E+00  9.1023297803E+00
  4.1838310937E+00  9.0594615694E+00
  4.1886819435E+00  9.0172128870E+00
  4.1935327933E+00  8.9756768634E+00
  4.1983836432E+00  8.9349465778E+00
  4.2032344930E+00  8.8951147952E+00
  4.2080853428E+00  8.8562736894E+00
  4.2129361927E+00  8.8185145534E+00
  4.2177870425E+00  8.7819274979E+00
  4.2226378923E+00  8.7466011400E+00
  4.2274887421E+00  8.7126222826E+00
  4.2323395920E+00  8.6800755860E+00
  4.2371904418E+00  8.6490432354E+00
  4.2420412916E+00  8.6196046047E+00
  4.2468921415E+00  8.5918359189E+00
  4.2517429913E+00  8.5659826623E+00
  4.2565938411E+00  8.5654352857E+00
  4.2614446909E+00  8.5649277060E+00
  4.2662955408E+00  8.5644619963E+00
  4.2711463906E+00  8.5640400578E+00
  4.2759972404E+00  8.5636636125E+00
  4.2808480903E+00  8.5633341963E+00
  4.2856989401E+00  8.5630531532E+00
  4.2905497899E+00  8.5628216294E+00
  4.2954006397E+00  8.5626405690E+00
  4.3002514896E+00  8.5625107102E+00
  4.3051023394E+00  8.5624325826E+00
  4.3099531892E+00  8.5624065046E+00

