# Frequency(meV)  DOS(width=0.1~1.0)
  4.5321277538E-02  1.3223193364E-03  6.6115966822E-04  4.4077386866E-04  3.3092630165E-04  2.6987049219E-04  2.4322993041E-04  2.4208498006E-04  2.5658161322E-04  2.7890191438E-04  3.0421304252E-04
  6.0125232425E-02  7.6452127154E-04  5.7652701087E-04  4.1474532079E-04  3.2042047384E-04  2.6918130849E-04  2.5325427429E-04  2.6173351506E-04  2.8322302519E-04  3.0990596761E-04  3.3763170008E-04
  7.4929187313E-02  1.4775740151E-04  3.8226063522E-04  3.4553623573E-04  2.9079508539E-04  2.6160542869E-04  2.6304979896E-04  2.8400516605E-04  3.1329962827E-04  3.4427122731E-04  3.7407293655E-04
  8.9733142200E-02  9.5458666482E-06  1.9271969936E-04  2.5496709216E-04  2.4907748627E-04  2.5138586832E-04  2.7533919612E-04  3.1045082331E-04  3.4760295009E-04  3.8235646017E-04  4.1368569696E-04
  1.0453709709E-01  2.0615217832E-07  7.3878734351E-05  1.6696461920E-04  2.0519789368E-04  2.4437688675E-04  2.9339278209E-04  3.4271577149E-04  3.8687609880E-04  4.2444956259E-04  4.5656630820E-04
  1.1934105198E-01  1.4882193258E-09  2.1535400772E-05  9.8310417113E-05  1.7036605268E-04  2.4737699184E-04  3.2065082988E-04  3.8235207208E-04  4.3172673172E-04  4.7073153983E-04  5.0274714836E-04
  1.3414500686E-01  3.5913058953E-12  4.7837020843E-06  5.6342254627E-05  1.5582651789E-04  2.6723883721E-04  3.6026147108E-04  4.3061358423E-04  4.8254107430E-04  5.2124555203E-04  5.5218977107E-04
  1.4894896175E-01  2.8970005305E-15  9.3178082154E-07  4.3580380811E-05  1.7211076042E-04  3.0985180430E-04  4.1459853450E-04  4.8826017927E-04  5.3940968485E-04  5.7587538555E-04  6.0478405327E-04
  1.6375291664E-01  1.8737463446E-16  1.2492258531E-06  6.5394275392E-05  2.2832572199E-04  3.7911499831E-04  4.8483500513E-04  5.5539901397E-04  6.0207552689E-04  6.3433731440E-04  6.6035457547E-04
  1.7855687152E-01  4.0851278908E-13  7.8500906183E-06  1.3584085080E-04  3.3079772502E-04  4.7605368387E-04  5.7064659598E-04  6.3138770783E-04  6.6991342506E-04  6.9618842186E-04  7.1867490235E-04
  1.9336082641E-01  2.9896566951E-10  4.0778431491E-05  2.7709758644E-04  4.8078835378E-04  5.9826950063E-04  6.7010422465E-04  7.1481722682E-04  7.4194726764E-04  7.6085310733E-04  7.7948974323E-04
  2.0816478130E-01  7.3138059101E-08  1.6126987504E-04  5.0913261729E-04  6.7190219712E-04  7.3991902357E-04  7.7978475389E-04  8.0358233316E-04  8.1690767520E-04  8.2766781137E-04  8.4254418990E-04
  2.2296873619E-01  5.9809750145E-06  4.8496501343E-04  8.3079207198E-04  8.8869711995E-04  8.9234594852E-04  8.9509075906E-04  8.9503635988E-04  8.9332870024E-04  8.9594210478E-04  9.0761842366E-04
  2.3777269107E-01  1.6349594732E-04  1.1089071314E-03  1.2021690676E-03  1.1081796330E-03  1.0453347912E-03  1.0107306976E-03  9.8621678715E-04  9.6967792238E-04  9.6503238407E-04  9.7456553520E-04
  2.5257664596E-01  1.4939925870E-03  1.9280284713E-03  1.5447841608E-03  1.3048672498E-03  1.1887446343E-03  1.1212812213E-03  1.0741203687E-03  1.0445104979E-03  1.0344226930E-03  1.0433494926E-03
  2.6738060085E-01  4.5634819797E-03  2.5492460365E-03  1.7702783914E-03  1.4581715812E-03  1.3141055580E-03  1.2217429525E-03  1.1560024073E-03  1.1166346685E-03  1.1038058353E-03  1.1140799035E-03
  2.8218455574E-01  4.6596219674E-03  2.5653762126E-03  1.8278034994E-03  1.5590307584E-03  1.4157171280E-03  1.3080143164E-03  1.2296742626E-03  1.1852741764E-03  1.1731571277E-03  1.1870401085E-03
  2.9698851062E-01  1.5904187197E-03  1.9774964033E-03  1.7398836851E-03  1.6123030321E-03  1.4909348257E-03  1.3772415746E-03  1.2937753656E-03  1.2502121021E-03  1.2427929933E-03  1.2627053593E-03
  3.1179246551E-01  1.8146507049E-04  1.2244453069E-03  1.5972177685E-03  1.6330987842E-03  1.5396366639E-03  1.4280456331E-03  1.3479993900E-03  1.3119009070E-03  1.3134071943E-03  1.3417483815E-03
  3.2659642040E-01  7.7491474610E-06  7.9884012587E-04  1.5091793731E-03  1.6383469391E-03  1.5632083576E-03  1.4606613423E-03  1.3932572058E-03  1.3715249387E-03  1.3860788747E-03  1.4250304882E-03
  3.4140037529E-01  3.8403619604E-05  9.4055881218E-04  1.5390498367E-03  1.6377120799E-03  1.5636103118E-03  1.4770379387E-03  1.4317608901E-03  1.4310043697E-03  1.4622486665E-03  1.5135775288E-03
  3.5620433017E-01  5.9239037549E-04  1.5731055623E-03  1.6655798817E-03  1.6286889303E-03  1.5430716713E-03  1.4809326901E-03  1.4670135572E-03  1.4929334999E-03  1.5436617968E-03  1.6085412472E-03
  3.7100828506E-01  3.0616015907E-03  2.3151603876E-03  1.7959994672E-03  1.5986856512E-03  1.5046813228E-03  1.4779879893E-03  1.5036904706E-03  1.5604515292E-03  1.6322802064E-03  1.7111479681E-03
  3.8581223995E-01  5.2892741548E-03  2.6458776575E-03  1.8220596255E-03  1.5332591924E-03  1.4537210366E-03  1.4757307733E-03  1.5474000042E-03  1.6370501363E-03  1.7301688886E-03  1.8226377962E-03
  4.0061619484E-01  3.0545689167E-03  2.3055847028E-03  1.6829466495E-03  1.4265178654E-03  1.3991934447E-03  1.4833942146E-03  1.6043207559E-03  1.7263291418E-03  1.8393646522E-03  1.9441985643E-03
  4.1542014972E-01  5.8967161796E-04  1.5281851553E-03  1.3962963567E-03  1.2888276078E-03  1.3548056636E-03  1.5114556864E-03  1.6807247160E-03  1.8317185523E-03  1.9617379566E-03  2.0768994799E-03
  4.3022410461E-01  3.8051954465E-05  7.7033204411E-04  1.0433143053E-03  1.1486225215E-03  1.3387566496E-03  1.5708231752E-03  1.7824153051E-03  1.9561915107E-03  2.0988600144E-03  2.2216296931E-03
  4.4502805950E-01  8.2082421263E-07  2.9624136370E-04  7.2667750809E-04  1.0480488598E-03  1.3720050805E-03  1.6716814743E-03  1.9141305602E-03  2.1019970513E-03  2.2518877277E-03  2.3790467816E-03
  4.5983201439E-01  5.9190609509E-09  9.3409005445E-05  5.3393603481E-04  1.0345389044E-03  1.4751423045E-03  1.8221120144E-03  2.0789810904E-03  2.2704430006E-03  2.4214780348E-03  2.5495394144E-03
  4.7463596927E-01  2.5329852724E-10  5.8185653716E-05  5.2561398591E-04  1.1511094167E-03  1.6644185268E-03  2.0266983974E-03  2.2780040595E-03  2.4617570355E-03  2.6077408753E-03  2.7332072642E-03
  4.8943992416E-01  6.0887109766E-08  1.6174221383E-04  7.4228917302E-04  1.4274174782E-03  1.9477615447E-03  2.2853934866E-03  2.5099132935E-03  2.6750474144E-03  2.8102363700E-03  2.9298596827E-03
  5.0424387905E-01  5.1844445619E-06  4.9553825388E-04  1.2115848600E-03  1.8725014304E-03  2.3217327165E-03  2.5929291687E-03  2.7711086553E-03  2.9083745201E-03  3.0280173078E-03  3.1390329036E-03
  5.1904783393E-01  1.4757278150E-04  1.2076662166E-03  1.9419521910E-03  2.4697343696E-03  2.7702728989E-03  2.9389855937E-03  3.0559753986E-03  3.1589311212E-03  3.2597131139E-03  3.3600237593E-03
  5.3385178882E-01  1.4051278086E-03  2.3559901801E-03  2.9048802136E-03  3.1750290354E-03  3.2658096434E-03  3.3092089201E-03  3.3574603993E-03  3.4233148957E-03  3.5036467511E-03  3.5919362995E-03
  5.4865574371E-01  4.5169865235E-03  3.8240192061E-03  4.0168005124E-03  3.9200398442E-03  3.7728482198E-03  3.6869985962E-03  3.6678644333E-03  3.6978634234E-03  3.7579720972E-03  3.8337364670E-03
  5.6345969860E-01  5.5473103549E-03  5.4317898547E-03  5.1330844577E-03  4.6219241475E-03  4.2536079880E-03  4.0558132832E-03  3.9797474195E-03  3.9790118244E-03  4.0208168079E-03  4.0843092558E-03
  5.7826365348E-01  5.9774289176E-03  7.0212547102E-03  6.0649654658E-03  5.1994829660E-03  4.6747026184E-03  4.4016100573E-03  4.2868160924E-03  4.2636284017E-03  4.2904149176E-03  4.3425126623E-03
  5.9306760837E-01  9.4448158985E-03  8.2630442724E-03  6.6271932629E-03  5.5925482730E-03  5.0134594099E-03  4.7149707400E-03  4.5846579131E-03  4.5492852175E-03  4.5652146105E-03  4.6072232469E-03
  6.0787156326E-01  1.2189683189E-02  8.5536903234E-03  6.7109018217E-03  5.7787541375E-03  5.2623946786E-03  4.9925030780E-03  4.8712040170E-03  4.8344286120E-03  4.8439496243E-03  4.8773692119E-03
  6.2267551815E-01  1.0835083520E-02  7.4901763206E-03  6.3499745892E-03  5.7812076380E-03  5.4306992671E-03  5.2372315476E-03  5.1468453807E-03  5.1184282441E-03  5.1256672372E-03  5.1519484469E-03
  6.3747947303E-01  4.2110183907E-03  5.4964323094E-03  5.7317010078E-03  5.6631884248E-03  5.5422902348E-03  5.4578875669E-03  5.4141830391E-03  5.4015002553E-03  5.4097111685E-03  5.4300308210E-03
  6.5228342792E-01  5.8126072081E-04  3.7182146960E-03  5.1244592850E-03  5.5111199992E-03  5.6308529566E-03  5.6672282239E-03  5.6774544668E-03  5.6845179124E-03  5.6956632555E-03  5.7107459035E-03
  6.6708738281E-01  1.8886979495E-04  3.1643428208E-03  4.7549226038E-03  5.4120644451E-03  5.7330536346E-03  5.8797054813E-03  5.9417323140E-03  5.9687386769E-03  5.9832527236E-03  5.9932590578E-03
  6.8189133770E-01  1.9336657857E-03  3.9197413126E-03  4.7158370170E-03  5.4339189637E-03  5.8815036327E-03  6.1089298656E-03  6.2120280594E-03  6.2554875299E-03  6.2722455985E-03  6.2767402824E-03
  6.9669529258E-01  7.7006030343E-03  5.0987912835E-03  4.9690482979E-03  5.6141636605E-03  6.0990010532E-03  6.3653978198E-03  6.4924449449E-03  6.5458408638E-03  6.5623288755E-03  6.5603311218E-03
  7.1149924747E-01  1.0253643850E-02  5.6688357388E-03  5.4301717268E-03  5.9581309188E-03  6.3951297064E-03  6.6548786091E-03  6.7855100045E-03  6.8403527938E-03  6.8530042799E-03  6.8431153403E-03
  7.2630320236E-01  4.5804615855E-03  5.5499933571E-03  6.0505833039E-03  6.4437355284E-03  6.7656485772E-03  6.9777067710E-03  7.0917776173E-03  7.1388570838E-03  7.1435049272E-03  7.1240988303E-03
  7.4110715725E-01  1.0512093884E-03  5.7558281045E-03  6.8213859566E-03  7.0288281679E-03  7.1944654084E-03  7.3290373844E-03  7.4097447857E-03  7.4403648484E-03  7.4327452674E-03  7.4022034404E-03
  7.5591111213E-01  3.2604699090E-03  7.1606412912E-03  7.7084210950E-03  7.6593349969E-03  7.6575054171E-03  7.6999367023E-03  7.7360618491E-03  7.7430633526E-03  7.7193108965E-03  7.6762781603E-03
  7.7071506702E-01  1.1684926806E-02  9.2967186382E-03  8.6012069326E-03  8.2784141714E-03  8.1275237931E-03  8.0790368566E-03  8.0659725956E-03  8.0444073536E-03  8.0014907178E-03  7.9451295033E-03
  7.8551902191E-01  1.7810136026E-02  1.0788289685E-02  9.3429825086E-03  8.8366970379E-03  8.5788692943E-03  8.4544037470E-03  8.3938839441E-03  8.3412839583E-03  8.2773500776E-03  8.2075711426E-03
  8.0032297680E-01  1.1221921127E-02  1.0940533570E-02  9.8222390132E-03  9.3015631399E-03  8.9913571516E-03  8.8152588679E-03  8.7139533654E-03  8.6302265057E-03  8.5448402732E-03  8.4624910099E-03
  8.1512693168E-01  6.1613540853E-03  1.0340039090E-02  1.0043515818E-02  9.6618378643E-03  9.3527032405E-03  9.1532512244E-03  9.0205934726E-03  8.9076530119E-03  8.8019374293E-03  8.7089323035E-03
  8.2993088657E-01  1.0511161185E-02  9.8102283555E-03  1.0117365875E-02  9.9255682977E-03  9.6593269814E-03  9.4630779870E-03  9.3088248170E-03  9.1701094700E-03  9.0468021433E-03  8.9461832747E-03
  8.4473484146E-01  1.1537832441E-02  9.5783928369E-03  1.0180443343E-02  1.0112353692E-02  9.9156376390E-03  9.7423823702E-03  9.5744531095E-03  9.4145059796E-03  9.2779503143E-03  9.1738693695E-03
  8.5953879635E-01  8.0047298432E-03  9.7280139162E-03  1.0304649225E-02  1.0245236636E-02  1.0132081844E-02  9.9909960355E-03  9.8140963964E-03  9.6383418088E-03  9.4944249167E-03  9.3920403740E-03
  8.7434275123E-01  6.0027875995E-03  1.0505736286E-02  1.0454978398E-02  1.0347244177E-02  1.0322235248E-02  1.0209725315E-02  1.0025130528E-02  9.8399214832E-03  9.6959578925E-03  9.6012447133E-03
  8.8914670612E-01  1.2563426883E-02  1.1581459370E-02  1.0528096792E-02  1.0443539524E-02  1.0499171628E-02  1.0398990317E-02  1.0205647518E-02  1.0018565739E-02  9.8831106621E-03  9.8025830613E-03
  9.0395066101E-01  2.0189158316E-02  1.1790391796E-02  1.0458405548E-02  1.0564445492E-02  1.0671410992E-02  1.0557695184E-02  1.0354523504E-02  1.0174817635E-02  1.0057381053E-02  9.9977339833E-03
  9.1875461589E-01  1.2640594151E-02  1.0459721555E-02  1.0322279742E-02  1.0741832161E-02  1.0839049032E-02  1.0682714052E-02  1.0471667666E-02  1.0310635584E-02  1.0221263973E-02  1.0188945523E-02
  9.3355857078E-01  3.0994841984E-03  8.5891617760E-03  1.0345310344E-02  1.0994661671E-02  1.0991130091E-02  1.0769298806E-02  1.0558472905E-02  1.0429553384E-02  1.0378253397E-02  1.0378988465E-02
  9.4836252567E-01  2.3561073490E-03  8.0226311716E-03  1.0769875943E-02  1.1307869711E-02  1.1105654546E-02  1.0812540450E-02  1.0618421855E-02  1.0536775492E-02  1.0532774666E-02  1.0571069456E-02
  9.6316648056E-01  8.0994615078E-03  9.7287328613E-03  1.1651641519E-02  1.1617003445E-02  1.1153431825E-02  1.0809758714E-02  1.0657731803E-02  1.0639167482E-02  1.0690039368E-02  1.0768705148E-02
  9.7797043544E-01  1.1966240152E-02  1.3179333984E-02  1.2731582628E-02  1.1812763839E-02  1.1106076655E-02  1.0763399706E-02  1.0685866680E-02  1.0745100406E-02  1.0855820217E-02  1.0975561896E-02
  9.9277439033E-01  1.6663708036E-02  1.6702464178E-02  1.3498979291E-02  1.1771891242E-02  1.0946936331E-02  1.0683764233E-02  1.0715720215E-02  1.0864116144E-02  1.1036150646E-02  1.1195269023E-02
  1.0075783452E+00  2.9696040701E-02  1.8110911589E-02  1.3435303019E-02  1.1406925156E-02  1.0682164793E-02  1.0590757459E-02  1.0763294095E-02  1.1006399481E-02  1.1236962435E-02  1.1431216956E-02
  1.0223823001E+00  2.4395471205E-02  1.6026830305E-02  1.2300159004E-02  1.0715173773E-02  1.0348254318E-02  1.0513915243E-02  1.0846762088E-02  1.1182070142E-02  1.1463683987E-02  1.1686354262E-02
  1.0371862550E+00  7.3664311153E-03  1.1245168898E-02  1.0284833367E-02  9.8043143628E-03  1.0012670024E-02  1.0490248237E-02  1.0984918162E-02  1.1400340433E-02  1.1720830333E-02  1.1962999381E-02
  1.0519902099E+00  8.0499047617E-04  6.1604795912E-03  7.9470071037E-03  8.8806174691E-03  9.7659044968E-03  1.0559910344E-02  1.1195135358E-02  1.1668616083E-02  1.2011622281E-02  1.2262683301E-02
  1.0667941648E+00  3.1503441498E-05  2.6769945282E-03  5.9848547291E-03  8.2013305779E-03  9.7058003156E-03  1.0760238858E-02  1.1491086166E-02  1.1991642884E-02  1.2337674873E-02  1.2586038355E-02
  1.0815981197E+00  5.0149055693E-07  1.2168585197E-03  4.9930767467E-03  8.0071860117E-03  9.9174964268E-03  1.1119187570E-02  1.1880565964E-02  1.2370813930E-02  1.2698793429E-02  1.2932745624E-02
  1.0964020745E+00  6.3461070750E-06  1.5211644169E-03  5.3093899689E-03  8.4577426545E-03  1.0453927506E-02  1.1649444449E-02  1.2363794597E-02  1.2803747569E-02  1.3092908502E-02  1.3301549139E-02
  1.1112060294E+00  2.1212713552E-04  3.6139081237E-03  6.9661717132E-03  9.5895653798E-03  1.1321879528E-02  1.2344503864E-02  1.2932534229E-02  1.3284223054E-02  1.3516169273E-02  1.3690339587E-02
  1.1260099843E+00  2.5825231748E-03  7.6801480951E-03  9.7104754242E-03  1.1307851977E-02  1.2477176788E-02  1.3177639395E-02  1.3570255786E-02  1.3802521390E-02  1.3963199304E-02  1.4096303945E-02
  1.1408139392E+00  1.2139940353E-02  1.3181644664E-02  1.3073353792E-02  1.3410704974E-02  1.3830168784E-02  1.4104169166E-02  1.4253428245E-02  1.4346167954E-02  1.4427500849E-02  1.4516131005E-02
  1.1556178941E+00  2.4973111489E-02  1.8549654952E-02  1.6492510727E-02  1.5635913064E-02  1.5260107254E-02  1.5066754073E-02  1.4953823606E-02  1.4901018704E-02  1.4901976361E-02  1.4946256895E-02
  1.1704218490E+00  2.8048582507E-02  2.2246560008E-02  1.9466046594E-02  1.7715345913E-02  1.6635024410E-02  1.6002874648E-02  1.5641559842E-02  1.5452581746E-02  1.5379520632E-02  1.5383130008E-02
  1.1852258039E+00  2.2689031375E-02  2.4036445413E-02  2.1670397317E-02  1.9422669405E-02  1.7832815726E-02  1.6853227208E-02  1.6288477069E-02  1.5987428878E-02  1.5853626502E-02  1.5823471994E-02
  1.2000297588E+00  2.3211681786E-02  2.4761760527E-02  2.2983096784E-02  2.0605103451E-02  1.8759462472E-02  1.7569642782E-02  1.6871382290E-02  1.6494533651E-02  1.6318942683E-02  1.6264510846E-02
  1.2148337136E+00  2.7572147365E-02  2.5074271163E-02  2.3420564761E-02  2.1196783212E-02  1.9361424538E-02  1.8121272498E-02  1.7374715329E-02  1.6966376770E-02  1.6771725017E-02  1.6704164058E-02
  1.2296376685E+00  2.4706924678E-02  2.4864960494E-02  2.3063512040E-02  2.1216719509E-02  1.9630744118E-02  1.8498147964E-02  1.7792278036E-02  1.7399685708E-02  1.7210132126E-02  1.7141154003E-02
  1.2444416234E+00  2.7028789552E-02  2.3692172838E-02  2.2033637829E-02  2.0756330072E-02  1.9602892552E-02  1.8711720404E-02  1.8127812017E-02  1.7795719408E-02  1.7634332039E-02  1.7575043903E-02
  1.2592455783E+00  2.3791771473E-02  2.1395989467E-02  2.0519476983E-02  1.9960446019E-02  1.9348574745E-02  1.8792499654E-02  1.8394380046E-02  1.8160064340E-02  1.8046406038E-02  1.8006190329E-02
  1.2740495332E+00  1.6785802158E-02  1.8429352349E-02  1.8795962526E-02  1.9003949409E-02  1.8961456079E-02  1.8785356702E-02  1.8612672960E-02  1.8501966698E-02  1.8450057493E-02  1.8435616360E-02
  1.2888534881E+00  1.3624531509E-02  1.5675552793E-02  1.7188594934E-02  1.8065970704E-02  1.8544096757E-02  1.8743352522E-02  1.8808500379E-02  1.8833279237E-02  1.8850154082E-02  1.8864817441E-02
  1.3036574430E+00  1.2372278128E-02  1.3919030606E-02  1.5985418545E-02  1.7305022379E-02  1.8194324675E-02  1.8721079152E-02  1.9009811090E-02  1.9167143084E-02  1.9252149450E-02  1.9295518880E-02
  1.3184613979E+00  1.0754034813E-02  1.3511559124E-02  1.5349682335E-02  1.6839691858E-02  1.7993921724E-02  1.8768448808E-02  1.9243618869E-02  1.9516550231E-02  1.9661442762E-02  1.9729408956E-02
  1.3332653527E+00  1.2791438963E-02  1.4271618364E-02  1.5293951395E-02  1.6738581211E-02  1.8000920472E-02  1.8925674833E-02  1.9533184195E-02  1.9892939425E-02  2.0082740881E-02  2.0167874363E-02
  1.3480693076E+00  1.5969967137E-02  1.5449776141E-02  1.5735106661E-02  1.7020028922E-02  1.8246105090E-02  1.9219904913E-02  1.9895733360E-02  2.0304967636E-02  2.0519487208E-02  2.0611764840E-02
  1.3628732625E+00  2.2018010258E-02  1.6188501423E-02  1.6585277633E-02  1.7658936526E-02  1.8733590356E-02  1.9663652489E-02  2.0340901050E-02  2.0757574232E-02  2.0973414220E-02  2.1061211301E-02
  1.3776772174E+00  1.5746321377E-02  1.6558801388E-02  1.7797834299E-02  1.8597163515E-02  1.9444714516E-02  2.0254885663E-02  2.0869979784E-02  2.1251420008E-02  2.1444264110E-02  2.1515516949E-02
  1.3924811723E+00  8.9168218860E-03  1.7791625912E-02  1.9324672204E-02  1.9755708094E-02  2.0344003650E-02  2.0978423731E-02  2.1475966616E-02  2.1782743234E-02  2.1929705394E-02  2.1973134010E-02
  1.4072851272E+00  1.7021327317E-02  2.0724408972E-02  2.1034282704E-02  2.1048850548E-02  2.1385711431E-02  2.1808190865E-02  2.2144325906E-02  2.2343634676E-02  2.2425454519E-02  2.2431730792E-02
  1.4220890821E+00  3.0652835778E-02  2.4300711922E-02  2.2699425868E-02  2.2399739322E-02  2.2519477033E-02  2.2709891080E-02  2.2854341941E-02  2.2922696788E-02  2.2925592360E-02  2.2888345237E-02
  1.4368930370E+00  3.3833603791E-02  2.6444420402E-02  2.4109234813E-02  2.3753375056E-02  2.3694033749E-02  2.3643778646E-02  2.3580914592E-02  2.3506021631E-02  2.3423047659E-02  2.3339613054E-02
  1.4516969918E+00  2.7867175911E-02  2.6297874847E-02  2.5228650009E-02  2.5080049713E-02  2.4858630608E-02  2.4567359697E-02  2.4296648446E-02  2.4078398798E-02  2.3910204595E-02  2.3782051430E-02
  1.4665009467E+00  2.2238499370E-02  2.5053181780E-02  2.6251621293E-02  2.6364369127E-02  2.5962743491E-02  2.5438017244E-02  2.4974091350E-02  2.4624649307E-02  2.4379580799E-02  2.4212374032E-02
  1.4813049016E+00  1.9936150616E-02  2.4811601981E-02  2.7464271510E-02  2.7582855076E-02  2.6955438694E-02  2.6215648177E-02  2.5587983824E-02  2.5130973814E-02  2.4824516122E-02  2.4627809828E-02
  1.4961088565E+00  2.1220895763E-02  2.6968677996E-02  2.8996686302E-02  2.8682137625E-02  2.7786043877E-02  2.6865402084E-02  2.6117381310E-02  2.5586203630E-02  2.5239811679E-02  2.5026397596E-02
  1.5109128114E+00  2.8801107535E-02  3.1205566130E-02  3.0652351946E-02  2.9572693577E-02  2.8407353348E-02  2.7360514869E-02  2.6547506997E-02  2.5982850442E-02  2.5622263033E-02  2.5407229785E-02
  1.5257167663E+00  4.1941173803E-02  3.5453660001E-02  3.1963065758E-02  3.0146083942E-02  2.8781533131E-02  2.7685067794E-02  2.6871189124E-02  2.6317865447E-02  2.5971040550E-02  2.5770623481E-02
  1.5405207212E+00  4.6742063819E-02  3.7134139127E-02  3.2451249367E-02  3.0310098873E-02  2.8887611919E-02  2.7836333414E-02  2.7089741518E-02  2.6593040429E-02  2.6287883019E-02  2.6118202269E-02
  1.5553246761E+00  4.0914862190E-02  3.5127621929E-02  3.1918401640E-02  3.0025048504E-02  2.8728508303E-02  2.7826259665E-02  2.7213168412E-02  2.6815011485E-02  2.6577086609E-02  2.6452880211E-02
  1.5701286309E+00  2.9101105285E-02  3.0811233958E-02  3.0550459288E-02  2.9323514359E-02  2.8335367767E-02  2.7681643046E-02  2.7259619844E-02  2.6994859189E-02  2.6845288729E-02  2.6778747254E-02
  1.5849325858E+00  1.8353000181E-02  2.6996038652E-02  2.8771062598E-02  2.8305859970E-02  2.7767612846E-02  2.7442670890E-02  2.7254092417E-02  2.7147334532E-02  2.7101063821E-02  2.7100863554E-02
  1.5997365407E+00  1.8410693920E-02  2.5466449837E-02  2.6973401577E-02  2.7117493368E-02  2.7108222815E-02  2.7159753063E-02  2.7226455246E-02  2.7289774689E-02  2.7354364059E-02  2.7424977637E-02
  1.6145404956E+00  3.0868423605E-02  2.5425280329E-02  2.5348046901E-02  2.5921751866E-02  2.6454872544E-02  2.6888866034E-02  2.7208969881E-02  2.7440802713E-02  2.7615850857E-02  2.7757189436E-02
  1.6293444505E+00  3.3727958431E-02  2.4703743680E-02  2.3920290722E-02  2.4879718477E-02  2.5908317023E-02  2.6685930826E-02  2.7233549530E-02  2.7618926713E-02  2.7896171806E-02  2.8103583554E-02
  1.6441484054E+00  2.1565440931E-02  2.2475960475E-02  2.2719046041E-02  2.4138671199E-02  2.5559741979E-02  2.6600973771E-02  2.7329050682E-02  2.7841163829E-02  2.8205241438E-02  2.8469860244E-02
  1.6589523603E+00  1.2487304342E-02  2.0047972727E-02  2.1903815168E-02  2.3822399866E-02  2.5478879426E-02  2.6672921008E-02  2.7518896932E-02  2.8121810617E-02  2.8551582666E-02  2.8860991471E-02
  1.6737563152E+00  1.6148925892E-02  1.8965753473E-02  2.1747273367E-02  2.4015788994E-02  2.5704694479E-02  2.6925822445E-02  2.7819295429E-02  2.8471464398E-02  2.8941779227E-02  2.9280927070E-02
  1.6885602700E+00  2.2585947278E-02  1.9496478547E-02  2.2504636507E-02  2.4743151653E-02  2.6240385464E-02  2.7367085548E-02  2.8238225362E-02  2.8896371840E-02  2.9380078696E-02  2.9732371739E-02
  1.7033642249E+00  1.8221831588E-02  2.1372855975E-02  2.4261824883E-02  2.5949337865E-02  2.7054088325E-02  2.7987953792E-02  2.8775268586E-02  2.9398145340E-02  2.9868171862E-02  3.0216647793E-02
  1.7181681798E+00  1.9892620120E-02  2.4864264291E-02  2.6831503667E-02  2.7497537908E-02  2.8085787783E-02  2.8766051679E-02  2.9422234904E-02  2.9973849718E-02  3.0405158959E-02  3.0733651832E-02
  1.7329721347E+00  2.6252651271E-02  3.0133822421E-02  2.9740618753E-02  2.9193737134E-02  2.9259489046E-02  2.9669426561E-02  3.0164431036E-02  3.0616426382E-02  3.0987697921E-02  3.1281906276E-02
  1.7477760896E+00  3.7585771324E-02  3.5837861260E-02  3.2350724822E-02  3.0835969369E-02  3.0498059709E-02  3.0661243576E-02  3.0982352254E-02  3.1315393946E-02  3.1610316025E-02  3.1858699767E-02
  1.7625800445E+00  5.2206847478E-02  3.9226316281E-02  3.4110003141E-02  3.2272688127E-02  3.1736980273E-02  3.1704212160E-02  3.1853551076E-02  3.2057746273E-02  3.2265854960E-02  3.2460304143E-02
  1.7773839994E+00  5.0452649988E-02  3.8432012076E-02  3.4828406212E-02  3.3446557982E-02  3.2933203239E-02  3.2763972499E-02  3.2754459326E-02  3.2828961904E-02  3.2946011445E-02  3.3082250621E-02
  1.7921879543E+00  2.8241510484E-02  3.4708156428E-02  3.4793561288E-02  3.4403352485E-02  3.4066686122E-02  3.3811014461E-02  3.3661998667E-02  3.3614041953E-02  3.3641931140E-02  3.3719644189E-02
  1.8069919091E+00  1.9892495000E-02  3.1523349319E-02  3.4621078729E-02  3.5260073531E-02  3.5134588155E-02  3.4821143630E-02  3.4554892272E-02  3.4398504158E-02  3.4344812734E-02  3.4367493228E-02
  1.8217958640E+00  2.8732807102E-02  3.1264538196E-02  3.4923983375E-02  3.6145000451E-02  3.6140719510E-02  3.5774915438E-02  3.5414665244E-02  3.5169275586E-02  3.5046481302E-02  3.5021031064E-02
  1.8365998189E+00  3.4750210236E-02  3.3641485048E-02  3.6015485636E-02  3.7135422106E-02  3.7084548056E-02  3.6656701842E-02  3.6226375125E-02  3.5915442187E-02  3.5739894595E-02  3.5676007464E-02
  1.8514037738E+00  3.6951779913E-02  3.7090619613E-02  3.7806372371E-02  3.8219596634E-02  3.7954154803E-02  3.7454060251E-02  3.6979135533E-02  3.6628827378E-02  3.6419552329E-02  3.6328930743E-02
  1.8662077287E+00  4.2341560644E-02  4.0553747592E-02  3.9895407288E-02  3.9298155343E-02  3.8725907476E-02  3.8157846996E-02  3.7666485358E-02  3.7304382886E-02  3.7081785898E-02  3.6977245086E-02
  1.8810116836E+00  4.2247665972E-02  4.3729490813E-02  4.1747384449E-02  4.0222906645E-02  3.9370935937E-02  3.8763144065E-02  3.8286622958E-02  3.7940383083E-02  3.7724913930E-02  3.7619432358E-02
  1.8958156385E+00  4.6647055784E-02  4.6237402122E-02  4.2875696946E-02  4.0855866679E-02  3.9865831039E-02  3.9270684552E-02  3.8842485369E-02  3.8538419991E-02  3.8349257214E-02  3.8255033041E-02
  1.9106195934E+00  5.3080927638E-02  4.6956153071E-02  4.3007098931E-02  4.1124222237E-02  4.0203406892E-02  3.9688206138E-02  3.9341623548E-02  3.9103201517E-02  3.8957014511E-02  3.8884586493E-02
  1.9254235482E+00  5.4744346430E-02  4.4740110135E-02  4.2202937178E-02  4.1049814297E-02  4.0399444664E-02  4.0031120083E-02  3.9795818031E-02  3.9642161473E-02  3.9552008492E-02  3.9509496201E-02
  1.9402275031E+00  4.2123725704E-02  4.0249285983E-02  4.0864162312E-02  4.0742947490E-02  4.0492954027E-02  4.0322063479E-02  4.0220398525E-02  4.0164897517E-02  4.0139318322E-02  4.0131830916E-02
  1.9550314580E+00  2.0531731224E-02  3.6333771876E-02  3.9565818569E-02  4.0365285574E-02  4.0539918161E-02  4.0589233572E-02  4.0633270057E-02  4.0682462016E-02  4.0724822104E-02  4.0754077039E-02
  1.9698354129E+00  2.7691680442E-02  3.5465116890E-02  3.8786043736E-02  4.0078926790E-02  4.0602738847E-02  4.0863763711E-02  4.1053694817E-02  4.1206540535E-02  4.1314678311E-02  4.1378861318E-02
  1.9846393678E+00  4.4873610742E-02  3.7242528812E-02  3.8702440208E-02  4.0002781251E-02  4.0738846463E-02  4.1176666305E-02  4.1500918375E-02  4.1748561849E-02  4.1914780162E-02  4.2008665407E-02
  1.9994433227E+00  4.2089366500E-02  3.9431205021E-02  3.9190930562E-02  4.0191343879E-02  4.0991847908E-02  4.1555953872E-02  4.1992750056E-02  4.2318791093E-02  4.2530220346E-02  4.2645555045E-02
  2.0142472776E+00  3.8831825406E-02  4.0618679396E-02  3.9997855948E-02  4.0638695517E-02  4.1387372657E-02  4.2024436622E-02  4.2544205830E-02  4.2925463007E-02  4.3164805153E-02  4.3290946289E-02
  2.0290512325E+00  4.4458905508E-02  4.0946026928E-02  4.0926787651E-02  4.1299380723E-02  4.1934037412E-02  4.2598433304E-02  4.3166302027E-02  4.3574014806E-02  4.3820656597E-02  4.3945429369E-02
  2.0438551873E+00  3.9531867928E-02  4.1299237351E-02  4.1905956962E-02  4.2113631932E-02  4.2628340663E-02  4.3287317907E-02  4.3865060273E-02  4.4266477988E-02  4.4497938118E-02  4.4608667185E-02
  2.0586591422E+00  3.4445286665E-02  4.2432562508E-02  4.2932853123E-02  4.3027881108E-02  4.3461271689E-02  4.4093567885E-02  4.4640761027E-02  4.5001085287E-02  4.5194733684E-02  4.5279380494E-02
  2.0734630971E+00  4.8952594152E-02  4.4156901173E-02  4.3990530439E-02  4.4008166088E-02  4.4424121823E-02  4.5012867930E-02  4.5487475502E-02  4.5772142813E-02  4.5907101487E-02  4.5955425457E-02
  2.0882670520E+00  5.2344673611E-02  4.5564321423E-02  4.5020587556E-02  4.5048223614E-02  4.5511341290E-02  4.6033897607E-02  4.6392916632E-02  4.6570207314E-02  4.6629311906E-02  4.6633961958E-02
  2.1030710069E+00  4.1561512584E-02  4.6411064503E-02  4.5965596207E-02  4.6173137092E-02  4.6719140225E-02  4.7137673162E-02  4.7338673582E-02  4.7382593570E-02  4.7354265591E-02  4.7311703327E-02
  2.1178749618E+00  4.1422030862E-02  4.7198895075E-02  4.6843648088E-02  4.7435337391E-02  4.8039752590E-02  4.8296650822E-02  4.8300917301E-02  4.8194215819E-02  4.8074071826E-02  4.7985230436E-02
  2.1326789167E+00  5.6075170854E-02  4.7754754415E-02  4.7810858933E-02  4.8897307772E-02  4.9452714551E-02  4.9474122142E-02  4.9251669295E-02  4.8988739586E-02  4.8780751181E-02  4.8651346282E-02
  2.1474828715E+00  5.3583292849E-02  4.7505548719E-02  4.9164471489E-02  5.0598578165E-02  5.0915880665E-02  5.0624625150E-02  5.0160696369E-02  4.9749986808E-02  4.9467011076E-02  4.9307441776E-02
  2.1622868264E+00  3.8826427458E-02  4.7465633771E-02  5.1233350085E-02  5.2513746771E-02  5.2359767531E-02  5.1696068295E-02  5.0998022705E-02  5.0463500526E-02  5.0127030163E-02  4.9951840293E-02
  2.1770907813E+00  3.7555364747E-02  5.0084415095E-02  5.4150126797E-02  5.4518699930E-02  5.3688676804E-02  5.2633984096E-02  5.1736941399E-02  5.1118139883E-02  5.0757179176E-02  5.0584087968E-02
  2.1918947362E+00  5.2676259492E-02  5.6424484758E-02  5.7615430389E-02  5.6386368565E-02  5.4790621515E-02  5.3387836974E-02  5.2357277870E-02  5.1707547861E-02  5.1356603843E-02  5.1205159310E-02
  2.2066986911E+00  7.1014191341E-02  6.4508919791E-02  6.0847936189E-02  5.7825506130E-02  5.5555558981E-02  5.3918717583E-02  5.2848534995E-02  5.2231319690E-02  5.1927600946E-02  5.1817553339E-02
  2.2215026460E+00  7.7247728202E-02  7.0611340487E-02  6.2842014376E-02  5.8557146796E-02  5.5898573052E-02  5.4207221347E-02  5.3212466494E-02  5.2695705139E-02  5.2475732156E-02  5.2425263964E-02
  2.2363066009E+00  8.3540351736E-02  7.1486098382E-02  6.2841515515E-02  5.8402857094E-02  5.5782516394E-02  5.4259990086E-02  5.3464609609E-02  5.3113706740E-02  5.3009641626E-02  5.3033619079E-02
  2.2511105558E+00  8.1329603812E-02  6.6127690706E-02  6.0747126247E-02  5.7349391373E-02  5.5234126878E-02  5.4113402582E-02  5.3634377637E-02  5.3504488850E-02  5.3540570933E-02  5.3648995027E-02
  2.2659145106E+00  5.2741853632E-02  5.6957312360E-02  5.7176632153E-02  5.5563441711E-02  5.4349052412E-02  5.3833259634E-02  5.3763468214E-02  5.3892085598E-02  5.4081596329E-02  5.4278425351E-02
  2.2807184655E+00  3.1494579498E-02  4.8857086888E-02  5.3122978565E-02  5.3353690836E-02  5.3284040833E-02  5.3509955432E-02  5.3902566463E-02  5.4303481303E-02  5.4646645063E-02  5.4929134035E-02
  2.2955224204E+00  3.4473021965E-02  4.5313486756E-02  4.9450940532E-02  5.1101146922E-02  5.2237708828E-02  5.3249421599E-02  5.4106579882E-02  5.4766223704E-02  5.5249375769E-02  5.5608032239E-02
  2.3103263753E+00  4.9400199815E-02  4.5312696550E-02  4.6596470020E-02  4.9188197009E-02  5.1423707856E-02  5.3160903193E-02  5.4428890818E-02  5.5305805493E-02  5.5902028763E-02  5.6321222903E-02
  2.3251303302E+00  6.0049323756E-02  4.4945501055E-02  4.4654541371E-02  4.7947660723E-02  5.1041150989E-02  5.3343223032E-02  5.4915308170E-02  5.5943100503E-02  5.6614362241E-02  5.7073558594E-02
  2.3399342851E+00  4.6322500206E-02  4.2132983437E-02  4.3701783915E-02  4.7634304774E-02  5.1246923340E-02  5.3871507647E-02  5.5598505183E-02  5.6692157553E-02  5.7392787559E-02  5.7868294340E-02
  2.3547382400E+00  2.4148875140E-02  3.8950719616E-02  4.4011078445E-02  4.8407577114E-02  5.2133516087E-02  5.4786345416E-02  5.6493721547E-02  5.7558631775E-02  5.8239800465E-02  5.8706869004E-02
  2.3695421949E+00  2.9572752474E-02  3.9116044693E-02  4.5951730058E-02  5.0314612606E-02  5.3714903554E-02  5.6087043696E-02  5.7596380585E-02  5.8539070383E-02  5.9153776346E-02  5.9588836805E-02
  2.3843461497E+00  3.9888926656E-02  4.4242183035E-02  4.9682750297E-02  5.3273545419E-02  5.5922040033E-02  5.7730106492E-02  5.8882040157E-02  5.9621173552E-02  6.0129159264E-02  6.0511955988E-02
  2.3991501046E+00  4.9373583586E-02  5.2914729877E-02  5.4928472790E-02  5.7067504605E-02  5.8608740146E-02  5.9633348710E-02  6.0308790192E-02  6.0785033033E-02  6.1157031083E-02  6.1472425976E-02
  2.4139540595E+00  7.0054466733E-02  6.2250126439E-02  6.1025808265E-02  6.1360312260E-02  6.1567792606E-02  6.1685287920E-02  6.1821873640E-02  6.2005227048E-02  6.2226003630E-02  6.2465249398E-02
  2.4287580144E+00  7.6395841641E-02  6.9927269946E-02  6.7182469108E-02  6.5736224986E-02  6.4555985521E-02  6.3758704391E-02  6.3359990321E-02  6.3253537194E-02  6.3323339177E-02  6.3484682763E-02
  2.4435619693E+00  7.4495640508E-02  7.5457841195E-02  7.2726847847E-02  6.9756079590E-02  6.7325358776E-02  6.5726631111E-02  6.4862492249E-02  6.4501967996E-02  6.4436177569E-02  6.4524730862E-02
  2.4583659242E+00  7.7480604620E-02  7.9763592557E-02  7.7180807457E-02  7.3018431153E-02  6.9656713133E-02  6.7478619676E-02  6.6276534040E-02  6.5725705416E-02  6.5552735728E-02  6.5579636193E-02
  2.4731698791E+00  8.6454757967E-02  8.3635199603E-02  8.0171221491E-02  7.5217118462E-02  7.1390542286E-02  6.8935002099E-02  6.7563227754E-02  6.6905654405E-02  6.6663349055E-02  6.6644316235E-02
  2.4879738340E+00  8.6924224662E-02  8.6761685704E-02  8.1346637724E-02  7.6190267909E-02  7.2450417039E-02  7.0057076749E-02  6.8701974241E-02  6.8030248210E-02  6.7761243996E-02  6.7714708173E-02
  2.5027777888E+00  9.0511747053E-02  8.7579804648E-02  8.0458944904E-02  7.5954705713E-02  7.2854629196E-02  7.0851683622E-02  6.9692388272E-02  6.9096316845E-02  6.8842964449E-02  6.8787991759E-02
  2.5175817437E+00  1.0156795415E-01  8.3859521982E-02  7.7605770674E-02  7.4715357221E-02  7.2713614303E-02  7.1369436036E-02  7.0553568978E-02  7.0108926217E-02  6.9908417267E-02  6.9862675105E-02
  2.5323856986E+00  8.6319082717E-02  7.4944278243E-02  7.3432852047E-02  7.2838633209E-02  7.2213099377E-02  7.1696823996E-02  7.1320841865E-02  7.1080235297E-02  7.0960548455E-02  7.0938543611E-02
  2.5471896535E+00  5.2375190842E-02  6.4159620238E-02  6.9049925031E-02  7.0787884149E-02  7.1585578326E-02  7.1943344230E-02  7.2040457989E-02  7.2027547181E-02  7.2004705472E-02  7.2016487086E-02
  2.5619936084E+00  3.5805125572E-02  5.7373857673E-02  6.5612334336E-02  6.9035190159E-02  7.1074935662E-02  7.2225583072E-02  7.2763024510E-02  7.2970832431E-02  7.3047776778E-02  7.3098232717E-02
  2.5767975633E+00  4.1462253006E-02  5.7713259924E-02  6.3828282486E-02  6.7976314988E-02  7.0900202364E-02  7.2650647992E-02  7.3536613882E-02  7.3930065223E-02  7.4097222789E-02  7.4186020406E-02
  2.5916015182E+00  7.5103531255E-02  6.2318585048E-02  6.3767477402E-02  6.7874129926E-02  7.1224258253E-02  7.3301432599E-02  7.4400528774E-02  7.4922726023E-02  7.5160120100E-02  7.5282261345E-02
  2.6064054731E+00  8.7203899039E-02  6.5672790275E-02  6.5107214780E-02  6.8839686568E-02  7.2132002385E-02  7.4225895988E-02  7.5380581613E-02  7.5961787674E-02  7.6242332608E-02  7.6389220058E-02
  2.6212094279E+00  5.9481699171E-02  6.5932555353E-02  6.7560896258E-02  7.0840591149E-02  7.3620669700E-02  7.5431892048E-02  7.6486500180E-02  7.7054421451E-02  7.7347900903E-02  7.7508755041E-02
  2.6360133828E+00  5.2064818601E-02  6.6408009637E-02  7.1086364099E-02  7.3717770476E-02  7.5603168118E-02  7.6888200433E-02  7.7711733973E-02  7.8201548871E-02  7.8478708458E-02  7.8642144245E-02
  2.6508173377E+00  6.0944586941E-02  7.0903301907E-02  7.5714781930E-02  7.7199779723E-02  7.7923808661E-02  7.8531424234E-02  7.9035564730E-02  7.9398241254E-02  7.9634444945E-02  7.9790010493E-02
  2.6656212926E+00  7.9000040259E-02  7.9494570538E-02  8.1206850064E-02  8.0920677524E-02  8.0384456703E-02  8.0277482270E-02  8.0427079110E-02  8.0634851312E-02  8.0812848757E-02  8.0952349747E-02
  2.6804252475E+00  9.9242738628E-02  8.9215307098E-02  8.6867373300E-02  8.4458285251E-02  8.2777648488E-02  8.2035688962E-02  8.1850297770E-02  8.1898666900E-02  8.2010177965E-02  8.2128653746E-02
  2.6952292024E+00  9.9821693826E-02  9.7287135796E-02  9.1671833903E-02  8.7404142122E-02  8.4921567097E-02  8.3723015402E-02  8.3269614786E-02  8.3175819822E-02  8.3221835537E-02  8.3318108968E-02
  2.7100331573E+00  1.0127577946E-01  1.0242744544E-01  9.4620770637E-02  8.9456646583E-02  8.6690458506E-02  8.5276150208E-02  8.4654704095E-02  8.4453169102E-02  8.4443063282E-02  8.4519847221E-02
  2.7248371122E+00  1.1408926116E-01  1.0355167777E-01  9.5144286790E-02  9.0507202912E-02  8.8033973733E-02  8.6659443786E-02  8.5984190107E-02  8.5719908160E-02  8.5669620159E-02  8.5733219904E-02
  2.7396410670E+00  1.1698578027E-01  9.9375177613E-02  9.3400934339E-02  9.0680332341E-02  8.8980777703E-02  8.7867646389E-02  8.7247628249E-02  8.6968711450E-02  8.6898372989E-02  8.6958067987E-02
  2.7544450219E+00  8.9988866368E-02  9.0514498301E-02  9.0337070230E-02  9.0300789662E-02  8.9625539254E-02  8.8923369397E-02  8.8445650375E-02  8.8196325554E-02  8.8127748165E-02  8.8194962730E-02
  2.7692489768E+00  7.2042320922E-02  8.0848146520E-02  8.7403082787E-02  8.9790611249E-02  9.0103048407E-02  8.9870183776E-02  8.9588443655E-02  8.9403606312E-02  8.9358017664E-02  8.9445397187E-02
  2.7840529317E+00  6.2058328961E-02  7.5692623655E-02  8.5958677740E-02  8.9533001244E-02  9.0556924737E-02  9.0762997928E-02  9.0692996020E-02  9.0595090956E-02  9.0591417146E-02  9.0711914814E-02
  2.7988568866E+00  5.7223890348E-02  7.8388210339E-02  8.6626687733E-02  8.9759708477E-02  9.1111528359E-02  9.1657681733E-02  9.1779714945E-02  9.1778258079E-02  9.1832114324E-02  9.1998167959E-02
  2.8136608415E+00  8.5028621450E-02  8.7663701998E-02  8.8987461048E-02  9.0510708546E-02  9.1853636583E-02  9.2601798738E-02  9.2869086306E-02  9.2962659247E-02  9.3086059169E-02  9.3308904952E-02
  2.8284647964E+00  1.1366309479E-01  9.7736757049E-02  9.1862421822E-02  9.1680227775E-02  9.2826079401E-02  9.3627872200E-02  9.3978983843E-02  9.4159100488E-02  9.4360752655E-02  9.4649889384E-02
  2.8432687513E+00  1.2511301863E-01  1.0226215383E-01  9.4056917899E-02  9.3118337379E-02  9.4030899235E-02  9.4750016542E-02  9.5123083335E-02  9.5379012753E-02  9.5664967925E-02  9.6027758722E-02
  2.8580727061E+00  1.0674887228E-01  9.9443632433E-02  9.5097107193E-02  9.4727645275E-02  9.5436957165E-02  9.5964185200E-02  9.6310608276E-02  9.6634086612E-02  9.7008448892E-02  9.7449831692E-02
  2.8728766610E+00  8.0750150150E-02  9.3217726015E-02  9.5486053177E-02  9.6498506319E-02  9.6987463584E-02  9.7251817305E-02  9.7547372802E-02  9.7936170815E-02  9.8401599263E-02  9.8923875307E-02
  2.8876806159E+00  7.4321530429E-02  8.9272985161E-02  9.6335943448E-02  9.8463269188E-02  9.8606123349E-02  9.8586308087E-02  9.8837832927E-02  9.9297362245E-02  9.9855163337E-02  1.0045784321E-01
  2.9024845708E+00  8.8457444076E-02  9.0616300061E-02  9.8631921218E-02  1.0060019915E-01  1.0020436072E-01  9.9941410924E-02  1.0018764798E-01  1.0073016070E-01  1.0137989179E-01  1.0205959773E-01
  2.9172885257E+00  9.5061561628E-02  9.7232308439E-02  1.0255842573E-01  1.0275224337E-01  1.0169388685E-01  1.0130033714E-01  1.0160612616E-01  1.0224753749E-01  1.0298618338E-01  1.0373662899E-01
  2.9320924806E+00  9.3867190587E-02  1.0792052618E-01  1.0723026624E-01  1.0462402076E-01  1.0300714591E-01  1.0266396713E-01  1.0310790909E-01  1.0386277822E-01  1.0468369808E-01  1.0549578525E-01
  2.9468964355E+00  1.2158598028E-01  1.1984984866E-01  1.1097309261E-01  1.0588109922E-01  1.0412336071E-01  1.0405634859E-01  1.0471335585E-01  1.0558900665E-01  1.0648094757E-01  1.0734303004E-01
  2.9617003904E+00  1.5252214444E-01  1.2718869897E-01  1.1209111163E-01  1.0631807830E-01  1.0509236252E-01  1.0552573292E-01  1.0644731297E-01  1.0743837086E-01  1.0838488375E-01  1.0928324204E-01
  2.9765043452E+00  1.5331411335E-01  1.2371078488E-01  1.0982430021E-01  1.0601664392E-01  1.0604529439E-01  1.0713996338E-01  1.0833627694E-01  1.0942096088E-01  1.1040052034E-01  1.1132007375E-01
  2.9913083001E+00  1.2540626858E-01  1.0871836725E-01  1.0499001064E-01  1.0540767357E-01  1.0718292571E-01  1.0897611372E-01  1.1040431640E-01  1.1154361065E-01  1.1253063480E-01  1.1345588348E-01
  3.0061122550E+00  7.0285856143E-02  8.9845841283E-02  9.9845623771E-02  1.0518978890E-01  1.0873884290E-01  1.1110571171E-01  1.1266845160E-01  1.1380879844E-01  1.1477560183E-01  1.1569175168E-01
  3.0209162099E+00  3.6474550796E-02  7.8449883222E-02  9.7130610456E-02  1.0612286067E-01  1.1092391404E-01  1.1357829980E-01  1.1513441038E-01  1.1621388253E-01  1.1713340547E-01  1.1802758804E-01
  3.0357201648E+00  6.0769386046E-02  8.1033225056E-02  9.8807296505E-02  1.0877458702E-01  1.1386646030E-01  1.1640702774E-01  1.1779372718E-01  1.1875088465E-01  1.1959986221E-01  1.2046232882E-01
  3.0505241197E+00  9.8510768707E-02  9.5223698035E-02  1.0524703870E-01  1.1331987883E-01  1.1756607189E-01  1.1956005382E-01  1.2062299027E-01  1.2140696172E-01  1.2216906405E-01  1.2299421612E-01
  3.0653280746E+00  1.2203339865E-01  1.1380748025E-01  1.1527711037E-01  1.1946680271E-01  1.2187636743E-01  1.2296059014E-01  1.2358568285E-01  1.2416559854E-01  1.2483402209E-01  1.2562114330E-01
  3.0801320295E+00  1.3395721131E-01  1.3092912858E-01  1.2689479524E-01  1.2652687965E-01  1.2652406541E-01  1.2649660882E-01  1.2663656744E-01  1.2700842668E-01  1.2758746170E-01  1.2834104337E-01
  3.0949359843E+00  1.5144695996E-01  1.4428317433E-01  1.3808006889E-01  1.3359350158E-01  1.3116132498E-01  1.3003895828E-01  1.2972802916E-01  1.2991745503E-01  1.3042269518E-01  1.3115229219E-01
  3.1097399392E+00  1.6351995491E-01  1.5417201839E-01  1.4725098425E-01  1.3976470690E-01  1.3543891823E-01  1.3346451529E-01  1.3281734188E-01  1.3287740752E-01  1.3333448219E-01  1.3405409592E-01
  3.1245438941E+00  1.5022771765E-01  1.6190916500E-01  1.5332518408E-01  1.4434913219E-01  1.3908223471E-01  1.3667959472E-01  1.3587355982E-01  1.3587782528E-01  1.3631978505E-01  1.3704683274E-01
  3.1393478490E+00  1.6737165479E-01  1.6713839934E-01  1.5568315800E-01  1.4701273450E-01  1.4195169010E-01  1.3963854866E-01  1.3888273863E-01  1.3891461374E-01  1.3937833662E-01  1.4013232293E-01
  3.1541518039E+00  2.0136595268E-01  1.6624252584E-01  1.5430391148E-01  1.4784297664E-01  1.4407346459E-01  1.4235340612E-01  1.4185046670E-01  1.4199079845E-01  1.4251296188E-01  1.4331400839E-01
  3.1689557588E+00  1.7565223911E-01  1.5620880619E-01  1.5001577209E-01  1.4732150247E-01  1.4563406217E-01  1.4489231757E-01  1.4480119216E-01  1.4511638336E-01  1.4572962701E-01  1.4659703096E-01
  3.1837597137E+00  1.3008001231E-01  1.4045116349E-01  1.4451777433E-01  1.4621109413E-01  1.4694080234E-01  1.4736701233E-01  1.4777445821E-01  1.4830735642E-01  1.4903722586E-01  1.4998820880E-01
  3.1985636686E+00  9.7964519558E-02  1.2787715347E-01  1.3991619337E-01  1.4538224864E-01  1.4835789577E-01  1.4991187458E-01  1.5081877654E-01  1.5158403177E-01  1.5244714777E-01  1.5349591876E-01
  3.2133676234E+00  1.0081229397E-01  1.2514528853E-01  1.3794799731E-01  1.4562347485E-01  1.5023258315E-01  1.5265904862E-01  1.5398433989E-01  1.5496902625E-01  1.5597269664E-01  1.5712989979E-01
  3.2281715783E+00  1.3642096268E-01  1.3124496072E-01  1.3939769105E-01  1.4748484930E-01  1.5282712534E-01  1.5571480556E-01  1.5731599611E-01  1.5848521905E-01  1.5962844472E-01  1.6090099710E-01
  3.2429755332E+00  1.5855027824E-01  1.4040856173E-01  1.4408532090E-01  1.5118933256E-01  1.5627035252E-01  1.5914208350E-01  1.6084782834E-01  1.6215402756E-01  1.6342960386E-01  1.6482086779E-01
  3.2577794881E+00  1.4031596499E-01  1.4892519277E-01  1.5132613539E-01  1.5661830427E-01  1.6053789847E-01  1.6295274204E-01  1.6460032499E-01  1.6599425361E-01  1.6739148263E-01  1.6890166709E-01
  3.2725834430E+00  1.4882556717E-01  1.5728187386E-01  1.6040526709E-01  1.6335475606E-01  1.6546439362E-01  1.6711095478E-01  1.6858055898E-01  1.7002163009E-01  1.7152907266E-01  1.7315572980E-01
  3.2873873979E+00  1.7181168842E-01  1.6718483032E-01  1.7068171634E-01  1.7076338127E-01  1.7078487431E-01  1.7154675209E-01  1.7278515186E-01  1.7424905308E-01  1.7585677692E-01  1.7759525539E-01
  3.3021913528E+00  1.7855159669E-01  1.7985294984E-01  1.8131962315E-01  1.7809869285E-01  1.7619724367E-01  1.7617652818E-01  1.7720521764E-01  1.7868735154E-01  1.8038826192E-01  1.8223199856E-01
  3.3169953077E+00  1.7288153775E-01  1.9583540559E-01  1.9100527287E-01  1.8464291332E-01  1.8143331901E-01  1.8092581324E-01  1.8183209023E-01  1.8334634863E-01  1.8513639071E-01  1.8707696107E-01
  3.3317992625E+00  2.1201426949E-01  2.1196453950E-01  1.9808104973E-01  1.8986804328E-01  1.8632343914E-01  1.8574912616E-01  1.8666252189E-01  1.8823592729E-01  1.9011317781E-01  1.9214007617E-01
  3.3466032174E+00  2.7904810972E-01  2.1974891830E-01  2.0123285619E-01  1.9359120815E-01  1.9083964368E-01  1.9064240732E-01  1.9170221897E-01  1.9336682992E-01  1.9532970308E-01  1.9742987520E-01
  3.3614071723E+00  2.4633268432E-01  2.1268550834E-01  2.0036740019E-01  1.9606820668E-01  1.9510590210E-01  1.9564527221E-01  1.9696700738E-01  1.9875099235E-01  2.0079592885E-01  2.0295312648E-01
  3.3762111272E+00  1.7279190714E-01  1.9536836988E-01  1.9701798969E-01  1.9797116494E-01  1.9937090343E-01  2.0083275760E-01  2.0248148950E-01  2.0440131549E-01  2.0652038112E-01  2.0871444016E-01
  3.3910150821E+00  1.4400922459E-01  1.8053532154E-01  1.9387424702E-01  2.0023149322E-01  2.0394837501E-01  2.0629878877E-01  2.0827562542E-01  2.1033088979E-01  2.1250967782E-01  2.1471583833E-01
  3.4058190370E+00  1.5463012929E-01  1.7692822681E-01  1.9368646953E-01  2.0378420120E-01  2.0913929489E-01  2.1213563790E-01  2.1438010841E-01  2.1655178280E-01  2.1876791097E-01  2.2095629669E-01
  3.4206229919E+00  1.9745766554E-01  1.8370505505E-01  1.9823216055E-01  2.0929478149E-01  2.1515658224E-01  2.1841461454E-01  2.2082160138E-01  2.2307355993E-01  2.2529591095E-01  2.2743127190E-01
  3.4354269468E+00  1.9633889584E-01  1.9650013283E-01  2.0785001093E-01  2.1696144797E-01  2.2207337359E-01  2.2517282750E-01  2.2761881785E-01  2.2990172462E-01  2.3209043851E-01  2.3413223592E-01
  3.4502309016E+00  1.8748903498E-01  2.1425509133E-01  2.2153271095E-01  2.2645933431E-01  2.2981004415E-01  2.3240913767E-01  2.3478009870E-01  2.3703623930E-01  2.3914336069E-01  2.4104624509E-01
  3.4650348565E+00  2.2694438935E-01  2.3730681048E-01  2.3730280263E-01  2.3704384223E-01  2.3816417110E-01  2.4008981926E-01  2.4230265299E-01  2.4447023721E-01  2.4644087231E-01  2.4815557606E-01
  3.4798388114E+00  2.7888458131E-01  2.6187236275E-01  2.5272175416E-01  2.4777891409E-01  2.4687493313E-01  2.4816166827E-01  2.5017313648E-01  2.5218897589E-01  2.5396282502E-01  2.5543746287E-01
  3.4946427663E+00  3.0739771437E-01  2.8074341926E-01  2.6554089758E-01  2.5781928306E-01  2.5570295652E-01  2.5656813596E-01  2.5836887626E-01  2.6016903626E-01  2.6168222312E-01  2.6286396899E-01
  3.5094467212E+00  3.0483383704E-01  2.8916594859E-01  2.7440598354E-01  2.6666217696E-01  2.6450163749E-01  2.6526316647E-01  2.6685891996E-01  2.6837775120E-01  2.6956494039E-01  2.7040202525E-01
  3.5242506761E+00  2.8870055446E-01  2.8796916448E-01  2.7932952758E-01  2.7429509059E-01  2.7325805998E-01  2.7421808168E-01  2.7560423095E-01  2.7677285815E-01  2.7756970603E-01  2.7801365858E-01
  3.5390546310E+00  2.9151197792E-01  2.8188380074E-01  2.8166587845E-01  2.8119785509E-01  2.8209020801E-01  2.8341893450E-01  2.8455672628E-01  2.8530240677E-01  2.8564839942E-01  2.8565642836E-01
  3.5538585859E+00  2.5587678792E-01  2.7664210044E-01  2.8360462719E-01  2.8819934637E-01  2.9119979450E-01  2.9285467491E-01  2.9365735170E-01  2.9390499874E-01  2.9374668272E-01  2.9328407695E-01
  3.5686625407E+00  2.5876619964E-01  2.7632968342E-01  2.8747236484E-01  2.9622854633E-01  3.0079313885E-01  3.0249940155E-01  3.0283385844E-01  3.0251047330E-01  3.0180498553E-01  3.0084738897E-01
  3.5834664956E+00  2.9302862346E-01  2.8188593482E-01  2.9515110460E-01  3.0602558944E-01  3.1099244954E-01  3.1229403814E-01  3.1199924442E-01  3.1104116095E-01  3.0975983668E-01  3.0829524101E-01
  3.5982704505E+00  2.8521797160E-01  2.9318528896E-01  3.0770621318E-01  3.1788741371E-01  3.2176373773E-01  3.2213333475E-01  3.2105184871E-01  3.1941379688E-01  3.1754551414E-01  3.1557581063E-01
  3.6130744054E+00  2.7801355846E-01  3.1171756404E-01  3.2511665825E-01  3.3151710891E-01  3.3288405108E-01  3.3186293073E-01  3.2987781767E-01  3.2754211521E-01  3.2509595781E-01  3.2263790133E-01
  3.6278783603E+00  3.3845541278E-01  3.3882849560E-01  3.4603424195E-01  3.4602813426E-01  3.4396034775E-01  3.4128861270E-01  3.3835615686E-01  3.3534004542E-01  3.3234686275E-01  3.2943233016E-01
  3.6426823152E+00  3.7160350232E-01  3.7247324494E-01  3.6773119232E-01  3.6012229193E-01  3.5449767036E-01  3.5019658333E-01  3.4636597267E-01  3.4272532403E-01  3.3923784654E-01  3.3591331722E-01
  3.6574862701E+00  3.9347151936E-01  4.0622505048E-01  3.8655623402E-01  3.7241212838E-01  3.6399941362E-01  3.5838047975E-01  3.5379495523E-01  3.4962324139E-01  3.4571456854E-01  3.4203981269E-01
  3.6722902250E+00  4.8478730050E-01  4.2965459230E-01  3.9904936261E-01  3.8180291548E-01  3.7207204831E-01  3.6566895585E-01  3.6054780740E-01  3.5597018814E-01  3.5173067175E-01  3.4777669791E-01
  3.6870941798E+00  4.9093266573E-01  4.3281161745E-01  4.0338371905E-01  3.8780967022E-01  3.7850441941E-01  3.7194744471E-01  3.6655327674E-01  3.6171666248E-01  3.5724942498E-01  3.5309580183E-01
  3.7018981347E+00  4.2501856709E-01  4.1495892447E-01  4.0036306935E-01  3.9068869920E-01  3.8329903000E-01  3.7716930760E-01  3.7176871014E-01  3.6682945074E-01  3.6224496088E-01  3.5797668380E-01
  3.7167020896E+00  3.6771200971E-01  3.8745628714E-01  3.9324849800E-01  3.9132319875E-01  3.8664761942E-01  3.8135446423E-01  3.7618155080E-01  3.7129279128E-01  3.6670303512E-01  3.6240714624E-01
  3.7315060445E+00  3.3409114008E-01  3.6613793618E-01  3.8633293113E-01  3.9089963971E-01  3.8886094524E-01  3.8457690543E-01  3.7980780134E-01  3.7510845544E-01  3.7062126872E-01  3.6638345655E-01
  3.7463099994E+00  3.2224384210E-01  3.6126528586E-01  3.8300734095E-01  3.9050049555E-01  3.9027678510E-01  3.8694521868E-01  3.8268802968E-01  3.7829480614E-01  3.7400887485E-01  3.6991027392E-01
  3.7611139543E+00  3.5228276090E-01  3.7237207601E-01  3.8441496647E-01  3.9077263494E-01  3.9117572936E-01  3.8858162782E-01  3.8488186345E-01  3.8088500194E-01  3.7688590974E-01  3.7300029347E-01
  3.7759179092E+00  4.2427648114E-01  3.9005650018E-01  3.8936964871E-01  3.9179122068E-01  3.9172952786E-01  3.8960473514E-01  3.8646203033E-01  3.8292458433E-01  3.7928211879E-01  3.7567363530E-01
  3.7907218641E+00  4.2467706293E-01  4.0409563563E-01  3.9536411367E-01  3.9314855375E-01  3.9199378824E-01  3.9011938100E-01  3.8750885908E-01  3.8446871311E-01  3.8123547214E-01  3.7795701822E-01
  3.8055258189E+00  3.9985646837E-01  4.1071967077E-01  3.9989209231E-01  3.9420393719E-01  3.9194091371E-01  3.9021447022E-01  3.8810582885E-01  3.8557930018E-01  3.8279049631E-01  3.7988276717E-01
  3.8203297738E+00  4.2330814810E-01  4.1147727953E-01  4.0135935428E-01  3.9437782120E-01  3.9151628601E-01  3.8996712141E-01  3.8833635776E-01  3.8632224824E-01  3.8399651012E-01  3.8148770819E-01
  3.8351337287E+00  4.1323731967E-01  4.0787714405E-01  3.9936634452E-01  3.9337707986E-01  3.9069512760E-01  3.8944984122E-01  3.8828167387E-01  3.8676494177E-01  3.8490586622E-01  3.8281200574E-01
  3.8499376836E+00  4.0645919762E-01  3.9985475639E-01  3.9457237045E-01  3.9128440181E-01  3.8952030939E-01  3.8873703084E-01  3.8801940232E-01  3.8697407885E-01  3.8557228479E-01  3.8389799479E-01
  3.8647416385E+00  3.9697073452E-01  3.8785630991E-01  3.8838296580E-01  3.8850518454E-01  3.8811048381E-01  3.8790797374E-01  3.8762246769E-01  3.8701388445E-01  3.8604934765E-01  3.8478905366E-01
  3.8795455934E+00  3.6999925233E-01  3.7499493775E-01  3.8250761176E-01  3.8561484922E-01  3.8663925278E-01  3.8704511455E-01  3.8715802812E-01  3.8694471305E-01  3.8638919981E-01  3.8552855616E-01
  3.8943495483E+00  3.4950727699E-01  3.6711363066E-01  3.7838537278E-01  3.8317437652E-01  3.8529544244E-01  3.8622829272E-01  3.8668636199E-01  3.8682203108E-01  3.8664148508E-01  3.8615893136E-01
  3.9091535032E+00  3.2543685755E-01  3.6859268004E-01  3.7667051923E-01  3.8157919782E-01  3.8423919815E-01  3.8552702801E-01  3.8625983188E-01  3.8669575996E-01  3.8685252263E-01  3.8672084968E-01
  3.9239574580E+00  3.9119529277E-01  3.7643704009E-01  3.7711246834E-01  3.8098186823E-01  3.8356790777E-01  3.8499356333E-01  3.8592218005E-01  3.8660995429E-01  3.8706471510E-01  3.8725254445E-01
  3.9387614129E+00  4.3576844201E-01  3.8196173530E-01  3.7894265682E-01  3.8129477162E-01  3.8330116405E-01  3.8465905055E-01  3.8570841977E-01  3.8660277893E-01  3.8731616502E-01  3.8778926909E-01
  3.9535653678E+00  3.7057321973E-01  3.8138669513E-01  3.8143183997E-01  3.8225149406E-01  3.8338734345E-01  3.8453421165E-01  3.8564547845E-01  3.8670673366E-01  3.8764046678E-01  3.8836288380E-01
  3.9683693227E+00  3.4234220329E-01  3.8051411278E-01  3.8412044704E-01  3.8349572273E-01  3.8372815301E-01  3.8461440667E-01  3.8575356091E-01  3.8694905542E-01  3.8806663531E-01  3.8900156043E-01
  3.9831732776E+00  3.7751865110E-01  3.8562135314E-01  3.8660983757E-01  3.8467345869E-01  3.8421321116E-01  3.8488773625E-01  3.8604799733E-01  3.8735221180E-01  3.8861913143E-01  3.8972959141E-01
  3.9979772325E+00  4.0720146797E-01  3.9420174498E-01  3.8832030643E-01  3.8551581913E-01  3.8475500592E-01  3.8534396683E-01  3.8654118797E-01  3.8793439189E-01  3.8931794596E-01  3.9056728811E-01
  4.0127811874E+00  4.2756774217E-01  3.9795836184E-01  3.8864511122E-01  3.8590379873E-01  3.8531531955E-01  3.8598188978E-01  3.8724420404E-01  3.8870990664E-01  3.9017871160E-01  3.9153095501E-01
  4.0275851422E+00  4.1646610026E-01  3.9269723421E-01  3.8742238021E-01  3.8590233295E-01  3.8591691813E-01  3.8681321164E-01  3.8816766988E-01  3.8968943300E-01  3.9121282073E-01  3.9263292802E-01
  4.0423890971E+00  3.5468420259E-01  3.8304407542E-01  3.8522981993E-01  3.8574899355E-01  3.8663826115E-01  3.8786204511E-01  3.8932171960E-01  3.9088007146E-01  3.9242753896E-01  3.9388166917E-01
  4.0571930520E+00  3.4754002343E-01  3.7682956077E-01  3.8317183123E-01  3.8579223043E-01  3.8759330916E-01  3.8916024145E-01  3.9071504526E-01  3.9228522952E-01  3.9382611594E-01  3.9528191273E-01
  4.0719970069E+00  3.9240710634E-01  3.7644773004E-01  3.8234002940E-01  3.8639363877E-01  3.8890219335E-01  3.9073985715E-01  3.9235327600E-01  3.9390438548E-01  3.9540790584E-01  3.9683486121E-01
  4.0868009618E+00  3.8749739644E-01  3.7873597278E-01  3.8337838885E-01  3.8782616969E-01  3.9066060921E-01  3.9262471954E-01  3.9423708926E-01  3.9573281863E-01  3.9716851748E-01  3.9853843224E-01
  4.1016049167E+00  3.7299835118E-01  3.8182781221E-01  3.8636722936E-01  3.9020338646E-01  3.9291572766E-01  3.9482319889E-01  3.9636051835E-01  3.9776140707E-01  3.9910001839E-01  4.0038755843E-01
  4.1164088716E+00  3.6910532546E-01  3.8740421020E-01  3.9092317013E-01  3.9346123480E-01  3.9565425243E-01  3.9732390453E-01  3.9870987166E-01  3.9997659005E-01  4.0119121652E-01  4.0237454241E-01
  4.1312128265E+00  3.9881466689E-01  3.9630381443E-01  3.9636753739E-01  3.9739126383E-01  3.9880474453E-01  4.0009522853E-01  4.0126353611E-01  4.0236056857E-01  4.0342803846E-01  4.0448946814E-01
  4.1460167813E+00  4.1557952949E-01  4.0566435150E-01  4.0195509732E-01  4.0170497018E-01  4.0225262223E-01  4.0308868470E-01  4.0399273955E-01  4.0489178274E-01  4.0579401509E-01  4.0672066708E-01
  4.1608207362E+00  4.1970017033E-01  4.1134407298E-01  4.0715805911E-01  4.0610217993E-01  4.0586337736E-01  4.0624508488E-01  4.0686314686E-01  4.0754566330E-01  4.0827087479E-01  4.0905523499E-01
  4.1756246911E+00  4.3024099202E-01  4.1226679695E-01  4.1183125250E-01  4.1032405382E-01  4.0950809753E-01  4.0950198094E-01  4.0983701106E-01  4.1029561700E-01  4.1083923351E-01  4.1147959134E-01
  4.1904286460E+00  3.9836681884E-01  4.1268481038E-01  4.1605495283E-01  4.1418685945E-01  4.1308536781E-01  4.1280061886E-01  4.1287552827E-01  4.1311417808E-01  4.1347936060E-01  4.1398007022E-01
  4.2052326009E+00  3.7603137177E-01  4.1866654295E-01  4.1975577887E-01  4.1760407057E-01  4.1653473863E-01  4.1609092850E-01  4.1594106375E-01  4.1597424326E-01  4.1617199149E-01  4.1654352882E-01
  4.2200365558E+00  4.2968407921E-01  4.2940200816E-01  4.2255034109E-01  4.2060209815E-01  4.1983887563E-01  4.1933372473E-01  4.1899901201E-01  4.1885030733E-01  4.1889915299E-01  4.1915795733E-01
  4.2348405107E+00  5.0159635237E-01  4.3473966331E-01  4.2413270766E-01  4.2332114515E-01  4.2301406785E-01  4.2250014139E-01  4.2201919081E-01  4.2171962638E-01  4.2164496567E-01  4.2181307370E-01
  4.2496444656E+00  4.6458395045E-01  4.2728479907E-01  4.2490352071E-01  4.2598226936E-01  4.2609174115E-01  4.2556912634E-01  4.2497680398E-01  4.2456325173E-01  4.2439638951E-01  4.2450088677E-01
  4.2644484204E+00  3.6201498871E-01  4.1487162034E-01  4.2609274604E-01  4.2881071174E-01  4.2909646487E-01  4.2852436301E-01  4.2785310051E-01  4.2736689502E-01  4.2714388347E-01  4.2721621328E-01
  4.2792523753E+00  3.4659212365E-01  4.1349404366E-01  4.2901286860E-01  4.3193416245E-01  4.3202769745E-01  4.3135208567E-01  4.3063588175E-01  4.3012159970E-01  4.2988195708E-01  4.2995713633E-01
  4.2940563302E+00  4.2643304913E-01  4.2808381544E-01  4.3400412551E-01  4.3530269120E-01  4.3485215705E-01  4.3404087688E-01  4.3331996421E-01  4.3282420542E-01  4.3260960051E-01  4.3272539662E-01
  4.3088602851E+00  4.9966603571E-01  4.4716741594E-01  4.4005401959E-01  4.3867916287E-01  4.3751074592E-01  4.3658377540E-01  4.3590761297E-01  4.3547760039E-01  4.3533058920E-01  4.3552671089E-01
  4.3236642400E+00  4.8034775034E-01  4.5723130697E-01  4.4545003882E-01  4.4171748878E-01  4.3993900666E-01  4.3898211295E-01  4.3840885821E-01  4.3809076541E-01  4.3805366867E-01  4.3837101495E-01
  4.3384681949E+00  4.5567961512E-01  4.5640821565E-01  4.4884228654E-01  4.4409978054E-01  4.4209484044E-01  4.4124973739E-01  4.4084153815E-01  4.4067862451E-01  4.4079263361E-01  4.4127263146E-01
  4.3532721498E+00  4.3022688479E-01  4.5232552220E-01  4.4983520849E-01  4.4567259338E-01  4.4398379997E-01  4.4341594197E-01  4.4323090727E-01  4.4326173241E-01  4.4356632238E-01  4.4425036306E-01
  4.3680761047E+00  4.3588619011E-01  4.5073867258E-01  4.4886661698E-01  4.4652455458E-01  4.4567226590E-01  4.4552565604E-01  4.4560872088E-01  4.4586584820E-01  4.4639855187E-01  4.4732751122E-01
  4.3828800595E+00  4.7783927902E-01  4.4949883954E-01  4.4681720202E-01  4.4697679854E-01  4.4728247169E-01  4.4763622726E-01  4.4801184132E-01  4.4852146339E-01  4.4931801792E-01  4.5053181876E-01
  4.3976840144E+00  4.6860617312E-01  4.4388902528E-01  4.4478119213E-01  4.4749378283E-01  4.4896942595E-01  4.4981121317E-01  4.5048056775E-01  4.5126336593E-01  4.5235818219E-01  4.5389532956E-01
  4.4124879693E+00  4.1874609048E-01  4.3572285149E-01  4.4393785117E-01  4.4854829971E-01  4.5088610440E-01  4.5211265543E-01  4.5305702215E-01  4.5413032464E-01  4.5555715636E-01  4.5745415359E-01
  4.4272919242E+00  3.9336691167E-01  4.3340289966E-01  4.4524980192E-01  4.5048505942E-01  4.5314759793E-01  4.5459397230E-01  4.5578398175E-01  4.5716496444E-01  4.5895758061E-01  4.6124811876E-01
  4.4420958791E+00  4.1646997270E-01  4.4181117186E-01  4.4903674495E-01  4.5342393491E-01  4.5580573234E-01  4.5729562878E-01  4.5870450511E-01  4.6041387146E-01  4.6260647398E-01  4.6532028441E-01
  4.4568998340E+00  4.8791882039E-01  4.5545929656E-01  4.5480805840E-01  4.5723038959E-01  4.5884275059E-01  4.6024508458E-01  4.6186255779E-01  4.6392791902E-01  4.6655501330E-01  4.6971628580E-01
  4.4717037889E+00  5.0201427957E-01  4.6508212584E-01  4.6155210019E-01  4.6156093723E-01  4.6218689988E-01  4.6346135968E-01  4.6530463319E-01  4.6776274613E-01  4.7085817583E-01  4.7448347543E-01
  4.4865077438E+00  4.5322266722E-01  4.6933259263E-01  4.6819214751E-01  4.6597137700E-01  4.6574596003E-01  4.6696325142E-01  4.6908213585E-01  4.7197925794E-01  4.7557416234E-01  4.7966982748E-01
  4.5013116986E+00  4.3219061026E-01  4.7484525492E-01  4.7380315221E-01  4.7006006319E-01  4.6944897209E-01  4.7077920121E-01  4.7325410217E-01  4.7664396145E-01  4.8076350523E-01  4.8532257646E-01
  4.5161156535E+00  4.9391466508E-01  4.8447102859E-01  4.7761430898E-01  4.7360892988E-01  4.7328352896E-01  4.7495637880E-01  4.7788972062E-01  4.8182890842E-01  4.8648776388E-01  4.9148657137E-01
  4.5309196084E+00  5.2676063964E-01  4.9120978645E-01  4.7919077019E-01  4.7668063180E-01  4.7731708414E-01  4.7956686413E-01  4.8307009440E-01  4.8761099899E-01  4.9280771936E-01  4.9820234364E-01
  4.5457235633E+00  5.2117996841E-01  4.8661677727E-01  4.7892467832E-01  4.7963377777E-01  4.8169577826E-01  4.8470974079E-01  4.8888875336E-01  4.9407040777E-01  4.9978100562E-01  5.0550390906E-01
  4.5605275182E+00  4.7597646515E-01  4.7247415096E-01  4.7836149516E-01  4.8303703306E-01  4.8662189869E-01  4.9050912683E-01  4.9545053386E-01  5.0128793278E-01  5.0745915411E-01  5.1341635143E-01
  4.5753314731E+00  4.0654780620E-01  4.6151169610E-01  4.7976607930E-01  4.8749957192E-01  4.9231877166E-01  4.9710919830E-01  5.0286856448E-01  5.0934113613E-01  5.1588408334E-01  5.2195326621E-01
  4.5901354280E+00  4.2080110303E-01  4.6585305484E-01  4.8498094308E-01  4.9347776814E-01  4.9899672483E-01  5.0466770334E-01  5.1125919449E-01  5.1829924458E-01  5.2508413103E-01  5.3111417417E-01
  4.6049393829E+00  4.8924773071E-01  4.8540404524E-01  4.9437908486E-01  5.0114115525E-01  5.0683351201E-01  5.1334912526E-01  5.2073477922E-01  5.2821690338E-01  5.3506979935E-01  5.4088204444E-01
  4.6197433377E+00  5.4050403739E-01  5.0915144562E-01  5.0672179048E-01  5.1036431512E-01  5.1597675408E-01  5.2331764511E-01  5.3139431917E-01  5.3912702567E-01  5.4582945721E-01  5.5122109047E-01
  4.6345472926E+00  5.4714229079E-01  5.2719242862E-01  5.1997676341E-01  5.2085804449E-01  5.2656624838E-01  5.3472879042E-01  5.4331208702E-01  5.5103314126E-01  5.5732530880E-01  5.6207501749E-01
  4.6493512475E+00  5.2943900771E-01  5.3871872030E-01  5.3243463650E-01  5.3238938002E-01  5.3876396293E-01  5.4771771824E-01  5.5652461455E-01  5.6390181031E-01  5.6948998590E-01  5.7336590284E-01
  4.6641552024E+00  5.2394915227E-01  5.4773375341E-01  5.4344724644E-01  5.4499831823E-01  5.5277322987E-01  5.6238201654E-01  5.7101677012E-01  5.7765580876E-01  5.8222414391E-01  5.8499387887E-01
  4.6789591573E+00  5.8646807341E-01  5.5501145929E-01  5.5362084395E-01  5.5911697542E-01  5.6882907543E-01  5.7875801193E-01  5.8670810910E-01  5.9216888866E-01  5.9539543033E-01  5.9683776021E-01
  4.6937631122E+00  5.8522125745E-01  5.5919743769E-01  5.6467145371E-01  5.7553043958E-01  5.8714942678E-01  5.9679173611E-01  6.0344114010E-01  6.0726294124E-01  6.0883914374E-01  6.0875671334E-01
  4.7085670671E+00  5.1780475419E-01  5.6376794339E-01  5.7909146634E-01  5.9517089888E-01  6.0785005919E-01  6.1630839783E-01  6.2097349296E-01  6.2270831941E-01  6.2236081052E-01  6.2059300850E-01
  4.7233710220E+00  5.4834309436E-01  5.7603016713E-01  5.9957368230E-01  6.1879075660E-01  6.3084044827E-01  6.3698660480E-01  6.3897605703E-01  6.3822789499E-01  6.3574077858E-01  6.3217582505E-01
  4.7381749768E+00  6.1668447354E-01  6.0065809689E-01  6.2814428669E-01  6.4660368178E-01  6.5572832859E-01  6.5834480654E-01  6.5703886660E-01  6.5350513486E-01  6.4874077046E-01  6.4332600702E-01
  4.7529789317E+00  6.0449804565E-01  6.4015833614E-01  6.6518082975E-01  6.7800395018E-01  6.8176382413E-01  6.7974684223E-01  6.7468579694E-01  6.6819609704E-01  6.6111216622E-01  6.5386159136E-01
  4.7677828866E+00  6.3229575159E-01  6.9641765180E-01  7.0872690267E-01  7.1146384953E-01  7.0784786958E-01  7.0043090011E-01  6.9139804873E-01  6.8194481367E-01  6.7260561680E-01  6.6360386452E-01
  4.7825868415E+00  7.7462378845E-01  7.6365955434E-01  7.5455594023E-01  7.4466303791E-01  7.3261551874E-01  7.1956201779E-01  7.0664508982E-01  6.9440109516E-01  6.8298143984E-01  6.7238364997E-01
  4.7973907964E+00  9.0711110456E-01  8.2563633789E-01  7.9714485318E-01  7.7483404843E-01  7.5458639807E-01  7.3630336226E-01  7.1992042070E-01  7.0523942413E-01  6.9202014192E-01  6.8004749566E-01
  4.8121947513E+00  9.0188759502E-01  8.6806084076E-01  8.3117751924E-01  7.9924066080E-01  7.7235711580E-01  7.4989708989E-01  7.3077849196E-01  7.1417736881E-01  6.9953235788E-01  6.8646342100E-01
  4.8269987062E+00  8.7652597101E-01  8.8943824134E-01  8.5283326257E-01  8.1566853515E-01  7.8479872050E-01  7.5974273159E-01  7.3886856334E-01  7.2099188152E-01  7.0536751136E-01  6.9152589900E-01
  4.8418026611E+00  9.1594589305E-01  8.9483185417E-01  8.6032585699E-01  8.2281302209E-01  7.9121945541E-01  7.6546056635E-01  7.4396140182E-01  7.2553198240E-01  7.0942058089E-01  6.9515979093E-01
  4.8566066159E+00  9.2601864361E-01  8.8562270780E-01  8.5377119588E-01  8.2048739307E-01  7.9145972838E-01  7.6692956222E-01  7.4596549647E-01  7.2772665492E-01  7.1163649839E-01  6.9732301454E-01
  4.8714105708E+00  8.8349713173E-01  8.6067728829E-01  8.3485824957E-01  8.0962242045E-01  7.8590062300E-01  7.6429377082E-01  7.4493080950E-01  7.2758726162E-01  7.1201189733E-01  6.9800780780E-01
  4.8862145257E+00  8.1914243382E-01  8.2200911119E-01  8.0664347050E-01  7.9206701224E-01  7.7538585558E-01  7.5793661787E-01  7.4103976083E-01  7.2520436169E-01  7.1059414470E-01  6.9724054050E-01
  4.9010184806E+00  7.8686939989E-01  7.7466691145E-01  7.7335753417E-01  7.7022798527E-01  7.6107543312E-01  7.4842810368E-01  7.3458686429E-01  7.2073939900E-01  7.0747781163E-01  6.9508011796E-01
  4.9158224355E+00  7.3262089216E-01  7.2516781031E-01  7.3987201590E-01  7.4661467057E-01  7.4426306711E-01  7.3645430376E-01  7.2594990023E-01  7.1441224758E-01  7.0279893630E-01  6.9161510705E-01
  4.9306263904E+00  6.4764861360E-01  6.8313280187E-01  7.1062622644E-01  7.2338439853E-01  7.2619528703E-01  7.2274086061E-01  7.1555647939E-01  7.0648598122E-01  6.9672758797E-01  6.8695978585E-01
  4.9454303453E+00  5.9332960609E-01  6.5937730036E-01  6.8826571310E-01  7.0200368169E-01  7.0792663456E-01  7.0798204518E-01  7.0385019022E-01  6.9725042682E-01  6.8945933813E-01  6.8124937132E-01
  4.9602343002E+00  6.3456854093E-01  6.5705517239E-01  6.7270237803E-01  6.8312211490E-01  6.9023329171E-01  6.9278470083E-01  6.9126021170E-01  6.8700604899E-01  6.8120627437E-01  6.7463470849E-01
  4.9750382550E+00  6.9035641654E-01  6.6612602454E-01  6.6135977489E-01  6.6668911757E-01  6.7359064283E-01  6.7763271030E-01  6.7817741836E-01  6.7604950933E-01  6.7218815768E-01  6.6727671143E-01
  4.9898422099E+00  7.0138627292E-01  6.6935084307E-01  6.5075930285E-01  6.5224774829E-01  6.5820400691E-01  6.6287352865E-01  6.6493878927E-01  6.6466188891E-01  6.6262423250E-01  6.5934083092E-01
  5.0046461648E+00  7.0646349280E-01  6.5435916703E-01  6.3861992814E-01  6.3926442543E-01  6.4407140947E-01  6.4872472232E-01  6.5182058422E-01  6.5310011815E-01  6.5272606839E-01  6.5099179085E-01
  5.0194501197E+00  6.4596350811E-01  6.2313508437E-01  6.2507932086E-01  6.2734707436E-01  6.3105576732E-01  6.3529595094E-01  6.3903948433E-01  6.4159169366E-01  6.4269166188E-01  6.4238879021E-01
  5.0342540746E+00  5.2864123785E-01  5.9268552604E-01  6.1214427872E-01  6.1627745227E-01  6.1895045400E-01  6.2262059993E-01  6.2675988858E-01  6.3033234627E-01  6.3270087894E-01  6.3368131621E-01
  5.0490580295E+00  4.9388744315E-01  5.8152314260E-01  6.0181520790E-01  6.0589500288E-01  6.0753264471E-01  6.1069111628E-01  6.1510492370E-01  6.1948601243E-01  6.2291219022E-01  6.2500566197E-01
  5.0638619844E+00  5.9171836045E-01  5.9028241635E-01  5.9439479681E-01  5.9595185210E-01  5.9660743596E-01  5.9949261983E-01  6.0416851113E-01  6.0918628916E-01  6.1346055802E-01  6.1648219549E-01
  5.0786659393E+00  6.9386052519E-01  6.0009500571E-01  5.8825543287E-01  5.8606383327E-01  5.8604823999E-01  5.8903019595E-01  5.9402602721E-01  5.9953853348E-01  6.0445628271E-01  6.0821338736E-01
  5.0934698941E+00  6.3370001850E-01  5.9475574234E-01  5.8098926733E-01  5.7581435790E-01  5.7583467402E-01  5.7934625435E-01  5.8474163481E-01  5.9062188735E-01  5.9598460711E-01  6.0028257599E-01
  5.1082738490E+00  5.2121538822E-01  5.7812137226E-01  5.7077214574E-01  5.6497312150E-01  5.6608126060E-01  5.7052551916E-01  5.7637115871E-01  5.8249073830E-01  5.8810590480E-01  5.9275343013E-01
  5.1230778039E+00  5.2257845210E-01  5.6300775337E-01  5.5701800720E-01  5.5372283390E-01  5.5704405936E-01  5.6268675966E-01  5.6896030649E-01  5.7517541542E-01  5.8085633022E-01  5.8567005823E-01
  5.1378817588E+00  5.9585133952E-01  5.4993364357E-01  5.4047266817E-01  5.4277209194E-01  5.4909256459E-01  5.5596235772E-01  5.6253896250E-01  5.6868221735E-01  5.7424887066E-01  5.7905770966E-01
  5.1526857137E+00  5.8170474390E-01  5.2739953542E-01  5.2333210473E-01  5.3327010583E-01  5.4264240903E-01  5.5046906892E-01  5.5711306569E-01  5.6299312056E-01  5.6827479843E-01  5.7292401132E-01
  5.1674896686E+00  5.1128961111E-01  4.9199493019E-01  5.0926582376E-01  5.2651368737E-01  5.3805807627E-01  5.4627541625E-01  5.5265609490E-01  5.5806568048E-01  5.6290556229E-01  5.6726068155E-01
  5.1822936235E+00  4.0152678328E-01  4.6085271283E-01  5.0252249588E-01  5.2352678801E-01  5.3554827063E-01  5.4337244095E-01  5.4910233378E-01  5.5383368856E-01  5.5809517301E-01  5.6204565911E-01
  5.1970975784E+00  3.3313199097E-01  4.6002614842E-01  5.0586503892E-01  5.2466549765E-01  5.3508355736E-01  5.4165447939E-01  5.4634383701E-01  5.5020907921E-01  5.5378312410E-01  5.5724557741E-01
  5.2119015332E+00  4.3121225450E-01  4.9804053905E-01  5.1854370416E-01  5.2941609870E-01  5.3636247212E-01  5.4091501338E-01  5.4423240285E-01  5.4708540676E-01  5.4989784886E-01  5.5281850258E-01
  5.2267054881E+00  6.3734224722E-01  5.5217912744E-01  5.3611647343E-01  5.3648572752E-01  5.3883898464E-01  5.4085969553E-01  5.4258698288E-01  5.4434296677E-01  5.4636065478E-01  5.4871684026E-01
  5.2415094430E+00  7.1847047170E-01  5.8745021279E-01  5.5264848452E-01  5.4415594575E-01  5.4180583175E-01  5.4113505909E-01  5.4120598862E-01  5.4185536240E-01  5.4309000773E-01  5.4489030113E-01
  5.2563133979E+00  5.9551940200E-01  5.9007447559E-01  5.6376292595E-01  5.5074794540E-01  5.4451188681E-01  5.4136809328E-01  5.3988307400E-01  5.3949706427E-01  5.4000597190E-01  5.4128880310E-01
  5.2711173528E+00  5.1541028111E-01  5.7554389973E-01  5.6828230367E-01  5.5500785232E-01  5.4628345839E-01  5.4120965025E-01  5.3842435163E-01  5.3715132332E-01  5.3703456017E-01  5.3786518052E-01
  5.2859213077E+00  5.4224839709E-01  5.6500442385E-01  5.6754088112E-01  5.5628442147E-01  5.4662152325E-01  5.4037406899E-01  5.3666475608E-01  5.3471770269E-01  5.3411172104E-01  5.3457757043E-01
  5.3007252626E+00  5.7797468479E-01  5.6398436082E-01  5.6344200631E-01  5.5449225374E-01  5.4525722211E-01  5.3866850547E-01  5.3448143515E-01  5.3211850740E-01  5.3118668892E-01  5.3139135469E-01
  5.3155292175E+00  5.7387792700E-01  5.6464888354E-01  5.5704796296E-01  5.4995133297E-01  5.4216134354E-01  5.3600785559E-01  5.3180258108E-01  5.2930350491E-01  5.2822445432E-01  5.2828055488E-01
  5.3303331723E+00  5.8340121393E-01  5.5855974073E-01  5.4853977414E-01  5.4321542223E-01  5.3751470556E-01  5.3241418019E-01  5.2861088631E-01  5.2625252007E-01  5.2520716652E-01  5.2522860443E-01
  5.3451371272E+00  5.5870248681E-01  5.4386327580E-01  5.3801930675E-01  5.3495490041E-01  5.3165232127E-01  5.2800246682E-01  5.2494165639E-01  5.2297572035E-01  5.2213435704E-01  5.2222845730E-01
  5.3599410821E+00  5.0384844083E-01  5.2512192647E-01  5.2614000030E-01  5.2589341434E-01  5.2499512430E-01  5.2295680085E-01  5.2087636818E-01  5.1951164166E-01  5.1902195858E-01  5.1928203281E-01
  5.3747450370E+00  5.0025571572E-01  5.0865133212E-01  5.1407715322E-01  5.1675923472E-01  5.1798108285E-01  5.1750221707E-01  5.1653298402E-01  5.1592320727E-01  5.1590018223E-01  5.1639903921E-01
  5.3895489919E+00  4.8758204098E-01  4.9724955879E-01  5.0309623180E-01  5.0821546211E-01  5.1100523100E-01  5.1187755845E-01  5.1205454496E-01  5.1229213666E-01  5.1281039772E-01  5.1359525989E-01
  5.4043529468E+00  4.9401805813E-01  4.8902409013E-01  4.9421529187E-01  5.0076245502E-01  5.0437662084E-01  5.0631368329E-01  5.0759746045E-01  5.0871221945E-01  5.0980123056E-01  5.1089042469E-01
  5.4191569017E+00  4.9375635448E-01  4.8105512763E-01  4.8811833223E-01  4.9463801334E-01  4.9829880420E-01  5.0101959135E-01  5.0332055220E-01  5.0528194470E-01  5.0692414255E-01  5.0830581896E-01
  5.4339608566E+00  4.6820191789E-01  4.7435805775E-01  4.8505757227E-01  4.8976145299E-01  4.9287757999E-01  4.9617685300E-01  4.9937541131E-01  5.0209694692E-01  5.0422879689E-01  5.0586180500E-01
  5.4487648114E+00  4.4130755921E-01  4.7465608174E-01  4.8450536267E-01  4.8576957084E-01  4.8815428214E-01  4.9194056969E-01  4.9589812983E-01  4.9924267924E-01  5.0175852535E-01  5.0357544068E-01
  5.4635687663E+00  4.4990707154E-01  4.8565175774E-01  4.8480220732E-01  4.8216919331E-01  4.8415543251E-01  4.8844344837E-01  4.9300210384E-01  4.9678767452E-01  4.9954621422E-01  5.0145837781E-01
  5.4783727212E+00  5.2336686567E-01  5.0053472261E-01  4.8344420422E-01  4.7858057442E-01  4.8094269701E-01  4.8579885237E-01  4.9077146695E-01  4.9477772344E-01  4.9761090876E-01  4.9951520813E-01
  5.4931766761E+00  5.7655490028E-01  5.0366173573E-01  4.7836175597E-01  4.7498394321E-01  4.7864426538E-01  4.8409913632E-01  4.8925483531E-01  4.9323128941E-01  4.9595540256E-01  4.9774239730E-01
  5.5079806310E+00  5.2671680590E-01  4.8441537734E-01  4.6961512016E-01  4.7184527007E-01  4.7745260188E-01  4.8340714310E-01  4.8845939049E-01  4.9213648574E-01  4.9456502906E-01  4.9612790838E-01
  5.5227845859E+00  4.3530243428E-01  4.4910241220E-01  4.6019112857E-01  4.7002581121E-01  4.7758385159E-01  4.8374107936E-01  4.8834579784E-01  4.9144994293E-01  4.9340780627E-01  4.9465156827E-01
  5.5375885408E+00  3.7240059052E-01  4.1849540409E-01  4.5488710109E-01  4.7047853990E-01  4.7920762196E-01  4.8505549196E-01  4.8882491626E-01  4.9109786832E-01  4.9243600337E-01  4.9328617513E-01
  5.5523924957E+00  3.3798163597E-01  4.1452441847E-01  4.5761714270E-01  4.7385508650E-01  4.8236698104E-01  4.8722305810E-01  4.8975755580E-01  4.9097952297E-01  4.9158909954E-01  4.9199928675E-01
  5.5671964505E+00  3.7288102530E-01  4.4537532728E-01  4.6887525412E-01  4.8020994718E-01  4.8691258144E-01  4.9002281620E-01  4.9095856244E-01  4.9097319699E-01  4.9079799664E-01  4.9075557227E-01
  5.5820004054E+00  5.0562460242E-01  4.9602007035E-01  4.8529805971E-01  4.8894086883E-01  4.9247036223E-01  4.9314002742E-01  4.9220619379E-01  4.9094455167E-01  4.8999023373E-01  4.8951955751E-01
  5.5968043603E+00  6.6621776550E-01  5.3476328533E-01  5.0185670850E-01  4.9896664509E-01  4.9845194723E-01  4.9618114168E-01  4.9325710671E-01  4.9075693081E-01  4.8909584335E-01  4.8825855246E-01
  5.6116083152E+00  6.3226812827E-01  5.3946447039E-01  5.1510590950E-01  5.0900760662E-01  5.0410580668E-01  4.9870471082E-01  4.9386639694E-01  4.9028295665E-01  4.8805339915E-01  4.8694552231E-01
  5.6264122701E+00  4.6181703828E-01  5.2027543564E-01  5.2490138381E-01  5.1779774422E-01  5.0859999500E-01  5.0026607543E-01  4.9381116105E-01  4.8941646099E-01  4.8681574373E-01  4.8556165438E-01
  5.6412162250E+00  4.0422847236E-01  5.0974945715E-01  5.3316950086E-01  5.2414745515E-01  5.1112504665E-01  5.0047080528E-01  4.9291517489E-01  4.8808360963E-01  4.8535486758E-01  4.8409838523E-01
  5.6560201799E+00  4.7641887886E-01  5.2887923404E-01  5.4084365882E-01  5.2692171638E-01  5.1100604577E-01  4.9902968730E-01  4.9107168295E-01  4.8625200216E-01  4.8366544148E-01  4.8255868516E-01
  5.6708241348E+00  5.9624156989E-01  5.6669435914E-01  5.4571573240E-01  5.2508375476E-01  5.0781232754E-01  4.9580691253E-01  4.8826111253E-01  4.8393660123E-01  4.8176659030E-01  4.8095745039E-01
  5.6856280896E+00  6.9259191858E-01  5.9159164374E-01  5.4315038083E-01  5.1790827901E-01  5.0144999512E-01  4.9085327879E-01  4.8456084396E-01  4.8120157689E-01  4.7970163214E-01  4.7932092256E-01
  5.7004320445E+00  6.7173422084E-01  5.7913740136E-01  5.2913776212E-01  5.0532245156E-01  4.9221843789E-01  4.8441780761E-01  4.8014497447E-01  4.7815752752E-01  4.7753568269E-01  4.7768513578E-01
  5.7152359994E+00  5.3941821895E-01  5.3052006474E-01  5.0330315622E-01  4.8819611440E-01  4.8081192751E-01  4.7693406343E-01  4.7527321254E-01  4.7495402233E-01  4.7535122509E-01  4.7609347563E-01
  5.7300399543E+00  4.1266763315E-01  4.6720115805E-01  4.6976330749E-01  4.6837852449E-01  4.6825502308E-01  4.6898127528E-01  4.7026946106E-01  4.7176794127E-01  4.7324194873E-01  4.7459351522E-01
  5.7448439092E+00  3.8630493335E-01  4.1051169629E-01  4.3552695168E-01  4.4838974427E-01  4.5577576151E-01  4.6122443775E-01  4.6549207350E-01  4.6878859805E-01  4.7130534317E-01  4.7323336220E-01
  5.7596478641E+00  3.7079974358E-01  3.6997227839E-01  4.0769412200E-01  4.3085244525E-01  4.4463832265E-01  4.5434109711E-01  4.6129897278E-01  4.6620104818E-01  4.6963467463E-01  4.7205780027E-01
  5.7744518190E+00  3.1502208640E-01  3.4939035566E-01  3.9095967333E-01  4.1788667107E-01  4.3596932573E-01  4.4894475599E-01  4.5801161477E-01  4.6416924675E-01  4.6831105222E-01  4.7110453444E-01
  5.7892557739E+00  2.7878819921E-01  3.5353195443E-01  3.8631126692E-01  4.1070864301E-01  4.3061310836E-01  4.4551529679E-01  4.5588202990E-01  4.6282078791E-01  4.6739629999E-01  4.7040084746E-01
  5.8040597287E+00  3.4212486575E-01  3.8068670611E-01  3.9124896583E-01  4.0956815928E-01  4.2904051755E-01  4.4434551691E-01  4.5506684835E-01  4.6223481505E-01  4.6692728446E-01  4.6996094535E-01
  5.8188636836E+00  4.7656274568E-01  4.1380023236E-01  4.0149045071E-01  4.1398797674E-01  4.3131810105E-01  4.4551020471E-01  4.5561135588E-01  4.6243435320E-01  4.6691221258E-01  4.6978421560E-01
  5.8336676385E+00  5.2221274128E-01  4.3044235406E-01  4.1351380568E-01  4.2312536045E-01  4.3712849277E-01  4.4886083561E-01  4.5744536712E-01  4.6338382345E-01  4.6732922728E-01  4.6985454756E-01
  5.8484715934E+00  4.3338083871E-01  4.2508500189E-01  4.2652392906E-01  4.3603829777E-01  4.4582516091E-01  4.5404560137E-01  4.6039122099E-01  4.6499191880E-01  4.6812740724E-01  4.7014077777E-01
  5.8632755483E+00  3.4302178453E-01  4.1618132232E-01  4.4240357428E-01  4.5172797479E-01  4.5650722284E-01  4.6055155972E-01  4.6418270309E-01  4.6711942645E-01  4.6923005169E-01  4.7059823242E-01
  5.8780795032E+00  3.6208958490E-01  4.2868194338E-01  4.6346222587E-01  4.6899362307E-01  4.6810846903E-01  4.6776338654E-01  4.6849238265E-01  4.6959105127E-01  4.7053992350E-01  4.7117125315E-01
  5.8928834581E+00  4.2870658910E-01  4.7202670459E-01  4.8952198690E-01  4.8627549297E-01  4.7950163943E-01  4.7503152742E-01  4.7296388684E-01  4.7220989753E-01  4.7194595949E-01  4.7179651860E-01
  5.9076874129E+00  5.4158585075E-01  5.3303609818E-01  5.1655809593E-01  5.0168621510E-01  4.8961837850E-01  4.8174147525E-01  4.7724514762E-01  4.7477304838E-01  4.7333085126E-01  4.7240691904E-01
  5.9224913678E+00  6.6036586581E-01  5.8440490604E-01  5.3804424477E-01  5.1331989782E-01  4.9757639971E-01  4.8737557258E-01  4.8101870783E-01  4.7708666982E-01  4.7457886176E-01  4.7293570886E-01
  5.9372953227E+00  7.0505164179E-01  6.0195237311E-01  5.4817107555E-01  5.1974911196E-01  5.0279330533E-01  4.9155941184E-01  4.8402575693E-01  4.7897924886E-01  4.7558327241E-01  4.7332065244E-01
  5.9520992776E+00  6.2335266648E-01  5.8135300795E-01  5.4480154399E-01  5.2048463726E-01  5.0505927903E-01  4.9408682095E-01  4.8608159954E-01  4.8031192196E-01  4.7625294255E-01  4.7350789243E-01
  5.9669032325E+00  4.8555183275E-01  5.3999669812E-01  5.3036805347E-01  5.1616496209E-01  5.0454474875E-01  4.9492057465E-01  4.8708159176E-01  4.8098530034E-01  4.7651759175E-01  4.7345530124E-01
  5.9817071874E+00  4.6102798773E-01  4.9973932769E-01  5.1047413389E-01  5.0836477862E-01  5.0173475444E-01  4.9416996336E-01  4.8699800648E-01  4.8094268264E-01  4.7633156561E-01  4.7313512305E-01
  5.9965111423E+00  4.9088145479E-01  4.7012952602E-01  4.9136538751E-01  4.9909081448E-01  4.9730348787E-01  4.9205040429E-01  4.8586958389E-01  4.8016998908E-01  4.7567599505E-01  4.7253576731E-01
  6.0113150972E+00  4.5050350186E-01  4.5157933803E-01  4.7767388511E-01  4.9017164136E-01  4.9196111886E-01  4.8883344455E-01  4.8378647437E-01  4.7869308777E-01  4.7455938877E-01  4.7166267203E-01
  6.0261190520E+00  3.8607192837E-01  4.4722012499E-01  4.7116418250E-01  4.8278089751E-01  4.8631255496E-01  4.8479698603E-01  4.8087373149E-01  4.7657336999E-01  4.7301679498E-01  4.7053820968E-01
  6.0409230069E+00  4.0889063070E-01  4.6048405822E-01  4.7058618989E-01  4.7725597332E-01  4.8076132875E-01  4.8018499266E-01  4.7727639110E-01  4.7390244563E-01  4.7110772405E-01  4.6920065793E-01
  6.0557269618E+00  5.1863830820E-01  4.8299501110E-01  4.7258539870E-01  4.7323281679E-01  4.7547489395E-01  4.7518351502E-01  4.7314850942E-01  4.7079668524E-01  4.6891304005E-01  4.6770230021E-01
  6.0705309167E+00  5.7377894004E-01  4.9615566923E-01  4.7346951612E-01  4.6998088463E-01  4.7040812672E-01  4.6991623943E-01  4.6864745708E-01  4.6739207001E-01  4.6653101451E-01  4.6610675569E-01
  6.0853348716E+00  5.1299351319E-01  4.8841218508E-01  4.7111482965E-01  4.6675206796E-01  4.6536789431E-01  4.6445879993E-01  4.6393347952E-01  4.6383948479E-01  4.6407270323E-01  4.6448566731E-01
  6.1001388265E+00  4.4874419520E-01  4.6589168977E-01  4.6589265286E-01  4.6298412593E-01  4.6009752495E-01  4.5886756667E-01  4.5917327535E-01  4.6030027294E-01  4.6165677274E-01  4.6291490074E-01
  6.1149427814E+00  4.1449144760E-01  4.4502146107E-01  4.5991894574E-01  4.5830710427E-01  4.5436465309E-01  4.5321605941E-01  4.5454534885E-01  4.5694163419E-01  4.5940388267E-01  4.6147042752E-01
  6.1297467363E+00  4.0023113916E-01  4.3874178156E-01  4.5507800407E-01  4.5243130187E-01  4.4804362573E-01  4.4763075677E-01  4.5024434891E-01  4.5393133995E-01  4.5743073434E-01  4.6022408449E-01
  6.1445506911E+00  4.2762027377E-01  4.4856328827E-01  4.5121276900E-01  4.4507217169E-01  4.4118804624E-01  4.4231792141E-01  4.4648162820E-01  4.5143129580E-01  4.5584392978E-01  4.5923941717E-01
  6.1593546460E+00  4.8105413613E-01  4.6381532897E-01  4.4581016246E-01  4.3604207108E-01  4.3408684192E-01  4.3757413137E-01  4.4347986075E-01  4.4958969396E-01  4.5473384660E-01  4.5856782682E-01
  6.1741586009E+00  5.2766681227E-01  4.6735454455E-01  4.3549873585E-01  4.2552095505E-01  4.2729044267E-01  4.3377549970E-01  4.4146065864E-01  4.4853183850E-01  4.5416881183E-01  4.5824524538E-01
  6.1889625558E+00  5.0833122773E-01  4.4692717785E-01  4.1848175524E-01  4.1437514331E-01  4.2158846928E-01  4.3134400981E-01  4.4062555115E-01  4.4835013148E-01  4.5418993673E-01  4.5828955777E-01
  6.2037665107E+00  4.0327676474E-01  4.0461766692E-01  3.9645876430E-01  4.0431182987E-01  4.1792355587E-01  4.3069369700E-01  4.4113218519E-01  4.4909410393E-01  4.5480703529E-01  4.5869897155E-01
  6.2185704656E+00  3.2142602921E-01  3.5490426586E-01  3.7492280232E-01  3.9769269026E-01  4.1724057942E-01  4.3216391198E-01  4.4306889654E-01  4.5076168237E-01  4.5599607131E-01  4.5945149868E-01
  6.2333744205E+00  2.9669860599E-01  3.1480631347E-01  3.6159543914E-01  3.9697538124E-01  4.2029319318E-01  4.3595062558E-01  4.4643162921E-01  4.5329302938E-01  4.5769854959E-01  4.6050566041E-01
  6.2481783754E+00  2.5819710622E-01  2.9917546586E-01  3.6358310018E-01  4.0393958729E-01  4.2745103683E-01  4.4204859964E-01  4.5110735885E-01  4.5656824276E-01  4.5982317468E-01  4.6180245570E-01
  6.2629823302E+00  2.2314184788E-01  3.2123942625E-01  3.8432175098E-01  4.1899058328E-01  4.3856060878E-01  4.5021647176E-01  4.5686763299E-01  4.6040992656E-01  4.6224994866E-01  4.6326854887E-01
  6.2777862851E+00  2.9564906634E-01  3.8577596000E-01  4.2157894476E-01  4.4084273893E-01  4.5290373767E-01  4.5997325570E-01  4.6337464004E-01  4.6459118367E-01  4.6483667659E-01  4.6482053891E-01
  6.2925902400E+00  5.0098465410E-01  4.7711463633E-01  4.6763894061E-01  4.6674907739E-01  4.6927105359E-01  4.7062914300E-01  4.7020054982E-01  4.6884897686E-01  4.6742761456E-01  4.6637007977E-01
  6.3073941949E+00  6.6412559480E-01  5.6156863068E-01  5.1201186227E-01  4.9321337368E-01  4.8613331075E-01  4.8134717596E-01  4.7685901066E-01  4.7290214363E-01  4.6986375650E-01  4.6782953580E-01
  6.3221981498E+00  6.9908043619E-01  6.0877296765E-01  5.4564384879E-01  5.1690474306E-01  5.0186470282E-01  4.9122695568E-01  4.8284594809E-01  4.7647271967E-01  4.7199404208E-01  4.6911779016E-01
  6.3370021047E+00  6.5474271938E-01  6.1093817470E-01  5.6449246180E-01  5.3540291668E-01  5.1496122975E-01  4.9939833807E-01  4.8768546240E-01  4.7930871573E-01  4.7368660712E-01  4.7016578431E-01
  6.3518060596E+00  5.8869833876E-01  5.8354420307E-01  5.7045776552E-01  5.4749155753E-01  5.2420766799E-01  5.0511258044E-01  4.9097585085E-01  4.8120617502E-01  4.7483911607E-01  4.7092136120E-01
  6.3666100145E+00  5.0959879702E-01  5.5297444995E-01  5.6914240559E-01  5.5294854977E-01  5.2877281693E-01  5.0782026731E-01  4.9243066059E-01  4.8202826243E-01  4.7538722716E-01  4.7135301585E-01
  6.3814139693E+00  4.6664161061E-01  5.4193220175E-01  5.6580450633E-01  5.5203540292E-01  5.2824150868E-01  5.0722854388E-01  4.9191017658E-01  4.8171931844E-01  4.7531035303E-01  4.7145222657E-01
  6.3962179242E+00  5.1833756322E-01  5.5692415300E-01  5.6193788101E-01  5.4502409426E-01  5.2260995730E-01  5.0333352645E-01  4.8943975242E-01  4.8031223492E-01  4.7463408493E-01  4.7123414201E-01
  6.4110218791E+00  6.1512716737E-01  5.8293505802E-01  5.5451885449E-01  5.3204374606E-01  5.1227120336E-01  4.9642638261E-01  4.8521274961E-01  4.7792813336E-01  4.7342893104E-01  4.7073652777E-01
  6.4258258340E+00  6.8080649141E-01  5.9172120793E-01  5.3833178749E-01  5.1331714400E-01  4.9800209986E-01  4.8707325455E-01  4.7957740224E-01  4.7476808081E-01  4.7180535114E-01  4.7001701835E-01
  6.4406297889E+00  6.5931766823E-01  5.6103112154E-01  5.0987418967E-01  4.8961477820E-01  4.8094276484E-01  4.7607031310E-01  4.7300852536E-01  4.7109738448E-01  4.6990541802E-01  4.6914886481E-01
  6.4554337438E+00  5.2335521104E-01  4.9148785692E-01  4.7034708096E-01  4.6262249083E-01  4.6254602398E-01  4.6437643099E-01  4.6606650583E-01  4.6722377491E-01  4.6789176332E-01  4.6821549982E-01
  6.4702376987E+00  3.5502176882E-01  4.0750065065E-01  4.2587743771E-01  4.3496747811E-01  4.4447588719E-01  4.5302775293E-01  4.5934733542E-01  4.6347143780E-01  4.6593473725E-01  4.6730434816E-01
  6.4850416536E+00  2.4976172764E-01  3.4012206137E-01  3.8500008195E-01  4.0983610243E-01  4.2845002729E-01  4.4304083971E-01  4.5342844750E-01  4.6015331230E-01  4.6419889767E-01  4.6650038021E-01
  6.4998456084E+00  2.5369522159E-01  3.0583358446E-01  3.5516856730E-01  3.9032767962E-01  4.1604357414E-01  4.3531355554E-01  4.4881568809E-01  4.5754428863E-01  4.6283002237E-01  4.6587993166E-01
  6.5146495633E+00  3.0856457187E-01  3.0037152696E-01  3.4038576912E-01  3.7880343105E-01  4.0848950825E-01  4.3053460858E-01  4.4589679227E-01  4.5585788111E-01  4.6194380021E-01  4.6550529102E-01
  6.5294535182E+00  3.2147775033E-01  3.1153496534E-01  3.4088708706E-01  3.7646162597E-01  4.0651655732E-01  4.2911284516E-01  4.4490619746E-01  4.5522862560E-01  4.6161720303E-01  4.6542048877E-01
  6.5442574731E+00  2.8887690651E-01  3.3345821618E-01  3.5433640014E-01  3.8323834466E-01  4.1025713663E-01  4.3113563692E-01  4.4590491949E-01  4.5570188417E-01  4.6188328678E-01  4.6564861515E-01
  6.5590614280E+00  3.3442163427E-01  3.6526344584E-01  3.7738037793E-01  3.9798632044E-01  4.1924013386E-01  4.3636215121E-01  4.4877764289E-01  4.5723199134E-01  4.6272984234E-01  4.6619085699E-01
  6.5738653829E+00  4.4212598404E-01  4.0203111968E-01  4.0675021341E-01  4.1879824628E-01  4.3246391922E-01  4.4425262982E-01  4.5324730730E-01  4.5968882733E-01  4.6410194834E-01  4.6702729128E-01
  6.5886693378E+00  4.6764192895E-01  4.3718982556E-01  4.3967917703E-01  4.4334086816E-01  4.4853060125E-01  4.5402995492E-01  4.5890553608E-01  4.6287204480E-01  4.6590810741E-01  4.6811931908E-01
  6.6034732927E+00  4.2696582217E-01  4.7212028523E-01  4.7373794708E-01  4.6912580125E-01  4.6581628354E-01  4.6476565095E-01  4.6525549934E-01  4.6653140428E-01  4.6802931345E-01  4.6941348296E-01
  6.6182772475E+00  4.7024541677E-01  5.1260608709E-01  5.0639561019E-01  4.9371267271E-01  4.8265289898E-01  4.7547968882E-01  4.7176245790E-01  4.7039107386E-01  4.7033013390E-01  4.7084629754E-01
  6.6330812024E+00  5.9149536735E-01  5.5488236517E-01  5.3478561625E-01  5.1487975644E-01  4.9750172734E-01  4.8524228964E-01  4.7790646353E-01  4.7417538819E-01  4.7267072492E-01  4.7234964618E-01
  6.6478851573E+00  6.6397910598E-01  5.8518804071E-01  5.5601977944E-01  5.3079468594E-01  5.0910355335E-01  4.9326631267E-01  4.8323158128E-01  4.7763347706E-01  4.7491864398E-01  4.7385626479E-01
  6.6626891122E+00  6.1307904943E-01  5.9577286803E-01  5.6788177672E-01  5.4018785026E-01  5.1659388132E-01  4.9898049404E-01  4.8738654591E-01  4.8056037110E-01  4.7695938696E-01  4.7530484641E-01
  6.6774930671E+00  5.5383683904E-01  5.9249112885E-01  5.6937082778E-01  5.4249951979E-01  5.1957397092E-01  5.0207642864E-01  4.9015287988E-01  4.8281264283E-01  4.7870474517E-01  4.7664435673E-01
  6.6922970220E+00  5.8586200025E-01  5.8251240386E-01  5.6080671489E-01  5.3795784911E-01  5.1813112527E-01  5.0252539978E-01  4.9145803023E-01  4.8431728851E-01  4.8009833191E-01  4.7783724206E-01
  6.7071009769E+00  6.2754144129E-01  5.6313761348E-01  5.4369402383E-01  5.2755311354E-01  5.1280593846E-01  5.0056461388E-01  4.9137283276E-01  4.8507332165E-01  4.8111793647E-01  4.7886132848E-01
  6.7219049318E+00  5.6369296590E-01  5.2984090165E-01  5.2059656983E-01  5.1289728383E-01  5.0451028128E-01  4.9665575288E-01  4.9009437170E-01  4.8514634189E-01  4.8177469289E-01  4.7971034026E-01
  6.7367088866E+00  4.4578346389E-01  4.8899526174E-01  4.9490295696E-01  4.9598784085E-01  4.9440655576E-01  4.9142168347E-01  4.8791687224E-01  4.8465707230E-01  4.8210936377E-01  4.8039309427E-01
  6.7515128415E+00  4.0951575468E-01  4.5389395849E-01  4.7022598451E-01  4.7892178041E-01  4.8376430675E-01  4.8556935583E-01  4.8519446930E-01  4.8376544379E-01  4.8218630352E-01  4.8093154229E-01
  6.7663167964E+00  4.4239334813E-01  4.3132089799E-01  4.4955006822E-01  4.6362076820E-01  4.7381295037E-01  4.7980815420E-01  4.8230041550E-01  4.8265218532E-01  4.8208585520E-01  4.8135792378E-01
  6.7811207513E+00  4.1133976778E-01  4.1898915748E-01  4.3462461174E-01  4.5162260492E-01  4.6560849628E-01  4.7477311077E-01  4.7958745929E-01  4.8150001866E-01  4.8189603314E-01  4.8171135114E-01
  6.7959247062E+00  3.9704847959E-01  4.1308068256E-01  4.2598024479E-01  4.4396603085E-01  4.5992837046E-01  4.7096148134E-01  4.7735373690E-01  4.8047645128E-01  4.8170434572E-01  4.8203417348E-01
  6.8107286611E+00  4.1590460103E-01  4.1204488149E-01  4.2346121345E-01  4.4115744677E-01  4.5720341311E-01  4.6868934510E-01  4.7581764083E-01  4.7971983454E-01  4.8159052419E-01  4.8236845349E-01
  6.8255326160E+00  4.0008965275E-01  4.1500788102E-01  4.2681813257E-01  4.4318146114E-01  4.5749151088E-01  4.6807235358E-01  4.7510386971E-01  4.7932985720E-01  4.8162076133E-01  4.8275285015E-01
  6.8403365709E+00  4.3141237541E-01  4.2152647671E-01  4.3591679864E-01  4.4952026654E-01  4.6049393167E-01  4.6903178466E-01  4.7524138856E-01  4.7936304540E-01  4.8184385090E-01  4.8322013296E-01
  6.8551405257E+00  4.2839306231E-01  4.3407643341E-01  4.5038809817E-01  4.5917862110E-01  4.6561280232E-01  4.7132395080E-01  4.7617252459E-01  4.7983321872E-01  4.8228938410E-01  4.8379547189E-01
  6.8699444806E+00  3.9563860366E-01  4.5773517765E-01  4.6893297981E-01  4.7074877834E-01  4.7204501942E-01  4.7458808764E-01  4.7777108162E-01  4.8071628603E-01  4.8296793061E-01  4.8449555976E-01
  6.8847484355E+00  4.8428471531E-01  4.9275096925E-01  4.8885057807E-01  4.8256227638E-01  4.7890317987E-01  4.7840546668E-01  4.7986635219E-01  4.8195832310E-01  4.8387293531E-01  4.8532854007E-01
  6.8995523904E+00  5.7632710500E-01  5.2829111800E-01  5.0637928125E-01  4.9294651248E-01  4.8534815036E-01  4.8236100078E-01  4.8226937005E-01  4.8348560371E-01  4.8498391663E-01  4.8629464204E-01
  6.9143563453E+00  5.9439553056E-01  5.4875980222E-01  5.1792652748E-01  5.0054555459E-01  4.9071260062E-01  4.8609836634E-01  4.8479774408E-01  4.8521518029E-01  4.8627047080E-01  4.8738737135E-01
  6.9291603002E+00  5.8764059452E-01  5.4701198304E-01  5.2152404786E-01  5.0461190535E-01  4.9459303292E-01  4.8936082612E-01  4.8729593644E-01  4.8706472368E-01  4.8769656934E-01  4.8859507250E-01
  6.9439642551E+00  5.1948299500E-01  5.2955602401E-01  5.1757575525E-01  5.0516422094E-01  4.9689177137E-01  4.9201243285E-01  4.8964880032E-01  4.8896060116E-01  4.8922468038E-01  4.8990266933E-01
  6.9587682100E+00  4.7282302678E-01  5.0901092309E-01  5.0849109542E-01  5.0294649143E-01  4.9780020871E-01  4.9403776006E-01  4.9178741326E-01  4.9084354558E-01  4.9081933371E-01  4.9129339996E-01
  6.9735721648E+00  4.9093873740E-01  4.9226656894E-01  4.9761298957E-01  4.9919705272E-01  4.9772798671E-01  4.9552211477E-01  4.9368752496E-01  4.9267168131E-01  4.9244986762E-01  4.9275038947E-01
  6.9883761197E+00  5.1210054591E-01  4.7795761996E-01  4.8815197479E-01  4.9530456590E-01  4.9719558775E-01  4.9661757804E-01  4.9536206550E-01  4.9442105811E-01  4.9409222431E-01  4.9425794175E-01
  7.0031800746E+00  4.5727971401E-01  4.6595730447E-01  4.8246504169E-01  4.9246244610E-01  4.9671586602E-01  4.9750249001E-01  4.9684994694E-01  4.9608414684E-01  4.9572978136E-01  4.9580247640E-01
  7.0179840295E+00  3.9890795235E-01  4.6342636980E-01  4.8159832569E-01  4.9142280941E-01  4.9669089943E-01  4.9834268870E-01  4.9820371439E-01  4.9766693297E-01  4.9735330665E-01  4.9737308172E-01
  7.0327879844E+00  4.4687569964E-01  4.7586874540E-01  4.8508746653E-01  4.9240494635E-01  4.9734444556E-01  4.9926182750E-01  4.9947843115E-01  4.9918529152E-01  4.9896019436E-01  4.9896169621E-01
  7.0475919393E+00  5.2495796810E-01  4.9595077131E-01  4.9128562431E-01  4.9515255401E-01  4.9869989068E-01  5.0032571359E-01  5.0072357635E-01  5.0066125256E-01  5.0055317838E-01  5.0056296571E-01
  7.0623958942E+00  5.6964718265E-01  5.0858600469E-01  4.9829630743E-01  4.9908390670E-01  5.0060260245E-01  5.0154238585E-01  5.0197883580E-01  5.0211960264E-01  5.0213872932E-01  5.0217384875E-01
  7.0771998491E+00  5.2628045489E-01  5.0795526751E-01  5.0494433172E-01  5.0346175614E-01  5.0277713384E-01  5.0287627413E-01  5.0327367359E-01  5.0358506188E-01  5.0372532895E-01  5.0379305821E-01
  7.0920038039E+00  4.4740117863E-01  5.0449428932E-01  5.1096121788E-01  5.0753197740E-01  5.0490510285E-01  5.0427191011E-01  5.0462969278E-01  5.0508008018E-01  5.0532179113E-01  5.0542043347E-01
  7.1068077588E+00  4.5556256795E-01  5.1152485873E-01  5.1623264714E-01  5.1062513685E-01  5.0670827021E-01  5.0568080301E-01  5.0606421046E-01  5.0662315318E-01  5.0693576770E-01  5.0705633413E-01
  7.1216117137E+00  5.6454633948E-01  5.2802836211E-01  5.1993800450E-01  5.1224952198E-01  5.0802190522E-01  5.0708455531E-01  5.0759330542E-01  5.0822749731E-01  5.0857254925E-01  5.0870113608E-01
  7.1364156686E+00  5.9335552925E-01  5.3988245174E-01  5.2058450351E-01  5.1220049835E-01  5.0884488024E-01  5.0850815586E-01  5.0923287598E-01  5.0989995082E-01  5.1023424575E-01  5.1035489368E-01
  7.1512196235E+00  5.4708155076E-01  5.3590317650E-01  5.1705342738E-01  5.1067176609E-01  5.0935514243E-01  5.1001952004E-01  5.1099690953E-01  5.1164006586E-01  5.1191941101E-01  5.1201721078E-01
  7.1660235784E+00  5.3140523216E-01  5.1715831871E-01  5.0977000703E-01  5.0831177211E-01  5.0988332848E-01  5.1171441282E-01  5.1289306376E-01  5.1343949243E-01  5.1362315351E-01  5.1368733859E-01
  7.1808275333E+00  4.8711462271E-01  4.9348019081E-01  5.0099548648E-01  5.0616049245E-01  5.1084429826E-01  5.1368936578E-01  5.1491658654E-01  5.1528188021E-01  5.1533775050E-01  5.1536449228E-01
  7.1956314882E+00  4.3381481341E-01  4.7620109531E-01  4.9402793661E-01  5.0544010361E-01  5.1263599512E-01  5.1600841175E-01  5.1704433250E-01  5.1714359350E-01  5.1705374767E-01  5.1704835210E-01
  7.2104354430E+00  4.4178824257E-01  4.7152077053E-01  4.9193319306E-01  5.0723624589E-01  5.1552523850E-01  5.1867168198E-01  5.1923097354E-01  5.1899551411E-01  5.1876148169E-01  5.1873969079E-01
  7.2252393979E+00  4.9942636674E-01  4.7777617564E-01  4.9657394553E-01  5.1215832622E-01  5.1954749842E-01  5.2159450521E-01  5.2140932857E-01  5.2080608178E-01  5.2045290965E-01  5.2044104934E-01
  7.2400433528E+00  4.9349126401E-01  4.9128205330E-01  5.0821505630E-01  5.2008313451E-01  5.2444911500E-01  5.2460424785E-01  5.2349604094E-01  5.2254550492E-01  5.2212357353E-01  5.2215736952E-01
  7.2548473077E+00  4.6205486811E-01  5.1313535012E-01  5.2549187330E-01  5.3006520105E-01  5.2969401560E-01  5.2745879536E-01  5.2540272074E-01  5.2419080376E-01  5.2377447899E-01  5.2389648738E-01
  7.2696512626E+00  5.2369301020E-01  5.4493386755E-01  5.4551886817E-01  5.4045445334E-01  5.3454332339E-01  5.2988584414E-01  5.2705135961E-01  5.2573107952E-01  5.2541363735E-01  5.2566939666E-01
  7.2844552175E+00  6.1891613229E-01  5.8017665946E-01  5.6422956817E-01  5.4921176316E-01  5.3819830436E-01  5.3163703247E-01  5.2839160524E-01  5.2717220145E-01  5.2705701740E-01  5.2749020804E-01
  7.2992591724E+00  6.3935459547E-01  6.0647365908E-01  5.7715451074E-01  5.5436439133E-01  5.3997943820E-01  5.3254660471E-01  5.2941664582E-01  5.2854002619E-01  5.2872868774E-01  5.2937575653E-01
  7.3140631273E+00  6.4220185834E-01  6.1525239079E-01  5.8057287813E-01  5.5450230208E-01  5.3950194080E-01  5.3258193744E-01  5.3017423683E-01  5.2988134784E-01  5.3046000233E-01  5.3134484467E-01
  7.3288670821E+00  6.2248741241E-01  6.0521983211E-01  5.7265554216E-01  5.4919246229E-01  5.3680470817E-01  5.3187364971E-01  5.3076991943E-01  5.3126202923E-01  5.3228778685E-01  5.3341715016E-01
  7.3436710370E+00  5.9702627884E-01  5.7828951849E-01  5.5419388546E-01  5.3919359134E-01  5.3239710432E-01  5.3071634385E-01  5.3136068817E-01  5.3276215672E-01  5.3425161014E-01  5.3561186793E-01
  7.3584749919E+00  5.6571349225E-01  5.3698814824E-01  5.2868836050E-01  5.2639506201E-01  5.2720516465E-01  5.2953673047E-01  5.3213906217E-01  5.3446853158E-01  5.3639035632E-01  5.3794619437E-01
  7.3732789468E+00  4.9647441392E-01  4.8785553850E-01  5.0170140802E-01  5.1347434233E-01  5.2242179195E-01  5.2883279736E-01  5.3330937016E-01  5.3646527997E-01  5.3873842911E-01  5.4043378979E-01
  7.3880829017E+00  3.9637275285E-01  4.4503960595E-01  4.7950688614E-01  5.0334659157E-01  5.1928873951E-01  5.2909422512E-01  5.3505968827E-01  5.3882374153E-01  5.4132200126E-01  5.4308337008E-01
  7.4028868566E+00  3.4650447374E-01  4.2471676228E-01  4.6739080448E-01  4.9853967480E-01  5.1885566307E-01  5.3071886564E-01  5.3753391452E-01  5.4159300886E-01  5.4415575281E-01  5.4589757689E-01
  7.4176908115E+00  3.9051541427E-01  4.3207078029E-01  4.6830680919E-01  5.0064609441E-01  5.2176869842E-01  5.3394160676E-01  5.4080867868E-01  5.4479248808E-01  5.4724051428E-01  5.4887225658E-01
  7.4324947664E+00  5.0145515055E-01  4.5713254246E-01  4.8246662013E-01  5.0997674227E-01  5.2813587863E-01  5.3878987294E-01  5.4487909975E-01  5.4840762450E-01  5.5056214399E-01  5.5199624280E-01
  7.4472987212E+00  5.1453888549E-01  4.8864819375E-01  5.0776275028E-01  5.2548643292E-01  5.3750026690E-01  5.4507473450E-01  5.4965593694E-01  5.5238951894E-01  5.5409183341E-01  5.5525168951E-01
  7.4621026761E+00  4.4146609552E-01  5.2781342649E-01  5.4036527204E-01  5.4498168169E-01  5.4892763711E-01  5.5241928102E-01  5.5497472590E-01  5.5665861669E-01  5.5778786624E-01  5.5861494557E-01
  7.4769066310E+00  5.3808722899E-01  5.7965307175E-01  5.7509126159E-01  5.6557089542E-01  5.6118935130E-01  5.6031824617E-01  5.6061544659E-01  5.6111207235E-01  5.6159868087E-01  5.6205790575E-01
  7.4917105859E+00  7.0882934440E-01  6.3524451701E-01  6.0590459603E-01  5.8427389941E-01  5.7299888034E-01  5.6821665192E-01  5.6632954099E-01  5.6563387516E-01  5.6546692446E-01  5.6554972230E-01
  7.5065145408E+00  7.3167242874E-01  6.7394964470E-01  6.2714038448E-01  5.9866584093E-01  5.8324775969E-01  5.7559192717E-01  5.7187001800E-01  5.7010644325E-01  5.6933406397E-01  5.6905872319E-01
  7.5213184957E+00  7.2898213757E-01  6.8153677145E-01  6.3534797815E-01  6.0739871110E-01  5.9118741767E-01  5.8202427493E-01  5.7702012231E-01  5.7442221691E-01  5.7314505169E-01  5.7255436200E-01
  7.5361224506E+00  6.9156250599E-01  6.5948014995E-01  6.3077035987E-01  6.1044763303E-01  5.9651795679E-01  5.8724379941E-01  5.8161659451E-01  5.7849381859E-01  5.7685253903E-01  5.7600902365E-01
  7.5509264055E+00  6.1440623909E-01  6.2085431154E-01  6.1741452147E-01  6.0899131047E-01  5.9937043607E-01  5.9114895393E-01  5.8556472504E-01  5.8226158509E-01  5.8042019231E-01  5.7939952928E-01
  7.5657303603E+00  5.5219235473E-01  5.8269825647E-01  6.0150258021E-01  6.0495056227E-01  6.0019864104E-01  5.9379753126E-01  5.8884390839E-01  5.8569766495E-01  5.8382477996E-01  5.8270822088E-01
  7.5805343152E+00  5.1658800865E-01  5.5904082959E-01  5.8906132859E-01  6.0033400955E-01  5.9962081031E-01  5.9537688989E-01  5.9150390497E-01  5.8880634728E-01  5.8705685423E-01  5.8592355766E-01
  7.5953382701E+00  5.2231331376E-01  5.5563143823E-01  5.8378328059E-01  5.9661879544E-01  5.9826316014E-01  5.9616302955E-01  5.9365323991E-01  5.9162077274E-01  5.9012002349E-01  5.8904021419E-01
  7.6101422250E+00  5.6848437481E-01  5.6926841113E-01  5.8597439969E-01  5.9438696970E-01  5.9665106699E-01  5.9647798608E-01  5.9544194770E-01  5.9419661048E-01  5.9302897951E-01  5.9205873012E-01
  7.6249461799E+00  5.9560663378E-01  5.9221441650E-01  5.9279602046E-01  5.9334346333E-01  5.9517219319E-01  5.9665229929E-01  5.9704118249E-01  5.9660361569E-01  5.9580658844E-01  5.9498481384E-01
  7.6397501348E+00  6.0324284365E-01  6.1619953219E-01  5.9956146144E-01  5.9269495787E-01  5.9410636131E-01  5.9699531814E-01  5.9862214680E-01  5.9891618254E-01  5.9848045736E-01  5.9782844372E-01
  7.6545540897E+00  6.6919495547E-01  6.3170520961E-01  6.0168722815E-01  5.9172567166E-01  5.9369069449E-01  5.9777247718E-01  6.0033649556E-01  6.0120406775E-01  6.0107943978E-01  6.0060293466E-01
  7.6693580446E+00  6.8741770416E-01  6.2800682286E-01  5.9679935633E-01  5.9032097097E-01  5.9417577312E-01  5.9918677746E-01  6.0229999584E-01  6.0352438596E-01  6.0363053990E-01  6.0332414336E-01
  7.6841619994E+00  6.3340133608E-01  5.9997357325E-01  5.8625255235E-01  5.8920030095E-01  5.9583465906E-01  6.0136212397E-01  6.0458085331E-01  6.0591578905E-01  6.0615661929E-01  6.0600997197E-01
  7.6989659543E+00  5.6943431585E-01  5.5658794422E-01  5.7515219502E-01  5.8973291186E-01  5.9890950223E-01  6.0432850949E-01  6.0719376138E-01  6.0839546371E-01  6.0867521097E-01  6.0868029991E-01
  7.7137699092E+00  4.5564082582E-01  5.2174253534E-01  5.7039093164E-01  5.9338707470E-01  6.0351099286E-01  6.0801205268E-01  6.1010033173E-01  6.1095924614E-01  6.1119861758E-01  6.1135742960E-01
  7.7285738641E+00  3.8853108363E-01  5.2168406459E-01  5.7734409530E-01  6.0103296440E-01  6.0951155118E-01  6.1223501694E-01  6.1321604773E-01  6.1358479647E-01  6.1373532961E-01  6.1406708075E-01
  7.7433778190E+00  5.0576932672E-01  5.6377457938E-01  5.9697118644E-01  6.1240019701E-01  6.1648283746E-01  6.1673087493E-01  6.1642320746E-01  6.1623743664E-01  6.1629266306E-01  6.1683991353E-01
  7.7581817739E+00  7.0564098587E-01  6.2771902557E-01  6.2506438143E-01  6.2593796108E-01  6.2371712756E-01  6.2117680107E-01  6.1958853459E-01  6.1887797312E-01  6.1888039891E-01  6.1971350931E-01
  7.7729857288E+00  7.5497747020E-01  6.8385910266E-01  6.5403388826E-01  6.3916002085E-01  6.3034387806E-01  6.2524130145E-01  6.2258336835E-01  6.2147163670E-01  6.2151512143E-01  6.2273469411E-01
  7.7877896837E+00  7.0470913147E-01  7.1724028383E-01  6.7600577556E-01  6.4935793416E-01  6.3551790968E-01  6.2863954651E-01  6.2530379890E-01  6.2399720119E-01  6.2422490492E-01  6.2596205571E-01
  7.8025936385E+00  7.4546722184E-01  7.2817779361E-01  6.8549646416E-01  6.5442552149E-01  6.3862728406E-01  6.3118523568E-01  6.2768798890E-01  6.2645540184E-01  6.2705399080E-01  6.2946848507E-01
  7.8173975934E+00  7.8382357617E-01  7.1823933475E-01  6.8072101895E-01  6.5350939949E-01  6.3945784321E-01  6.3282704714E-01  6.2972833921E-01  6.2887595314E-01  6.3006712354E-01  6.3334356426E-01
  7.8322015483E+00  7.1103487341E-01  6.8765178158E-01  6.6365030189E-01  6.4727823857E-01  6.3826173563E-01  6.3366054737E-01  6.3147710470E-01  6.3132273080E-01  6.3335326691E-01  6.3769562708E-01
  7.8470055032E+00  6.3189201879E-01  6.4219250426E-01  6.3929836139E-01  6.3773968430E-01  6.3570554564E-01  6.3391230416E-01  6.3304537652E-01  6.3389698469E-01  6.3702848807E-01  6.4265333287E-01
  7.8618094581E+00  5.9164927662E-01  5.9395940031E-01  6.1447637699E-01  6.2767418751E-01  6.3271029468E-01  6.3390025965E-01  6.3459672455E-01  6.3673872734E-01  6.4123786534E-01  6.4836661617E-01
  7.8766134130E+00  5.2211624636E-01  5.5700197023E-01  5.9606551487E-01  6.1986134678E-01  6.3022859779E-01  6.3398101955E-01  6.3633788861E-01  6.4002664021E-01  6.4615633428E-01  6.5500690252E-01
  7.8914173679E+00  4.7180532913E-01  5.4344380637E-01  5.8906759074E-01  6.1632710339E-01  6.2902329882E-01  6.3449857421E-01  6.3850941618E-01  6.4397691679E-01  6.5198843024E-01  6.6276651292E-01
  7.9062213227E+00  5.2218885938E-01  5.5833176556E-01  5.9503840112E-01  6.1783032940E-01  6.2951146187E-01  6.3574883036E-01  6.4137889817E-01  6.4884140543E-01  6.5896691269E-01  6.7185721301E-01
  7.9210252776E+00  5.9246144089E-01  5.9589824873E-01  6.1158565454E-01  6.2373547856E-01  6.3171835659E-01  6.3797011066E-01  6.4523848220E-01  6.5490524555E-01  6.6735026982E-01  6.8250789920E-01
  7.9358292325E+00  6.4458363906E-01  6.4228409766E-01  6.3325777297E-01  6.3230053890E-01  6.3535433610E-01  6.4136257170E-01  6.5040687102E-01  6.6248395689E-01  6.7741911105E-01  6.9496145015E-01
  7.9506331874E+00  7.1440824613E-01  6.8149353450E-01  6.5352493871E-01  6.4128255810E-01  6.3999290703E-01  6.4613126825E-01  6.5723441660E-01  6.7191971147E-01  6.8947146833E-01  7.0947080971E-01
  7.9654371423E+00  7.7062787079E-01  7.0121955815E-01  6.6702057327E-01  6.4867175336E-01  6.4530069817E-01  6.5254061049E-01  6.6610862402E-01  6.8357636194E-01  7.0381705478E-01  7.2629440434E-01
  7.9802410972E+00  7.1362751376E-01  6.9880722189E-01  6.7111346194E-01  6.5334251121E-01  6.5125661049E-01  6.6096414055E-01  6.7745674541E-01  6.9783277395E-01  7.2077057657E-01  7.4569103393E-01
  7.9950450521E+00  6.6303537872E-01  6.8175019521E-01  6.6631384110E-01  6.5545737923E-01  6.5830083780E-01  6.7191395368E-01  6.9174237447E-01  7.1507414057E-01  7.4064426217E-01  7.6791440737E-01
  8.0098490070E+00  6.5922186214E-01  6.5924681656E-01  6.5570097475E-01  6.5654871100E-01  6.6737268069E-01  6.8603864262E-01  7.0945402809E-01  7.3568123318E-01  7.6373985586E-01  7.9320752034E-01
  8.0246529618E+00  6.5593081993E-01  6.3554357363E-01  6.4399335506E-01  6.5928955544E-01  6.7982373729E-01  7.0408619596E-01  7.3108538714E-01  7.6001791726E-01  7.9034040859E-01  8.2179708972E-01
  8.0394569167E+00  6.0753586053E-01  6.1370765472E-01  6.3677012876E-01  6.6702161445E-01  6.9722326125E-01  7.2683690348E-01  7.5710876889E-01  7.8841766033E-01  8.2070227331E-01  8.5388826272E-01
  8.0542608716E+00  5.5107569188E-01  6.0099497543E-01  6.3989298348E-01  6.8313240605E-01  7.2109855939E-01  7.5501880756E-01  7.8794506587E-01  8.2117009751E-01  8.5504775685E-01  8.8965980724E-01
  8.0690648265E+00  5.7575821343E-01  6.0639790125E-01  6.5883367081E-01  7.1038588911E-01  7.5266978102E-01  7.8922267163E-01  8.2393441663E-01  8.5850892172E-01  8.9355888207E-01  9.2925996111E-01
  8.0838687814E+00  6.1530772338E-01  6.3676739189E-01  6.9763897119E-01  7.5032905029E-01  7.9264149485E-01  8.2983368119E-01  8.6531203749E-01  9.0060237926E-01  9.3637266202E-01  9.7280307106E-01
  8.0986727363E+00  6.3268497888E-01  6.9820159153E-01  7.5759120176E-01  8.0291766635E-01  8.4110135077E-01  8.7699311211E-01  9.1219291881E-01  9.4754746000E-01  9.8357818130E-01  1.0203670914E+00
  8.1134766912E+00  7.1330504157E-01  7.9469650650E-01  8.3606009917E-01  8.6649937125E-01  8.9755015114E-01  9.3059609147E-01  9.6456766532E-01  9.9936849814E-01  1.0352156233E+00  1.0719919399E+00
  8.1282806461E+00  9.0446844411E-01  9.1907985464E-01  9.2635594837E-01  9.3822783676E-01  9.6105298680E-01  9.9032330350E-01  1.0223099768E+00  1.0560203957E+00  1.0912771922E+00  1.1276786308E+00
  8.1430846009E+00  1.1112193518E+00  1.0489471687E+00  1.0192571680E+00  1.0148500740E+00  1.0304668388E+00  1.0556973499E+00  1.0851945191E+00  1.1173961222E+00  1.1517096725E+00  1.1873890332E+00
  8.1578885558E+00  1.2289772695E+00  1.1574904756E+00  1.1061226429E+00  1.0936473866E+00  1.1046774185E+00  1.1261504061E+00  1.1529225615E+00  1.1833376067E+00  1.2164181777E+00  1.2510460391E+00
  8.1726925107E+00  1.2843136520E+00  1.2289704292E+00  1.1824483791E+00  1.1731966276E+00  1.1827764812E+00  1.2010897898E+00  1.2251519596E+00  1.2536486955E+00  1.2852704790E+00  1.3185338853E+00
  8.1874964656E+00  1.3185695205E+00  1.2657866264E+00  1.2501109851E+00  1.2536317805E+00  1.2641335426E+00  1.2799517258E+00  1.3015278571E+00  1.3281085491E+00  1.3581012072E+00  1.3896983573E+00
  8.2023004205E+00  1.2594197876E+00  1.2873849026E+00  1.3168632376E+00  1.3362578268E+00  1.3483566301E+00  1.3622393517E+00  1.3817107520E+00  1.4064837292E+00  1.4347151949E+00  1.4643466187E+00
  8.2171043754E+00  1.2439858792E+00  1.3243160335E+00  1.3928355014E+00  1.4226482583E+00  1.4351805999E+00  1.4475465843E+00  1.4653990891E+00  1.4885372914E+00  1.5148892881E+00  1.5422464593E+00
  8.2319083303E+00  1.3042452847E+00  1.4066757904E+00  1.4853437866E+00  1.5136195080E+00  1.5243504278E+00  1.5355726998E+00  1.5523441224E+00  1.5740334358E+00  1.5983720990E+00  1.6231248335E+00
  8.2467122852E+00  1.4140269186E+00  1.5475551638E+00  1.5945076046E+00  1.6085777590E+00  1.6155670461E+00  1.6261322192E+00  1.6423552985E+00  1.6627366770E+00  1.6848813907E+00  1.7066656610E+00
  8.2615162400E+00  1.7158455932E+00  1.7278559014E+00  1.7122623792E+00  1.7055963026E+00  1.7085326485E+00  1.7191612315E+00  1.7352948839E+00  1.7544050245E+00  1.7740990646E+00  1.7925069847E+00
  8.2763201949E+00  2.0815870365E+00  1.8989960357E+00  1.8258459148E+00  1.8022457890E+00  1.8030826875E+00  1.8147163365E+00  1.8310610959E+00  1.8487773028E+00  1.8656640210E+00  1.8802376977E+00
  8.2911241498E+00  2.1717883021E+00  2.0138493096E+00  1.9242728845E+00  1.8968221774E+00  1.8993444440E+00  1.9129584049E+00  1.9295597787E+00  1.9455554222E+00  1.9591634775E+00  1.9693941692E+00
  8.3059281047E+00  2.0978686836E+00  2.0611603101E+00  2.0043075293E+00  1.9893943791E+00  1.9978386599E+00  2.0141125399E+00  2.0306657969E+00  2.0443830909E+00  2.0541235905E+00  2.0594571854E+00
  8.3207320596E+00  2.0570918803E+00  2.0686587045E+00  2.0725677695E+00  2.0821516374E+00  2.0994529793E+00  2.1183990348E+00  2.1341767864E+00  2.1448230519E+00  2.1500004344E+00  2.1498496835E+00
  8.3355360145E+00  2.0131873866E+00  2.0799288932E+00  2.1426685574E+00  2.1788481637E+00  2.2052597957E+00  2.2259371701E+00  2.2397635156E+00  2.2463353673E+00  2.2461724908E+00  2.2399357704E+00
  8.3503399694E+00  2.0135636296E+00  2.1329762347E+00  2.2291193832E+00  2.2835573494E+00  2.3162085013E+00  2.3366323053E+00  2.3469225435E+00  2.3482594641E+00  2.3419357920E+00  2.3290214908E+00
  8.3651439243E+00  2.1265833928E+00  2.2482724767E+00  2.3412235281E+00  2.3992476181E+00  2.4327693960E+00  2.4500641259E+00  2.4549377163E+00  2.4498025551E+00  2.4365027236E+00  2.4163577322E+00
  8.3799478791E+00  2.3700999156E+00  2.4217607760E+00  2.4798443132E+00  2.5267329301E+00  2.5546252978E+00  2.5653975837E+00  2.5628569758E+00  2.5500366079E+00  2.5290052406E+00  2.5011455446E+00
  8.3947518340E+00  2.6539662501E+00  2.6270030177E+00  2.6381618037E+00  2.6643336185E+00  2.6804920120E+00  2.6813366791E+00  2.6694897712E+00  2.6479052850E+00  2.6185029032E+00  2.5825440040E+00
  8.4095557889E+00  2.8863292793E+00  2.8297690181E+00  2.8054615661E+00  2.8082426000E+00  2.8081093920E+00  2.7961349550E+00  2.7734281071E+00  2.7422412754E+00  2.7039957350E+00  2.6596805959E+00
  8.4243597438E+00  3.0883176933E+00  3.0069439047E+00  2.9715651035E+00  2.9533131387E+00  2.9343983888E+00  2.9076669568E+00  2.8730912163E+00  2.8317933051E+00  2.7844414883E+00  2.7316639296E+00
  8.4391636987E+00  3.1755909480E+00  3.1576131634E+00  3.1294544792E+00  3.0938968984E+00  3.0557433998E+00  3.0135542538E+00  2.9667904725E+00  2.9152609987E+00  2.8587765243E+00  2.7975984562E+00
  8.4539676536E+00  3.2234026918E+00  3.2973796847E+00  3.2750381853E+00  3.2244736622E+00  3.1683425375E+00  3.1113301955E+00  3.0528080625E+00  2.9913348358E+00  2.9259392234E+00  2.8566007424E+00
  8.4687716085E+00  3.4455082240E+00  3.4383966615E+00  3.4049897939E+00  3.3400240254E+00  3.2685699610E+00  3.1986210861E+00  3.1294806563E+00  3.0587378500E+00  2.9848946686E+00  2.9078167793E+00
  8.4835755634E+00  3.6191333158E+00  3.5743223222E+00  3.5147831665E+00  3.4362629300E+00  3.3533058104E+00  3.2733187404E+00  3.1952783109E+00  3.1162655738E+00  3.0346593250E+00  2.9504397703E+00
  8.4983795182E+00  3.7421000300E+00  3.6842226347E+00  3.5986055126E+00  3.5098851235E+00  3.4202011675E+00  3.3337205237E+00  3.2488693483E+00  3.1628210700E+00  3.0743245563E+00  2.9837278519E+00
  8.5131834731E+00  3.8767449735E+00  3.7474180728E+00  3.6511982695E+00  3.5588811330E+00  3.4678527320E+00  3.3786175404E+00  3.2891639496E+00  3.1974426946E+00  3.1030780675E+00  3.0070212415E+00
  8.5279874280E+00  3.8262228376E+00  3.7565781411E+00  3.6702152121E+00  3.5828485896E+00  3.4958655571E+00  3.4073189659E+00  3.3153324507E+00  3.2193233759E+00  3.1202226948E+00  3.0197583797E+00
  8.5427913829E+00  3.7252613172E+00  3.7212114760E+00  3.6574863088E+00  3.5831431987E+00  3.5047873525E+00  3.4196097827E+00  3.3267983286E+00  3.2278215168E+00  3.1251923231E+00  3.0214907076E+00
  8.5575953378E+00  3.6797446785E+00  3.6584846598E+00  3.6185804792E+00  3.5627295837E+00  3.4959097449E+00  3.4156494023E+00  3.3232100069E+00  3.2224648952E+00  3.1175650465E+00  3.0118957948E+00
  8.5723992927E+00  3.5927062808E+00  3.5815490179E+00  3.5612621805E+00  3.5256821581E+00  3.4709522309E+00  3.3958285737E+00  3.3043991960E+00  3.2029499543E+00  3.0970739284E+00  2.9907885912E+00
  8.5872032476E+00  3.4954394386E+00  3.4971720671E+00  3.4938435625E+00  3.4763948048E+00  3.4316702208E+00  3.3606100575E+00  3.2703358796E+00  3.1691394389E+00  3.0636158341E+00  2.9581306064E+00
  8.6020072025E+00  3.4200766577E+00  3.4103846135E+00  3.4239046115E+00  3.4186422216E+00  3.3794526098E+00  3.3103831668E+00  3.2210907670E+00  3.1210613395E+00  3.0172587715E+00  2.9140368216E+00
  8.6168111573E+00  3.3109038606E+00  3.3293513056E+00  3.3571051946E+00  3.3546833517E+00  3.3149885617E+00  3.2453620318E+00  3.1568148201E+00  3.0589115151E+00  2.9582479897E+00  2.8587801211E+00
  8.6316151122E+00  3.2026225160E+00  3.2660710985E+00  3.2956877457E+00  3.2846128664E+00  3.2380811465E+00  3.1655516381E+00  3.0777424149E+00  2.9830612715E+00  2.8870107844E+00  2.7927929909E+00
  8.6464190671E+00  3.1715335524E+00  3.2287267689E+00  3.2369434089E+00  3.2061470605E+00  3.1476645896E+00  3.0707946437E+00  2.9842202173E+00  2.8940697218E+00  2.8041595967E+00  2.7166661979E+00
  8.6612230220E+00  3.1948005225E+00  3.2088411327E+00  3.1727005068E+00  3.1149612033E+00  3.0420446062E+00  2.9608972297E+00  2.8767586644E+00  2.7926992148E+00  2.7104926343E+00  2.6311441409E+00
  8.6760269769E+00  3.2736855065E+00  3.1766860177E+00  3.0908359923E+00  3.0055722024E+00  2.9193348209E+00  2.8358163610E+00  2.7560979410E+00  2.6799307389E+00  2.6069909686E+00  2.5371165807E+00
  8.6908309318E+00  3.2621198507E+00  3.0956302899E+00  2.9786580382E+00  2.8726120419E+00  2.7780169811E+00  2.6958769826E+00  2.6232764560E+00  2.5569752659E+00  2.4948109288E+00  2.4356065124E+00
  8.7056348867E+00  3.0404717105E+00  2.9464770824E+00  2.8266658404E+00  2.7122199157E+00  2.6175195135E+00  2.5419788989E+00  2.4796878464E+00  2.4252766778E+00  2.3752706726E+00  2.3277540610E+00
  8.7204388416E+00  2.7427900938E+00  2.7360773498E+00  2.6309620895E+00  2.5232430293E+00  2.4386966201E+00  2.3757516219E+00  2.3271129496E+00  2.2865023291E+00  2.2498300794E+00  2.2147964438E+00
  8.7352427964E+00  2.5241592570E+00  2.4805326983E+00  2.3937656350E+00  2.3079853100E+00  2.2441026428E+00  2.1996221202E+00  2.1677160250E+00  2.1425184104E+00  2.1200635692E+00  2.0980442582E+00
  8.7500467513E+00  2.2656470402E+00  2.1868960556E+00  2.1228620735E+00  2.0723457500E+00  2.0379923061E+00  2.0167742629E+00  2.0039993926E+00  1.9953489606E+00  1.9876260563E+00  1.9788545950E+00
  8.7648507062E+00  1.9168578098E+00  1.8566570529E+00  1.8310094397E+00  1.8253016578E+00  1.8260298098E+00  1.8309973120E+00  1.8387167602E+00  1.8471193773E+00  1.8542129272E+00  1.8586017219E+00
  8.7796546611E+00  1.5165785661E+00  1.5026874796E+00  1.5352302009E+00  1.5777996984E+00  1.6147478813E+00  1.6464404306E+00  1.6747518028E+00  1.6999873154E+00  1.7215156032E+00  1.7386463121E+00
  8.7944586160E+00  1.0759548141E+00  1.1578205072E+00  1.2549630114E+00  1.3412267547E+00  1.4108492661E+00  1.4673068740E+00  1.5149739256E+00  1.5560656124E+00  1.5911748177E+00  1.6203043750E+00
  8.8092625709E+00  6.9443882075E-01  8.6528888446E-01  1.0084799583E+00  1.1257427506E+00  1.2204759102E+00  1.2975318914E+00  1.3620866586E+00  1.4173430907E+00  1.4647341337E+00  1.5048171575E+00
  8.8240665258E+00  4.9205114785E-01  6.5673301412E-01  8.0852561033E-01  9.3883328064E-01  1.0485769308E+00  1.1404903368E+00  1.2184852228E+00  1.2856095762E+00  1.3435963903E+00  1.3933233143E+00
  8.8388704807E+00  4.5023284008E-01  5.3472739545E-01  6.5928796933E-01  7.8442446016E-01  8.9848305663E-01  9.9877336069E-01  1.0861383601E+00  1.1623911717E+00  1.2289856692E+00  1.2868345814E+00
  8.8536744355E+00  4.5468462687E-01  4.7516230969E-01  5.5636900819E-01  6.6276516852E-01  7.7174775421E-01  8.7406002031E-01  9.6650588147E-01  1.0489008073E+00  1.1219170309E+00  1.1862160270E+00
  8.8684783904E+00  4.6348364716E-01  4.4646887986E-01  4.8967057245E-01  5.7105689513E-01  6.6825578800E-01  7.6709234848E-01  8.6049829512E-01  9.4600750684E-01  1.0231757140E+00  1.0921717201E+00
  8.8832823453E+00  4.2584382128E-01  4.2761178250E-01  4.4749550185E-01  5.0458926260E-01  5.8654422572E-01  6.7774518180E-01  7.6847927292E-01  8.5422591030E-01  9.3330678745E-01  1.0052363551E+00
  8.8980863002E+00  3.8981220465E-01  4.1141863330E-01  4.1988980714E-01  4.5801449675E-01  5.2424344321E-01  6.0516837790E-01  6.9030655131E-01  7.7372564521E-01  8.5261547853E-01  9.2577303516E-01
  8.9128902551E+00  4.0640153730E-01  3.9649473687E-01  4.0024684608E-01  4.2640952011E-01  4.7853511553E-01  5.4797134313E-01  6.2540292346E-01  7.0435838875E-01  7.8117764015E-01  8.5397707423E-01
  8.9276942100E+00  3.9481255023E-01  3.8109343732E-01  3.8539012822E-01  4.0590354942E-01  4.4654048970E-01  5.0441880817E-01  5.7284672962E-01  6.4569912097E-01  7.1885915512E-01  7.8988535006E-01
  8.9424981649E+00  3.5844668550E-01  3.6469763636E-01  3.7483417432E-01  3.9382323386E-01  4.2558731258E-01  4.7261165164E-01  5.3147079754E-01  5.9709724374E-01  6.6534255451E-01  7.3339046076E-01
  8.9573021198E+00  3.4094175204E-01  3.5084916217E-01  3.6968836580E-01  3.8845850481E-01  4.1334480980E-01  4.5063518774E-01  4.9995989450E-01  5.5773296920E-01  6.2015879044E-01  6.8425871978E-01
  8.9721060746E+00  3.2192635202E-01  3.4618408599E-01  3.7134286023E-01  3.8864029750E-01  4.0785028091E-01  4.3666710434E-01  4.7693896220E-01  5.2667461101E-01  5.8272196274E-01  6.4215088234E-01
  8.9869100295E+00  3.2423452249E-01  3.5714733596E-01  3.8013112720E-01  3.9333494945E-01  4.0746964064E-01  4.2904581773E-01  4.6104714287E-01  5.0293303190E-01  5.5236484343E-01  6.0664443557E-01
  9.0017139844E+00  3.4791906838E-01  3.8517023553E-01  3.9448540409E-01  4.0140685581E-01  4.1083550457E-01  4.2630586395E-01  4.5099532512E-01  4.8551036552E-01  5.2837324335E-01  5.7725630242E-01
  9.0165179393E+00  4.2556906618E-01  4.2147392994E-01  4.1117802010E-01  4.1160245635E-01  4.1679423162E-01  4.2718959166E-01  4.4560722225E-01  4.7344108971E-01  5.1001758214E-01  5.5346489646E-01
  9.0313218942E+00  5.2813237150E-01  4.4888758989E-01  4.2671062160E-01  4.2270183716E-01  4.2437540775E-01  4.3064429792E-01  4.4384560379E-01  4.6582444933E-01  4.9658040954E-01  5.3473060882E-01
  9.0461258491E+00  5.1134341176E-01  4.5548840153E-01  4.3902840238E-01  4.3371501280E-01  4.3278151996E-01  4.3581206181E-01  4.4482617367E-01  4.6184801471E-01  4.8737903993E-01  5.2051399231E-01
  9.0609298040E+00  4.0977218381E-01  4.4751991469E-01  4.4830313589E-01  4.4400111868E-01  4.4138716644E-01  4.4201699649E-01  4.4782181033E-01  4.6080276176E-01  4.8178286381E-01  5.1029111529E-01
  9.0757337589E+00  3.8854781914E-01  4.4371521322E-01  4.5615384567E-01  4.5325558685E-01  4.4973698887E-01  4.4875232154E-01  4.5225962942E-01  4.6209046136E-01  4.7922526378E-01  5.0356577159E-01
  9.0905377137E+00  4.2697228365E-01  4.5580464283E-01  4.6397020736E-01  4.6139780068E-01  4.5753685520E-01  4.5566798494E-01  4.5771280179E-01  4.6522438865E-01  4.7921036846E-01  4.9987843949E-01
  9.1053416686E+00  4.9595385482E-01  4.7765927087E-01  4.7177481397E-01  4.6844296918E-01  4.6463930889E-01  4.6255856179E-01  4.6388844958E-01  4.6982445030E-01  4.8131511994E-01  4.9881206862E-01
  9.1201456235E+00  5.5452160133E-01  4.9336033894E-01  4.7850790258E-01  4.7442981427E-01  4.7102827959E-01  4.6935060797E-01  4.7061240157E-01  4.7560783081E-01  4.8518730640E-01  4.9999493230E-01
  9.1349495784E+00  5.1533180587E-01  4.9377549325E-01  4.8326302358E-01  4.7942141636E-01  4.7680799828E-01  4.7608830763E-01  4.7781121689E-01  4.8237622406E-01  4.9054032823E-01  5.0310090626E-01
  9.1497535333E+00  4.6637056011E-01  4.8476989480E-01  4.8618664145E-01  4.8354900737E-01  4.8219763471E-01  4.8291600984E-01  4.8549173684E-01  4.9000067916E-01  4.9714552830E-01  5.0784762213E-01
  9.1645574882E+00  4.3697423393E-01  4.7987312643E-01  4.8823849982E-01  4.8706100683E-01  4.8752828159E-01  4.9005617699E-01  4.9371850698E-01  4.9840506849E-01  5.0482293338E-01  5.1399299341E-01
  9.1793614431E+00  4.6167300988E-01  4.8602817135E-01  4.9021956947E-01  4.9036379153E-01  4.9323463232E-01  4.9778156872E-01  5.0258969417E-01  5.0754918018E-01  5.1343122951E-01  5.2133062619E-01
  9.1941653980E+00  5.3464956494E-01  4.9741601361E-01  4.9217383068E-01  4.9405963454E-01  4.9983171515E-01  5.0638136178E-01  5.1221253873E-01  5.1741243199E-01  5.2285773351E-01  5.2968460901E-01
  9.2089693528E+00  5.3096577209E-01  5.0296398483E-01  4.9383896428E-01  4.9897416724E-01  5.0786851451E-01  5.1612240766E-01  5.2267982755E-01  5.2797917362E-01  5.3300902978E-01  5.3890413070E-01
  9.2237733077E+00  5.0570324643E-01  4.9794114441E-01  4.9577807779E-01  5.0613148629E-01  5.1785575718E-01  5.2720874995E-01  5.3404922755E-01  5.3922646202E-01  5.4380281878E-01  5.4885830784E-01
  9.2385772626E+00  4.8130474859E-01  4.8744020096E-01  5.0016691281E-01  5.1661948584E-01  5.3017402700E-01  5.3974439589E-01  5.4632745519E-01  5.5111503748E-01  5.5516137576E-01  5.5943152080E-01
  9.2533812175E+00  4.5407011099E-01  4.8187095344E-01  5.1042796852E-01  5.3132345403E-01  5.4497856725E-01  5.5370553139E-01  5.5946107569E-01  5.6358398737E-01  5.6700685330E-01  5.7051946565E-01
  9.2681851724E+00  4.6257220527E-01  4.9210654266E-01  5.2970335642E-01  5.5058510189E-01  5.6212496942E-01  5.6892829040E-01  5.7333518004E-01  5.7654926761E-01  5.7925848735E-01  5.8202603575E-01
  9.2829891273E+00  4.7723085738E-01  5.2639478800E-01  5.5894884228E-01  5.7391949913E-01  5.8114136148E-01  5.8511650124E-01  5.8778030833E-01  5.8990588527E-01  5.9183159770E-01  5.9386105892E-01
  9.2977930822E+00  5.2330074251E-01  5.8483047851E-01  5.9578113981E-01  5.9993828688E-01  6.0126518509E-01  6.0187063464E-01  6.0258689068E-01  6.0353317162E-01  6.0463812301E-01  6.0593883827E-01
  9.3125970371E+00  6.8843050926E-01  6.5286343636E-01  6.3490968277E-01  6.2656090895E-01  6.2154699007E-01  6.1873506253E-01  6.1752534503E-01  6.1730224578E-01  6.1758831287E-01  6.1817738406E-01
  9.3274009919E+00  8.1778939010E-01  7.0658871624E-01  6.7008028961E-01  6.5147504654E-01  6.4100437878E-01  6.3525667079E-01  6.3236902621E-01  6.3108453609E-01  6.3059312545E-01  6.3049818199E-01
  9.3422049468E+00  7.7136278361E-01  7.3227135351E-01  6.9646361125E-01  6.7269690921E-01  6.5879300702E-01  6.5104493507E-01  6.4691666948E-01  6.4476013272E-01  6.4356685790E-01  6.4282632333E-01
  9.3570089017E+00  6.8563529453E-01  7.3666753604E-01  7.1214551037E-01  6.8904023554E-01  6.7435450729E-01  6.6582263555E-01  6.6101095742E-01  6.5822481254E-01  6.5642956897E-01  6.5509082242E-01
  9.3718128566E+00  7.3142857218E-01  7.3296923409E-01  7.1812341320E-01  7.0034714034E-01  6.8750617954E-01  6.7945782213E-01  6.7455040333E-01  6.7139480473E-01  6.6910893436E-01  6.6722496625E-01
  9.3866168115E+00  7.8059307749E-01  7.2490412178E-01  7.1728261529E-01  7.0743361756E-01  6.9845264070E-01  6.9197118545E-01  6.8749280845E-01  6.8420872260E-01  6.8154129452E-01  6.7916657367E-01
  9.4014207664E+00  7.1285504508E-01  7.1160489491E-01  7.1323115172E-01  7.1180361704E-01  7.0772000590E-01  7.0351781400E-01  6.9984993083E-01  6.9662652302E-01  6.9367179505E-01  6.9085808398E-01
  9.4162247213E+00  6.5229399158E-01  6.9832231889E-01  7.0946353248E-01  7.1524580119E-01  7.1603191263E-01  7.1434727730E-01  7.1167444987E-01  7.0862580158E-01  7.0545366215E-01  7.0224643932E-01
  9.4310286762E+00  6.7629891560E-01  6.9274785657E-01  7.0880697267E-01  7.1943484738E-01  7.2415838881E-01  7.2474993564E-01  7.2304155515E-01  7.2019612046E-01  7.1684678072E-01  7.1328276699E-01
  9.4458326310E+00  7.1131484719E-01  6.9688717360E-01  7.1301824130E-01  7.2562874577E-01  7.3277082528E-01  7.3499952756E-01  7.3402830933E-01  7.3133233617E-01  7.2781583388E-01  7.2392190137E-01
  9.4606365859E+00  6.9502024601E-01  7.0921056407E-01  7.2258388381E-01  7.3450726768E-01  7.4233009865E-01  7.4530211916E-01  7.4469419558E-01  7.4202800397E-01  7.3832830809E-01  7.3412180719E-01
  9.4754405408E+00  6.8734585944E-01  7.2890826416E-01  7.3684620459E-01  7.4615185389E-01  7.5302352755E-01  7.5575963325E-01  7.5506593386E-01  7.5226987275E-01  7.4835266401E-01  7.4384297438E-01
  9.4902444957E+00  7.7562476874E-01  7.5292185929E-01  7.5444225033E-01  7.6013357678E-01  7.6475395286E-01  7.6635301396E-01  7.6512881935E-01  7.6203426144E-01  7.5785692241E-01  7.5304785028E-01
  9.5050484506E+00  8.1264781951E-01  7.7524792943E-01  7.7384698614E-01  7.7565933049E-01  7.7717422809E-01  7.7694640067E-01  7.7482566679E-01  7.7128576731E-01  7.6680782728E-01  7.6170035998E-01
  9.5198524055E+00  7.7525273054E-01  7.9409358208E-01  7.9372079035E-01  7.9172898400E-01  7.8975459771E-01  7.8731020861E-01  7.8406315147E-01  7.7997835717E-01  7.7517064014E-01  7.6976554297E-01
  9.5346563604E+00  7.8606105199E-01  8.1400548475E-01  8.1290205309E-01  8.0727360216E-01  8.0186885679E-01  7.9715826966E-01  7.9272414022E-01  7.8805849965E-01  7.8290950862E-01  7.7720930948E-01
  9.5494603153E+00  8.3635244030E-01  8.3723972318E-01  8.3020972966E-01  8.2126655464E-01  8.1288651336E-01  8.0619244973E-01  8.0068369373E-01  7.9546967575E-01  7.8998825646E-01  7.8399829680E-01
  9.5642642701E+00  8.9233573365E-01  8.5804499592E-01  8.4440654071E-01  8.3281454661E-01  8.2226056187E-01  8.1414748979E-01  8.0782592471E-01  8.0215740299E-01  7.9637137609E-01  7.9009978880E-01
  9.5790682250E+00  9.0243847601E-01  8.6899258565E-01  8.5445273394E-01  8.4123991144E-01  8.2960235544E-01  8.2082914551E-01  8.1405887285E-01  8.0807385527E-01  8.0202497906E-01  7.9548165387E-01
  9.5938721799E+00  8.6354416218E-01  8.7002801504E-01  8.5977941081E-01  8.4616161609E-01  8.3473578794E-01  8.2613990311E-01  8.1932498827E-01  8.1318125780E-01  8.0691747539E-01  8.0011225816E-01
  9.6086761348E+00  8.4608509770E-01  8.6775052382E-01  8.6026160606E-01  8.4757393981E-01  8.3772307495E-01  8.3008848586E-01  8.2360561333E-01  8.1745346342E-01  8.1101980887E-01  8.0396032300E-01
  9.6234800897E+00  8.6491583904E-01  8.6635366303E-01  8.5600168660E-01  8.4590826734E-01  8.3885529787E-01  8.3278185665E-01  8.2691887766E-01  8.2087543170E-01  8.1430515899E-01  8.0699471402E-01
  9.6382840446E+00  8.8677394033E-01  8.6199877270E-01  8.4740827008E-01  8.4204478266E-01  8.3860421501E-01  8.3440119959E-01  8.2931150199E-01  8.2344068199E-01  8.1674811997E-01  8.0918417334E-01
  9.6530879995E+00  8.7749179109E-01  8.4685529358E-01  8.3579954380E-01  8.3722700358E-01  8.3753851467E-01  8.3516603380E-01  8.3084596504E-01  8.2514712014E-01  8.1832346576E-01  8.1049702952E-01
  9.6678919544E+00  8.4903300381E-01  8.1861956867E-01  8.2400896059E-01  8.3284378988E-01  8.3621682253E-01  8.3529268545E-01  8.3158517376E-01  8.2599189558E-01  8.1900469179E-01  8.1090093981E-01
  9.6826959092E+00  7.7089507361E-01  7.8784756691E-01  8.1603883380E-01  8.3009525173E-01  8.3507850327E-01  8.3495433135E-01  8.3157708625E-01  8.2596609462E-01  8.1876257805E-01  8.1036273186E-01
  9.6974998641E+00  6.8073252102E-01  7.7518094939E-01  8.1535768976E-01  8.2963616700E-01  8.3435757869E-01  8.3424940992E-01  8.3084163691E-01  8.2505010053E-01  8.1756403494E-01  8.0884841441E-01
  9.7123038190E+00  7.0811859110E-01  7.9510988646E-01  8.2269478868E-01  8.3134514633E-01  8.3404160875E-01  8.3318337345E-01  8.2936184591E-01  8.2321035314E-01  8.1537147163E-01  8.0632341872E-01
  9.7271077739E+00  8.6386274971E-01  8.3909087250E-01  8.3501118079E-01  8.3434777550E-01  8.3388566811E-01  8.3166591792E-01  8.2708026722E-01  8.2039804227E-01  8.1214286951E-01  8.0275311417E-01
  9.7419117288E+00  9.7168029702E-01  8.7909048638E-01  8.4675237723E-01  8.3731588458E-01  8.3347499816E-01  8.2952268565E-01  8.2390108848E-01  8.1655000385E-01  8.0783265928E-01  7.9810361532E-01
  9.7567156837E+00  9.5287717611E-01  8.9102337760E-01  8.5279188332E-01  8.3892402301E-01  8.3231485162E-01  8.2651781463E-01  8.1969739739E-01  8.1159179593E-01  8.0239340069E-01  7.9234286690E-01
  9.7715196386E+00  8.8861637361E-01  8.7297628353E-01  8.5109669726E-01  8.3825504303E-01  8.2991891088E-01  8.2238227184E-01  8.1432249817E-01  8.0544265470E-01  7.9577816265E-01  7.8544196134E-01
  9.7863235934E+00  8.1573237234E-01  8.4191974174E-01  8.4333003153E-01  8.3497156863E-01  8.2587169436E-01  8.1684292146E-01  8.0762377301E-01  7.9802180204E-01  7.8794341184E-01  7.7737661550E-01
  9.8011275483E+00  7.7020183865E-01  8.1748887723E-01  8.3317228646E-01  8.2919875257E-01  8.1985372256E-01  8.0964852122E-01  7.9945744697E-01  7.8925542076E-01  7.7885215120E-01  7.6812871219E-01
  9.8159315032E+00  7.8828827522E-01  8.0896386951E-01  8.2371886842E-01  8.2121771531E-01  8.1163470821E-01  8.0059069406E-01  7.8970269021E-01  7.7908354393E-01  7.6847701445E-01  7.5768780111E-01
  9.8307354581E+00  8.2083291443E-01  8.1302802789E-01  8.1570466947E-01  8.1115607860E-01  8.0105220677E-01  7.8951963221E-01  7.7827370650E-01  7.6746612313E-01  7.5680302313E-01  7.4605245478E-01
  9.8455394130E+00  8.1763597987E-01  8.1931245812E-01  8.0745472567E-01  7.9883782646E-01  7.8799599828E-01  7.7635525249E-01  7.6512874084E-01  7.5438763969E-01  7.4382974837E-01  7.3323138723E-01
  9.8603433679E+00  8.5976331862E-01  8.1681634269E-01  7.9621949760E-01  7.8384748245E-01  7.7241165820E-01  7.6109451580E-01  7.5027524168E-01  7.3985978925E-01  7.2957268634E-01  7.1924426627E-01
  9.8751473228E+00  8.3885646565E-01  7.9941748180E-01  7.7980640321E-01  7.6574666892E-01  7.5432442313E-01  7.4381486319E-01  7.3377072131E-01  7.2392198566E-01  7.1406374574E-01  7.0412218020E-01
  9.8899512777E+00  7.5842131997E-01  7.6976944220E-01  7.5750856854E-01  7.4432006336E-01  7.3387263702E-01  7.2467274023E-01  7.1571918296E-01  7.0663967416E-01  6.9735084749E-01  6.8790775370E-01
  9.9047552325E+00  7.0785313038E-01  7.3596497686E-01  7.3002296374E-01  7.1974147714E-01  7.1133375737E-01  7.0389559051E-01  6.9626335113E-01  6.8810069177E-01  6.7949673764E-01  6.7065494111E-01
  9.9195591874E+00  7.2150839799E-01  7.0267921083E-01  6.9878357748E-01  6.9261060705E-01  6.8712700202E-01  6.8176594151E-01  6.7557336104E-01  6.6841014143E-01  6.6057720309E-01  6.5242855371E-01
  9.9343631423E+00  6.8302838330E-01  6.6848647197E-01  6.6538957703E-01  6.6387096437E-01  6.6178385840E-01  6.5859738473E-01  6.5383301513E-01  6.4768442851E-01  6.4067894363E-01  6.3330359740E-01
  9.9491670972E+00  6.1875662885E-01  6.3115157569E-01  6.3147026746E-01  6.3465022279E-01  6.3588755054E-01  6.3470411024E-01  6.3122513753E-01  6.2604522084E-01  6.1989738571E-01  6.1336450619E-01
  9.9639710521E+00  6.0823466601E-01  5.9164572026E-01  5.9878139287E-01  6.0606622156E-01  6.0999167270E-01  6.1036766680E-01  6.0791786277E-01  6.0361411667E-01  5.9833471675E-01  5.9270435278E-01
  9.9787750070E+00  5.4629816910E-01  5.5452971849E-01  5.6909444646E-01  5.7903332428E-01  5.8453415278E-01  5.8580617075E-01  5.8405378497E-01  5.8050872760E-01  5.7609837563E-01  5.7142410243E-01
  9.9935789619E+00  4.7543368018E-01  5.2642873540E-01  5.4370706461E-01  5.5409904977E-01  5.5976457721E-01  5.6115176240E-01  5.5974369292E-01  5.5684070720E-01  5.5330015745E-01  5.4963195041E-01
  1.0008382917E+01  5.0039305721E-01  5.1081032200E-01  5.2287488264E-01  5.3133921029E-01  5.3570093621E-01  5.3644142456E-01  5.3506609848E-01  5.3271599472E-01  5.3005598980E-01  5.2744275121E-01
  1.0023186872E+01  5.1139568960E-01  5.0325652143E-01  5.0565711939E-01  5.1033251736E-01  5.1212688972E-01  5.1162435470E-01  5.1007297130E-01  5.0823722812E-01  5.0648632565E-01  5.0497751365E-01
  1.0037990827E+01  5.1361391463E-01  4.9463224864E-01  4.9034793316E-01  4.9022020414E-01  4.8863371083E-01  4.8658623215E-01  4.8480113122E-01  4.8350795231E-01  4.8271698865E-01  4.8236290417E-01
  1.0052794781E+01  5.0688218422E-01  4.7956171990E-01  4.7511354580E-01  4.6984108155E-01  4.6470308299E-01  4.6118748738E-01  4.5928778053E-01  4.5863795461E-01  4.5888021723E-01  4.5973067630E-01
  1.0067598736E+01  4.3838867923E-01  4.6108485965E-01  4.5825621027E-01  4.4792688852E-01  4.3981885659E-01  4.3530972572E-01  4.3358786402E-01  4.3374884727E-01  4.3511559497E-01  4.3721693108E-01
  1.0082402691E+01  4.1075040262E-01  4.4571746823E-01  4.3797544014E-01  4.2334369906E-01  4.1358886568E-01  4.0890243836E-01  4.0779048871E-01  4.0897892217E-01  4.1157053795E-01  4.1496111350E-01
  1.0097206646E+01  4.4673156747E-01  4.3274381267E-01  4.1218667221E-01  3.9535747002E-01  3.8585349253E-01  3.8202155440E-01  3.8203162528E-01  3.8448634736E-01  3.8840003741E-01  3.9310466466E-01
  1.0112010601E+01  4.5698368656E-01  4.1028149548E-01  3.7909842096E-01  3.6387599366E-01  3.5675757538E-01  3.5485247880E-01  3.5650077653E-01  3.6044995600E-01  3.6576542704E-01  3.7178927772E-01
  1.0126814556E+01  4.3598194980E-01  3.6501251341E-01  3.3852557329E-01  3.2958901215E-01  3.2676777423E-01  3.2771288857E-01  3.3144016631E-01  3.3706717446E-01  3.4383205024E-01  3.5115474438E-01
  1.0141618511E+01  3.2472467749E-01  2.9710218187E-01  2.9296140330E-01  2.9392576321E-01  2.9662853429E-01  3.0103422611E-01  3.0713612879E-01  3.1454900466E-01  3.2276583045E-01  3.3133642393E-01
  1.0156422466E+01  1.5500529565E-01  2.2447709642E-01  2.4727359459E-01  2.5879908345E-01  2.6726411113E-01  2.7532475547E-01  2.8390356040E-01  2.9311236275E-01  3.0272888183E-01  3.1246241364E-01
  1.0171226421E+01  1.0264488411E-01  1.6973190989E-01  2.0685676967E-01  2.2619482406E-01  2.3964764827E-01  2.5112036558E-01  2.6206532694E-01  2.7297042628E-01  2.8387442061E-01  2.9465054193E-01
  1.0186030375E+01  1.1810648744E-01  1.4249767286E-01  1.7534731508E-01  1.9774475089E-01  2.1466641810E-01  2.2893127429E-01  2.4192921720E-01  2.5432190377E-01  2.6634133418E-01  2.7800533952E-01
  1.0200834330E+01  1.3418818107E-01  1.3551993072E-01  1.5340449461E-01  1.7443643467E-01  1.9301196838E-01  2.0919301253E-01  2.2376529778E-01  2.3734028087E-01  2.5024882330E-01  2.6261516416E-01
  1.0215638285E+01  1.5021585038E-01  1.3470373648E-01  1.3923185892E-01  1.5654906102E-01  1.7511512264E-01  1.9222860076E-01  2.0778633273E-01  2.2216410016E-01  2.3569154659E-01  2.4854966007E-01
  1.0230442240E+01  1.5317335904E-01  1.3021474205E-01  1.3023467899E-01  1.4379666988E-01  1.6113194047E-01  1.7822614653E-01  1.9413335623E-01  2.0888920354E-01  2.2273566391E-01  2.3585772147E-01
  1.0245246195E+01  1.1594052551E-01  1.2102405595E-01  1.2455834297E-01  1.3557439698E-01  1.5097305030E-01  1.6723293696E-01  1.8286766163E-01  1.9756363287E-01  2.1141610202E-01  2.2456610296E-01
  1.0260050150E+01  8.9937568116E-02  1.1250151664E-01  1.2161184259E-01  1.3118495946E-01  1.4435984802E-01  1.5916424806E-01  1.7396956029E-01  1.8818558376E-01  2.0173526118E-01  2.1467878029E-01
  1.0274854105E+01  1.0101647260E-01  1.1026505156E-01  1.2156848715E-01  1.2997041834E-01  1.4088901194E-01  1.5382313488E-01  1.6734342807E-01  1.8070448310E-01  1.9366325844E-01  2.0617711612E-01
  1.0289658060E+01  1.0677595818E-01  1.1598022624E-01  1.2450448753E-01  1.3134628302E-01  1.4009068009E-01  1.5092666127E-01  1.6282791271E-01  1.7502495600E-01  1.8713967568E-01  1.9902083332E-01
  1.0304462015E+01  1.1836240796E-01  1.2729089875E-01  1.2989579269E-01  1.3478328515E-01  1.4147252000E-01  1.5013429154E-01  1.6020978609E-01  1.7101319620E-01  1.8207666292E-01  1.9314974640E-01
  1.0319265969E+01  1.5286574687E-01  1.3937340669E-01  1.3676303204E-01  1.3978536377E-01  1.4454859244E-01  1.5107515541E-01  1.5923979248E-01  1.6850507941E-01  1.7836315057E-01  1.8848615520E-01
  1.0334069924E+01  1.6602570829E-01  1.4751118675E-01  1.4421751986E-01  1.4588438728E-01  1.4885633303E-01  1.5337216483E-01  1.5964892641E-01  1.6731527048E-01  1.7586985645E-01  1.8493776773E-01
  1.0348873879E+01  1.5645982238E-01  1.5103479963E-01  1.5188141319E-01  1.5264397995E-01  1.5396669238E-01  1.5666210174E-01  1.6116380306E-01  1.6724657207E-01  1.7445473981E-01  1.8240099372E-01
  1.0363677834E+01  1.3517699602E-01  1.5479626612E-01  1.5980689606E-01  1.5965834563E-01  1.5949211029E-01  1.6061155270E-01  1.6352008899E-01  1.6809883190E-01  1.7396855348E-01  1.8076443792E-01
  1.0378481789E+01  1.3549509885E-01  1.6446438406E-01  1.6798791369E-01  1.6654550078E-01  1.6509544675E-01  1.6492886947E-01  1.6647328564E-01  1.6967685162E-01  1.7426017502E-01  1.7991242273E-01
  1.0393285744E+01  1.8379187588E-01  1.7941080907E-01  1.7595076384E-01  1.7294932287E-01  1.7050090206E-01  1.6937227756E-01  1.6980646837E-01  1.7179690129E-01  1.7518145084E-01  1.7972838211E-01
  1.0408089699E+01  2.2722228996E-01  1.9203171345E-01  1.8283857509E-01  1.7856487340E-01  1.7550571791E-01  1.7375403736E-01  1.7333486710E-01  1.7429162010E-01  1.7659135585E-01  1.8009799042E-01
  1.0422893654E+01  2.2194633285E-01  1.9595817904E-01  1.8790751661E-01  1.8318604573E-01  1.7998945209E-01  1.7794040951E-01  1.7690743197E-01  1.7701325672E-01  1.7835934670E-01  1.8091191763E-01
  1.0437697608E+01  1.7722729440E-01  1.9354003663E-01  1.9094668769E-01  1.8675684302E-01  1.8391643408E-01  1.8184726741E-01  1.8040576104E-01  1.7983535504E-01  1.8036786008E-01  1.8206813443E-01
  1.0452501563E+01  1.5727317890E-01  1.9227621385E-01  1.9227132650E-01  1.8940058182E-01  1.8732728102E-01  1.8543160984E-01  1.8374097122E-01  1.8265311074E-01  1.8251397247E-01  1.8347372211E-01
  1.0467305518E+01  2.0404442859E-01  1.9451751552E-01  1.9244340937E-01  1.9140739334E-01  1.9031745161E-01  1.8867989643E-01  1.8684925112E-01  1.8538270159E-01  1.8471028817E-01  1.8504617224E-01
  1.0482109473E+01  2.3272971022E-01  1.9509195601E-01  1.9212188968E-01  1.9317302321E-01  1.9300449190E-01  1.9159487631E-01  1.8968691764E-01  1.8795992487E-01  1.8688515564E-01  1.8671418659E-01
  1.0496913428E+01  1.9606242382E-01  1.9031627007E-01  1.9214834068E-01  1.9509534805E-01  1.9548989113E-01  1.9418314678E-01  1.9222577933E-01  1.9033845978E-01  1.8898232879E-01  1.8841800837E-01
  1.0511717383E+01  1.5341262099E-01  1.8466719695E-01  1.9354721130E-01  1.9744921376E-01  1.9782479120E-01  1.9644581413E-01  1.9444947298E-01  1.9248801700E-01  1.9096018972E-01  1.9010933065E-01
  1.0526521338E+01  1.6191418810E-01  1.8568364221E-01  1.9713219883E-01  2.0027560847E-01  1.9998962228E-01  1.9837417755E-01  1.9635119063E-01  1.9439255286E-01  1.9279063845E-01  1.9175083775E-01
  1.0541325293E+01  2.0100402233E-01  1.9583767263E-01  2.0286436809E-01  2.0333090415E-01  2.0189514778E-01  1.9995133587E-01  1.9793288585E-01  1.9604862726E-01  1.9445773640E-01  1.9331544030E-01
  1.0556129248E+01  2.0770596803E-01  2.1181642123E-01  2.0948557542E-01  2.0613304603E-01  2.0340667430E-01  2.0115923056E-01  1.9920569801E-01  1.9746389054E-01  1.9595617041E-01  1.9478526697E-01
  1.0570933202E+01  2.2009840104E-01  2.2756533545E-01  2.1485455654E-01  2.0810755847E-01  2.0438597066E-01  2.0198923733E-01  2.0019103365E-01  1.9865561140E-01  1.9728958601E-01  1.9615047515E-01
  1.0585737157E+01  2.7701236014E-01  2.3536537350E-01  2.1692930396E-01  2.0878848121E-01  2.0473930723E-01  2.0245339909E-01  2.0092156189E-01  1.9964911949E-01  1.9846882774E-01  1.9740794176E-01
  1.0600541112E+01  2.7475434791E-01  2.2930484449E-01  2.1484720717E-01  2.0799493184E-01  2.0445743405E-01  2.0259306538E-01  2.0144136451E-01  2.0047603865E-01  1.9951012067E-01  1.9855989280E-01
  1.0615345067E+01  1.9711242176E-01  2.1199179996E-01  2.0940947967E-01  2.0590790493E-01  2.0363546280E-01  2.0248219518E-01  2.0180464306E-01  2.0117223008E-01  2.0043323171E-01  1.9961252825E-01
  1.0630149022E+01  1.6226102832E-01  1.9429710771E-01  2.0262604904E-01  2.0301711024E-01  2.0246677180E-01  2.0222378240E-01  2.0207269614E-01  2.0177543812E-01  2.0125965963E-01  2.0057469622E-01
  1.0644952977E+01  1.6525317498E-01  1.8553271974E-01  1.9662439576E-01  1.9996964670E-01  2.0121281252E-01  2.0193947341E-01  2.0230927649E-01  2.0232272077E-01  2.0201091493E-01  2.0145666662E-01
  1.0659756932E+01  1.8183615516E-01  1.8586986095E-01  1.9267087125E-01  1.9739432725E-01  2.0015712450E-01  2.0175405446E-01  2.0257483345E-01  2.0284783146E-01  2.0270696237E-01  2.0226905055E-01
  1.0674560887E+01  2.1572162479E-01  1.8917425462E-01  1.9090655596E-01  1.9577350039E-01  1.9955490170E-01  2.0177770622E-01  2.0292045166E-01  2.0337878092E-01  2.0336490415E-01  2.0302190505E-01
  1.0689364842E+01  1.8893333486E-01  1.9097873645E-01  1.9081057288E-01  1.9539330278E-01  1.9958879106E-01  2.0208948423E-01  2.0338244366E-01  2.0393583227E-01  2.0399797936E-01  2.0372405435E-01
  1.0704168796E+01  1.6948219833E-01  1.9135668430E-01  1.9191275368E-01  1.9635313030E-01  2.0033854553E-01  2.0272528992E-01  2.0397850335E-01  2.0453016242E-01  2.0461494303E-01  2.0438264843E-01
  1.0718972751E+01  2.0948585859E-01  1.9121901772E-01  1.9423026045E-01  1.9858891477E-01  2.0176858073E-01  2.0367272066E-01  2.0470609009E-01  2.0516336107E-01  2.0521986604E-01  2.0500296662E-01
  1.0733776706E+01  2.0678246560E-01  1.9112294404E-01  1.9817986457E-01  2.0187696555E-01  2.0373464704E-01  2.0487382729E-01  2.0554333552E-01  2.0582784437E-01  2.0581236799E-01  2.0558845971E-01
  1.0748580661E+01  1.5769186534E-01  1.9467411837E-01  2.0404514120E-01  2.0582301073E-01  2.0600874520E-01  2.0623524221E-01  2.0645232940E-01  2.0650815243E-01  2.0638826152E-01  2.0614100943E-01
  1.0763384616E+01  1.7224744292E-01  2.0655363829E-01  2.1134102361E-01  2.0987469747E-01  2.0831923710E-01  2.0764367584E-01  2.0738423927E-01  2.0718299564E-01  2.0694055279E-01  2.0666136931E-01
  1.0778188571E+01  2.4641525692E-01  2.2475776699E-01  2.1855435131E-01  2.1339837508E-01  2.1040014881E-01  2.0898371092E-01  2.0828543659E-01  2.0782783415E-01  2.0746071269E-01  2.0714973837E-01
  1.0792992526E+01  2.6625186967E-01  2.3969266148E-01  2.2358939554E-01  2.1582682173E-01  2.1204032603E-01  2.1015439329E-01  2.0910369847E-01  2.0841772799E-01  2.0794011016E-01  2.0760640908E-01
  1.0807796481E+01  2.7182221967E-01  2.4261846651E-01  2.2477685583E-01  2.1683368503E-01  2.1312097025E-01  2.1108145979E-01  2.0979364457E-01  2.0893018778E-01  2.0837148476E-01  2.0803242453E-01
  1.0822600436E+01  2.4289969054E-01  2.3259263134E-01  2.2183796808E-01  2.1645638364E-01  2.1363107812E-01  2.1172313123E-01  2.1032082526E-01  2.0934778305E-01  2.0875033169E-01  2.0843017848E-01
  1.0837404390E+01  2.0710505123E-01  2.1574825919E-01  2.1616098169E-01  2.1509764301E-01  2.1365534941E-01  2.1206901366E-01  2.1066422918E-01  2.0966031528E-01  2.0907607735E-01  2.0880389458E-01
  1.0852208345E+01  1.8534472582E-01  2.0021011314E-01  2.1019613763E-01  2.1338693822E-01  2.1333721998E-01  2.1213340839E-01  2.1081733456E-01  2.0986642225E-01  2.0935293772E-01  2.0915992965E-01
  1.0867012300E+01  1.7923059249E-01  1.9189999808E-01  2.0632497012E-01  2.1195042533E-01  2.1282800762E-01  2.1194575948E-01  2.1078809437E-01  2.0997453353E-01  2.0959037242E-01  2.0950685843E-01
  1.0881816255E+01  1.7609452242E-01  1.9324823100E-01  2.0581392580E-01  2.1118412236E-01  2.1223833752E-01  2.1154164604E-01  2.1059835239E-01  2.1000313543E-01  2.0980307346E-01  2.0985531411E-01
  1.0896620210E+01  1.8878730753E-01  2.0309683745E-01  2.0834497279E-01  2.1112446043E-01  2.1160772344E-01  2.1095742001E-01  2.1028310852E-01  2.0998032395E-01  2.1001045814E-01  2.1021757882E-01
  1.0911424165E+01  2.2780437491E-01  2.1655917033E-01  2.1229540312E-01  2.1146370987E-01  2.1090235412E-01  2.1023033851E-01  2.0988981545E-01  2.0994263158E-01  2.1023566964E-01  2.1060693968E-01
  1.0926228120E+01  2.4607033676E-01  2.2662478994E-01  2.1558897604E-01  2.1169134140E-01  2.1004198593E-01  2.0940416527E-01  2.0947756846E-01  2.0993312026E-01  2.1050412515E-01  2.1103684821E-01
  1.0941032075E+01  2.4506791282E-01  2.2811295524E-01  2.1667054401E-01  2.1129189152E-01  2.0894774924E-01  2.0853823565E-01  2.0911575161E-01  2.0999875042E-01  2.1084169004E-01  2.1151994127E-01
  1.0955836030E+01  2.3522153877E-01  2.2107338302E-01  2.1508285000E-01  2.0992009753E-01  2.0759658829E-01  2.0771646408E-01  2.0888153275E-01  2.1018707884E-01  2.1127259422E-01  2.1206699895E-01
  1.0970639984E+01  1.9323781003E-01  2.1073416819E-01  2.1134930456E-01  2.0750455344E-01  2.0606634774E-01  2.0705218365E-01  2.0885563627E-01  2.1054240954E-01  2.1181724279E-01  2.1268592763E-01
  1.0985443939E+01  1.8694953245E-01  2.0345673605E-01  2.0632738303E-01  2.0427722147E-01  2.0455783794E-01  2.0668527527E-01  2.0911609241E-01  2.1110161844E-01  2.1249010107E-01  2.1338086200E-01
  1.1000247894E+01  1.9528747113E-01  2.0130369840E-01  2.0059776158E-01  2.0075516903E-01  2.0338524658E-01  2.0676970646E-01  2.0973012724E-01  2.1188997940E-01  2.1329785182E-01  2.1415147833E-01
  1.1015051849E+01  2.1001352266E-01  1.9993906384E-01  1.9444484360E-01  1.9769503090E-01  2.0293275358E-01  2.0745200994E-01  2.1074491928E-01  2.1291741349E-01  2.1423802343E-01  2.1499260060E-01
  1.1029855804E+01  2.2553214970E-01  1.9243465475E-01  1.8848433805E-01  1.9601071349E-01  2.0358241835E-01  2.0884383002E-01  2.1217847011E-01  2.1417563908E-01  2.1529826974E-01  2.1589416272E-01
  1.1044659759E+01  1.9277538784E-01  1.7693967258E-01  1.8435404762E-01  1.9662355721E-01  2.0562579420E-01  2.1099379339E-01  2.1401217240E-01  2.1563669438E-01  2.1645644150E-01  2.1684156338E-01
  1.1059463714E+01  1.3294584748E-01  1.6168099979E-01  1.8466593571E-01  2.0023132374E-01  2.0917814216E-01  2.1386501875E-01  2.1618669713E-01  2.1725322118E-01  2.1768152860E-01  2.1781641780E-01
  1.1074267669E+01  9.7517864910E-02  1.6055625609E-01  1.9189851303E-01  2.0703861309E-01  2.1411744452E-01  2.1732417437E-01  2.1860251203E-01  2.1896073946E-01  2.1893547364E-01  2.1879767520E-01
  1.1089071624E+01  1.4763349492E-01  1.8173676524E-01  2.0676425413E-01  2.1655185585E-01  2.2006819433E-01  2.2114607499E-01  2.2112571507E-01  2.2068192051E-01  2.2017576902E-01  2.1976303482E-01
  1.1103875578E+01  2.2787478087E-01  2.2095272820E-01  2.2712501204E-01  2.2755800740E-01  2.2644086676E-01  2.2503473266E-01  2.2359902855E-01  2.2233261151E-01  2.2135866093E-01  2.2069056126E-01
  1.1118679533E+01  2.7270646914E-01  2.6510672157E-01  2.4830254385E-01  2.3835024799E-01  2.3252343182E-01  2.2865824637E-01  2.2585691416E-01  2.2382911389E-01  2.2244270513E-01  2.2156037464E-01
  1.1133483488E+01  3.2814823664E-01  2.9904074509E-01  2.6480600358E-01  2.4715494703E-01  2.3760558433E-01  2.3169182465E-01  2.2774301785E-01  2.2509601337E-01  2.2339236177E-01  2.2235627626E-01
  1.1148287443E+01  3.7983085412E-01  3.1026938267E-01  2.7263510869E-01  2.5260990330E-01  2.4110542486E-01  2.3386140597E-01  2.2912769046E-01  2.2607373443E-01  2.2418128954E-01  2.2306716761E-01
  1.1163091398E+01  3.4221650320E-01  2.9521971722E-01  2.7092844987E-01  2.5410702704E-01  2.4266687621E-01  2.3498026748E-01  2.2992324797E-01  2.2672497132E-01  2.2479500716E-01  2.2368813210E-01
  1.1177895353E+01  2.3853816328E-01  2.6439389376E-01  2.6204048679E-01  2.5186965112E-01  2.4220530084E-01  2.3497268650E-01  2.3009494145E-01  2.2703923611E-01  2.2523263598E-01  2.2422107308E-01
  1.1192699308E+01  1.8547030790E-01  2.3646888138E-01  2.5003103475E-01  2.4675688616E-01  2.3989526607E-01  2.3388163044E-01  2.2966622878E-01  2.2703495352E-01  2.2550751639E-01  2.2467483770E-01
  1.1207503263E+01  1.9386039711E-01  2.2354204506E-01  2.3852687891E-01  2.3990755936E-01  2.3611177596E-01  2.3186074719E-01  2.2871774316E-01  2.2675879536E-01  2.2564659624E-01  2.2506480046E-01
  1.1222307218E+01  2.3366906264E-01  2.2314950093E-01  2.2926686221E-01  2.3239013794E-01  2.3134800262E-01  2.2915370623E-01  2.2738018421E-01  2.2628225047E-01  2.2568861023E-01  2.2541192902E-01
  1.1237111172E+01  2.5260015957E-01  2.2464454709E-01  2.2205931857E-01  2.2499093406E-01  2.2613484468E-01  2.2606554144E-01  2.2582207444E-01  2.2569572988E-01  2.2568119141E-01  2.2574140258E-01
  1.1251915127E+01  2.2685847984E-01  2.2068146055E-01  2.1583389751E-01  2.1818182672E-01  2.2098094032E-01  2.2293084929E-01  2.2423383677E-01  2.2510077474E-01  2.2567716734E-01  2.2608089558E-01
  1.1266719082E+01  2.0171817817E-01  2.1138374207E-01  2.0981778728E-01  2.1221966397E-01  2.1633998082E-01  2.2008275115E-01  2.2280992396E-01  2.2460113770E-01  2.2573037996E-01  2.2645867169E-01
  1.1281523037E+01  2.0722570818E-01  2.0062008021E-01  2.0404309224E-01  2.0728871752E-01  2.1260053172E-01  2.1782501685E-01  2.2173078877E-01  2.2429362647E-01  2.2589142058E-01  2.2690165174E-01
  1.1296326992E+01  1.8888587938E-01  1.9252699389E-01  1.9908807069E-01  2.0361190651E-01  2.1008626714E-01  2.1640833826E-01  2.2114637792E-01  2.2425962261E-01  2.2620368439E-01  2.2743362199E-01
  1.1311130947E+01  1.5262919341E-01  1.9007280055E-01  1.9554210048E-01  2.0149774414E-01  2.0905335573E-01  2.1601094512E-01  2.2116262147E-01  2.2455811972E-01  2.2670011863E-01  2.2807373555E-01
  1.1325934902E+01  1.9592811922E-01  1.9194293512E-01  1.9376982779E-01  2.0132284021E-01  2.0967607104E-01  2.1672375146E-01  2.2183211341E-01  2.2522097195E-01  2.2740097006E-01  2.2883543104E-01
  1.1340738857E+01  2.4122438667E-01  1.9239629319E-01  1.9415687155E-01  2.0345965070E-01  2.1201932910E-01  2.1854082543E-01  2.2314985387E-01  2.2625082180E-01  2.2831273625E-01  2.2972585151E-01
  1.1355542812E+01  1.8103654788E-01  1.8901946030E-01  1.9748773477E-01  2.0815791600E-01  2.1600501476E-01  2.2135673420E-01  2.2505453963E-01  2.2762190570E-01  2.2942840192E-01  2.3074579759E-01
  1.1370346766E+01  1.4255778362E-01  1.8794026790E-01  2.0488828351E-01  2.1539685324E-01  2.2138502494E-01  2.2497269369E-01  2.2743543323E-01  2.2928364200E-01  2.3072891031E-01  2.3189019617E-01
  1.1385150721E+01  1.8924276283E-01  1.9780759244E-01  2.1709739519E-01  2.2474982330E-01  2.2773588001E-01  2.2911303866E-01  2.3014431380E-01  2.3116661668E-01  2.3218569251E-01  2.3314901667E-01
  1.1399954676E+01  2.0435020555E-01  2.2199374775E-01  2.3347425895E-01  2.3532632084E-01  2.3448645884E-01  2.3345219786E-01  2.3301144624E-01  2.3319032614E-01  2.3376397001E-01  2.3450852414E-01
  1.1414758631E+01  2.2420619947E-01  2.5640632873E-01  2.5153333712E-01  2.4585055839E-01  2.4098226382E-01  2.3765033979E-01  2.3586396951E-01  2.3527184294E-01  2.3542646801E-01  2.3595272887E-01
  1.1429562586E+01  3.2658964168E-01  2.8933796600E-01  2.6753970805E-01  2.5489003745E-01  2.4657870141E-01  2.4139367013E-01  2.3854469401E-01  2.3733446348E-01  2.3713713906E-01  2.3746487690E-01
  1.1444366541E+01  3.9541329812E-01  3.0653118532E-01  2.7794698306E-01  2.6117964823E-01  2.5074562347E-01  2.4443367360E-01  2.4092911037E-01  2.3931539227E-01  2.3886450163E-01  2.3902882784E-01
  1.1459170496E+01  3.0240726340E-01  3.0328236404E-01  2.8081829190E-01  2.6393541062E-01  2.5315953602E-01  2.4661898558E-01  2.4293851870E-01  2.4117162158E-01  2.4058424666E-01  2.4063018471E-01
  1.1473974451E+01  2.4864632230E-01  2.8803318525E-01  2.7639401099E-01  2.6304845095E-01  2.5376093953E-01  2.4791436209E-01  2.4454760951E-01  2.4288336877E-01  2.4228085182E-01  2.4225707274E-01
  1.1488778406E+01  2.8748548930E-01  2.7049234845E-01  2.6663917437E-01  2.5909645695E-01  2.5276232744E-01  2.4840330816E-01  2.4578552098E-01  2.4445471464E-01  2.4394805815E-01  2.4390050753E-01
  1.1503582360E+01  2.7010554094E-01  2.5296555719E-01  2.5429290595E-01  2.5317962942E-01  2.5060497601E-01  2.4827385938E-01  2.4673025929E-01  2.4591141222E-01  2.4558819413E-01  2.4555434140E-01
  1.1518386315E+01  2.2274035959E-01  2.3543533856E-01  2.4205746390E-01  2.4664539831E-01  2.4787570710E-01  2.4779007476E-01  2.4749725624E-01  2.4729616492E-01  2.4721046391E-01  2.4721482604E-01
  1.1533190270E+01  2.0313250339E-01  2.2087684959E-01  2.3216081734E-01  2.4078976711E-01  2.4520414334E-01  2.4725424379E-01  2.4822360323E-01  2.4866196621E-01  2.4882843359E-01  2.4887987322E-01
  1.1547994225E+01  2.0056047389E-01  2.1250453973E-01  2.2613513372E-01  2.3661430459E-01  2.4316391457E-01  2.4696607948E-01  2.4905001894E-01  2.5006431316E-01  2.5045703935E-01  2.5054812883E-01
  1.1562798180E+01  2.2033893009E-01  2.1120481601E-01  2.2461994368E-01  2.3469038690E-01  2.4219742299E-01  2.4718505436E-01  2.5010281180E-01  2.5155322770E-01  2.5210949370E-01  2.5221799506E-01
  1.1577602135E+01  1.9344339174E-01  2.1753095221E-01  2.2722055303E-01  2.3514854611E-01  2.4257496175E-01  2.4810071904E-01  2.5147798090E-01  2.5316603018E-01  2.5379447484E-01  2.5388673903E-01
  1.1592406090E+01  1.9815202819E-01  2.3113358919E-01  2.3264121584E-01  2.3777618985E-01  2.4438844619E-01  2.4981380679E-01  2.5322921504E-01  2.5492171213E-01  2.5551394892E-01  2.5554981300E-01
  1.1607210045E+01  2.7769656079E-01  2.4603210106E-01  2.3925384541E-01  2.4217594526E-01  2.4757123042E-01  2.5232878823E-01  2.5536099043E-01  2.5681756401E-01  2.5726189913E-01  2.5720048322E-01
  1.1622013999E+01  3.0888262298E-01  2.5287840820E-01  2.4592253934E-01  2.4791909952E-01  2.5193099492E-01  2.5555683936E-01  2.5782733860E-01  2.5882845357E-01  2.5902412800E-01  2.5882982487E-01
  1.1636817954E+01  2.4659426267E-01  2.5046951798E-01  2.5254325589E-01  2.5463562743E-01  2.5718335584E-01  2.5932723863E-01  2.6053624682E-01  2.6090885230E-01  2.6077917208E-01  2.6042709333E-01
  1.1651621909E+01  1.8683559309E-01  2.4945283475E-01  2.5982415130E-01  2.6201606199E-01  2.6297864931E-01  2.6340503133E-01  2.6335912454E-01  2.6299740184E-01  2.6250023542E-01  2.6198043403E-01
  1.1666425864E+01  2.3715861985E-01  2.5965608399E-01  2.6843397597E-01  2.6974576650E-01  2.6892090803E-01  2.6751315290E-01  2.6614434579E-01  2.6502353067E-01  2.6415792453E-01  2.6347784813E-01
  1.1681229819E+01  3.0520510836E-01  2.7832223491E-01  2.7823159653E-01  2.7742371282E-01  2.7458363124E-01  2.7135770783E-01  2.6873355629E-01  2.6691539900E-01  2.6572346732E-01  2.6490829698E-01
  1.1696033774E+01  3.2242277306E-01  2.9515310338E-01  2.8819574728E-01  2.8451845484E-01  2.7952951365E-01  2.7465539207E-01  2.7097920270E-01  2.6860828883E-01  2.6717203323E-01  2.6626280658E-01
  1.1710837729E+01  3.0429177306E-01  3.0468473724E-01  2.9697398056E-01  2.9038781177E-01  2.8334018464E-01  2.7716190636E-01  2.7276159041E-01  2.7005248267E-01  2.6848574927E-01  2.6753542881E-01
  1.1725641684E+01  3.0165749653E-01  3.0932789884E-01  3.0343450716E-01  2.9435692046E-01  2.8565796795E-01  2.7869962842E-01  2.7400371518E-01  2.7121969779E-01  2.6965603143E-01  2.6872392892E-01
  1.1740445639E+01  3.1287737829E-01  3.1313648447E-01  3.0677192779E-01  2.9583127252E-01  2.8623634341E-01  2.7918199739E-01  2.7468217115E-01  2.7210726680E-01  2.7068492079E-01  2.6983009776E-01
  1.1755249593E+01  3.1604989248E-01  3.1649668881E-01  3.0630234281E-01  2.9442013797E-01  2.8499097685E-01  2.7863134743E-01  2.7483265263E-01  2.7273947419E-01  2.7158522246E-01  2.7085962929E-01
  1.1770053548E+01  3.3220397290E-01  3.1589682685E-01  3.0141039494E-01  2.9005007637E-01  2.8204027390E-01  2.7718666794E-01  2.7454897548E-01  2.7316575730E-01  2.7237938239E-01  2.7182155482E-01
  1.1784857503E+01  3.3071456478E-01  3.0678133597E-01  2.9189006459E-01  2.8304752793E-01  2.7772414003E-01  2.7509823670E-01  2.7397515615E-01  2.7345583335E-01  2.7309718668E-01  2.7272727833E-01
  1.1799661458E+01  3.0041962728E-01  2.8733597110E-01  2.7844847843E-01  2.7416565200E-01  2.7259206085E-01  2.7270737396E-01  2.7329087374E-01  2.7369218643E-01  2.7377251309E-01  2.7358930690E-01
  1.1814465413E+01  2.6785021562E-01  2.6114734644E-01  2.6290073446E-01  2.6453451433E-01  2.6735627356E-01  2.7041160065E-01  2.7269152613E-01  2.7396069561E-01  2.7443948738E-01  2.7441980953E-01
  1.1829269368E+01  2.0896652208E-01  2.3631812659E-01  2.4779215889E-01  2.5553151552E-01  2.6281180887E-01  2.6861796026E-01  2.7236495388E-01  2.7434046221E-01  2.7512848200E-01  2.7522916222E-01
  1.1844073323E+01  1.8642695383E-01  2.2022108939E-01  2.3565098028E-01  2.4859298375E-01  2.5973147920E-01  2.6768974432E-01  2.7246759873E-01  2.7489405602E-01  2.7586242828E-01  2.7602464345E-01
  1.1858877278E+01  2.1890831075E-01  2.1400217379E-01  2.2837728111E-01  2.4500249544E-01  2.5874945339E-01  2.6789384053E-01  2.7310323882E-01  2.7565941515E-01  2.7665389049E-01  2.7680943071E-01
  1.1873681233E+01  2.2632880384E-01  2.1370659233E-01  2.2712539992E-01  2.4568815730E-01  2.6025106537E-01  2.6935691631E-01  2.7430738473E-01  2.7664448605E-01  2.7750326987E-01  2.7758201678E-01
  1.1888485187E+01  1.9930598998E-01  2.1687720994E-01  2.3256110756E-01  2.5104764827E-01  2.6428830016E-01  2.7203829402E-01  2.7603987624E-01  2.7782538615E-01  2.7839837812E-01  2.7833611801E-01
  1.1903289142E+01  2.1030402724E-01  2.2569228033E-01  2.4501472132E-01  2.6081412125E-01  2.7053934418E-01  2.7572551477E-01  2.7818721855E-01  2.7914844283E-01  2.7931545641E-01  2.7906109041E-01
  1.1918093097E+01  2.3604209550E-01  2.4448265950E-01  2.6415160461E-01  2.7398828667E-01  2.7832598955E-01  2.8005535668E-01  2.8057485908E-01  2.8053596183E-01  2.8022153893E-01  2.7974281058E-01
  1.1932897052E+01  2.3560971397E-01  2.7629252317E-01  2.8827207277E-01  2.8888178023E-01  2.8669412227E-01  2.8455891655E-01  2.8298812790E-01  2.8189507409E-01  2.8107789114E-01  2.8036492411E-01
  1.1947701007E+01  3.0604511627E-01  3.1907758733E-01  3.1382890638E-01  3.0331834345E-01  2.9455050427E-01  2.8872500589E-01  2.8519919082E-01  2.8312857686E-01  2.8184411532E-01  2.8091032113E-01
  1.1962504962E+01  3.9458799146E-01  3.6247001405E-01  3.3580653779E-01  3.1500202878E-01  3.0083564172E-01  2.9207243691E-01  2.8699633806E-01  2.8414638811E-01  2.8248242868E-01  2.8136267240E-01
  1.1977308917E+01  4.4017852273E-01  3.9075164941E-01  3.4912732613E-01  3.2199157740E-01  3.0470132345E-01  2.9421963163E-01  2.8821145262E-01  2.8487612438E-01  2.8296159486E-01  2.8170785372E-01
  1.1992112872E+01  4.5574128822E-01  3.9226018973E-01  3.5052366314E-01  3.2315231610E-01  3.0565655083E-01  2.9493997245E-01  2.8874167740E-01  2.8527141085E-01  2.8326003246E-01  2.8193510124E-01
  1.2006916827E+01  3.8723290335E-01  3.6726422365E-01  3.3987702258E-01  3.1843508774E-01  3.0364996568E-01  2.9419356651E-01  2.8856212066E-01  2.8531683063E-01  2.8336772940E-01  2.8203777490E-01
  1.2021720781E+01  3.1125102607E-01  3.2725662472E-01  3.2025863027E-01  3.0887838121E-01  2.9907050258E-01  2.9213022748E-01  2.8772777543E-01  2.8502887590E-01  2.8328674605E-01  2.8201365637E-01
  1.2036524736E+01  2.6913242732E-01  2.8663077339E-01  2.9667242670E-01  2.9632861799E-01  2.9266734950E-01  2.8906362364E-01  2.8636445661E-01  2.8445281120E-01  2.8303027224E-01  2.8186476582E-01
  1.2051328691E+01  2.3505808782E-01  2.5494626521E-01  2.7422431755E-01  2.8297724116E-01  2.8540944600E-01  2.8542158169E-01  2.8465020246E-01  2.8365591859E-01  2.8262038950E-01  2.8159674074E-01
  1.2066132646E+01  2.2137595714E-01  2.3557728316E-01  2.5662479117E-01  2.7087188298E-01  2.7831758109E-01  2.8168140125E-01  2.8278997120E-01  2.8271808301E-01  2.8208485427E-01  2.8121787288E-01
  1.2080936601E+01  2.0797720045E-01  2.2803445062E-01  2.4556385848E-01  2.6154850474E-01  2.7230491598E-01  2.7830098895E-01  2.8098737162E-01  2.8172102453E-01  2.8145333939E-01  2.8073793898E-01
  1.2095740556E+01  2.2203563998E-01  2.2932556432E-01  2.4095113088E-01  2.5586465540E-01  2.6805450770E-01  2.7565644486E-01  2.7941747323E-01  2.8073764381E-01  2.8075363306E-01  2.8016698295E-01
  1.2110544511E+01  2.4589609173E-01  2.3489819373E-01  2.4164547575E-01  2.5402831921E-01  2.6594879640E-01  2.7399473094E-01  2.7820443245E-01  2.7982289941E-01  2.8000828950E-01  2.7951420814E-01
  1.2125348466E+01  2.4718900715E-01  2.4156915694E-01  2.4622391157E-01  2.5575123697E-01  2.6605152574E-01  2.7340689506E-01  2.7740683342E-01  2.7900739332E-01  2.7923215601E-01  2.7878711969E-01
  1.2140152421E+01  2.3213661789E-01  2.4970556815E-01  2.5349352580E-01  2.6043209190E-01  2.6813212621E-01  2.7382380891E-01  2.7701243721E-01  2.7829444423E-01  2.7843107642E-01  2.7799102027E-01
  1.2154956375E+01  2.4279772633E-01  2.6031597373E-01  2.6268240299E-01  2.6729362307E-01  2.7171867160E-01  2.7503317647E-01  2.7694266425E-01  2.7766093753E-01  2.7760191011E-01  2.7712891347E-01
  1.2169760330E+01  3.0436545980E-01  2.7134116507E-01  2.7337457716E-01  2.7544322206E-01  2.7616745099E-01  2.7671407950E-01  2.7706580428E-01  2.7706172826E-01  2.7673383034E-01  2.7620181414E-01
  1.2184564285E+01  2.9285040099E-01  2.8106320240E-01  2.8522082616E-01  2.8387761874E-01  2.8074192804E-01  2.7848366169E-01  2.7721683455E-01  2.7643690917E-01  2.7581069906E-01  2.7520941115E-01
  1.2199368240E+01  2.4858003965E-01  2.9344887593E-01  2.9744589147E-01  2.9148814396E-01  2.8469765461E-01  2.7994963573E-01  2.7722095875E-01  2.7572090203E-01  2.7481418025E-01  2.7415098248E-01
  1.2214172195E+01  2.8566982577E-01  3.1321813872E-01  3.0838021387E-01  2.9712786180E-01  2.8737002396E-01  2.8076200540E-01  2.7691763190E-01  2.7485212775E-01  2.7372716541E-01  2.7302643030E-01
  1.2228976150E+01  3.6496029503E-01  3.3534515808E-01  3.1548907123E-01  2.9977029689E-01  2.8825842480E-01  2.8065767510E-01  2.7618192685E-01  2.7378198118E-01  2.7253705459E-01  2.7183728975E-01
  1.2243780105E+01  4.0186111782E-01  3.4574607118E-01  3.1620441193E-01  2.9873326827E-01  2.8709560809E-01  2.7949250464E-01  2.7494059164E-01  2.7248197313E-01  2.7123846502E-01  2.7058756950E-01
  1.2258584060E+01  3.8572031536E-01  3.3463943343E-01  3.0921872096E-01  2.9388878719E-01  2.8388832061E-01  2.7725691762E-01  2.7318095938E-01  2.7094818072E-01  2.6983502215E-01  2.6928430468E-01
  1.2273388015E+01  2.8910285401E-01  3.0630322226E-01  2.9537440910E-01  2.8576287658E-01  2.7891730601E-01  2.7407334915E-01  2.7095188620E-01  2.6920252187E-01  2.6834001133E-01  2.6793774045E-01
  1.2288191969E+01  2.3943888795E-01  2.7384084688E-01  2.7749108325E-01  2.7546243382E-01  2.7269227232E-01  2.7017640071E-01  2.6835696299E-01  2.6729078879E-01  2.6677581623E-01  2.6656111131E-01
  1.2302995924E+01  2.5489653568E-01  2.4697067146E-01  2.5926082203E-01  2.6443563624E-01  2.6586833220E-01  2.6587913680E-01  2.6554122724E-01  2.6527778079E-01  2.6517222225E-01  2.6517003188E-01
  1.2317799879E+01  2.1839662734E-01  2.2817810976E-01  2.4394106714E-01  2.5414188088E-01  2.5914080590E-01  2.6153098573E-01  2.6267335973E-01  2.6324021951E-01  2.6356380056E-01  2.6378156323E-01
  1.2332603834E+01  1.9549608639E-01  2.1754712367E-01  2.3350475766E-01  2.4574174440E-01  2.5314106699E-01  2.5747373145E-01  2.5992579516E-01  2.6125836905E-01  2.6198669555E-01  2.6241305797E-01
  1.2347407789E+01  2.0694861808E-01  2.1534689387E-01  2.2842602384E-01  2.3990327290E-01  2.4835494499E-01  2.5400187066E-01  2.5745526553E-01  2.5940739849E-01  2.6047520218E-01  2.6108091366E-01
  1.2362211744E+01  2.1153221290E-01  2.2029663082E-01  2.2792427715E-01  2.3676998015E-01  2.4507748525E-01  2.5133224984E-01  2.5538605001E-01  2.5774950743E-01  2.5905853551E-01  2.5979937470E-01
  1.2377015699E+01  2.3379313418E-01  2.2898575614E-01  2.3045273083E-01  2.3607413674E-01  2.4340657536E-01  2.4958579164E-01  2.5379769453E-01  2.5632769960E-01  2.5775816201E-01  2.5857951577E-01
  1.2391819654E+01  2.4609093090E-01  2.3762282295E-01  2.3430883418E-01  2.3733086785E-01  2.4326730634E-01  2.4878184523E-01  2.5271829435E-01  2.5516185850E-01  2.5658598667E-01  2.5742851833E-01
  1.2406623609E+01  2.3956817661E-01  2.4335940946E-01  2.3825425444E-01  2.4002907261E-01  2.4445264307E-01  2.4884381225E-01  2.5212371351E-01  2.5424748739E-01  2.5554358319E-01  2.5634931642E-01
  1.2421427563E+01  2.6168975358E-01  2.4440904073E-01  2.4194647957E-01  2.4374826847E-01  2.4666574321E-01  2.4961357339E-01  2.5194244810E-01  2.5355715971E-01  2.5462252942E-01  2.5534064512E-01
  1.2436231518E+01  2.6047884649E-01  2.4161805055E-01  2.4593413737E-01  2.4817030940E-01  2.4955427587E-01  2.5087194008E-01  2.5206528966E-01  2.5304442206E-01  2.5380578198E-01  2.5439747953E-01
  1.2451035473E+01  2.0537989558E-01  2.4080063168E-01  2.5110658275E-01  2.5300594101E-01  2.5273456572E-01  2.5236267199E-01  2.5235854579E-01  2.5264963177E-01  2.5306990800E-01  2.5351180819E-01
  1.2465839428E+01  2.0918945574E-01  2.4918356379E-01  2.5783920726E-01  2.5789576300E-01  2.5580989658E-01  2.5381816184E-01  2.5267932597E-01  2.5230701813E-01  2.5238790026E-01  2.5267364942E-01
  1.2480643383E+01  2.7368011553E-01  2.6672967927E-01  2.6540087886E-01  2.6235326578E-01  2.5839027010E-01  2.5498532163E-01  2.5289128912E-01  2.5195214738E-01  2.5173224437E-01  2.5187219433E-01
  1.2495447338E+01  3.1721060380E-01  2.8415324355E-01  2.7211496268E-01  2.6578963120E-01  2.6011956152E-01  2.5565028275E-01  2.5287925780E-01  2.5152895305E-01  2.5107788865E-01  2.5109694978E-01
  1.2510251293E+01  3.1770086252E-01  2.9150410953E-01  2.7620854188E-01  2.6761306521E-01  2.6071145397E-01  2.5566024319E-01  2.5256122484E-01  2.5099556427E-01  2.5040478926E-01  2.5033875856E-01
  1.2525055248E+01  2.9790680781E-01  2.8688556587E-01  2.7669385884E-01  2.6735899091E-01  2.5998997166E-01  2.5494036160E-01  2.5189651349E-01  2.5032831639E-01  2.4969976138E-01  2.4959059213E-01
  1.2539859203E+01  2.6596451278E-01  2.7669438007E-01  2.7359585938E-01  2.6480231934E-01  2.5792607663E-01  2.5350333349E-01  2.5088920767E-01  2.4952354372E-01  2.4895745499E-01  2.4884804045E-01
  1.2554663157E+01  2.4199137736E-01  2.6880937303E-01  2.6745484643E-01  2.6002551990E-01  2.5466002957E-01  2.5144949762E-01  2.4958644060E-01  2.4859701178E-01  2.4818037856E-01  2.4810946015E-01
  1.2569467112E+01  2.6284005510E-01  2.6483189244E-01  2.5871621318E-01  2.5344197939E-01  2.5050041627E-01  2.4895619006E-01  2.4807169241E-01  2.4758111734E-01  2.4737800552E-01  2.4737578285E-01
  1.2584271067E+01  2.9138635055E-01  2.5825816789E-01  2.4769352086E-01  2.4578025591E-01  2.4589456882E-01  2.4625655314E-01  2.4645384686E-01  2.4652023962E-01  2.4656510223E-01  2.4665002330E-01
  1.2599075022E+01  2.7747898609E-01  2.4170865520E-01  2.3516888072E-01  2.3802093987E-01  2.4137087056E-01  2.4360986171E-01  2.4485331230E-01  2.4546483452E-01  2.4575950087E-01  2.4593656058E-01
  1.2613878977E+01  2.1332312584E-01  2.1652882817E-01  2.2297979221E-01  2.3126648033E-01  2.3746016283E-01  2.4126722416E-01  2.4338693226E-01  2.4446500120E-01  2.4497959793E-01  2.4524028794E-01
  1.2628682932E+01  1.4755375588E-01  1.9362698834E-01  2.1384114826E-01  2.2653921878E-01  2.3460976503E-01  2.3943776983E-01  2.4215360918E-01  2.4356429777E-01  2.4424188091E-01  2.4456573918E-01
  1.2643486887E+01  1.5629055771E-01  1.8448745295E-01  2.1027846733E-01  2.2454437542E-01  2.3310761750E-01  2.3826074769E-01  2.4122248957E-01  2.4279453537E-01  2.4355877293E-01  2.4391629767E-01
  1.2658290842E+01  1.7863171731E-01  1.9301579489E-01  2.1332742362E-01  2.2547553071E-01  2.3303390874E-01  2.3778814319E-01  2.4062520356E-01  2.4217214241E-01  2.4293703801E-01  2.4329358086E-01
  1.2673094796E+01  1.9067650992E-01  2.1476550335E-01  2.2190008139E-01  2.2894594477E-01  2.3425232233E-01  2.3798057494E-01  2.4035306673E-01  2.4169648316E-01  2.4237691611E-01  2.4269706966E-01
  1.2687898751E+01  2.6252514146E-01  2.3989944821E-01  2.3325437859E-01  2.3408701251E-01  2.3644355086E-01  2.3871674960E-01  2.4035943430E-01  2.4135026450E-01  2.4187206664E-01  2.4212402115E-01
  1.2702702706E+01  3.0013179962E-01  2.5795750387E-01  2.4423871513E-01  2.3978571526E-01  2.3917265524E-01  2.3981422336E-01  2.4056667305E-01  2.4110190640E-01  2.4141030183E-01  2.4156966913E-01
  1.2717506661E+01  2.7495919162E-01  2.6473319392E-01  2.5251058162E-01  2.4497544967E-01  2.4197289118E-01  2.4105726115E-01  2.4087660793E-01  2.4090951956E-01  2.4097500093E-01  2.4102768343E-01
  1.2732310616E+01  2.4454417296E-01  2.6455507334E-01  2.5707443127E-01  2.4887926861E-01  2.4442498161E-01  2.4222666592E-01  2.4118290555E-01  2.4072595643E-01  2.4054702124E-01  2.4049083019E-01
  1.2747114571E+01  2.5511776222E-01  2.6346662942E-01  2.5808350311E-01  2.5113361574E-01  2.4621380637E-01  2.4312673293E-01  2.4138372333E-01  2.4050429973E-01  2.4010687180E-01  2.3995175366E-01
  1.2761918526E+01  2.7892391570E-01  2.6184318586E-01  2.5636085131E-01  2.5177224086E-01  2.4715295649E-01  2.4360578176E-01  2.4139307302E-01  2.4020313401E-01  2.3963689474E-01  2.3940378863E-01
  1.2776722481E+01  2.7405317699E-01  2.5597253985E-01  2.5307049106E-01  2.5109783164E-01  2.4717840221E-01  2.4356856098E-01  2.4114966738E-01  2.3979100707E-01  2.3912320839E-01  2.3884171139E-01
  1.2791526436E+01  2.5388800073E-01  2.4557283122E-01  2.4952601638E-01  2.4949880227E-01  2.4632174032E-01  2.4298062389E-01  2.4062245466E-01  2.3924961503E-01  2.3855720342E-01  2.3826234658E-01
  1.2806330390E+01  2.0826766255E-01  2.3713671537E-01  2.4683747861E-01  2.4727955752E-01  2.4467792799E-01  2.4186604047E-01  2.3981251196E-01  2.3857541801E-01  2.3793644232E-01  2.3766496516E-01
  1.2821134345E+01  1.9426599544E-01  2.3804617126E-01  2.4534049928E-01  2.4456623512E-01  2.4238076052E-01  2.4030029725E-01  2.3875139487E-01  2.3777958769E-01  2.3726488507E-01  2.3705143329E-01
  1.2835938300E+01  2.5838473716E-01  2.4737715989E-01  2.4422728485E-01  2.4132465061E-01  2.3959261731E-01  2.3840001588E-01  2.3749638646E-01  2.3688637986E-01  2.3655244208E-01  2.3642609969E-01
  1.2850742255E+01  2.9753170594E-01  2.5517060400E-01  2.4187942209E-01  2.3748307789E-01  2.3650615790E-01  2.3631052519E-01  2.3612334089E-01  2.3593019360E-01  2.3581392832E-01  2.3579543701E-01
  1.2865546210E+01  2.6911457894E-01  2.5197736190E-01  2.3689029952E-01  2.3310199546E-01  2.3334853129E-01  2.3419178164E-01  2.3471798333E-01  2.3495170734E-01  2.3506755359E-01  2.3516747770E-01
  1.2880350165E+01  2.4490310677E-01  2.3679796622E-01  2.2914472555E-01  2.2850121705E-01  2.3037643891E-01  2.3220299165E-01  2.3336661988E-01  2.3399355933E-01  2.3433312624E-01  2.3455110458E-01
  1.2895154120E+01  2.1215812547E-01  2.1593483301E-01  2.2020489939E-01  2.2426527086E-01  2.2785418932E-01  2.3048664914E-01  2.3214723462E-01  2.3309606209E-01  2.3363016739E-01  2.3395526832E-01
  1.2909958075E+01  1.7876540335E-01  1.9778930084E-01  2.1272151093E-01  2.2110287658E-01  2.2601514471E-01  2.2915339008E-01  2.3112190015E-01  2.3229340590E-01  2.3297613025E-01  2.3338820859E-01
  1.2924762030E+01  1.6604559912E-01  1.8922146042E-01  2.0921077430E-01  2.1961057446E-01  2.2501599773E-01  2.2826971043E-01  2.3033129061E-01  2.3161072392E-01  2.3238489471E-01  2.3285675155E-01
  1.2939565984E+01  1.7708648855E-01  1.9365114836E-01  2.1086767697E-01  2.2004401702E-01  2.2489891520E-01  2.2785079501E-01  2.2979185332E-01  2.3106226971E-01  2.3186566715E-01  2.3236574559E-01
  1.2954369939E+01  1.8387260958E-01  2.0961769927E-01  2.1701032534E-01  2.2220268149E-01  2.2557596583E-01  2.2786021426E-01  2.2949587584E-01  2.3065081479E-01  2.3142236362E-01  2.3191768116E-01
  1.2969173894E+01  2.4794257471E-01  2.3023174313E-01  2.2540286860E-01  2.2548242577E-01  2.2684344030E-01  2.2821708440E-01  2.2941430967E-01  2.3036822498E-01  2.3105349940E-01  2.3151252073E-01
  1.2983977849E+01  2.8480679276E-01  2.4628614048E-01  2.3326853849E-01  2.2907233910E-01  2.2842353021E-01  2.2880974786E-01  2.2950183603E-01  2.3019704157E-01  2.3075255535E-01  2.3114774478E-01
  1.2998781804E+01  2.5056001509E-01  2.5236554404E-01  2.3846928134E-01  2.3220829314E-01  2.3002167061E-01  2.2951357203E-01  2.2970334944E-01  2.3011279106E-01  2.3050874755E-01  2.3081860005E-01
  1.3013585759E+01  2.6097858757E-01  2.4928644640E-01  2.4026920560E-01  2.3437721116E-01  2.3138338014E-01  2.3020953095E-01  2.2996085477E-01  2.3008669056E-01  2.3030809618E-01  2.3051851986E-01
  1.3028389714E+01  2.4387473875E-01  2.4116070861E-01  2.3935311481E-01  2.3539977702E-01  2.3233605720E-01  2.3080010207E-01  2.3021976498E-01  2.3008840932E-01  2.3013467355E-01  2.3023967403E-01
  1.3043193669E+01  2.2371984071E-01  2.3272188809E-01  2.3717562951E-01  2.3538402037E-01  2.3280754525E-01  2.3121969785E-01  2.3043375623E-01  2.3008858852E-01  2.2997191048E-01  2.2997359826E-01
  1.3057997624E+01  2.1747578596E-01  2.2849420388E-01  2.3504370540E-01  2.3460183619E-01  2.3282115867E-01  2.3143813799E-01  2.3056765440E-01  2.3006090194E-01  2.2980385225E-01  2.2971185017E-01
  1.3072801578E+01  2.0871604593E-01  2.3075505530E-01  2.3345329956E-01  2.3336413340E-01  2.3247296297E-01  2.3145719463E-01  2.3059822769E-01  2.2998354146E-01  2.2961627611E-01  2.2944664085E-01
  1.3087605533E+01  2.4108635234E-01  2.3647334641E-01  2.3206224316E-01  2.3194936528E-01  2.3189962375E-01  2.3130163764E-01  2.3051316266E-01  2.2984011606E-01  2.2939760786E-01  2.2917139631E-01
  1.3102409488E+01  2.7361173275E-01  2.3801995241E-01  2.3029083519E-01  2.3059256237E-01  2.3124435405E-01  2.3100719484E-01  2.3030882359E-01  2.2962003932E-01  2.2913960054E-01  2.2888121096E-01
  1.3117213443E+01  2.5951229047E-01  2.3053623646E-01  2.2807351039E-01  2.2950020416E-01  2.3062616438E-01  2.3060828273E-01  2.2998757271E-01  2.2931853543E-01  2.2883776014E-01  2.2857316512E-01
  1.3132017398E+01  1.9324032167E-01  2.1903073116E-01  2.2612216980E-01  2.2884626463E-01  2.3011569649E-01  2.3012824132E-01  2.2955542829E-01  2.2893640870E-01  2.2849151956E-01  2.2824648880E-01
  1.3146821353E+01  1.6059784963E-01  2.1431419377E-01  2.2545779534E-01  2.2872916889E-01  2.2972032703E-01  2.2957419011E-01  2.2902066254E-01  2.2847969741E-01  2.2810417179E-01  2.2790256460E-01
  1.3161625308E+01  2.1741161198E-01  2.2050573355E-01  2.2662835601E-01  2.2910747499E-01  2.2938147518E-01  2.2893762240E-01  2.2839363211E-01  2.2795928004E-01  2.2768257847E-01  2.2754477272E-01
  1.3176429263E+01  2.7050777294E-01  2.3064979647E-01  2.2929228002E-01  2.2975644700E-01  2.2898676084E-01  2.2820061841E-01  2.2768776009E-01  2.2739043534E-01  2.2723667157E-01  2.2717819034E-01
  1.3191233218E+01  2.4805109113E-01  2.3653704026E-01  2.3242593660E-01  2.3028403033E-01  2.2839761099E-01  2.2734627351E-01  2.2692123308E-01  2.2679229714E-01  2.2677876822E-01  2.2680916656E-01
  1.3206037172E+01  2.1955993604E-01  2.3809739252E-01  2.3480802138E-01  2.3021892116E-01  2.2748892871E-01  2.2637084193E-01  2.2611872399E-01  2.2618710705E-01  2.2632272289E-01  2.2644480143E-01
  1.3220841127E+01  2.2895196879E-01  2.4003996093E-01  2.3533447303E-01  2.2915213687E-01  2.2619267550E-01  2.2529445063E-01  2.2531236195E-01  2.2559916548E-01  2.2588294953E-01  2.2609236429E-01
  1.3235645082E+01  2.4678683636E-01  2.4284496777E-01  2.3314799869E-01  2.2689027365E-01  2.2453369641E-01  2.2416726511E-01  2.2454127522E-01  2.2505341786E-01  2.2547335863E-01  2.2575869133E-01
  1.3250449037E+01  2.6863251874E-01  2.4062889996E-01  2.2788765857E-01  2.2356860637E-01  2.2264580128E-01  2.2306878980E-01  2.2384931643E-01  2.2457368306E-01  2.2510626942E-01  2.2544960532E-01
  1.3265252992E+01  2.6131540716E-01  2.2773441830E-01  2.2013035583E-01  2.1967685063E-01  2.2075995924E-01  2.2209946698E-01  2.2328098603E-01  2.2418061995E-01  2.2479137165E-01  2.2516940067E-01
  1.3280056947E+01  2.0585953660E-01  2.0665169079E-01  2.1162331935E-01  2.1597195794E-01  2.1916384234E-01  2.2136559449E-01  2.2287601039E-01  2.2388961802E-01  2.2453482264E-01  2.2492043430E-01
  1.3294860902E+01  1.4192575342E-01  1.8828074193E-01  2.0485122776E-01  2.1328966938E-01  2.1814072187E-01  2.2096035040E-01  2.2266340576E-01  2.2370886621E-01  2.2433856797E-01  2.2470285677E-01
  1.3309664857E+01  1.4711274586E-01  1.8278958909E-01  2.0200865916E-01  2.1230827269E-01  2.1790289772E-01  2.2094489940E-01  2.2265607674E-01  2.2363788429E-01  2.2419996682E-01  2.2451450869E-01
  1.3324468812E+01  1.9875091957E-01  1.9099905787E-01  2.0401930038E-01  2.1334376254E-01  2.1853771536E-01  2.2133379158E-01  2.2284700341E-01  2.2366678199E-01  2.2411178388E-01  2.2435099468E-01
  1.3339272766E+01  2.0881038132E-01  2.0594504157E-01  2.1024241636E-01  2.1624907062E-01  2.1998144363E-01  2.2208803515E-01  2.2320785494E-01  2.2377644127E-01  2.2406257871E-01  2.2420593260E-01
  1.3354076721E+01  2.2505959108E-01  2.2056431194E-01  2.1893796875E-01  2.2045218082E-01  2.2202848557E-01  2.2311752913E-01  2.2369047368E-01  2.2393970686E-01  2.2403748479E-01  2.2407135970E-01
  1.3368880676E+01  2.4830036634E-01  2.3223005369E-01  2.2801553791E-01  2.2511735184E-01  2.2437306804E-01  2.2429243692E-01  2.2423118455E-01  2.2412353462E-01  2.2401932712E-01  2.2393826190E-01
  1.3383684631E+01  2.2613997103E-01  2.4212314321E-01  2.3557926942E-01  2.2937316682E-01  2.2667118680E-01  2.2546114726E-01  2.2475740312E-01  2.2429191081E-01  2.2398998558E-01  2.2379717894E-01
  1.3398488586E+01  2.4373630375E-01  2.5107732934E-01  2.4020580129E-01  2.3253369699E-01  2.2860536520E-01  2.2647121937E-01  2.2519563835E-01  2.2440923818E-01  2.2393187693E-01  2.2363882858E-01
  1.3413292541E+01  2.8186349592E-01  2.5529895757E-01  2.4120670205E-01  2.3424515389E-01  2.2993543297E-01  2.2718942861E-01  2.2547977948E-01  2.2444380779E-01  2.2382940645E-01  2.2345468820E-01
  1.3428096496E+01  2.9063054607E-01  2.4875268881E-01  2.3895563108E-01  2.3451527337E-01  2.3052462962E-01  2.2751769163E-01  2.2555854662E-01  2.2437094910E-01  2.2367023435E-01  2.2323747347E-01
  1.3442900451E+01  2.4216487951E-01  2.3228594967E-01  2.3493992084E-01  2.3362183586E-01  2.3033946132E-01  2.2740294374E-01  2.2540115244E-01  2.2417547929E-01  2.2344621401E-01  2.2298146133E-01
  1.3457704406E+01  1.6700908122E-01  2.1749702778E-01  2.3113993204E-01  2.3194236448E-01  2.2943035719E-01  2.2684050326E-01  2.2500051699E-01  2.2385315058E-01  2.2315388775E-01  2.2268261759E-01
  1.3472508360E+01  1.5546326422E-01  2.1653851197E-01  2.2889575209E-01  2.2978222204E-01  2.2790500479E-01  2.2587164305E-01  2.2437373196E-01  2.2341090892E-01  2.2279446886E-01  2.2233850777E-01
  1.3487312315E+01  2.4959395383E-01  2.2815938522E-01  2.2805749106E-01  2.2728148712E-01  2.2590564029E-01  2.2457673408E-01  2.2355982125E-01  2.2286591309E-01  2.2237329056E-01  2.2194799066E-01
  1.3502116270E+01  2.9865128328E-01  2.3881010345E-01  2.2715791659E-01  2.2444225883E-01  2.2359623483E-01  2.2306541214E-01  2.2261514310E-01  2.2224340133E-01  2.2189875823E-01  2.2151071640E-01
  1.3516920225E+01  2.4072188239E-01  2.3789829329E-01  2.2453158173E-01  2.2125308832E-01  2.2115826171E-01  2.2146494649E-01  2.2160700005E-01  2.2157361706E-01  2.2138089444E-01  2.2102647193E-01
  1.3531724180E+01  2.1890230632E-01  2.2642451723E-01  2.1952997140E-01  2.1783242293E-01  2.1878817298E-01  2.1990765229E-01  2.2060615880E-01  2.2088810250E-01  2.2082961060E-01  2.2049443418E-01
  1.3546528135E+01  2.1828681973E-01  2.1127723360E-01  2.1298994324E-01  2.1450187073E-01  2.1668856510E-01  2.1851802621E-01  2.1967903968E-01  2.2021573071E-01  2.2025287082E-01  2.1991240407E-01
  1.3561332090E+01  1.8554066454E-01  1.9812692471E-01  2.0677975865E-01  2.1173979211E-01  2.1504871951E-01  2.1740037589E-01  2.1888032292E-01  2.1957886817E-01  2.1965492863E-01  2.1927610007E-01
  1.3576136045E+01  1.7408513259E-01  1.9039659384E-01  2.0286263173E-01  2.1003202325E-01  2.1401673674E-01  2.1662795082E-01  2.1824664805E-01  2.1899004295E-01  2.1903481528E-01  2.1857858883E-01
  1.3590940000E+01  1.8618019502E-01  1.8999113714E-01  2.0244034276E-01  2.0969120485E-01  2.1367137355E-01  2.1623474848E-01  2.1779195945E-01  2.1844944161E-01  2.1838523834E-01  2.1780992138E-01
  1.3605743954E+01  1.8268405387E-01  1.9721793611E-01  2.0551278918E-01  2.1073121415E-01  2.1400381333E-01  2.1621106235E-01  2.1750488784E-01  2.1794347815E-01  2.1769201563E-01  2.1695702823E-01
  1.3620547909E+01  1.9515076736E-01  2.0998617211E-01  2.1094038289E-01  2.1285474681E-01  2.1491673815E-01  2.1650338518E-01  2.1734836547E-01  2.1744458070E-01  2.1693412282E-01  2.1600390535E-01
  1.3635351864E+01  2.4719941893E-01  2.2311629087E-01  2.1693475821E-01  2.1555806553E-01  2.1624152292E-01  2.1701858658E-01  2.1726147320E-01  2.1691223403E-01  2.1608438013E-01  2.1493209906E-01
  1.3650155819E+01  2.5870231848E-01  2.3108149947E-01  2.2177418749E-01  2.1830422978E-01  2.1776727163E-01  2.1763158618E-01  2.1716333071E-01  2.1629520918E-01  2.1511074782E-01  2.1372147156E-01
  1.3664959774E+01  2.1702452563E-01  2.3254515548E-01  2.2445313806E-01  2.2068747711E-01  2.1927117342E-01  2.1819529642E-01  2.1695868587E-01  2.1553481362E-01  2.1397814669E-01  2.1235120378E-01
  1.3679763729E+01  2.2792406354E-01  2.2959483816E-01  2.2500923577E-01  2.2251751012E-01  2.2054030056E-01  2.1855156060E-01  2.1654474833E-01  2.1456891260E-01  2.1265067335E-01  2.1080097052E-01
  1.3694567684E+01  2.4872183810E-01  2.2373775199E-01  2.2441179537E-01  2.2378981041E-01  2.2138016320E-01  2.1854212646E-01  2.1581874566E-01  2.1333641119E-01  2.1109404439E-01  2.0905220524E-01
  1.3709371639E+01  2.1484583875E-01  2.1708661201E-01  2.2404137271E-01  2.2456127183E-01  2.2161252847E-01  2.1801917249E-01  2.1468565303E-01  2.1178184897E-01  2.0927808085E-01  2.0708936184E-01
  1.3724175593E+01  1.7559459908E-01  2.1514314552E-01  2.2491581731E-01  2.2479690070E-01  2.2107064999E-01  2.1685527522E-01  2.1306554766E-01  2.0985974867E-01  2.0717903736E-01  2.0490107729E-01
  1.3738979548E+01  1.9922535154E-01  2.2227392654E-01  2.2697516018E-01  2.2427119099E-01  2.1960128945E-01  2.1495276979E-01  2.1090006079E-01  2.0753837517E-01  2.0478158888E-01  2.0248114421E-01
  1.3753783503E+01  2.6045896724E-01  2.3513320172E-01  2.2884537034E-01  2.2258534544E-01  2.1707901934E-01  2.1225218377E-01  2.0815744175E-01  2.0480260197E-01  2.0208031173E-01  1.9982921446E-01
  1.3768587458E+01  2.6257458940E-01  2.4459495141E-01  2.2835203196E-01  2.1930527577E-01  2.1343110616E-01  2.0873897513E-01  2.0483581717E-01  2.0165564592E-01  1.9908053239E-01  1.9695117419E-01
  1.3783391413E+01  2.5992204494E-01  2.4306828773E-01  2.2361978575E-01  2.1416081040E-01  2.0866435349E-01  2.0444745360E-01  2.0096433266E-01  1.9811951336E-01  1.9579846573E-01  1.9385915491E-01
  1.3798195368E+01  2.5661848302E-01  2.2828228638E-01  2.1416579709E-01  2.0720799590E-01  2.0288220408E-01  1.9946076440E-01  1.9660200841E-01  1.9423409732E-01  1.9226061891E-01  1.9057117258E-01
  1.3812999323E+01  2.0783676374E-01  2.0354330967E-01  2.0132255337E-01  1.9886804876E-01  1.9628291617E-01  1.9390626604E-01  1.9183431891E-01  1.9005496898E-01  1.8850249473E-01  1.8711041524E-01
  1.3827803278E+01  1.6173809294E-01  1.7714481213E-01  1.8768383025E-01  1.8981621707E-01  1.8913672705E-01  1.8794643311E-01  1.8676770362E-01  1.8565000998E-01  1.8456668468E-01  1.8350422682E-01
  1.3842607233E+01  1.2558141911E-01  1.5908875650E-01  1.7584320964E-01  1.8077076465E-01  1.8174825697E-01  1.8176628527E-01  1.8152240282E-01  1.8109512722E-01  1.8050049143E-01  1.7978285849E-01
  1.3857411187E+01  1.2265830287E-01  1.5467207197E-01  1.6714786396E-01  1.7228336846E-01  1.7441599695E-01  1.7555896426E-01  1.7622416628E-01  1.7646937091E-01  1.7635326016E-01  1.7597807652E-01
  1.3872215142E+01  1.6659304531E-01  1.5982949081E-01  1.6121794924E-01  1.6462798101E-01  1.6740094797E-01  1.6951123447E-01  1.7099548124E-01  1.7184983301E-01  1.7217362354E-01  1.7212172651E-01
  1.3887019097E+01  2.0298180056E-01  1.6409306085E-01  1.5650130311E-01  1.5782880819E-01  1.6091140094E-01  1.6379035093E-01  1.6594700451E-01  1.6730673114E-01  1.6800687413E-01  1.6824435623E-01
  1.3901823052E+01  1.7498383735E-01  1.5984815363E-01  1.5143856348E-01  1.5179355212E-01  1.5510310436E-01  1.5853311288E-01  1.6116986726E-01  1.6289907937E-01  1.6389266860E-01  1.6437399303E-01
  1.3916627007E+01  1.3631506940E-01  1.4808065221E-01  1.4543353419E-01  1.4646849812E-01  1.5008744681E-01  1.5383730644E-01  1.5672946382E-01  1.5867131030E-01  1.5986324120E-01  1.6053515786E-01
  1.3931430962E+01  1.3030335525E-01  1.3498752076E-01  1.3905861376E-01  1.4193215368E-01  1.4593779896E-01  1.4975541686E-01  1.5266125025E-01  1.5465114317E-01  1.5594226058E-01  1.5674817627E-01
  1.3946234917E+01  1.1604017822E-01  1.2567942814E-01  1.3353953281E-01  1.3838692484E-01  1.4268667231E-01  1.4629058313E-01  1.4896896774E-01  1.5084889310E-01  1.5214440743E-01  1.5302882107E-01
  1.3961038872E+01  1.1069989522E-01  1.2185636217E-01  1.3002027910E-01  1.3606349416E-01  1.4031236556E-01  1.4339518689E-01  1.4562556544E-01  1.4725829346E-01  1.4847568571E-01  1.4938829203E-01
  1.3975842827E+01  1.2248893536E-01  1.2261235139E-01  1.2909265519E-01  1.3508924566E-01  1.3872037719E-01  1.4097294886E-01  1.4257691220E-01  1.4385876400E-01  1.4493441313E-01  1.4583350908E-01
  1.3990646781E+01  1.2644840878E-01  1.2596417509E-01  1.3072310379E-01  1.3537751487E-01  1.3772919226E-01  1.3888562476E-01  1.3974814864E-01  1.4061891447E-01  1.4151277304E-01  1.4236766945E-01
  1.4005450736E+01  1.3270722187E-01  1.3071870381E-01  1.3438730694E-01  1.3657654364E-01  1.3707044136E-01  1.3696510119E-01  1.3705224347E-01  1.3750094126E-01  1.3819875744E-01  1.3899099787E-01
  1.4020254691E+01  1.2771448305E-01  1.3740147462E-01  1.3917450742E-01  1.3809245125E-01  1.3640987584E-01  1.3503083156E-01  1.3440000761E-01  1.3446546797E-01  1.3497829475E-01  1.3570160552E-01
  1.4035058646E+01  1.3682291849E-01  1.4657773750E-01  1.4381593831E-01  1.3918074519E-01  1.3538947294E-01  1.3291128788E-01  1.3171053639E-01  1.3147631737E-01  1.3183734102E-01  1.3249636825E-01
  1.4049862601E+01  1.6308575564E-01  1.5592759111E-01  1.4679200791E-01  1.3908734369E-01  1.3368432292E-01  1.3046678221E-01  1.2892085728E-01  1.2850469289E-01  1.2876372163E-01  1.2937173837E-01
  1.4064666556E+01  1.8715795695E-01  1.6023250073E-01  1.4666120997E-01  1.3720960850E-01  1.3106276733E-01  1.2761004684E-01  1.2599352238E-01  1.2553230133E-01  1.2574854244E-01  1.2632441704E-01
  1.4079470511E+01  1.7279041981E-01  1.5556481537E-01  1.4253436492E-01  1.3324028345E-01  1.2743600208E-01  1.2432071080E-01  1.2292104258E-01  1.2255306337E-01  1.2278704107E-01  1.2335183350E-01
  1.4094274466E+01  1.4160484242E-01  1.4288794881E-01  1.3442731508E-01  1.2725690855E-01  1.2288464818E-01  1.2065045098E-01  1.1972642225E-01  1.1957322419E-01  1.1987881595E-01  1.2045240187E-01
  1.4109078421E+01  1.1906409823E-01  1.2643773641E-01  1.2327865567E-01  1.1973030061E-01  1.1765433939E-01  1.1671707241E-01  1.1645957934E-01  1.1660987489E-01  1.1702744373E-01  1.1762555252E-01
  1.4123882375E+01  1.1184902771E-01  1.0944204419E-01  1.1065958931E-01  1.1144630669E-01  1.1211910168E-01  1.1268779591E-01  1.1319004678E-01  1.1368809873E-01  1.1423956755E-01  1.1487156035E-01
  1.4138686330E+01  9.9202654839E-02  9.3036113769E-02  9.8375531068E-02  1.0335760279E-01  1.0671859657E-01  1.0875415519E-01  1.0999693962E-01  1.1083713643E-01  1.1152359865E-01  1.1219121409E-01
  1.4153490285E+01  6.7752277369E-02  7.8713120964E-02  8.8123293581E-02  9.6398560805E-02  1.0188141055E-01  1.0510263421E-01  1.0695762551E-01  1.0808609375E-01  1.0888821588E-01  1.0958538584E-01
  1.4168294240E+01  5.2815492561E-02  6.9312242640E-02  8.1234512755E-02  9.1302569823E-02  9.7949993378E-02  1.0188609734E-01  1.0413676421E-01  1.0545977162E-01  1.0634086551E-01  1.0705456803E-01
  1.4183098195E+01  5.4341386165E-02  6.6651799198E-02  7.8472351232E-02  8.8459398672E-02  9.5122682635E-02  9.9200953520E-02  1.0157733327E-01  1.0297517428E-01  1.0388645544E-01  1.0459844411E-01
  1.4197902150E+01  7.4065673641E-02  6.9926392632E-02  7.9870212180E-02  8.7843331149E-02  9.3424434757E-02  9.7073874612E-02  9.9294938027E-02  1.0063914693E-01  1.0152640517E-01  1.0221555079E-01
  1.4212706105E+01  7.6980657050E-02  7.7806321817E-02  8.4637717591E-02  8.9031292623E-02  9.2711253408E-02  9.5460020868E-02  9.7276171106E-02  9.8447427061E-02  9.9258160138E-02  9.9903074334E-02
  1.4227510060E+01  6.6461624457E-02  9.0271374276E-02  9.1205182198E-02  9.1311780134E-02  9.2705500395E-02  9.4252547356E-02  9.5481137278E-02  9.6385188113E-02  9.7075214142E-02  9.7656803961E-02
  1.4242314015E+01  9.9095895276E-02  1.0548852425E-01  9.7532886139E-02  9.3859944777E-02  9.3052380650E-02  9.3301162377E-02  9.3849611841E-02  9.4428943160E-02  9.4967615396E-02  9.5471244182E-02
  1.4257117969E+01  1.5571442287E-01  1.1638536569E-01  1.0175028259E-01  9.5928792594E-02  9.3383874626E-02  9.2436095834E-02  9.2309765075E-02  9.2549490480E-02  9.2922869673E-02  9.3339867526E-02
  1.4271921924E+01  1.5849220644E-01  1.1542507019E-01  1.0291109324E-01  9.6995266177E-02  9.3376386493E-02  9.1493247118E-02  9.0788047249E-02  9.0715450885E-02  9.0927106573E-02  9.1255472477E-02
  1.4286725879E+01  9.3954091832E-02  1.0380683328E-01  1.0136309150E-01  9.6815330003E-02  9.2792161359E-02  9.0336531465E-02  8.9218731452E-02  8.8896885334E-02  8.8966347611E-02  8.9210600094E-02
  1.4301529834E+01  5.5573566334E-02  9.1855042618E-02  9.8346764204E-02  9.5382711960E-02  9.1500474539E-02  8.8874347645E-02  8.7551753834E-02  8.7068497460E-02  8.7027710765E-02  8.7197958092E-02
  1.4316333789E+01  6.9003796527E-02  8.8590999787E-02  9.5023623049E-02  9.2831831454E-02  8.9480303815E-02  8.7068352533E-02  8.5757831719E-02  8.5212012758E-02  8.5100404503E-02  8.5210803200E-02
  1.4331137744E+01  9.4205453529E-02  9.3057530656E-02  9.1672442987E-02  8.9348662067E-02  8.6809552964E-02  8.4934047700E-02  8.3830310407E-02  8.3317467691E-02  8.3176401441E-02  8.3243240720E-02
  1.4345941699E+01  1.2717910100E-01  9.6443013283E-02  8.7689667394E-02  8.5137642527E-02  8.3646102639E-02  8.2533838126E-02  8.1783707806E-02  8.1383313426E-02  8.1250731252E-02  8.1290412961E-02
  1.4360745654E+01  1.1697584069E-01  9.1308920174E-02  8.2336120654E-02  8.0447760354E-02  8.0203892654E-02  7.9964108351E-02  7.9649411643E-02  7.9415413076E-02  7.9321386664E-02  7.9348563624E-02
  1.4375549609E+01  7.2123531850E-02  7.8309313614E-02  7.5561641454E-02  7.5616574631E-02  7.6724875079E-02  7.7338466092E-02  7.7469368861E-02  7.7425161772E-02  7.7388887353E-02  7.7414981066E-02
  1.4390353563E+01  4.1458183936E-02  6.4153014981E-02  6.8273623979E-02  7.1076432715E-02  7.3446940531E-02  7.4769653595E-02  7.5288842352E-02  7.5427064798E-02  7.5455587352E-02  7.5487837688E-02
  1.4405157518E+01  4.7381137530E-02  5.4084481970E-02  6.1958439294E-02  6.7290637341E-02  7.0569522158E-02  7.2352728728E-02  7.3149371593E-02  7.3436157473E-02  7.3524837380E-02  7.3565953656E-02
  1.4419961473E+01  5.9175208430E-02  4.8504060940E-02  5.8018937884E-02  6.4632196214E-02  6.8221600806E-02  7.0151935379E-02  7.1082961147E-02  7.1465638392E-02  7.1600121787E-02  7.1648519765E-02
  1.4434765428E+01  4.0652589383E-02  4.6925441439E-02  5.7207252651E-02  6.3256007478E-02  6.6439252481E-02  6.8193164342E-02  6.9108258893E-02  6.9525021342E-02  6.9684281039E-02  6.9734815992E-02
  1.4449569383E+01  2.3589198958E-02  5.1375328538E-02  5.9313601631E-02  6.3025660840E-02  6.5159763463E-02  6.6463041320E-02  6.7229120243E-02  6.7619005233E-02  6.7778907741E-02  6.7823959457E-02
  1.4464373338E+01  4.5552697922E-02  6.2665475037E-02  6.3168161655E-02  6.3534376186E-02  6.4235981193E-02  6.4914552894E-02  6.5435546999E-02  6.5747135359E-02  6.5883971685E-02  6.5914708958E-02
  1.4479177293E+01  1.0125181714E-01  7.5359952006E-02  6.7021852786E-02  6.4218225563E-02  6.3468944739E-02  6.3477930557E-02  6.3706608430E-02  6.3904204647E-02  6.3997693220E-02  6.4005344186E-02
  1.4493981248E+01  1.2159086096E-01  8.1011277725E-02  6.9241554811E-02  6.4519476913E-02  6.2651151164E-02  6.2074525002E-02  6.2014661294E-02  6.2081240080E-02  6.2116649825E-02  6.2093627668E-02
  1.4508785203E+01  7.3729573428E-02  7.6890226138E-02  6.8980543910E-02  6.4037945356E-02  6.1609412776E-02  6.0630874477E-02  6.0330032282E-02  6.0266851684E-02  6.0236073145E-02  6.0176847787E-02
  1.4523589157E+01  5.0981413389E-02  6.8132954010E-02  6.6403440091E-02  6.2617389888E-02  6.0236518226E-02  5.9090255808E-02  5.8625331865E-02  5.8448697063E-02  5.8350276011E-02  5.8251933041E-02
  1.4538393112E+01  5.6840728438E-02  6.0874527123E-02  6.2357015211E-02  6.0345901535E-02  5.8504639442E-02  5.7419693752E-02  5.6878722799E-02  5.6614833000E-02  5.6453142559E-02  5.6315621921E-02
  1.4553197067E+01  5.5500312680E-02  5.6420484724E-02  5.7804357246E-02  5.7485936222E-02  5.6459072512E-02  5.5611514606E-02  5.5075731030E-02  5.4754779379E-02  5.4538618827E-02  5.4364669645E-02
  1.4568001022E+01  6.2990182024E-02  5.2566732718E-02  5.3442766175E-02  5.4372465781E-02  5.4196343762E-02  5.3679771336E-02  5.3209502296E-02  5.2860196615E-02  5.2601153875E-02  5.2396072474E-02
  1.4582804977E+01  4.9230306775E-02  4.8015047092E-02  4.9649935157E-02  5.1318489381E-02  5.1834210005E-02  5.1652926790E-02  5.1279708756E-02  5.0925160056E-02  5.0636059308E-02  5.0407292000E-02
  1.4597608932E+01  3.0149415848E-02  4.4004995039E-02  4.6599389669E-02  4.8551537986E-02  4.9481888224E-02  4.9564817965E-02  4.9290538461E-02  4.8946088333E-02  4.8639774267E-02  4.8396464898E-02
  1.4612412887E+01  3.8967873014E-02  4.2026312986E-02  4.4345974822E-02  4.6185864339E-02  4.7217283474E-02  4.7446030923E-02  4.7248318589E-02  4.6921435170E-02  4.6610040056E-02  4.6362587516E-02
  1.4627216842E+01  4.8600760506E-02  4.1557864318E-02  4.2834857501E-02  4.4223168804E-02  4.5075038395E-02  4.5317434213E-02  4.5159319757E-02  4.4851278920E-02  4.4546000944E-02  4.4305668395E-02
  1.4642020797E+01  4.2934440770E-02  4.1197742966E-02  4.1892772237E-02  4.2572240546E-02  4.3046025017E-02  4.3186906612E-02  4.3028178642E-02  4.2736939892E-02  4.2448253902E-02  4.2226845071E-02
  1.4656824751E+01  3.6646215779E-02  4.0865914346E-02  4.1239379919E-02  4.1080499399E-02  4.1086279933E-02  4.1049467856E-02  4.0857195038E-02  4.0580726834E-02  4.0318869863E-02  4.0128463656E-02
  1.4671628706E+01  3.4714086351E-02  4.1330954761E-02  4.0518080657E-02  3.9572562452E-02  3.9131769850E-02  3.8890285936E-02  3.8646552647E-02  3.8385868933E-02  3.8161403661E-02  3.8014120952E-02
  1.4686432661E+01  4.5349064223E-02  4.2017763344E-02  3.9360553148E-02  3.7890084196E-02  3.7114847054E-02  3.6689540102E-02  3.6395324629E-02  3.6156638879E-02  3.5980900841E-02  3.5888669110E-02
  1.4701236616E+01  5.6077369773E-02  4.0870977741E-02  3.7502973835E-02  3.5924635374E-02  3.4978692219E-02  3.4427929095E-02  3.4102988769E-02  3.3898625831E-02  3.3783899439E-02  3.3758182612E-02
  1.4716040571E+01  3.7733183107E-02  3.6873675942E-02  3.4908039947E-02  3.3634830567E-02  3.2687206086E-02  3.2091709293E-02  3.1771110783E-02  3.1619082714E-02  3.1578415856E-02  3.1629886912E-02
  1.4730844526E+01  2.2724362842E-02  3.1489971940E-02  3.1789215404E-02  3.1042934960E-02  3.0229362369E-02  2.9676445517E-02  2.9404858768E-02  2.9327255038E-02  2.9373897804E-02  2.9512047942E-02
  1.4745648481E+01  2.6701612926E-02  2.6924449807E-02  2.8484336152E-02  2.8214094485E-02  2.7618549669E-02  2.7189046334E-02  2.7014074166E-02  2.7034599519E-02  2.7181125349E-02  2.7413822024E-02
  1.4760452436E+01  2.2164387256E-02  2.4021599886E-02  2.5255080942E-02  2.5228962419E-02  2.4888490762E-02  2.4648029368E-02  2.4613723766E-02  2.4754818209E-02  2.5012043395E-02  2.5345066913E-02
  1.4775256391E+01  1.9973660542E-02  2.2186109397E-02  2.2160412381E-02  2.2162829889E-02  2.2087662239E-02  2.2082244956E-02  2.2223669849E-02  2.2503663010E-02  2.2879515178E-02  2.3316116511E-02
  1.4790060345E+01  2.4773832798E-02  2.0219325877E-02  1.9090661767E-02  1.9079391563E-02  1.9273750915E-02  1.9528447346E-02  1.9867801053E-02  2.0298500512E-02  2.0796995382E-02  2.1337524264E-02
  1.4804864300E+01  2.1611801908E-02  1.7119669070E-02  1.5918815446E-02  1.6037882267E-02  1.6508868928E-02  1.7028151699E-02  1.7572650422E-02  1.8157662039E-02  1.8778131671E-02  1.9419782953E-02
  1.4819668255E+01  1.1575327628E-02  1.2848438410E-02  1.2645046620E-02  1.3104480009E-02  1.3855452866E-02  1.4624188937E-02  1.5365681840E-02  1.6099633398E-02  1.6836313334E-02  1.7573031224E-02
  1.4834472210E+01  6.1825197346E-03  8.3448037982E-03  9.4346943355E-03  1.0357385143E-02  1.1372371889E-02  1.2357311385E-02  1.3273450169E-02  1.4142159434E-02  1.4984193729E-02  1.5806759357E-02
